4 -2.5 -1 2.5 -1 2.5 1 -2.5 1 43.580975653157353 48.522047790041043 -0.59254775060185227 0.80553532713139597 4 -4.5 -3 4.5 -3 4.5 3 -4.5 3 2.9946239093991878 42.765042043205987 0.9979926857365361 -0.063329291930159987 0
4 -2 -2 2 -2 2 2 -2 2 54.05299141934902 59.824824780409863 0.9528904281921915 0.30331474059086216 4 -4.5 -3 4.5 -3 4.5 3 -4.5 3 53.633345913569592 6.4336692282296699 -0.86795200052251609 0.49664808948486078 0
4 -4.5 -3 4.5 -3 4.5 3 -4.5 3 20.802976306979321 46.340213483239289 0.10533374015711425 -0.99443692770558034 3 -10 -8 12 -6 0 14 8.1837909822728925 7.755561201106385 -0.93646181458072608 0.35076953948735884 0
5 -9 -12 11 -9 14 6 1 15 -11 5 3.2889358894785592 0.98324550611533557 0.90690349429870265 0.42133840559436669 4 -11 -7 11 -7 11 7 -11 7 21.828490835508227 41.358483865593229 -0.99689414369263918 -0.078753198483106496 0
4 -2 -2 2 -2 2 2 -2 2 55.058947815339558 13.378073015995362 0.50912144373006341 -0.86069469356689765 4 -27 -18 27 -18 27 18 -27 18 28.50407400211969 46.540318740556316 -0.27311930439311766 -0.96198016900964212 0
4 -2 -2 2 -2 2 2 -2 2 46.679272685632064 0.56273847797952525 -0.064847306185451092 0.99789519834524221 5 -9 -12 11 -9 14 6 1 15 -11 5 7.3231287762212123 3.7235624035069281 -0.45439417319360081 0.89080072708081237 0
4 -16 -0.5 16 -0.5 16 0.5 -16 0.5 41.140480752705741 50.647423721681307 0.99549122837049309 0.094853646410703332 3 -10 -8 12 -6 0 14 23.736328771874909 11.47475443448001 0.99470653572094869 0.10275654623443276 0
4 -85 -50 85 -50 85 50 -85 50 36.508618954654949 35.893702463651508 0.95765565448623258 -0.28791604232926232 3 -10 -8 12 -6 0 14 53.970582219082949 51.879738144976336 -0.97817570769825624 0.20777941396831276 1 -12.557574078169186 -41.768536846014477
3 -10 -8 12 -6 0 14 8.1136058031149911 55.060325523469984 -0.17458560246106736 0.98464199961879861 4 -85 -50 85 -50 85 50 -85 50 44.725587527370408 33.437545847881992 -0.34388163101012315 -0.93901300515691344 1 -18.899533202087255 6.9213123430358596
3 -10 -8 12 -6 0 14 32.912643845597259 12.635270107287898 0.54010636670072065 -0.84159676368754333 3 -10 -8 12 -6 0 14 38.365511711048285 32.292537346698793 0.76713022458924762 -0.64149140175192565 1 0.0090700886491001109 -0.062578961199818095
5 -9 -12 11 -9 14 6 1 15 -11 5 41.272654797024252 16.785033345965079 0.782691386470588 0.62240998830734451 4 -2 -2 2 -2 2 2 -2 2 27.544245677355711 5.499548001375965 -0.97285219292338709 0.23142733357180764 0
4 -16 -0.5 16 -0.5 16 0.5 -16 0.5 54.756369309474195 27.790693964581102 0.76672287853269994 -0.64197821422111412 4 -27 -18 27 -18 27 18 -27 18 10.56124243086829 0.075415696927505493 -0.66189517308763135 0.74959641130630728 0
3 -10 -8 12 -6 0 14 49.814054380929193 40.18342840678595 -0.50634870718969349 -0.86232881589758215 4 -16 -0.5 16 -0.5 16 0.5 -16 0.5 15.906885687668566 50.206814829214203 0.086405198302717076 -0.99626007734239164 0
4 -2 -2 2 -2 2 2 -2 2 44.364932136216837 56.808990475762414 0.22367723160353173 -0.97466327316780543 4 -85 -50 85 -50 85 50 -85 50 12.89907682865714 11.606718578365404 0.73731896566808131 0.67554477487887565 1 25.061447572300146 22.961744844075636
4 -2.5 -1 2.5 -1 2.5 1 -2.5 1 28.78810976355091 19.586937335030328 -0.16505209131795348 0.98628485091862272 4 -16 -0.5 16 -0.5 16 0.5 -16 0.5 38.754323164904783 32.026445213432226 0.73533415000295155 0.67770472024284789 1 0.50608288344361785 -0.54911824547231036
4 -2 -2 2 -2 2 2 -2 2 15.266971954150527 5.319375655332081 0.54495645412205396 0.83846434814529691 4 -85 -50 85 -50 85 50 -85 50 7.1969510674914687 46.945428950239759 -0.98299741677971164 -0.18361938515422016 1 1.9146857209972727 -10.250176560086697
3 -10 -8 12 -6 0 14 23.170726087259062 15.824161111325703 -0.064399084024713421 0.99792422456656393 4 -11 -7 11 -7 11 7 -11 7 7.7255232592085843 56.532545764978103 -0.24699576234736489 0.96901655991135882 0
3 -10 -8 12 -6 0 14 0.92547591300245813 42.35298322616584 -0.99382542332319035 0.11095507179251218 4 -2.5 -1 2.5 -1 2.5 1 -2.5 1 1.7511769511940778 58.575261124403383 -0.15716591080631528 0.98757221329906875 0
4 -4.5 -3 4.5 -3 4.5 3 -4.5 3 59.923390754599275 1.578819073725044 0.99048209449176017 -0.13764163792695866 4 -2.5 -1 2.5 -1 2.5 1 -2.5 1 48.973133677646686 33.884525106541602 0.95763737745951982 -0.28797682770051691 0
4 -27 -18 27 -18 27 18 -27 18 20.596569664638093 17.165160844298921 0.63769941253476803 -0.77028531029275882 5 -9 -12 11 -9 14 6 1 15 -11 5 59.081230238209699 7.6076576102932485 0.86577346336560057 -0.50043611993133863 1 -3.1673107097230684 1.3653061670935114
4 -16 -0.5 16 -0.5 16 0.5 -16 0.5 54.193741867183647 40.300918964294524 -0.99055472024139413 -0.13711800103375735 5 -9 -12 11 -9 14 6 1 15 -11 5 26.882858801943851 29.678231912417498 -0.1394244873463677 0.99023270614952053 0
3 -10 -8 12 -6 0 14 34.547518665894884 51.69548730781279 0.98734172601296166 -0.15860742754910884 3 -10 -8 12 -6 0 14 12.037517916144971 20.634018667696729 0.79173327898360535 0.61086693718834428 0
5 -9 -12 11 -9 14 6 1 15 -11 5 41.344957172563483 34.899823680030828 0.89362927698540906 0.44880587709446829 4 -16 -0.5 16 -0.5 16 0.5 -16 0.5 43.00502538564826 19.155405911003978 0.83148383582642915 -0.55554894542188427 1 1.1567323397282552 1.7312682361971454
4 -85 -50 85 -50 85 50 -85 50 50.798836902953205 57.64079136536801 0.84052394689607246 0.54177439464619259 3 -10 -8 12 -6 0 14 23.843844496023102 59.083484313886714 0.99557054419429447 0.094017506522329902 1 24.398532614825843 -37.852565818062487
5 -9 -12 11 -9 14 6 1 15 -11 5 29.929215427583934 5.5700426494630868 0.340437561082439 0.94026712534483547 4 -16 -0.5 16 -0.5 16 0.5 -16 0.5 25.861482314303757 38.952680614942963 -0.67801180663524674 0.7350510118782293 0
4 -11 -7 11 -7 11 7 -11 7 41.424390756175512 27.386676656771371 -0.96098662864539242 -0.27659482924444301 3 -10 -8 12 -6 0 14 24.282629562608015 55.727407576688073 0.16281181723136481 0.98665714013015715 0
3 -10 -8 12 -6 0 14 10.414931711089892 29.020094174203876 0.80686979139024451 -0.59072932866234373 4 -27 -18 27 -18 27 18 -27 18 12.137439769787674 2.5699524233415505 -0.91584353665216711 -0.40153532394105829 1 -2.5998592596327641 5.9298999544295974
3 -10 -8 12 -6 0 14 46.134218069583433 12.411110389646623 0.98625440341804871 -0.16523393034879014 3 -10 -8 12 -6 0 14 58.229841468500219 18.976646492826962 -0.36746214761104296 -0.93003847773792681 1 -5.6933502938046496 -2.2372693497628693
5 -9 -12 11 -9 14 6 1 15 -11 5 25.609880459839282 50.488478265123163 0.99532291091198621 -0.096603845750003317 5 -9 -12 11 -9 14 6 1 15 -11 5 6.9196041297980448 30.338691045337068 -0.080025168166456787 0.99679284330292539 1 0.11951239712118528 0.027857097410309346
4 -2 -2 2 -2 2 2 -2 2 24.277359542185227 52.933482745013862 -0.43501200943531976 -0.90042465073266698 4 -11 -7 11 -7 11 7 -11 7 19.809064736495248 15.982133365832929 -0.64152783647474054 -0.76709975559117372 0
4 -4.5 -3 4.5 -3 4.5 3 -4.5 3 50.087827074700037 43.222959422195366 0.45756950822714426 0.88917385540779892 4 -2 -2 2 -2 2 2 -2 2 3.8031394525231232 24.247092193195357 -0.70511669909692065 -0.70909127808390271 0
4 -27 -18 27 -18 27 18 -27 18 51.876540329826398 53.918379113048026 0.19762961723815722 0.98027676417953491 4 -27 -18 27 -18 27 18 -27 18 15.17709625646809 7.020209713580094 -0.92428518039586172 -0.38170263989208858 1 0.74303962618832065 3.6856038613853355
5 -9 -12 11 -9 14 6 1 15 -11 5 17.034117073011849 22.28251167960417 0.77610953419730166 0.63059812157034489 4 -2 -2 2 -2 2 2 -2 2 20.999202793886298 7.7960918270017299 -0.93786559272388781 -0.3469987463733416 1 -0.39468721774036791 0.36008289180545583
4 -2.5 -1 2.5 -1 2.5 1 -2.5 1 39.200914343191528 4.8297014192805854 0.83506844317529116 -0.55014606716107273 4 -2 -2 2 -2 2 2 -2 2 31.952547894456369 13.071571422208198 0.71673490339158108 0.69734573796665666 0
3 -10 -8 12 -6 0 14 34.655351923773182 48.648787263969666 -0.19912526075349757 -0.97997404584501702 4 -27 -18 27 -18 27 18 -27 18 42.283422709386151 9.2232103866748378 0.5812381448525914 -0.81373350611137918 0
4 -11 -7 11 -7 11 7 -11 7 6.7191985021586165 6.0152204435515166 -0.61796367959714604 0.78620664630792569 4 -2 -2 2 -2 2 2 -2 2 27.734844560107586 5.3955227837827957 -0.76064417284955499 -0.64916903985789121 0
4 -27 -18 27 -18 27 18 -27 18 36.261204739373468 23.199366460591456 -0.93488914370584164 0.3549398385374038 5 -9 -12 11 -9 14 6 1 15 -11 5 58.93856306860873 42.285987931418632 0.21862165874138925 0.97580969985400512 1 -1.3152104914166074 -3.4641814657382777
4 -11 -7 11 -7 11 7 -11 7 29.954498798540325 45.272738516978713 -0.30717271526503204 -0.95165378315683036 4 -16 -0.5 16 -0.5 16 0.5 -16 0.5 45.037783844191011 20.122645160020948 -0.94611009652472244 0.32384515629229393 0
3 -10 -8 12 -6 0 14 55.608121701927367 34.562073897494784 -0.89856674121637103 0.43883688493538381 3 -10 -8 12 -6 0 14 41.121826748847603 53.375491908234189 0.97247640620534581 0.23300137204303184 0
4 -4.5 -3 4.5 -3 4.5 3 -4.5 3 8.6722562296041978 11.500385520376316 0.84236341448715646 -0.5389098977876905 4 -85 -50 85 -50 85 50 -85 50 47.393984853871459 52.1125681713511 0.57675591622458178 0.81691652762074973 1 -18.855478860972745 -26.706882208616001
4 -85 -50 85 -50 85 50 -85 50 18.532546356876306 39.635573867408169 0.015601499694753568 -0.99987828919687749 4 -2 -2 2 -2 2 2 -2 2 46.880045211631305 9.6921817058370685 0.6440239273963505 -0.76500534700156197 1 -24.934018634391698 -0.38905543636306084
4 -85 -50 85 -50 85 50 -85 50 23.974676373942913 23.253760043242021 -0.97047477473572508 -0.24120263597573652 4 -85 -50 85 -50 85 50 -85 50 59.262879382450244 30.455664861071682 -0.71446524564122715 0.69967093177494588 1 -83.092214154223072 -84.84917194711484
3 -10 -8 12 -6 0 14 48.719167772016995 35.947025474953051 0.42488978899827434 -0.90524508681627314 3 -10 -8 12 -6 0 14 44.652483214836963 6.7671483576185842 0.12405427970449676 0.99227543337875623 0
4 -27 -18 27 -18 27 18 -27 18 48.727566113555596 32.221276725593533 0.41585051393425193 0.90943298272089212 5 -9 -12 11 -9 14 6 1 15 -11 5 23.389246491877778 36.411330610135856 -0.99488566662597333 -0.10100747666481265 1 4.7586378121846957 -2.1759514086496412
4 -16 -0.5 16 -0.5 16 0.5 -16 0.5 30.605869488398653 58.153749401014913 -0.69213764565767544 -0.72176552942312922 5 -9 -12 11 -9 14 6 1 15 -11 5 21.910991093822748 6.7369314086345238 0.21600369523835303 -0.97639254587659396 0
3 -10 -8 12 -6 0 14 28.535646498685054 59.432881082990797 0.56388121534490776 0.82585590449009305 4 -85 -50 85 -50 85 50 -85 50 17.847929973911725 51.340129210820756 0.61175316425545423 -0.79104871280057043 1 34.52201029317397 26.697406482769651
5 -9 -12 11 -9 14 6 1 15 -11 5 54.385088692230468 25.306135865428111 0.32132852094507536 0.94696778278210192 4 -2.5 -1 2.5 -1 2.5 1 -2.5 1 45.667981567535143 34.121654476269086 0.9891543194426633 0.14687999294635617 1 1.6016680816919124 -2.1596735213146747
5 -9 -12 11 -9 14 6 1 15 -11 5 30.920925393015388 52.752738685375867 0.8726556562953024 0.48833605799266466 4 -2.5 -1 2.5 -1 2.5 1 -2.5 1 19.127415856659113 55.695653073708009 -0.94852694591085274 0.31669643648299917 1 1.2686646629219709 -0.4860589133352049
4 -4.5 -3 4.5 -3 4.5 3 -4.5 3 38.525151905080193 19.189566290990673 -0.98596603694868501 0.16694602116763488 3 -10 -8 12 -6 0 14 13.177843795271535 12.252776415190089 -0.43543172293716709 -0.90022175860171816 0
4 -2.5 -1 2.5 -1 2.5 1 -2.5 1 22.118633378406965 54.437655668374298 -0.80699179843087665 -0.59056264465787145 3 -10 -8 12 -6 0 14 0.5267895332955308 11.515384579794262 0.98955160550168675 0.14417912487261883 0
4 -16 -0.5 16 -0.5 16 0.5 -16 0.5 11.139848095048775 11.383528310251911 -0.98996653274954804 0.14130203125163499 4 -4.5 -3 4.5 -3 4.5 3 -4.5 3 54.918704002719224 4.1625970132816263 0.3183696860533739 -0.94796663601746878 0
3 -10 -8 12 -6 0 14 24.095358378234032 27.483009764704775 0.70093416295117816 0.71322598046336705 4 -16 -0.5 16 -0.5 16 0.5 -16 0.5 15.52145899624997 33.959647202158678 -0.8616157389760899 0.50756114739870162 1 -1.8867416842893785 -7.8357999199407864
4 -85 -50 85 -50 85 50 -85 50 58.557012723696445 57.381330584250698 -0.027201267000947008 -0.99962997707829027 4 -16 -0.5 16 -0.5 16 0.5 -16 0.5 37.017755929470596 0.95690444376631545 0.41732923490799517 -0.90875536295039683 1 37.50848435091627 -1.0206559637318764
4 -2.5 -1 2.5 -1 2.5 1 -2.5 1 6.5750447825503366 25.836361548157043 -0.93375223122192552 0.35792006186867459 4 -27 -18 27 -18 27 18 -27 18 32.435736484278223 34.279538532386297 0.97948145357217542 -0.20153431992625576 1 -1.1912605666331753 -5.7896721105171114
4 -4.5 -3 4.5 -3 4.5 3 -4.5 3 51.122800787891599 0.17742818642674907 -0.19120131268888751 0.98155084332195763 4 -2 -2 2 -2 2 2 -2 2 1.5415143922427177 34.559206122538335 0.71345242953725962 -0.70070366831306197 0
4 -11 -7 11 -7 11 7 -11 7 7.2337230778234929 33.011228378986239 -0.20962745037353592 -0.97778133140794354 4 -4.5 -3 4.5 -3 4.5 3 -4.5 3 14.220173126479098 15.722986307972208 -0.86560037951075497 -0.5007354421157314 0
4 -2 -2 2 -2 2 2 -2 2 40.528773252571064 25.388587991022572 0.99371771014970578 -0.11191564919538889 4 -2.5 -1 2.5 -1 2.5 1 -2.5 1 10.340459890865969 41.323355413050336 -0.70311997506517154 -0.71107123459211352 0
4 -85 -50 85 -50 85 50 -85 50 14.835775347005677 15.534186083861375 -0.99712230897401277 -0.075809636236651379 3 -10 -8 12 -6 0 14 39.911737695103483 55.474561025844231 0.10021071090711453 0.99496623732641842 1 1.7681403313751898 -23.25630694635268
4 -2 -2 2 -2 2 2 -2 2 52.385365076760976 33.389600418554494 0.015931660039809767 0.99987308305023193 4 -2 -2 2 -2 2 2 -2 2 22.873776873010922 49.654322244662964 0.97905729004802855 0.20358492774223338 0
4 -16 -0.5 16 -0.5 16 0.5 -16 0.5 34.576945815168571 42.947760133646234 -0.25684300922729431 -0.96645313834198299 3 -10 -8 12 -6 0 14 0.82442485320485259 10.235873911718055 0.99707794881497369 0.076390863242437018 0
4 -27 -18 27 -18 27 18 -27 18 10.937071494305243 2.1313301952729957 0.94604684581378384 -0.324029883692524 4 -16 -0.5 16 -0.5 16 0.5 -16 0.5 41.200619685627267 48.606864849122807 0.7568325450578276 -0.65360882700686607 0
4 -11 -7 11 -7 11 7 -11 7 48.160667076342108 46.351341256291242 -0.84601977829237696 0.53315151199083854 4 -27 -18 27 -18 27 18 -27 18 6.0139956988277792 17.263708231059155 -0.52200071268302362 0.85294504861592069 0
4 -11 -7 11 -7 11 7 -11 7 50.519546064942972 50.389279030635294 0.77569571766062873 0.63110708568590979 4 -2.5 -1 2.5 -1 2.5 1 -2.5 1 1.4081755855817724 57.756196880110636 0.94447362983804473 -0.32858722212001512 0
4 -4.5 -3 4.5 -3 4.5 3 -4.5 3 19.975379546263568 42.730325962537336 0.49425308027529347 0.86931806183834948 4 -16 -0.5 16 -0.5 16 0.5 -16 0.5 36.340124397502848 22.571740815654945 0.99333583040511453 -0.11525592407065927 0
4 -11 -7 11 -7 11 7 -11 7 21.633046416775898 47.752283173166461 0.70839949970406302 0.70581169501435237 4 -27 -18 27 -18 27 18 -27 18 24.826475997319836 41.977452306756454 -0.83397998264799589 -0.55179469782016621 1 -11.289017263765597 17.062169062045815
4 -27 -18 27 -18 27 18 -27 18 45.431289329361491 59.347970974737429 0.59579283552163964 -0.80313815569992963 4 -27 -18 27 -18 27 18 -27 18 39.154763083324262 44.322882267123894 0.90127082633800415 0.43325615701569803 1 27.244616467410477 20.210902922015748
3 -10 -8 12 -6 0 14 20.403569336897572 31.779676367134336 0.89172226758992079 0.45258302827690045 4 -16 -0.5 16 -0.5 16 0.5 -16 0.5 11.273919077109809 21.363170014069109 -0.86488175557818781 0.50197564569209119 0
4 -85 -50 85 -50 85 50 -85 50 53.538876102194088 34.937729233367705 -0.79343208186174696 0.60865879725223238 5 -9 -12 11 -9 14 6 1 15 -11 5 45.551220972626908 55.922432875282347 -0.79729408364633281 -0.6035910405088486 1 -32.442588461026553 -42.291330741990322
4 -27 -18 27 -18 27 18 -27 18 12.574918438859653 12.334317646311428 -0.96845139822844628 0.24920250654711992 4 -11 -7 11 -7 11 7 -11 7 33.927006697717061 50.678672479563673 0.63321227057728546 -0.77397817823912751 0
4 -11 -7 11 -7 11 7 -11 7 38.712520851889096 23.066066915782308 0.76449558846788057 -0.64462895933486342 4 -16 -0.5 16 -0.5 16 0.5 -16 0.5 41.671110756740376 28.906006001271972 0.86545776900827365 0.50098188596317683 1 4.8338195196303193 -8.3505347687468969
4 -2.5 -1 2.5 -1 2.5 1 -2.5 1 53.600247174689365 55.432948783558928 -0.9804953989791757 0.19654203769338263 3 -10 -8 12 -6 0 14 40.022337955127981 15.14266446857021 -0.38562536308194417 -0.92265544996380899 0
4 -27 -18 27 -18 27 18 -27 18 20.407173395329504 24.189243993479174 -0.71462248211860457 0.69951033448451971 4 -2 -2 2 -2 2 2 -2 2 38.056556729047976 23.198143738551785 -0.0012061814072532513 0.99999927256294185 1 -6.4289452239879967 -6.567835479880995
3 -10 -8 12 -6 0 14 20.680812063790871 10.438569387658006 0.82967651240494111 0.55824446684546147 4 -2 -2 2 -2 2 2 -2 2 0.5535616914356023 22.691875492919898 0.90433106788907713 0.42683172287284515 0
3 -10 -8 12 -6 0 14 17.36550313513969 4.855242261375885 0.98614185103126195 0.16590433883607833 5 -9 -12 11 -9 14 6 1 15 -11 5 33.554285734400018 9.252270013154396 -0.87808678533905415 -0.47850140795291896 1 -6.5613585026595826 -2.0408269015741389
4 -11 -7 11 -7 11 7 -11 7 33.208242584635592 5.8208766767903946 0.22767530854602444 0.97373710716931838 4 -2.5 -1 2.5 -1 2.5 1 -2.5 1 14.453499617161809 43.248317205529325 -0.4951084534106267 0.86883118001216852 0
4 -27 -18 27 -18 27 18 -27 18 16.688687494515364 58.215382201757869 0.10067372270728236 -0.99491949501266541 4 -4.5 -3 4.5 -3 4.5 3 -4.5 3 39.026030772542114 39.669896643413587 0.44325937402858556 -0.89639339987295008 1 -2.0206963092879198 -0.20446982990748533
5 -9 -12 11 -9 14 6 1 15 -11 5 4.7287130437186615 19.271671974637542 0.98797254640047716 0.15462938775975618 4 -2.5 -1 2.5 -1 2.5 1 -2.5 1 13.948136314418548 32.903056055005983 -0.99956702756472071 -0.02942375580086239 0
5 -9 -12 11 -9 14 6 1 15 -11 5 28.546568095743506 16.033005427453592 0.98067429552060581 0.19564745361277636 4 -16 -0.5 16 -0.5 16 0.5 -16 0.5 32.244374025462029 33.587396572599282 -0.99165618094213914 -0.12891089480432333 0
4 -11 -7 11 -7 11 7 -11 7 35.083373151667608 30.39413713240932 -0.058328678419705196 0.99829743327017051 4 -11 -7 11 -7 11 7 -11 7 38.404886879349235 56.415301320652262 -0.16696043803496652 0.98596359574335812 0
4 -27 -18 27 -18 27 18 -27 18 35.994066243268016 7.4491347860684858 -0.96709936393747142 -0.25439893921111051 4 -27 -18 27 -18 27 18 -27 18 23.682914868609739 28.993150266773423 0.88926141305753958 0.45739932143249606 1 7.6022272085620122 -14.780011672728374
4 -85 -50 85 -50 85 50 -85 50 7.9839467067497205 18.124830060650435 0.98796720437808994 0.15466351565040001 4 -27 -18 27 -18 27 18 -27 18 29.784262883771408 23.134773201520627 0.59535771768632395 0.80346075697032737 1 12.402866030842306 -79.227637023751811
4 -4.5 -3 4.5 -3 4.5 3 -4.5 3 17.529775190351078 52.739796946032357 0.72765876200559254 -0.6859393020351644 4 -4.5 -3 4.5 -3 4.5 3 -4.5 3 24.347171734406366 12.69611886344229 0.98936079887354744 0.1454826781864289 0
3 -10 -8 12 -6 0 14 7.8184423864539276 38.12569912018602 0.85898501336663657 -0.51200072930760476 3 -10 -8 12 -6 0 14 18.424238045867881 24.065345775694176 0.7855940348348236 0.61874228272516008 1 -5.268424593819101 -0.015316112659114912
4 -11 -7 11 -7 11 7 -11 7 38.565632432791737 25.611182663431943 -0.8904973570310537 -0.45498841427085601 4 -27 -18 27 -18 27 18 -27 18 48.307885499687153 59.940466554363937 -0.64391401230693901 -0.76509786612875819 1 -4.7112823022434016 -5.5979400467812521
3 -10 -8 12 -6 0 14 35.808832937638016 19.41392882660924 -0.81728421479828939 -0.57623477180880334 4 -4.5 -3 4.5 -3 4.5 3 -4.5 3 7.3255587202895533 14.761784053690892 0.99984300075403609 0.017719307073489652 0
4 -4.5 -3 4.5 -3 4.5 3 -4.5 3 28.012128298018954 37.969169227057677 -0.73111110829926451 0.68225841681977151 4 -11 -7 11 -7 11 7 -11 7 9.3502293375415526 50.016511850228163 -0.26826279783461471 -0.96334576933619454 0
4 -2.5 -1 2.5 -1 2.5 1 -2.5 1 1.7136624332332451 39.785030875645887 -0.88312309229122254 0.46914134742312885 3 -10 -8 12 -6 0 14 0.22792581134129852 36.224086743803916 0.34956301819490793 -0.93691285417079562 1 0.2825855683925485 4.0580930240762711
4 -2 -2 2 -2 2 2 -2 2 30.879706981727825 35.237598631967593 0.1261219206659932 0.99201474844254256 4 -4.5 -3 4.5 -3 4.5 3 -4.5 3 8.2231005609475893 58.552782137054791 0.72505319283557945 0.6886928688166678 0
3 -10 -8 12 -6 0 14 19.154329386311517 53.196949772537778 0.88208827007519353 0.47108415786964486 3 -10 -8 12 -6 0 14 27.844741020764602 29.08162942541972 -0.54306381792238945 -0.83969142526499452 0
5 -9 -12 11 -9 14 6 1 15 -11 5 39.340221166683989 29.149568691888415 0.73148459991900383 -0.68185796180827496 4 -2 -2 2 -2 2 2 -2 2 6.6365291050887443 15.168778065109317 -0.23705203124431343 -0.97149695546766646 0
3 -10 -8 12 -6 0 14 12.508804272377251 15.646115347168525 -0.24327478972020916 -0.96995740972817357 3 -10 -8 12 -6 0 14 43.582647226595043 34.870240473248444 -0.83565935818675297 0.54924806515353708 0
4 -11 -7 11 -7 11 7 -11 7 13.625743399724131 13.59806113835981 0.649082573489001 0.76071795876848836 4 -85 -50 85 -50 85 50 -85 50 36.84946583615195 11.658317507608354 -0.84908313945421832 -0.52825923777494732 1 -24.346960180107114 39.133425234485479
4 -11 -7 11 -7 11 7 -11 7 45.336765342612985 25.292422407472181 0.92567923029214771 0.37830934776415054 4 -16 -0.5 16 -0.5 16 0.5 -16 0.5 42.758815742996966 2.2128820474177346 0.53996651714445332 0.84168649767172155 0
3 -10 -8 12 -6 0 14 41.28588936588045 55.915382743508381 0.4238757379480555 0.90572035351922586 4 -85 -50 85 -50 85 50 -85 50 15.672999388552107 36.314815974005498 -0.55515885948866028 0.83174433615820309 1 20.849607401900297 13.916348765882894
4 -2.5 -1 2.5 -1 2.5 1 -2.5 1 15.167288918720324 54.538061517152869 -0.90821998719858288 -0.41849307623066584 4 -2.5 -1 2.5 -1 2.5 1 -2.5 1 59.692282622876171 24.224171522630016 0.89353556818243263 -0.44899241462734896 0
4 -4.5 -3 4.5 -3 4.5 3 -4.5 3 10.665228136525855 22.153468266275734 -0.90138741605560269 0.43301354040792295 4 -4.5 -3 4.5 -3 4.5 3 -4.5 3 2.5375359667025865 10.938543662969664 0.7583443113238032 0.65185420569543506 0
4 -2.5 -1 2.5 -1 2.5 1 -2.5 1 43.804193218191173 40.630656891789556 -0.65493041021408593 0.75568919389972034 4 -2.5 -1 2.5 -1 2.5 1 -2.5 1 32.550087099030272 24.701945341046134 0.46399423744480234 -0.8858382175194387 0
3 -10 -8 12 -6 0 14 13.768001994796212 43.996831821143836 0.93598067244234662 0.3520513894509899 4 -16 -0.5 16 -0.5 16 0.5 -16 0.5 59.403891787164845 14.464933238008816 0.32201666304215798 0.94673400103893668 0
4 -4.5 -3 4.5 -3 4.5 3 -4.5 3 18.799265439505156 42.089816561452459 0.9022855492436257 -0.43113894236792 4 -11 -7 11 -7 11 7 -11 7 45.696525371676906 46.83106151479506 -0.84683456517590239 -0.53185638966110038 0
4 -16 -0.5 16 -0.5 16 0.5 -16 0.5 26.233005393534562 5.3682050607547112 -0.98564360366700565 0.16883923285279018 4 -16 -0.5 16 -0.5 16 0.5 -16 0.5 1.1281805112317844 15.919543490322711 0.0098623362062729304 0.99995136597964329 0
5 -9 -12 11 -9 14 6 1 15 -11 5 14.003605466012743 52.470378540970906 0.91986245838240521 -0.39224107084633281 5 -9 -12 11 -9 14 6 1 15 -11 5 59.650469586324533 15.710146509562378 -0.9557640114884286 -0.29413458542569759 0
4 -11 -7 11 -7 11 7 -11 7 10.518941888716176 40.4929014061156 -0.96663244885074229 0.25616734536005381 4 -2 -2 2 -2 2 2 -2 2 29.847571711315187 4.5167427280098904 -0.639235283030818 -0.76901121768704384 0
4 -27 -18 27 -18 27 18 -27 18 51.409882943762611 31.052195551973384 0.99820396937524836 0.059906890450917558 3 -10 -8 12 -6 0 14 51.960157991216271 39.582594128691845 0.98281290682816391 0.18460441536424504 1 1.1207799256165534 -18.675096672947138
3 -10 -8 12 -6 0 14 58.884343944393393 47.9600033717415 0.16482781808941491 -0.98632235622228637 3 -10 -8 12 -6 0 14 9.3494033124665137 36.501962997867416 0.84782615033283704 0.5302742863950709 0
4 -2 -2 2 -2 2 2 -2 2 58.356153217209801 24.79348640105805 0.66846868603595921 -0.74374028786220681 3 -10 -8 12 -6 0 14 51.511622991607659 17.030547092524174 0.98641484457117823 -0.16427341358119507 1 0.52226723036864864 0.20581844502722743
4 -16 -0.5 16 -0.5 16 0.5 -16 0.5 37.550426049192197 25.572763851297427 0.4978775486674743 -0.86724733872919246 4 -4.5 -3 4.5 -3 4.5 3 -4.5 3 44.14498239756562 51.629235484630442 -0.16510116465352079 0.98627663737414517 0
3 -10 -8 12 -6 0 14 1.1599302506668563 41.56429470163814 -0.78936712625909644 -0.61392144447107866 4 -11 -7 11 -7 11 7 -11 7 48.886462789524835 36.74733254065783 0.29754615264713558 0.95470743531455093 0
4 -85 -50 85 -50 85 50 -85 50 29.911882074501225 22.407227702133184 -0.65135265465498959 -0.75877514408017988 4 -11 -7 11 -7 11 7 -11 7 19.415187047901433 31.293733622963476 0.72255006758565876 0.69131859502834148 1 33.606925476604793 -28.849073793152378
4 -27 -18 27 -18 27 18 -27 18 56.581294660775313 21.155031470978432 -0.89375933982443334 -0.44854681191219398 4 -4.5 -3 4.5 -3 4.5 3 -4.5 3 7.6090005564803231 0.49757884823926624 -0.95901583372905197 -0.28335248482582859 0
4 -4.5 -3 4.5 -3 4.5 3 -4.5 3 49.721729545340935 29.129818302127742 0.92839722799192781 0.37158927198844754 3 -10 -8 12 -6 0 14 39.397460827321488 28.62039197878028 -0.89202732459421452 -0.45198147326775223 1 0.69671187824524228 0.029528923867128826
4 -85 -50 85 -50 85 50 -85 50 11.224140693476524 1.6377388479022326 0.2956358206666132 -0.95530071785735515 5 -9 -12 11 -9 14 6 1 15 -11 5 40.37327889811646 41.621391813650185 -0.49908867865071127 0.86655091647443727 1 -24.058562317041609 -7.4453757667117086
4 -16 -0.5 16 -0.5 16 0.5 -16 0.5 31.142241477349963 20.600585479550777 0.3736597596794391 0.92756583809253335 4 -27 -18 27 -18 27 18 -27 18 28.658704485531917 35.522639255124275 -0.93830272775642531 -0.34581496654258842 1 5.3025070137378778 -14.387337959026981
4 -2.5 -1 2.5 -1 2.5 1 -2.5 1 42.175090574500175 43.088917891156363 0.12075708347435694 0.99268208747351094 3 -10 -8 12 -6 0 14 22.180324236760409 34.635426272418222 -0.98829135593939388 -0.15257849054003084 0
5 -9 -12 11 -9 14 6 1 15 -11 5 26.631465224356937 22.871710266386373 0.88653249003622669 0.46266634209780988 4 -2.5 -1 2.5 -1 2.5 1 -2.5 1 30.419476894652171 41.321723518488426 0.81687927124259019 -0.57680868250588502 0
4 -85 -50 85 -50 85 50 -85 50 25.364373610099168 44.839552318892288 0.82686345366176062 -0.56240272847715234 4 -2 -2 2 -2 2 2 -2 2 58.963046791512738 38.61528334653142 0.39416638489419925 0.91903909656740823 1 -21.706344920501468 -31.913400164217745
4 -2.5 -1 2.5 -1 2.5 1 -2.5 1 43.552577535408716 48.251757211831702 -0.59818913673568919 -0.80135495050034533 5 -9 -12 11 -9 14 6 1 15 -11 5 13.273082477641134 33.265882964175638 -0.23071389789947605 -0.97302163250157503 0
5 -9 -12 11 -9 14 6 1 15 -11 5 55.56964295079878 56.753260371450082 -0.41255793706013516 0.91093136325888213 4 -2.5 -1 2.5 -1 2.5 1 -2.5 1 57.114743446595448 54.266436702307324 -0.97940492795813205 -0.20190588671786225 1 -4.7423144572289937 7.8690431111385628
3 -10 -8 12 -6 0 14 47.781941184092396 13.299043096748637 0.35638615378700816 0.93433875515730536 4 -11 -7 11 -7 11 7 -11 7 0.20041010434418194 2.4879044969218267 0.9224187745722412 -0.38619114997193421 0
3 -10 -8 12 -6 0 14 5.6501586453127839 43.55144117478806 -0.76213841491741319 -0.6474141151590479 4 -2 -2 2 -2 2 2 -2 2 11.742337199152619 49.154315711528085 -0.97254637028214186 -0.23270916967543617 1 -0.46406657399676549 -0.13221880501822622
3 -10 -8 12 -6 0 14 8.7220145255695734 8.7239262826523181 0.57355474470425161 0.81916723251558388 4 -27 -18 27 -18 27 18 -27 18 33.112389282919324 3.5097289389796771 -0.79357583469815274 0.60847135888481241 1 -10.818836220350374 6.1970225045495031
4 -4.5 -3 4.5 -3 4.5 3 -4.5 3 5.7459777145660755 8.3677968993766925 -0.94466396140706954 0.3280396317805252 4 -2 -2 2 -2 2 2 -2 2 30.99787037457866 23.955768151213551 0.52725630258280354 0.84970629713255108 0
4 -85 -50 85 -50 85 50 -85 50 8.9417575072738416 5.6572225620461891 0.70720754823591314 -0.70700599977521306 3 -10 -8 12 -6 0 14 36.044445059329384 30.4601489212201 -0.69741384283424712 0.7166686346026091 1 -19.298503337632479 -19.304004823677506
4 -4.5 -3 4.5 -3 4.5 3 -4.5 3 44.39478555752418 42.790813649274909 0.98479593561847967 0.17371518410698369 4 -27 -18 27 -18 27 18 -27 18 17.400007506496987 13.474699176283032 -0.81794061908052473 0.57530265396412694 0
4 -4.5 -3 4.5 -3 4.5 3 -4.5 3 38.413430221801065 11.486859672389256 -0.27440261122036014 0.96161489534815747 4 -2.5 -1 2.5 -1 2.5 1 -2.5 1 35.148144289302152 8.8557628262856358 0.91603755473354131 0.40109250593571849 1 1.6825822654313951 0.48013499942748006
4 -11 -7 11 -7 11 7 -11 7 49.251838789499999 3.0117536979148407 -0.62521531511897011 -0.78045231099708257 3 -10 -8 12 -6 0 14 50.57927651478888 37.827227932893095 0.44523037421915718 0.89541605629599319 0
5 -9 -12 11 -9 14 6 1 15 -11 5 23.428890021810915 15.641515068653158 -0.98253322444225788 0.1860872453100956 3 -10 -8 12 -6 0 14 20.494467920992033 53.564876307578174 -0.98641086808613843 0.16429728945284158 0
5 -9 -12 11 -9 14 6 1 15 -11 5 2.5462880263935084 51.917844241490144 0.20857200465758885 0.97800701371366183 3 -10 -8 12 -6 0 14 59.434192438338314 24.363192896386632 0.94531745867033212 -0.32615165541978303 0
4 -27 -18 27 -18 27 18 -27 18 34.763253968120928 56.577133122855933 -0.52484738904203265 -0.85119634527866783 4 -2 -2 2 -2 2 2 -2 2 30.960859453232409 48.725285259374807 0.67375375874691645 0.73895593412219229 1 -16.557562161727084 10.209387431801749
5 -9 -12 11 -9 14 6 1 15 -11 5 32.562722696098866 52.917109995533437 -0.63186197143735578 0.77508093064614747 5 -9 -12 11 -9 14 6 1 15 -11 5 12.778919817525324 26.149213330431831 0.38490046248178406 -0.92295808896249931 0
4 -4.5 -3 4.5 -3 4.5 3 -4.5 3 28.531661330276176 6.3404661591815836 0.042800260012422674 0.99908364902187696 4 -2 -2 2 -2 2 2 -2 2 31.058525361129611 2.589293384348057 -0.4757664170110123 -0.87957166646300267 1 -2.3394198377398059 1.2654084215351062
4 -27 -18 27 -18 27 18 -27 18 12.895788618621332 11.655266641721663 -0.58468662370053737 -0.81125923850866943 3 -10 -8 12 -6 0 14 20.659030480794684 58.147522397393168 -0.90798267156213808 -0.41900771847650076 0
4 -16 -0.5 16 -0.5 16 0.5 -16 0.5 2.8812804299753436 34.027420698753858 -0.1366008199311104 0.99062617368720296 4 -2.5 -1 2.5 -1 2.5 1 -2.5 1 27.859528359629898 27.476756604715924 -0.041774555476938452 -0.99912706224719194 0
4 -11 -7 11 -7 11 7 -11 7 24.366328387614956 43.66825397299219 0.55964148519554724 -0.82873482372114793 3 -10 -8 12 -6 0 14 1.2013173625328277 20.747717863763093 0.25628664258325179 -0.9666008260049257 0
4 -2 -2 2 -2 2 2 -2 2 47.053744152139124 19.818023049658912 -0.16130160727916129 0.98690515830507197 4 -27 -18 27 -18 27 18 -27 18 51.140811062199525 54.206613658470879 -0.080155273642413885 0.99678238954513521 0
4 -2 -2 2 -2 2 2 -2 2 0.31123291343436499 19.950058500839788 0.90529618073111084 0.4247809143001412 4 -11 -7 11 -7 11 7 -11 7 28.007871380303222 7.9512807716433853 -0.81993121080409082 0.5724620594845895 0
4 -2.5 -1 2.5 -1 2.5 1 -2.5 1 21.594057229072479 40.58939772238967 0.41678100149976433 -0.90900692890035406 4 -4.5 -3 4.5 -3 4.5 3 -4.5 3 27.003122603972219 5.6565824461312086 0.74293751681037523 -0.66936077425827201 0
4 -85 -50 85 -50 85 50 -85 50 46.500929829193034 54.848400810701456 0.91419430014778635 0.40527617938548915 3 -10 -8 12 -6 0 14 30.948264665422148 37.329296719022835 0.74871698858086599 -0.66288978798168208 1 -18.686770210816622 42.152338784882623
4 -2 -2 2 -2 2 2 -2 2 10.093646894370178 31.745955650238511 -0.86435514145773407 -0.50288188417915858 3 -10 -8 12 -6 0 14 16.760009769100769 39.542883252722653 0.15030581225873513 0.98863955150562421 0
4 -2.5 -1 2.5 -1 2.5 1 -2.5 1 15.28834478659437 46.845324686730535 -0.22976877023247377 0.97324524772837018 3 -10 -8 12 -6 0 14 54.429773909786334 6.3831220306148495 -0.44742879900858318 -0.89431955687983078 0
4 -2.5 -1 2.5 -1 2.5 1 -2.5 1 58.843272794405742 34.317860043614097 -0.26396953455729111 -0.96453101807334696 3 -10 -8 12 -6 0 14 11.268054158326608 25.443728359941723 0.85288125812815319 0.52210493153554738 0
3 -10 -8 12 -6 0 14 21.784928619602294 6.8570141924239199 0.95374461079559569 0.30061805896911414 4 -2.5 -1 2.5 -1 2.5 1 -2.5 1 7.9416041289679224 41.941709841854824 0.73112762006206777 0.68224072231315591 0
4 -2 -2 2 -2 2 2 -2 2 51.970506295686313 51.963602751953218 0.86061258938023355 -0.50926021933806054 4 -27 -18 27 -18 27 18 -27 18 29.395968592846401 34.231060956173053 0.99977488999918296 -0.021217194138754333 1 0.053397335363047894 2.5161345435082567
3 -10 -8 12 -6 0 14 17.783504371885336 16.977978302179956 0.94448046013100251 0.32856758883178039 4 -2.5 -1 2.5 -1 2.5 1 -2.5 1 32.020576871409723 35.652816897782813 0.43586198708545948 0.90001351557291331 0
4 -27 -18 27 -18 27 18 -27 18 12.116477725518775 5.5554172325439559 -0.8484955583326349 -0.52920250140167535 4 -4.5 -3 4.5 -3 4.5 3 -4.5 3 47.68511300923182 14.468612241157491 0.43848384263648771 -0.89873907211533866 0
5 -9 -12 11 -9 14 6 1 15 -11 5 15.023526341666496 37.829043950813201 -0.53118121391858186 0.84725823571092052 3 -10 -8 12 -6 0 14 12.180438157151485 36.215251733171755 -0.34676124948053638 -0.93795342947221916 1 11.980630806423708 12.092687555822341
4 -11 -7 11 -7 11 7 -11 7 18.933059225743715 57.607284003107587 -0.99992049654996995 -0.012609543182111296 4 -27 -18 27 -18 27 18 -27 18 11.449460917623959 36.24810081181424 -0.82278798736221614 0.56834842117528017 1 4.6871588908460176 6.7855172752503261
5 -9 -12 11 -9 14 6 1 15 -11 5 43.844082551905196 6.4347992402761722 -0.40353496682164586 0.91496422364606866 3 -10 -8 12 -6 0 14 29.37312151576236 9.7693500896978147 -0.53597136188307304 -0.84423616319203243 1 8.4889262356371002 5.5436276424641706
4 -27 -18 27 -18 27 18 -27 18 35.092873772331828 48.188607590492062 -0.91680617575998458 0.39933248814534522 4 -4.5 -3 4.5 -3 4.5 3 -4.5 3 52.643750001569423 30.612592340489456 -0.99886255533758939 0.047682235103454103 1 -8.4004043609994046 3.6589570005068413
4 -2.5 -1 2.5 -1 2.5 1 -2.5 1 22.683231170417923 32.61108185688272 -0.99715558404455373 -0.075370691974830969 4 -2 -2 2 -2 2 2 -2 2 54.345334567518819 48.184809825307511 -0.29025445001601369 -0.95694950454342231 0
3 -10 -8 12 -6 0 14 34.860386839259561 2.717222175105547 -0.046365577303734438 -0.99892453831172423 5 -9 -12 11 -9 14 6 1 15 -11 5 14.037784698569675 13.926361120845245 0.21336020847679643 -0.97697360324562399 1 0.26359510722272061 -0.10851589867791792
4 -27 -18 27 -18 27 18 -27 18 43.24515677581077 38.626839574650489 0.66331387865763436 0.74834129805868999 4 -16 -0.5 16 -0.5 16 0.5 -16 0.5 32.930362967567966 10.100492349593802 0.86300761712732732 0.50519090726200955 1 -3.3297327146060987 5.6881164217248577
4 -4.5 -3 4.5 -3 4.5 3 -4.5 3 4.7963626352297233 50.609368152564436 0.83614982742202804 -0.54850110856962975 3 -10 -8 12 -6 0 14 4.3960232102226531 39.522028312338655 -0.87855422790636029 -0.47764261600893521 1 -1.8751687002760959 2.8089368597435178
5 -9 -12 11 -9 14 6 1 15 -11 5 51.470591177811059 29.15120183322334 0.11214932539527089 -0.9936913649687138 4 -11 -7 11 -7 11 7 -11 7 41.358264633229496 43.638391358067913 -0.33539746626663103 0.94207671642065549 1 1.8297876472102121 -5.1395747189709038
4 -27 -18 27 -18 27 18 -27 18 9.2731363176350374 43.045735124337469 0.90096361330430075 0.43389465023396906 4 -2.5 -1 2.5 -1 2.5 1 -2.5 1 18.486386452273806 39.726862648470238 0.25965386781846128 0.96570174946870269 1 -5.8830419750760425 12.215884091281703
4 -85 -50 85 -50 85 50 -85 50 29.57080373865745 43.236932173845943 -0.28238425877796502 0.95930137620792522 3 -10 -8 12 -6 0 14 25.69519860379437 35.513802648651719 0.35573839713778993 -0.93458557275502385 1 55.696361163654068 16.395030856725629
3 -10 -8 12 -6 0 14 25.512436195216615 19.140916540723452 0.47263194081298726 -0.88125992109215368 5 -9 -12 11 -9 14 6 1 15 -11 5 36.97266427498753 59.996950643514204 0.45700921869823452 0.88946195760405022 0
5 -9 -12 11 -9 14 6 1 15 -11 5 20.932735492867302 43.738940751016116 0.79556796927847728 -0.60586434641602716 4 -11 -7 11 -7 11 7 -11 7 34.442909336749992 46.255290325344838 -0.84758275391247884 -0.53066324092604944 1 -11.074494695127635 -3.6012666167145095
4 -2 -2 2 -2 2 2 -2 2 14.748627384885364 28.882195560590592 -0.036218830531387455 0.99934388291265319 4 -2 -2 2 -2 2 2 -2 2 37.166276645386027 1.6365281742826099 -0.58580397257741801 0.8104527782125962 0
4 -16 -0.5 16 -0.5 16 0.5 -16 0.5 0.54701761629754042 32.06618840308694 -0.99666469359999477 0.081605689331250869 3 -10 -8 12 -6 0 14 48.257955625190327 28.124230940575011 -0.99026463529682385 0.13919752900266777 0
4 -85 -50 85 -50 85 50 -85 50 47.927071435611367 1.0774117093941649 -0.6638692794700114 0.7478486342676357 4 -2 -2 2 -2 2 2 -2 2 14.354966812350622 31.698301236131925 -0.97780774963414951 0.20950418791852449 1 28.286597784578419 -31.864847757623167
4 -2.5 -1 2.5 -1 2.5 1 -2.5 1 2.7027365076053056 13.710435750206539 0.29898854046524037 0.95425670166389998 4 -4.5 -3 4.5 -3 4.5 3 -4.5 3 40.478375320945837 54.959209808049401 -0.65598473004234681 -0.75477416089269334 0
4 -2.5 -1 2.5 -1 2.5 1 -2.5 1 5.5124680842007461 55.169602924766465 0.37580146465144137 0.92670019918301061 4 -2.5 -1 2.5 -1 2.5 1 -2.5 1 44.755155295717266 17.766398621817956 -0.92796567086629644 -0.37266568623051988 0
3 -10 -8 12 -6 0 14 58.048430363066494 46.452434511957506 0.61645477899569279 -0.78739031328393394 3 -10 -8 12 -6 0 14 34.136597518024629 41.802392192745032 0.60253192818649992 -0.79809477852937905 0
3 -10 -8 12 -6 0 14 43.183671866194253 18.747009832408835 0.3597700237644843 -0.9330410119606225 3 -10 -8 12 -6 0 14 21.187842095865935 12.365407957284312 -0.066999035656263375 -0.99775304019638589 0
5 -9 -12 11 -9 14 6 1 15 -11 5 24.435010997058665 56.621632211997685 0.97232786293185713 -0.23362047634222385 3 -10 -8 12 -6 0 14 48.226205727170139 23.146482263132992 0.092220905585389146 -0.99573857240392705 0
3 -10 -8 12 -6 0 14 37.216791402424917 2.6133573185314152 -0.04262083070830467 0.99909131954478214 4 -16 -0.5 16 -0.5 16 0.5 -16 0.5 8.625620268637789 15.067957870186341 -0.38979153494624569 0.92090312155201737 0
4 -4.5 -3 4.5 -3 4.5 3 -4.5 3 13.332079427316874 4.8514258701391455 -0.20599681741955228 0.97855266144087294 5 -9 -12 11 -9 14 6 1 15 -11 5 46.240965273051636 13.003234676988814 0.69065230064187122 -0.72318697417617406 0
4 -27 -18 27 -18 27 18 -27 18 48.893314614155038 10.519564756870196 0.96210926360566995 -0.27266419802415481 4 -16 -0.5 16 -0.5 16 0.5 -16 0.5 5.9271771226838403 17.789021976239759 0.49830594604625161 -0.86700125959248187 0
4 -16 -0.5 16 -0.5 16 0.5 -16 0.5 26.394107060376296 7.8655018684604627 0.64637473848527816 0.76302011601797781 4 -4.5 -3 4.5 -3 4.5 3 -4.5 3 45.002527449864225 25.461304165169278 0.12060410195568798 0.9927006852981729 0
4 -16 -0.5 16 -0.5 16 0.5 -16 0.5 19.016344158466808 54.330039255041314 0.59690742332964264 0.80231011957594478 4 -2 -2 2 -2 2 2 -2 2 53.841833074567383 35.853386856501999 0.63847676728664415 0.76964109663868419 0
4 -85 -50 85 -50 85 50 -85 50 26.188430396037749 31.535445382789312 -0.93878754564347189 0.34449665331423207 4 -2 -2 2 -2 2 2 -2 2 38.376883200133861 16.199574029278757 0.036213932244386224 0.99934406042733803 1 14.580337810631322 39.732866535019575
4 -2 -2 2 -2 2 2 -2 2 21.992080613532337 56.620548121165136 0.35388795663253292 -0.93528782422869727 5 -9 -12 11 -9 14 6 1 15 -11 5 53.819765154569438 18.493886532693598 -0.79267280389330907 -0.60964729636726811 0
4 -4.5 -3 4.5 -3 4.5 3 -4.5 3 33.107455149244153 5.2095045603916663 -0.18181499307418428 -0.98333275562926015 4 -4.5 -3 4.5 -3 4.5 3 -4.5 3 32.294706405921417 2.3931560314897449 0.82208241453534114 -0.56936851310179026 1 3.1638456600227278 4.5681168163643333
4 -85 -50 85 -50 85 50 -85 50 18.886835345084418 47.053638655601389 0.94958720717494172 0.31350300791171726 4 -16 -0.5 16 -0.5 16 0.5 -16 0.5 35.525685268624002 23.230366334349501 0.9926256781614915 -0.12121989545631146 1 -9.2278001350739309 27.950612075469973
3 -10 -8 12 -6 0 14 55.608634380076246 47.659649467487846 0.68033525347826107 0.73290104575902348 4 -2 -2 2 -2 2 2 -2 2 48.160030045486913 5.3463488647158659 0.9682608875471852 -0.24994170049500986 0
4 -85 -50 85 -50 85 50 -85 50 29.194538517176575 0.87285800760626087 -0.99997699237485593 0.0067834151382131971 3 -10 -8 12 -6 0 14 57.299676479478798 42.309543051270985 0.9888416250696993 0.148970602903782 1 -0.12096752454123494 -17.832424951311285
4 -16 -0.5 16 -0.5 16 0.5 -16 0.5 3.2057808800785192 45.622803560653644 0.6906688944301872 0.72317112654376825 3 -10 -8 12 -6 0 14 48.918890908048084 16.603598228434212 0.73683742204954772 0.67606997675342506 0
4 -11 -7 11 -7 11 7 -11 7 56.456363887251776 38.353626106661885 -0.79394646268818059 0.60798767617849414 5 -9 -12 11 -9 14 6 1 15 -11 5 32.570720103825458 8.0472911107073202 0.99592057114791599 0.090234228341626199 0
4 -85 -50 85 -50 85 50 -85 50 43.814191371807404 36.634582324558394 0.93597328696940885 -0.35207102419778963 4 -2 -2 2 -2 2 2 -2 2 49.123175616265975 42.888357656936883 -0.46113153983292121 0.88733178854998707 1 -15.879054751418975 -42.214127400905653
4 -4.5 -3 4.5 -3 4.5 3 -4.5 3 52.899267709399211 22.868842046295331 0.99690440335368324 -0.078623219051606408 4 -2.5 -1 2.5 -1 2.5 1 -2.5 1 34.65181580081547 18.118045956587153 0.20439630813791218 0.9788882210035994 0
4 -16 -0.5 16 -0.5 16 0.5 -16 0.5 15.214621987632581 10.440821420205017 0.6896243168310634 -0.72416731605015772 4 -27 -18 27 -18 27 18 -27 18 14.962160418561613 55.880392563751329 0.99999890143791015 -0.0014822695344541873 0
4 -27 -18 27 -18 27 18 -27 18 46.162678437445692 14.603422567728007 0.8312120129224132 0.55595556438754168 3 -10 -8 12 -6 0 14 18.51275901039967 33.537354790419634 0.6311211760782871 -0.77568425348563041 0
5 -9 -12 11 -9 14 6 1 15 -11 5 56.977032605945666 22.568613606584396 -0.74693130874054481 -0.66490121072467379 4 -11 -7 11 -7 11 7 -11 7 45.858743139419126 26.042640713664067 -0.54065116327234564 0.84124688388858793 1 10.493712019190868 6.1479649979637703
4 -11 -7 11 -7 11 7 -11 7 50.50634210878988 22.943549648335591 -0.99998241580451874 0.005930268270365433 5 -9 -12 11 -9 14 6 1 15 -11 5 23.916033700682867 52.383950939728969 -0.86697983993353156 0.4983432122030238 0
4 -2.5 -1 2.5 -1 2.5 1 -2.5 1 39.246239959032749 11.617310706338092 -0.98496770927005639 0.17273856458619088 4 -27 -18 27 -18 27 18 -27 18 8.8638182864111936 36.110917322306619 -0.25476104883604034 -0.96700403721802564 0
5 -9 -12 11 -9 14 6 1 15 -11 5 23.187696893715785 43.705512293617566 0.8840061500183557 -0.46747526857548771 5 -9 -12 11 -9 14 6 1 15 -11 5 41.43781865754169 45.520893309642929 0.80693623535543457 -0.59063856297265149 1 -7.9847713355741652 4.5161863818627062
5 -9 -12 11 -9 14 6 1 15 -11 5 16.867671596116335 10.864265547241466 0.94806607437061818 0.31807344847925539 3 -10 -8 12 -6 0 14 48.285154780475942 33.740481807179528 -0.41647717726706929 0.909146171314412 0
3 -10 -8 12 -6 0 14 13.58548284968683 57.124360068157415 -0.36787221763080086 0.92987635279933678 3 -10 -8 12 -6 0 14 59.815602912671537 3.1059138871237213 0.67959676308816097 0.73358587745409465 0
4 -2.5 -1 2.5 -1 2.5 1 -2.5 1 8.6509290205984435 6.3200574959606559 -0.68600155833555565 -0.72760007006678418 5 -9 -12 11 -9 14 6 1 15 -11 5 52.031266034793298 10.940277347031415 0.9976808761806214 -0.068065184224150352 0
4 -16 -0.5 16 -0.5 16 0.5 -16 0.5 9.6041643340821636 37.676194942624086 0.48668303137834662 0.87357863239000033 4 -2.5 -1 2.5 -1 2.5 1 -2.5 1 8.9494146997269262 39.050552930311525 -0.31282552920288292 0.94981060653107907 1 1.5510138600336161 -0.86409179336931718
4 -2.5 -1 2.5 -1 2.5 1 -2.5 1 2.5889462017654807 30.682722802649959 0.91955361152442128 -0.39296457287189868 4 -11 -7 11 -7 11 7 -11 7 40.09502990258315 38.66920512410649 0.83047084675424976 0.55706209051709787 0
4 -4.5 -3 4.5 -3 4.5 3 -4.5 3 14.597982573567421 27.265841888826554 0.32356571868610784 0.94620569946029309 5 -9 -12 11 -9 14 6 1 15 -11 5 55.898949538242533 3.4420813070757061 0.76960092696749216 -0.63852518604263131 0
4 -2 -2 2 -2 2 2 -2 2 57.950271513281166 28.170424961683786 0.60012207596016631 0.79990842847494759 4 -85 -50 85 -50 85 50 -85 50 27.363326347670078 13.846249409942326 -0.98304451648013169 0.18336705979631143 1 6.0491648295727396 32.430024899791583
4 -4.5 -3 4.5 -3 4.5 3 -4.5 3 6.5398227677428693 12.472995444054458 0.52656817817127999 0.85013290357295257 4 -2 -2 2 -2 2 2 -2 2 44.114552895755324 21.092778951088619 -0.79913623610732121 -0.60114996144075705 0
4 -16 -0.5 16 -0.5 16 0.5 -16 0.5 49.604400299388402 6.430529664626583 0.87096345054184876 -0.49134780738315764 4 -4.5 -3 4.5 -3 4.5 3 -4.5 3 47.235633851966824 33.12599170546855 -0.84471630739780157 -0.5352143122303652 0
4 -2.5 -1 2.5 -1 2.5 1 -2.5 1 37.713013995606737 56.368990426767404 0.93536225161363917 0.35369119052679726 5 -9 -12 11 -9 14 6 1 15 -11 5 20.458198845997387 26.510731795593188 0.41611555215126689 0.90931174371490786 0
4 -16 -0.5 16 -0.5 16 0.5 -16 0.5 27.43647794974801 31.191790894830483 -0.36001238977530753 0.93294752221562394 4 -85 -50 85 -50 85 50 -85 50 53.978397900718619 33.467738089036729 -0.54272657818540826 -0.83990943638654159 1 -35.423954111562814 22.88999333484983
3 -10 -8 12 -6 0 14 16.513762917239671 14.116675193756796 0.29652738625961439 0.95502435005503472 4 -85 -50 85 -50 85 50 -85 50 30.006708647161297 31.773044407118601 0.27426224540334582 -0.96165493850253525 1 -42.091100160102499 -12.004305473003512
4 -27 -18 27 -18 27 18 -27 18 27.685834105656252 52.571679833460465 0.22230672119767342 -0.97497678008778232 3 -10 -8 12 -6 0 14 49.382894811576804 26.305838168251839 -0.96461481360020962 -0.26366315894154185 1 -1.4056276408721129 3.7631331950882005
4 -2 -2 2 -2 2 2 -2 2 39.23987775407268 49.474548946907142 -0.34893235813345819 -0.93714791225687744 4 -85 -50 85 -50 85 50 -85 50 39.433773808087594 29.187396612008978 0.98913842566607202 0.14698698878079117 1 -4.7949861440143176 32.267516226584355
4 -27 -18 27 -18 27 18 -27 18 34.788327634629489 40.580546094064566 -0.18338170663392214 0.9830417842960848 4 -2 -2 2 -2 2 2 -2 2 5.7365219392410216 58.330590576742715 -0.99733366762062226 -0.072976403243775509 0
3 -10 -8 12 -6 0 14 14.68523934090517 2.8342331957291544 -0.72309061980176503 0.69075317990922003 3 -10 -8 12 -6 0 14 26.091690442010908 1.7963612934247997 -0.054020396699444008 0.99853983232539834 1 -4.4971465999080804 6.6521555065062525
4 -2 -2 2 -2 2 2 -2 2 7.9091361066063204 0.063605201632801478 0.94960827127227021 0.31343919846006874 3 -10 -8 12 -6 0 14 29.973719594063333 34.538851063996724 0.55246670685864696 -0.83353496496113577 0
4 -11 -7 11 -7 11 7 -11 7 23.64510962620221 40.509838917061799 -0.11834111953098411 -0.99297300035205049 4 -4.5 -3 4.5 -3 4.5 3 -4.5 3 50.85387376964411 36.733336582249443 -0.5655349232913599 -0.82472434821450236 0
4 -16 -0.5 16 -0.5 16 0.5 -16 0.5 38.827300153064499 44.771834086480915 -0.6478478680252171 -0.76176974204491799 4 -2.5 -1 2.5 -1 2.5 1 -2.5 1 11.489462630699309 47.05570517144556 0.11093140342932152 -0.99382806547873315 0
3 -10 -8 12 -6 0 14 22.185158250587797 56.849753719130746 -0.17050924742937418 0.9853560760157053 4 -2 -2 2 -2 2 2 -2 2 48.776563144542408 29.04638224236049 0.37417140882667205 -0.92735956177561651 0
5 -9 -12 11 -9 14 6 1 15 -11 5 58.051160143610147 15.667559596698112 -0.8702390817604817 -0.49262961804653366 4 -2.5 -1 2.5 -1 2.5 1 -2.5 1 32.866122484099805 17.486966657956746 0.94366225580667806 0.33091017960445351 0
4 -2.5 -1 2.5 -1 2.5 1 -2.5 1 53.154790487338985 18.632421316979556 -0.061798157951522284 0.99808866724044043 4 -16 -0.5 16 -0.5 16 0.5 -16 0.5 6.6542687338580269 12.987407740750271 0.25369026546787377 0.96728550552917913 0
3 -10 -8 12 -6 0 14 59.94598708423333 25.117244796298031 -0.93994877400978782 -0.34131554643393658 4 -2 -2 2 -2 2 2 -2 2 15.141647597543082 52.172883003926401 -0.096031889364138423 0.99537825786238365 0
4 -11 -7 11 -7 11 7 -11 7 10.030654897735896 31.658878687409292 0.99956466846786141 -0.029503788752198779 4 -2 -2 2 -2 2 2 -2 2 10.040365866259881 44.132950297895306 0.77958997764667881 0.62629024162352298 0
4 -85 -50 85 -50 85 50 -85 50 34.502381895724298 6.7912370823724526 -0.46781966760730559 -0.88382394095192407 5 -9 -12 11 -9 14 6 1 15 -11 5 12.468589461233284 57.14948840263331 0.14375489824627125 0.98961332308644889 1 18.819554067948861 -9.9614381560008667
4 -85 -50 85 -50 85 50 -85 50 54.444316411337518 48.330980972158727 -0.42014750324018668 -0.90745582565821759 3 -10 -8 12 -6 0 14 0.025945658190231757 17.309401325914479 -0.86320743943228251 -0.50484939983005062 1 22.815810987516929 -10.563606238190278
3 -10 -8 12 -6 0 14 17.859198080228531 47.926232022611643 0.020684343181428495 0.99978605608757765 4 -11 -7 11 -7 11 7 -11 7 0.74837984248734779 43.615117393491197 0.95518851427092299 0.29599814561058779 1 6.3653035097402828 1.9725090984472329
4 -27 -18 27 -18 27 18 -27 18 41.221575654793966 38.797552987734605 -0.5701166877895999 0.82156372991011228 4 -4.5 -3 4.5 -3 4.5 3 -4.5 3 24.060569346688411 25.643648911657021 0.57564386391372169 -0.81770052093567891 0
3 -10 -8 12 -6 0 14 8.4613009371948635 55.257001164608916 0.83062971371078653 -0.55682517786172059 4 -85 -50 85 -50 85 50 -85 50 35.506637484743088 52.207791076090821 -0.49592042072777487 0.86836797286932843 1 -35.223815807781897 -20.116137514046077
4 -2.5 -1 2.5 -1 2.5 1 -2.5 1 35.129819287209038 46.474939612255909 0.087393482589015956 0.99617386996495916 4 -4.5 -3 4.5 -3 4.5 3 -4.5 3 51.901943135291113 32.983953714344963 -0.64346031287132843 0.76547947442079212 0
3 -10 -8 12 -6 0 14 14.065996572672475 32.638066791846867 -0.72726982077465441 0.68635166481214427 4 -85 -50 85 -50 85 50 -85 50 12.557380000438192 0.38061753989697689 0.80803852550601962 0.58912964727473849 1 -19.551776497921857 26.816828393354321
4 -27 -18 27 -18 27 18 -27 18 5.3390376968237607 22.167341974886753 -0.64528626458964677 0.76394085944655454 3 -10 -8 12 -6 0 14 35.105488656530518 55.29475667994376 0.97966837455643252 0.20062371717710112 0
4 -11 -7 11 -7 11 7 -11 7 32.811732794199649 17.258585141057551 -0.72049632875664049 0.69345875165593163 5 -9 -12 11 -9 14 6 1 15 -11 5 25.695750430806729 26.579635715800258 0.88005950094143759 0.47486342752701843 1 6.4725078169538248 -8.6264572594424731
4 -27 -18 27 -18 27 18 -27 18 35.213952082676201 54.543265601569942 0.97405125385697466 -0.22632753888922916 4 -2.5 -1 2.5 -1 2.5 1 -2.5 1 56.56362035904251 4.8972426953008501 -0.011608235126195235 -0.99993262216874146 0
3 -10 -8 12 -6 0 14 39.420056054343483 20.861503883756885 -0.87542963374574811 0.48334558688353124 3 -10 -8 12 -6 0 14 24.461537573687341 17.993210880114376 0.66381561861344607 0.74789626585833946 1 4.7724403129656832 0.17162956353616068
4 -27 -18 27 -18 27 18 -27 18 57.817584018219925 31.703200361506966 -0.8431867582738064 0.53762076845273532 4 -4.5 -3 4.5 -3 4.5 3 -4.5 3 34.0430841354394 8.9455920821568959 -0.64432129711412645 0.76475490589153439 0
4 -2 -2 2 -2 2 2 -2 2 15.20176390727628 4.7194604913974336 0.5428782263467643 -0.83981142607051451 4 -11 -7 11 -7 11 7 -11 7 14.785764799357061 59.774623572387483 0.75671430782076576 -0.65374571229136125 0
4 -16 -0.5 16 -0.5 16 0.5 -16 0.5 39.53522997058419 28.816223496094768 0.9967459446379775 -0.080607207169991035 4 -85 -50 85 -50 85 50 -85 50 23.571722714927638 4.5290907200936514 -0.41883312792531774 -0.90806321968918791 1 55.274196552256448 -25.494551627654733
5 -9 -12 11 -9 14 6 1 15 -11 5 15.862907700534087 4.9016170986237011 0.97055746805588861 -0.24086967679835242 4 -11 -7 11 -7 11 7 -11 7 9.8633682899858677 44.332337632246691 0.42192366165643591 -0.90663136044062875 0
4 -2.5 -1 2.5 -1 2.5 1 -2.5 1 48.148433049144771 8.2705195528417779 0.97110795799156047 0.23864059571971738 4 -11 -7 11 -7 11 7 -11 7 23.605043040139631 13.045600635213855 -0.3729319222361987 -0.92785870765823708 0
3 -10 -8 12 -6 0 14 27.005061163358441 21.964741068238361 0.62554718973980228 0.78018633249284486 4 -2.5 -1 2.5 -1 2.5 1 -2.5 1 38.74823716854381 46.75646094658525 -0.61580823292113007 0.78789607199589162 0
4 -85 -50 85 -50 85 50 -85 50 5.8996183252962808 57.492306999008953 0.90161515748779153 0.43253914018070644 4 -4.5 -3 4.5 -3 4.5 3 -4.5 3 36.872321705408247 23.465389849189631 0.97132453949007824 0.23775752140444981 1 -4.2326877805281393 8.8229135940002372
4 -2 -2 2 -2 2 2 -2 2 51.812936760626506 11.071383757305014 -0.37376397913910009 -0.92752384761692586 4 -2 -2 2 -2 2 2 -2 2 14.431543591351288 44.461654413534824 -0.78881049693077077 0.61463647787275888 0
4 -11 -7 11 -7 11 7 -11 7 4.4752323458188386 34.546133007146345 0.61521981216133992 -0.78835561945366106 4 -2.5 -1 2.5 -1 2.5 1 -2.5 1 2.9800669574316507 17.994743796878041 0.34555571093042547 -0.93839823670090527 0
4 -16 -0.5 16 -0.5 16 0.5 -16 0.5 33.900918949521632 48.795920936665006 -0.95988426319339815 -0.28039650724227477 4 -4.5 -3 4.5 -3 4.5 3 -4.5 3 44.268376391099579 47.111343211503687 0.46845579639005525 -0.88348693642212905 1 -0.27734163658135152 0.94942649286540404
4 -4.5 -3 4.5 -3 4.5 3 -4.5 3 8.2388386027414473 35.154792634321296 -0.83129389162550871 -0.55583312760766346 4 -4.5 -3 4.5 -3 4.5 3 -4.5 3 7.0114460689445686 38.66439988430853 0.99902537903257793 -0.044139461356183844 1 2.4912647862340824 -3.7258901932162711
4 -85 -50 85 -50 85 50 -85 50 2.386658333537488 37.989066499438572 -0.8880370521056109 -0.45977189353806358 4 -27 -18 27 -18 27 18 -27 18 28.395488994272437 17.613423960528856 0.17473642238624149 -0.98461524601828965 1 -23.48527864866988 45.36118434416008
5 -9 -12 11 -9 14 6 1 15 -11 5 37.838481274946275 7.9750418130177358 0.65790322058018147 0.75310248462624596 4 -2.5 -1 2.5 -1 2.5 1 -2.5 1 10.637349823691002 4.1827725483498179 -0.99225901297861996 0.12418555134432899 0
4 -4.5 -3 4.5 -3 4.5 3 -4.5 3 33.605812678949988 46.278758495165299 -0.84204497672556666 -0.53940732027961946 5 -9 -12 11 -9 14 6 1 15 -11 5 6.5766607384545717 43.575412466457045 -0.26600357834971117 -0.9639720412466064 0
3 -10 -8 12 -6 0 14 4.5047136111379915 16.592902285627851 -0.075529639599726764 -0.99714355713805591 4 -2.5 -1 2.5 -1 2.5 1 -2.5 1 33.05536539020239 33.990542126980579 -0.49725946291960993 -0.86760188251115566 0
4 -16 -0.5 16 -0.5 16 0.5 -16 0.5 37.891064391277986 56.422967441332382 0.91942682820242472 0.39326111882771847 5 -9 -12 11 -9 14 6 1 15 -11 5 44.130300214395604 20.286298498636427 0.017888192388320959 -0.9998399934854969 0
3 -10 -8 12 -6 0 14 23.92948839554678 48.217292894270848 0.98895649486361081 0.14820611076160453 3 -10 -8 12 -6 0 14 8.2165484580011352 39.288090808243155 -0.31853237674315654 0.9479119816556576 1 0.76370387511534965 0.33633405187627324
3 -10 -8 12 -6 0 14 44.510610546513433 55.836495807726507 -0.63142465925945401 -0.77543723129540432 4 -11 -7 11 -7 11 7 -11 7 3.4175364561954025 2.4363052589181877 -0.93783615138620569 -0.34707830982807031 0
4 -2 -2 2 -2 2 2 -2 2 28.717889915298553 32.842536415200101 0.98368545092360238 0.1798970084276808 5 -9 -12 11 -9 14 6 1 15 -11 5 44.679938748942952 48.834841482253907 -0.84105974697241859 -0.5409422353844181 0
5 -9 -12 11 -9 14 6 1 15 -11 5 44.044668338975981 41.586301719538099 0.99409857106527866 -0.10848055588892887 4 -2.5 -1 2.5 -1 2.5 1 -2.5 1 56.699809136012341 31.588392810537716 0.51685083534732246 0.85607547214061386 0
4 -2 -2 2 -2 2 2 -2 2 34.151042851081598 27.289239332277127 0.066752007509447667 -0.99776959739884774 4 -11 -7 11 -7 11 7 -11 7 52.410289950763001 52.340217726806806 0.058988453147214528 0.99825866507398719 0
3 -10 -8 12 -6 0 14 30.497674919959458 36.621772387342197 -0.59428057050684702 -0.80425779667843844 4 -16 -0.5 16 -0.5 16 0.5 -16 0.5 57.44301861808303 5.0995166591286045 0.76919636941697567 -0.63901247661977889 0
3 -10 -8 12 -6 0 14 28.286989929261672 4.2625288473672818 -0.58412126417955723 -0.81166640236816257 5 -9 -12 11 -9 14 6 1 15 -11 5 4.7329814816814135 12.392014790359692 -0.97762679358855364 0.210346981099714 0
4 -27 -18 27 -18 27 18 -27 18 28.926973951740237 24.598626575235173 -0.30018448461133956 -0.95388116408629453 4 -16 -0.5 16 -0.5 16 0.5 -16 0.5 18.847013514196931 17.865753788319534 -0.77395901033172698 0.63323569887233433 1 13.084028750226203 15.99167886572125
4 -2.5 -1 2.5 -1 2.5 1 -2.5 1 59.861081980646112 8.7768842965330247 -0.66641987396230129 -0.74557665708367671 4 -85 -50 85 -50 85 50 -85 50 4.2508938148877151 8.8746503351185453 -0.86757006767599354 0.49731496827732025 1 12.47368927012022 21.760453906573147
4 -4.5 -3 4.5 -3 4.5 3 -4.5 3 12.669356073316255 15.891262710420966 -0.62560662955535518 -0.78013867040186424 3 -10 -8 12 -6 0 14 37.567714892235486 2.2370426299420365 0.94638169229841851 0.32305060359389759 0
4 -4.5 -3 4.5 -3 4.5 3 -4.5 3 40.466924789884175 26.994628094949324 -0.9579641105862533 0.28688806672409484 4 -2.5 -1 2.5 -1 2.5 1 -2.5 1 16.91558875929374 31.351611384418522 0.41564488098859331 0.90952698305656554 0
4 -2.5 -1 2.5 -1 2.5 1 -2.5 1 55.95447916793664 6.5815658374066839 0.94693652236621473 -0.32142063189686404 4 -2.5 -1 2.5 -1 2.5 1 -2.5 1 4.2450316694439856 6.8802699986028504 -0.86155312922742 0.50766741624654277 0
4 -11 -7 11 -7 11 7 -11 7 38.152055464566921 43.087312082782773 0.88051317636410686 -0.4740216727631672 4 -27 -18 27 -18 27 18 -27 18 43.789901254841944 46.323031992609387 0.35406745724194788 0.93521988629531472 1 -24.033572003543178 9.0989358250758468
4 -27 -18 27 -18 27 18 -27 18 55.220999129140701 33.87677502804236 -0.0017110393777417248 -0.9999985361710525 5 -9 -12 11 -9 14 6 1 15 -11 5 54.72369370737097 30.507302302796194 -0.62706872713096895 -0.77896393463006131 1 28.58321979913768 -0.048907086210580014
3 -10 -8 12 -6 0 14 44.668953171692444 24.703855954931363 0.98965928502647704 -0.1434381384460994 3 -10 -8 12 -6 0 14 18.223498679134163 37.959020142419448 -0.17816936426682445 -0.98399983619752474 0
4 -4.5 -3 4.5 -3 4.5 3 -4.5 3 45.285861938808544 52.17538642091543 -0.89474622981433083 0.44657494805803949 4 -2.5 -1 2.5 -1 2.5 1 -2.5 1 38.400391180235225 36.316253633200603 -0.76183916650229755 0.64776622664591321 0
4 -11 -7 11 -7 11 7 -11 7 20.344071582542313 8.7130130009795188 -0.64722755850660074 0.76229684999321923 4 -85 -50 85 -50 85 50 -85 50 32.965913167231243 5.8483701591440447 -0.6335899241670272 0.77366905585917078 1 -38.09863374212258 -31.200563445997179
3 -10 -8 12 -6 0 14 52.521794547083154 16.367949231801024 0.99062163496640254 -0.13663373059567532 4 -16 -0.5 16 -0.5 16 0.5 -16 0.5 30.733436413128082 3.0833536579789889 0.99999881098837107 0.0015420836047985798 0
4 -11 -7 11 -7 11 7 -11 7 24.801954275234259 44.429761780421885 -0.64558160990279023 0.76369128903983285 3 -10 -8 12 -6 0 14 7.2987055581304094 11.896254707718859 -0.13225365858833862 0.99121590473014465 0
5 -9 -12 11 -9 14 6 1 15 -11 5 49.67541214488061 41.123378764642354 0.75712698189449135 -0.65326773476679423 4 -2.5 -1 2.5 -1 2.5 1 -2.5 1 16.148237952795846 15.919574734304721 -0.59492758889299369 0.80377930053838109 0
5 -9 -12 11 -9 14 6 1 15 -11 5 58.60833836948197 55.822976324298089 0.99621686895628891 -0.086901956289419505 4 -2 -2 2 -2 2 2 -2 2 18.058158402308585 41.341733766230149 0.62180631401704678 -0.78317105912344198 0
4 -2.5 -1 2.5 -1 2.5 1 -2.5 1 27.942917806749534 41.392626746771107 -0.8234488313807099 0.56739053754688507 4 -2 -2 2 -2 2 2 -2 2 51.653280099590219 25.33143388628946 -0.41478391106766987 -0.9099199454454262 0
4 -27 -18 27 -18 27 18 -27 18 59.252887731254631 20.964163256915448 0.22159897691605254 0.97513788431675585 3 -10 -8 12 -6 0 14 4.6684496996962732 53.813814141087462 -0.98468054909459679 0.17436804820483426 0
4 -16 -0.5 16 -0.5 16 0.5 -16 0.5 23.595115885678833 10.682128578023944 0.15948164602775711 -0.9872008937294765 4 -85 -50 85 -50 85 50 -85 50 13.408256353473771 51.27020963218407 -0.80839729880430011 0.58863724592138322 1 -20.488615921889835 -28.137773955450008
3 -10 -8 12 -6 0 14 15.865288489655276 37.910034468275093 -0.73483133400852318 0.67824988799059471 3 -10 -8 12 -6 0 14 9.6909400602640776 22.227814933567206 -0.084401162862733969 0.99643185602800666 1 -1.2800308327491341 3.0377963635239289
4 -27 -18 27 -18 27 18 -27 18 39.892867642332433 43.832306827810342 -0.26104893420266195 0.96532556888940546 4 -11 -7 11 -7 11 7 -11 7 16.441823600166774 11.530561028693011 0.28855839943416056 -0.95746229696839524 0
4 -85 -50 85 -50 85 50 -85 50 22.991043296347954 15.998221627001953 -0.62955891294979749 0.77695274960931138 4 -11 -7 11 -7 11 7 -11 7 57.271371344552755 57.8627053266056 0.80388865237628448 0.5947798202533785 1 -6.4540369073024477 -5.2296570950323158
4 -16 -0.5 16 -0.5 16 0.5 -16 0.5 13.513664611538427 32.188206215547069 -0.05835827146402503 0.99829570376303389 3 -10 -8 12 -6 0 14 26.835375945034258 53.253190285817091 0.76966959238396304 0.63844241600907448 0
4 -4.5 -3 4.5 -3 4.5 3 -4.5 3 18.328510549239304 49.506486846015761 0.66333898509295441 -0.74831904349404954 5 -9 -12 11 -9 14 6 1 15 -11 5 38.878585025350262 19.665512364806077 -0.72082516876916425 -0.69311692813615944 0
4 -2.5 -1 2.5 -1 2.5 1 -2.5 1 15.007870921468975 51.659151132039987 -0.29168728296743779 -0.95651373694007857 4 -4.5 -3 4.5 -3 4.5 3 -4.5 3 18.975158081568992 39.894629792039979 -0.7755046300289864 -0.63134187949446607 0
3 -10 -8 12 -6 0 14 51.197087232612148 46.390508748651762 -0.51046415478053486 0.85989903284292291 5 -9 -12 11 -9 14 6 1 15 -11 5 1.5344248665683646 24.629951440252015 -0.95677872447425061 -0.29081690527448034 0
3 -10 -8 12 -6 0 14 1.3454357122660321 39.891852354857122 -0.99927840377022314 0.03798251911649457 4 -16 -0.5 16 -0.5 16 0.5 -16 0.5 6.4044565176270947 7.8807702661231893 0.99624543141006894 0.086573901347725274 0
4 -2 -2 2 -2 2 2 -2 2 16.30891078717233 30.231915547106837 -0.45545156996559755 -0.8902605615300907 4 -11 -7 11 -7 11 7 -11 7 21.993093013373731 4.4007061127087059 -0.97400047634632592 0.22654596018717749 0
3 -10 -8 12 -6 0 14 15.506026090859057 59.223062009857848 0.99284798291316489 -0.11938543807877043 4 -4.5 -3 4.5 -3 4.5 3 -4.5 3 7.4208411065873943 49.152452268235123 -0.95575605331552282 0.29416044355204435 1 0.19075016391440375 0.61976594007910613
4 -85 -50 85 -50 85 50 -85 50 8.8157309886091575 57.992586405854553 -0.81200434478109185 -0.58365138914991854 4 -27 -18 27 -18 27 18 -27 18 26.500081457494495 22.59777114338743 0.53596144192592832 -0.84424246088945309 1 -22.720819786019895 31.61031520906289
4 -85 -50 85 -50 85 50 -85 50 22.373266120436934 16.027386714537979 -0.70126033930752496 -0.71290527878133636 4 -27 -18 27 -18 27 18 -27 18 50.196931151283415 14.346825284815406 -0.99999979814435391 0.00063538275985247617 1 -43.388021509857289 42.679300590811202
4 -2.5 -1 2.5 -1 2.5 1 -2.5 1 58.817133206951155 49.997805306983437 -0.94378725218144444 0.33055350946525835 5 -9 -12 11 -9 14 6 1 15 -11 5 14.184498937718232 41.378332012381584 -0.99557388087715482 0.093982167006303338 0
5 -9 -12 11 -9 14 6 1 15 -11 5 32.752793028003012 18.828391045308752 -0.51146784292103764 0.8593024180448352 4 -27 -18 27 -18 27 18 -27 18 31.840460293029469 14.392695658104008 -0.61534447761769395 -0.7882583167118552 1 -22.64553863679124 17.677970339666491
4 -11 -7 11 -7 11 7 -11 7 16.13290196055905 57.321738965943304 -0.73608871512840113 0.67688507404183429 4 -11 -7 11 -7 11 7 -11 7 43.310335917324359 18.103623883403124 -0.94334430036693395 0.33181550742124727 0
4 -2 -2 2 -2 2 2 -2 2 52.939969142621734 56.233249361233234 -0.061855576562920019 0.99808511042298831 4 -27 -18 27 -18 27 18 -27 18 20.97195688006386 16.819880506827509 -0.068969634882172184 0.99761875957913893 0
4 -85 -50 85 -50 85 50 -85 50 59.982832271671448 41.344420741538904 -0.87789111245797036 0.47886030809340124 4 -85 -50 85 -50 85 50 -85 50 2.8804881553909523 45.855703901374426 -0.056604054086638322 -0.99839670525345636 1 90.813102232187632 -5.1486445452774277
4 -27 -18 27 -18 27 18 -27 18 15.505320833353283 4.4210706167863245 -0.34484645418676763 -0.93865910906719141 4 -4.5 -3 4.5 -3 4.5 3 -4.5 3 46.857706861704969 34.053176363458157 0.54523378938804046 -0.83828402997406426 0
4 -27 -18 27 -18 27 18 -27 18 27.028385447523291 22.46703937853724 -0.62657439360246581 -0.77936161650526659 4 -2 -2 2 -2 2 2 -2 2 36.726357093319095 8.9750343690282204 -0.61605913518453259 0.78769990602747053 1 -3.4223261361400188 2.7514081756774735
5 -9 -12 11 -9 14 6 1 15 -11 5 56.134401955026853 39.264490760717699 0.25540635637729536 0.96683379808634839 4 -2.5 -1 2.5 -1 2.5 1 -2.5 1 6.0751393996969494 32.744444766280708 0.82029365776955532 -0.57194258018007682 0
3 -10 -8 12 -6 0 14 57.082573398947922 58.033878980317354 -0.98280435914590625 0.1846499164467848 4 -11 -7 11 -7 11 7 -11 7 6.3544342903916746 59.781649306670225 -0.43500208119187378 0.90042944718547413 0
5 -9 -12 11 -9 14 6 1 15 -11 5 40.504425805096112 28.972144726927489 -0.67321605709951748 0.73944583335318015 4 -2.5 -1 2.5 -1 2.5 1 -2.5 1 36.471183481551073 46.877792641086366 0.86084117930254378 0.5088737210910047 0
4 -4.5 -3 4.5 -3 4.5 3 -4.5 3 37.082509638494948 22.697352520278606 -0.99123844128808458 0.13208464147193055 4 -2.5 -1 2.5 -1 2.5 1 -2.5 1 42.093809067099549 23.278142482809312 -0.66710028988097059 0.74496792094742237 1 -1.5530588135889716 -1.3907256347760513
4 -4.5 -3 4.5 -3 4.5 3 -4.5 3 7.2684242159404882 47.268546731873045 0.89584276290531806 0.44437117835224887 4 -85 -50 85 -50 85 50 -85 50 15.340865822596374 27.119138091135319 0.99875734969996699 0.049837299488414658 1 -1.6954761634558173 33.97795018741428
5 -9 -12 11 -9 14 6 1 15 -11 5 31.26093007157731 31.507683871329128 0.6042428852010524 0.79680018554459919 4 -27 -18 27 -18 27 18 -27 18 56.961702043730781 29.770170852742826 -0.49405606051348361 0.86943004840521643 1 -8.8426379395607562 -5.0248537797606714
4 -2 -2 2 -2 2 2 -2 2 17.227397174800394 47.91772156254509 -0.43433888737032411 0.90074953839450222 4 -2 -2 2 -2 2 2 -2 2 17.036684416332083 11.254776335711995 0.59969350350682737 -0.80022978065784756 0
5 -9 -12 11 -9 14 6 1 15 -11 5 31.635318285100762 21.418971656133646 -0.14144957549331882 0.989945461928464 4 -4.5 -3 4.5 -3 4.5 3 -4.5 3 26.383795581033663 44.599598794521341 -0.061660406782695694 0.99809718676859949 0
4 -85 -50 85 -50 85 50 -85 50 40.311194962347287 46.601479227037061 0.22483063540277223 0.97439785785088096 4 -4.5 -3 4.5 -3 4.5 3 -4.5 3 17.926215545970262 43.192151116598978 -0.50393800404094957 0.8637398266163393 1 33.346976526023639 -7.6944154389290622
4 -4.5 -3 4.5 -3 4.5 3 -4.5 3 41.313562812750973 55.301590427090375 -0.11503387000150343 -0.99336156999980485 4 -27 -18 27 -18 27 18 -27 18 38.235111919129906 58.489158668703439 0.10373433060188723 -0.99460504153889062 1 19.072139693610517 1.9891671182374651
4 -2 -2 2 -2 2 2 -2 2 55.209424826764263 25.761866488597565 0.86293662001915583 -0.50531217067265966 4 -4.5 -3 4.5 -3 4.5 3 -4.5 3 38.504965337260998 53.632846296765329 -0.10772092477978487 -0.99418117180149213 0
5 -9 -12 11 -9 14 6 1 15 -11 5 24.986034157509799 59.944955751860732 0.53600956724729343 -0.84421190694005799 4 -2.5 -1 2.5 -1 2.5 1 -2.5 1 9.1737224859934745 44.316772664970031 0.9068312697502946 -0.42149382937721463 0
4 -4.5 -3 4.5 -3 4.5 3 -4.5 3 59.773915421040435 14.932244068820708 -0.3977113890018325 -0.91751057272286141 3 -10 -8 12 -6 0 14 14.426598581587534 54.385787942643795 0.91684570883177752 -0.39924171399886987 0
4 -2 -2 2 -2 2 2 -2 2 3.0494480800785184 57.086528972637865 -0.29156716633992141 -0.95655035806407418 5 -9 -12 11 -9 14 6 1 15 -11 5 16.478358483599308 10.810424478908745 -0.45848282463420942 -0.8887032685409888 0
5 -9 -12 11 -9 14 6 1 15 -11 5 47.329427796022273 1.2786313455905063 -0.59181214771360935 0.80607591566713177 4 -2 -2 2 -2 2 2 -2 2 47.172875060476464 7.6539442447998995 -0.84254930842345788 -0.53861921881339592 1 -6.0493909802970744 -6.0107607965282241
4 -11 -7 11 -7 11 7 -11 7 22.173376756098481 23.381595890257806 0.012253247684588815 0.99992492614254802 3 -10 -8 12 -6 0 14 6.3722655675099134 13.112761446592048 -0.99995703696491745 0.0092695320455112393 1 1.3018882897709125 -0.015953557367320372
4 -27 -18 27 -18 27 18 -27 18 48.251087485554208 41.301104339391948 -0.61772754699615795 0.78639219075605615 4 -11 -7 11 -7 11 7 -11 7 27.384025141340199 7.9392732115617921 -0.64121422946433093 -0.76736191717628544 0
4 -2 -2 2 -2 2 2 -2 2 26.831596019990783 15.228157464331481 -0.92210431050739172 0.38694139161336522 4 -85 -50 85 -50 85 50 -85 50 59.111307313108888 43.516191032808557 0.38859999020017261 -0.92140655935174764 1 -11.142374106627942 -4.6992572656402407
4 -2.5 -1 2.5 -1 2.5 1 -2.5 1 56.732208900117875 20.853473673587214 0.078309354804469281 -0.99692910728401729 4 -2.5 -1 2.5 -1 2.5 1 -2.5 1 40.75434688287843 20.98696941277197 -0.74734358079629104 0.66443778658545427 0
4 -27 -18 27 -18 27 18 -27 18 6.2055056870829244 45.919512836592048 -0.97545424564469319 -0.22020221309910254 4 -2 -2 2 -2 2 2 -2 2 13.194484189542113 20.029913323598411 0.96661531811117085 -0.2562319784742722 0
3 -10 -8 12 -6 0 14 29.792463911320979 56.711648212463125 0.62249113351501317 0.78262685150408307 4 -16 -0.5 16 -0.5 16 0.5 -16 0.5 24.708157797313554 29.296698910188329 0.057025791031329598 0.99837270553498758 0
4 -4.5 -3 4.5 -3 4.5 3 -4.5 3 33.585799285778002 8.8634365454391002 -0.90892703173153311 -0.41695521460668244 3 -10 -8 12 -6 0 14 19.562613512822988 10.643788303231032 -0.56803802911398471 -0.82300230709293876 0
4 -11 -7 11 -7 11 7 -11 7 55.8642070149387 21.80303052452679 0.9527275529592979 0.30382595319061911 4 -4.5 -3 4.5 -3 4.5 3 -4.5 3 0.54142454064924239 38.949146859310162 -0.99984498335514582 0.017607079813193104 0
3 -10 -8 12 -6 0 14 18.326875469963323 30.929760042614589 -0.78218468874602987 -0.62304663765345558 4 -16 -0.5 16 -0.5 16 0.5 -16 0.5 28.026745248158729 20.672996216660966 0.99649767142068912 -0.083620516938992584 1 0.10645788241354623 1.2686483630192493
4 -2.5 -1 2.5 -1 2.5 1 -2.5 1 59.821482764218281 49.813274405541634 -0.81007056704776492 -0.58633239412718163 4 -11 -7 11 -7 11 7 -11 7 32.998116897157978 0.099846141751667172 0.41954390499833311 -0.90773504492156165 0
3 -10 -8 12 -6 0 14 2.3090238922428963 27.103137988242423 -0.58706968419240824 0.80953640183887099 4 -11 -7 11 -7 11 7 -11 7 28.887931430921363 13.667118425188775 -0.22542710365342433 0.97426003763801594 0
5 -9 -12 11 -9 14 6 1 15 -11 5 51.706127106972609 40.680771276162119 -0.84972305346144694 0.5272292977596702 4 -27 -18 27 -18 27 18 -27 18 15.482958114271748 32.409183245376923 -0.94528429715864926 0.32624775485093926 1 7.7481878431805606 3.3668223511445245
4 -2 -2 2 -2 2 2 -2 2 6.2799604657222226 10.384791083290297 -0.11238523158140454 0.9936647119236921 3 -10 -8 12 -6 0 14 19.48092447016991 21.933909796211317 -0.049370784857894409 -0.9987805192345891 0
5 -9 -12 11 -9 14 6 1 15 -11 5 55.933453282728301 30.410433609781609 -0.73230299712578839 0.68097894269983683 4 -11 -7 11 -7 11 7 -11 7 33.123663104174959 23.583239998324 -0.99814501560480273 0.060881260033675708 1 1.6155959968430587 0.354758324647995
4 -11 -7 11 -7 11 7 -11 7 12.861493264319218 14.882559429937841 0.39259337289502105 -0.91971215255584771 4 -4.5 -3 4.5 -3 4.5 3 -4.5 3 41.200457444751343 58.918677500356971 0.54623669862964541 0.8376308668322735 0
4 -11 -7 11 -7 11 7 -11 7 51.558053433145517 39.297274796701046 0.99181221140456888 -0.12770488365281432 5 -9 -12 11 -9 14 6 1 15 -11 5 2.2114722106520901 58.928668574415674 -0.028408287798463855 0.99959640314696996 0
4 -16 -0.5 16 -0.5 16 0.5 -16 0.5 8.5154566582676807 57.647364341326949 0.99130519082609858 -0.1315827444661051 4 -11 -7 11 -7 11 7 -11 7 34.657341910163659 23.13426811301855 0.79119040712508093 0.61156989761861946 0
4 -27 -18 27 -18 27 18 -27 18 51.853766624594954 3.1048151737272045 0.98319096011005092 -0.18258021787114878 4 -16 -0.5 16 -0.5 16 0.5 -16 0.5 40.879960742164052 24.860999989006981 -0.039249072356089744 -0.99922945829233156 1 -2.6508150532661601 -14.274588056052327
3 -10 -8 12 -6 0 14 50.720072303258888 55.689199437620552 -0.7065506983757891 -0.70766242702625148 4 -85 -50 85 -50 85 50 -85 50 48.211390933792131 11.035690988049955 -0.19265458631594218 0.98126663571703754 1 51.262459943762359 10.064489767132944
4 -2 -2 2 -2 2 2 -2 2 25.878303260903717 11.980312613157693 0.97826321614861589 0.20736701746074845 5 -9 -12 11 -9 14 6 1 15 -11 5 58.202298934786064 22.651305850881844 0.74429083070775159 0.66785564257881735 0
5 -9 -12 11 -9 14 6 1 15 -11 5 37.26643118572359 22.483700162534273 0.90894344318637255 -0.41691943716802354 4 -27 -18 27 -18 27 18 -27 18 51.894668735489745 49.913782562402645 -0.62619811234387357 -0.77966398153112693 1 -7.0408895611709026 -8.7664396946775014
4 -2 -2 2 -2 2 2 -2 2 33.18867907454927 59.720943428652198 0.96220432870043893 -0.27232853289756048 4 -4.5 -3 4.5 -3 4.5 3 -4.5 3 54.499349130842937 27.815413025677501 -0.45301499937490847 0.89150289418562834 0
4 -11 -7 11 -7 11 7 -11 7 26.920223471510436 19.461526420727811 0.74106126582488785 -0.67143741353458619 4 -2 -2 2 -2 2 2 -2 2 16.395715977248354 45.259722375371567 0.3697079151881324 -0.92914802773683203 0
4 -27 -18 27 -18 27 18 -27 18 4.2567926707638248 53.995770125048587 -0.974950531444845 -0.22242180926207386 4 -27 -18 27 -18 27 18 -27 18 20.645532803195593 4.5191733968003795 0.05921312081043785 -0.99824536378782569 0
3 -10 -8 12 -6 0 14 7.7435062299498592 45.200154031090513 0.98521587395520083 0.17131748803519681 4 -11 -7 11 -7 11 7 -11 7 40.410308490209125 0.93277918645090496 0.99936126145596627 -0.035736103608812318 0
4 -4.5 -3 4.5 -3 4.5 3 -4.5 3 31.427712355414364 56.440139817527154 -0.54034242708998703 -0.84144522191673421 4 -16 -0.5 16 -0.5 16 0.5 -16 0.5 41.324523873900063 25.153158292132488 -0.69027386240499322 0.7235481980355507 0
3 -10 -8 12 -6 0 14 10.366287298234347 19.931209004358156 0.99922661075410124 -0.039321499982476388 4 -11 -7 11 -7 11 7 -11 7 10.860797701940065 35.674313733165185 -0.99990247982199909 -0.013965344457499255 1 0.073254612970122063 -5.2449453996741662
3 -10 -8 12 -6 0 14 14.535749235242186 54.321535857900308 -0.87952703593538362 0.47584891831201875 4 -85 -50 85 -50 85 50 -85 50 20.32535229664439 1.396279190646208 0.063869037843030219 -0.99795828871000691 1 -2.7895297271273574 43.586601690031557
4 -16 -0.5 16 -0.5 16 0.5 -16 0.5 42.763397658570611 1.9337219785573589 -0.94453268481095887 -0.32841742847145267 5 -9 -12 11 -9 14 6 1 15 -11 5 20.364778562870448 23.582665329831897 0.99981322446389975 -0.0193265668730811 0
5 -9 -12 11 -9 14 6 1 15 -11 5 46.078168936291647 14.656803427981821 -0.79549197573320274 -0.60596412149902545 4 -16 -0.5 16 -0.5 16 0.5 -16 0.5 29.130308995169219 3.5787261625439215 0.82839893169043233 -0.56013856319142186 0
3 -10 -8 12 -6 0 14 10.875335987088238 10.396877572167828 -0.080811443580516965 0.99672940690361544 4 -2.5 -1 2.5 -1 2.5 1 -2.5 1 41.580949926700413 17.007301764950341 0.06806870457361329 -0.99768063600416246 0
4 -27 -18 27 -18 27 18 -27 18 22.419249634975891 31.387505152068496 0.97452546107881233 0.22427689517453248 5 -9 -12 11 -9 14 6 1 15 -11 5 32.69667090378136 35.623914086852452 -0.020878654231626017 0.99978201714047454 1 6.1528202275813726 -26.73516576262849
4 -27 -18 27 -18 27 18 -27 18 38.904406649773371 12.537497988985354 0.26060180516059922 0.96544637300423741 4 -85 -50 85 -50 85 50 -85 50 0.82294965062848391 58.069097794100024 0.87787070530865352 -0.47889771847534118 1 47.030217255477019 -25.6560147261421
4 -2 -2 2 -2 2 2 -2 2 17.627720337153516 30.27106335555651 0.044582305297247798 -0.99900571472558808 4 -85 -50 85 -50 85 50 -85 50 14.366380974678448 15.301570460000411 -0.3262431002648663 0.94528590359190712 1 42.082938194106696 14.52393204270952
4 -85 -50 85 -50 85 50 -85 50 19.638156714064394 57.383561234157568 0.47731024672628569 0.87873484531461044 4 -4.5 -3 4.5 -3 4.5 3 -4.5 3 58.365108864781824 51.918336281600446 0.10373627188940662 -0.99460483906649433 1 -16.151692471320125 8.7732589183631848
4 -85 -50 85 -50 85 50 -85 50 19.963137996520171 11.638622442967026 0.67356302228195397 -0.73912979578312221 4 -27 -18 27 -18 27 18 -27 18 40.657999688499878 46.294472042072989 -0.49231960495181798 -0.87041450273997956 1 -31.506710308723335 -28.711811022610487
4 -11 -7 11 -7 11 7 -11 7 31.536051735124914 23.432080444799674 0.98140795063708464 0.19193341143823223 4 -2.5 -1 2.5 -1 2.5 1 -2.5 1 14.139176853881075 52.073747955315596 0.58295575794271459 -0.81250389800999423 0
4 -2 -2 2 -2 2 2 -2 2 15.794458714729361 44.18780512975151 -0.82725122197658285 0.56183219535574003 4 -11 -7 11 -7 11 7 -11 7 58.983122336002353 46.925538193841632 -0.6017109513117771 0.79871392317367063 0
4 -27 -18 27 -18 27 18 -27 18 37.764116962117861 8.1113395176226497 -0.63743375403347202 0.77050516495270494 4 -16 -0.5 16 -0.5 16 0.5 -16 0.5 50.099472330997131 36.785209145898236 -0.74617272741666696 -0.66575240206819564 1 -4.7966762722227081 -3.9682581015195146
4 -16 -0.5 16 -0.5 16 0.5 -16 0.5 17.609565286649822 30.19090694946259 -0.89274901960480701 -0.45055431192549472 4 -11 -7 11 -7 11 7 -11 7 0.55352648171417718 46.24901413239197 -0.3494485914278011 0.93695553893934891 0
5 -9 -12 11 -9 14 6 1 15 -11 5 13.767313865732639 16.350093324674361 0.50649708286348061 0.86224167438763044 3 -10 -8 12 -6 0 14 34.060082458712976 25.110457393498155 -0.98692985156688606 0.16115045170946354 0
3 -10 -8 12 -6 0 14 13.564427597876211 17.525843747748791 -0.93849635252619035 -0.34528914882318079 4 -11 -7 11 -7 11 7 -11 7 3.7408542761316821 58.588281114246989 -0.24416194751204454 -0.96973447055734052 0
3 -10 -8 12 -6 0 14 45.925190996369722 40.51231151269053 -0.16707644271013883 0.98594394480179537 3 -10 -8 12 -6 0 14 40.451706728833166 3.5450817171267412 0.85372815183879269 0.52071896715783195 0
4 -2 -2 2 -2 2 2 -2 2 43.646041806547828 46.809363205413682 0.99764605431836206 0.068573685207983903 4 -2.5 -1 2.5 -1 2.5 1 -2.5 1 31.942847377672297 9.7875016722595944 -0.86307028921795637 0.50508383053631112 0
3 -10 -8 12 -6 0 14 9.3201853831929817 0.35519346423795728 -0.85545083273249789 0.51788403410153128 4 -11 -7 11 -7 11 7 -11 7 11.542547829137161 50.046816946848111 0.67594498473757125 0.73695208637205489 0
4 -16 -0.5 16 -0.5 16 0.5 -16 0.5 17.623361669962382 51.54726433245704 -0.62606399186594608 0.77977168330792612 4 -4.5 -3 4.5 -3 4.5 3 -4.5 3 54.275407377577579 41.696091893319711 0.94237140309534306 0.33456858583572135 0
4 -16 -0.5 16 -0.5 16 0.5 -16 0.5 0.52003216134385077 6.5837011156534757 -0.92670102178775049 0.37579943615915551 4 -4.5 -3 4.5 -3 4.5 3 -4.5 3 14.192671159339355 8.9966173668294864 0.94376516020488166 -0.33061657911159581 0
4 -27 -18 27 -18 27 18 -27 18 11.81840119400584 22.040414496127077 0.89563385985559907 -0.44479207398531861 3 -10 -8 12 -6 0 14 35.29979665501893 44.212045398887575 -0.75798145167457542 0.65227610635167632 1 -0.56222313458707152 -1.1320931859657046
4 -2.5 -1 2.5 -1 2.5 1 -2.5 1 9.8463792205002498 43.446645198318954 0.36595797429614846 -0.93063137764050252 4 -27 -18 27 -18 27 18 -27 18 46.292677340593045 23.953319583742637 -0.99728630087543957 0.073620880775648614 0
5 -9 -12 11 -9 14 6 1 15 -11 5 33.174930661231684 38.498580446853261 0.5325768311625958 -0.84638166267282045 4 -2 -2 2 -2 2 2 -2 2 30.582310734762483 14.071888730970738 -0.99843635598956892 -0.055900295511479875 0
4 -85 -50 85 -50 85 50 -85 50 40.635127195355444 21.264935140648198 -0.28153616416254862 0.9595506178772637 3 -10 -8 12 -6 0 14 31.558894258920674 55.148333304421115 -0.98996087134542243 0.14134168955057766 1 -55.275099924263998 -16.217945480359642
4 -11 -7 11 -7 11 7 -11 7 38.077859210090082 30.654932258962575 0.96799481678060928 0.2509701868467144 5 -9 -12 11 -9 14 6 1 15 -11 5 1.161561114064944 44.295484192718135 -0.89520400161285096 0.44565658919883444 0
3 -10 -8 12 -6 0 14 5.7431142406513462 20.365143462379891 0.74981756679196854 0.66164463009244756 4 -27 -18 27 -18 27 18 -27 18 39.159245513024047 47.225229525117463 0.53424920926477759 -0.84532702689548489 0
4 -16 -0.5 16 -0.5 16 0.5 -16 0.5 34.878090022891342 14.50405735380893 -0.011323711806567965 0.99993588472007633 4 -11 -7 11 -7 11 7 -11 7 26.532479061398512 20.353805197003922 0.92429161321770192 -0.38168706257275498 1 5.0847545789716779 0.057581987344639277
4 -2.5 -1 2.5 -1 2.5 1 -2.5 1 15.172283784907194 9.0273229951884009 -0.38776376060847401 -0.92175878946651446 4 -2 -2 2 -2 2 2 -2 2 4.7327760459330275 17.81541223419239 -0.85950350749643312 -0.51112984710475362 0
4 -11 -7 11 -7 11 7 -11 7 59.877592850682468 14.512671436265608 -0.998014160728801 -0.062989959396613865 4 -2.5 -1 2.5 -1 2.5 1 -2.5 1 7.4580044437779041 55.774972850037813 0.74762018477812098 0.66412653862974658 0
4 -2.5 -1 2.5 -1 2.5 1 -2.5 1 15.171305946624482 6.7945920411316845 -0.30124430998243434 -0.95354699186941339 3 -10 -8 12 -6 0 14 27.197630580655961 27.838079178914317 0.90284788388710369 -0.42996011275533319 0
5 -9 -12 11 -9 14 6 1 15 -11 5 31.589984926618374 47.073473720767673 -0.42496803672108802 0.90520835599624461 4 -4.5 -3 4.5 -3 4.5 3 -4.5 3 54.619480290576831 1.9104637825227622 -0.6118175053493472 0.79099895078824312 0
3 -10 -8 12 -6 0 14 57.367710991224442 36.765252572299921 0.44988659712324403 -0.89308569002580485 4 -16 -0.5 16 -0.5 16 0.5 -16 0.5 45.064888621249054 22.568456052031426 -0.14419838652914266 0.98954879885854641 0
4 -2 -2 2 -2 2 2 -2 2 19.637641445777842 49.746294757179022 0.9999879865149931 0.0049017166064502741 4 -2 -2 2 -2 2 2 -2 2 25.87112719570689 49.516147166751807 0.99634810278772457 -0.085384179279898428 0
4 -4.5 -3 4.5 -3 4.5 3 -4.5 3 23.789906480994585 29.734203524000122 -0.038797914181641746 -0.9992470774814175 3 -10 -8 12 -6 0 14 45.774396800431681 59.715191244410022 0.53771766475156535 -0.84312496880007248 0
4 -4.5 -3 4.5 -3 4.5 3 -4.5 3 17.768960618461804 18.635374316366487 -0.069279215876871914 0.99759730866090746 4 -2.5 -1 2.5 -1 2.5 1 -2.5 1 8.119113428746827 43.131502587749495 -0.10508585477179401 -0.9944631532273488 0
3 -10 -8 12 -6 0 14 28.266183516872037 39.811437838260581 0.52794736535021192 -0.84927709224950243 4 -16 -0.5 16 -0.5 16 0.5 -16 0.5 27.520213528048455 33.730695736851558 -0.93881462236392776 0.34442285759756974 1 2.2900784400376475 6.2422080255189396
4 -27 -18 27 -18 27 18 -27 18 15.682358190555114 2.6169277555627257 -0.59282191913187199 -0.80533357821265861 4 -85 -50 85 -50 85 50 -85 50 53.26979532437462 16.010453698282113 -0.29865055104571692 0.95436253507778146 1 -40.603495783986851 -12.706132045807744
4 -27 -18 27 -18 27 18 -27 18 21.35872321345137 50.949332020814026 0.74230655288173431 -0.67006043126634263 4 -16 -0.5 16 -0.5 16 0.5 -16 0.5 10.292594851368563 3.9109815513912349 0.81677483361092862 0.57695655917914646 0
4 -11 -7 11 -7 11 7 -11 7 51.207532089840399 46.582304294201414 -0.052440208221586383 0.99862406568321627 4 -4.5 -3 4.5 -3 4.5 3 -4.5 3 23.971598899977881 59.581734427457121 0.23193940629249679 0.9727302358869514 0
4 -16 -0.5 16 -0.5 16 0.5 -16 0.5 32.319220593925508 39.800299146481819 -0.024643348796847302 -0.99969630656518726 3 -10 -8 12 -6 0 14 12.208541402874626 4.3998151529666689 0.91667946253019095 0.39962327631828487 0
4 -11 -7 11 -7 11 7 -11 7 53.610263412205619 45.813232284668089 -0.30626760405599274 -0.951945457841888 4 -11 -7 11 -7 11 7 -11 7 42.823333636091974 15.290839038392946 -0.99998285690581479 -0.0058554158251021126 0
4 -11 -7 11 -7 11 7 -11 7 19.698434124481679 51.876186453323982 -0.36650553043455192 0.93041587269397319 4 -4.5 -3 4.5 -3 4.5 3 -4.5 3 57.718843081997221 1.3413703781801178 -0.37239430836723741 -0.92807460858256807 0
3 -10 -8 12 -6 0 14 38.86452973835668 46.601555202429708 -0.23529461324652609 -0.97192409424664827 4 -27 -18 27 -18 27 18 -27 18 45.354926663110483 39.191356810190278 -0.095217232977645186 0.99545651765613596 1 -25.36037734138711 -2.4257663844539561
4 -2 -2 2 -2 2 2 -2 2 54.555794585758406 30.954679929802762 -0.88363896117317386 0.46816897195007923 4 -27 -18 27 -18 27 18 -27 18 51.526071176569957 44.6916982086003 0.62103915580184998 0.78377953976926795 1 7.3867017544921767 -5.8529609271509324
3 -10 -8 12 -6 0 14 40.998637243024923 37.3443377853947 0.99197082470738451 0.12646692425038059 4 -16 -0.5 16 -0.5 16 0.5 -16 0.5 0.63811589926219714 56.834440955036186 0.44265792435190121 -0.8966905609007304 0
4 -85 -50 85 -50 85 50 -85 50 5.7385926254425135 23.903403362077125 0.51087215499452288 -0.85965669964890756 4 -2 -2 2 -2 2 2 -2 2 41.173973719335088 47.364882160848254 0.98278525552490326 0.18475156703760517 1 -8.6970738657818405 -5.16845023109006
3 -10 -8 12 -6 0 14 58.28504696613021 45.58310138250922 -0.77792768845099036 0.62835381079555719 5 -9 -12 11 -9 14 6 1 15 -11 5 48.935786806673605 53.396244029975598 -0.92641428705549922 -0.37650573533407306 1 8.8000804025226351 -1.2312919837156691
4 -27 -18 27 -18 27 18 -27 18 58.747845165051224 19.957650945983502 0.88112674720026229 0.47288017019989864 4 -11 -7 11 -7 11 7 -11 7 23.117258058910753 43.660202399615663 0.90145633513741885 0.43287004497956844 0
4 -2.5 -1 2.5 -1 2.5 1 -2.5 1 16.83242058913649 38.623678141108464 0.39870752484040495 -0.91707813714843178 3 -10 -8 12 -6 0 14 42.009939712080595 33.20255983010783 -0.49743309684234938 0.86750234245552893 0
4 -2 -2 2 -2 2 2 -2 2 42.501777332918465 12.108429558932084 -0.55145082677531143 0.83420739966079505 3 -10 -8 12 -6 0 14 42.063443331472293 37.912935514787833 -0.89025050231599678 -0.45547123194128886 0
4 -11 -7 11 -7 11 7 -11 7 49.784601835086093 36.663153687383932 -0.81387936025286189 -0.58103389484124957 4 -4.5 -3 4.5 -3 4.5 3 -4.5 3 12.206690760246117 9.029245527666756 0.99406807395530095 0.10875966321572657 0
4 -2.5 -1 2.5 -1 2.5 1 -2.5 1 35.845376536954397 49.579956661146163 -0.40784520696792353 0.91305108682553549 4 -85 -50 85 -50 85 50 -85 50 18.279485837767609 7.6121816356817629 -0.34229759927315095 -0.93959158868725368 1 14.39229251053524 39.506198739168823
3 -10 -8 12 -6 0 14 51.31454660249338 49.085439412361907 0.80039983893846212 -0.59946651101398807 4 -4.5 -3 4.5 -3 4.5 3 -4.5 3 39.987736387982658 16.013135646585859 -0.70766828402330473 -0.70654483211436148 0
4 -4.5 -3 4.5 -3 4.5 3 -4.5 3 48.615873914704402 40.748972222349508 0.45339102215911709 -0.89131171933589592 4 -27 -18 27 -18 27 18 -27 18 6.5334683188638287 53.049245314623725 0.82865858010367677 -0.55975437257832861 0
4 -27 -18 27 -18 27 18 -27 18 34.004483509264809 22.062308776198144 0.9384152926840319 0.34550938982427493 3 -10 -8 12 -6 0 14 46.042183567428289 38.850426376703048 -0.98310680696595898 0.18303280060469135 1 -16.052818428598034 -5.9755059484952344
4 -11 -7 11 -7 11 7 -11 7 12.116380344112908 11.520122358125755 -0.99939429932953172 -0.034799920511897092 4 -27 -18 27 -18 27 18 -27 18 30.295298396543455 16.326639174232302 0.19309402462993314 -0.98118025747169146 1 -10.996362930434595 -2.1640590078732629
4 -16 -0.5 16 -0.5 16 0.5 -16 0.5 24.449965931901382 10.537854581544702 -0.54080713778686929 0.8411466220099646 4 -2.5 -1 2.5 -1 2.5 1 -2.5 1 40.783723261921239 47.712247639065367 -0.49777474405342559 -0.86730634967267861 0
4 -85 -50 85 -50 85 50 -85 50 5.673921345433901 21.385984833691133 0.95003241677523131 -0.31215125672694838 4 -16 -0.5 16 -0.5 16 0.5 -16 0.5 2.5360797399662771 41.32776029100831 0.4663662513064562 0.88459172483262771 1 -14.949890853311187 -45.499996017382685
4 -27 -18 27 -18 27 18 -27 18 7.9942029930204717 11.144514249374861 -0.073032995294401271 -0.99732952508101758 3 -10 -8 12 -6 0 14 8.9842403414407794 18.297121144185788 0.9988985432498142 0.046922279286060013 1 -26.434246949193469 1.93574158239691
4 -16 -0.5 16 -0.5 16 0.5 -16 0.5 30.123281341964212 33.083817191480314 0.6683211706192963 -0.74387284726763181 3 -10 -8 12 -6 0 14 20.426936795319687 56.305645416219193 -0.93477914134722306 -0.35522944261723055 0
5 -9 -12 11 -9 14 6 1 15 -11 5 56.22264492726832 56.481105723733066 -0.086675401360594886 -0.99623660583165674 4 -85 -50 85 -50 85 50 -85 50 46.907447053993131 0.058306336016906712 0.21888835358712275 0.97574991092180929 1 8.9700937522713939 39.98644987868375
4 -11 -7 11 -7 11 7 -11 7 6.3050339168969032 33.845149815255532 -0.47026371906505948 0.88252593986301553 4 -16 -0.5 16 -0.5 16 0.5 -16 0.5 17.692830167699938 12.736356433008657 -0.68202043871956386 0.73133311231529341 1 -1.2241265944927429 2.2972715723505797
3 -10 -8 12 -6 0 14 51.383564086002146 47.364406503621133 -0.63055591258055554 0.77614382759234957 4 -27 -18 27 -18 27 18 -27 18 12.962477269899253 28.586736428764258 -0.85788717883825494 0.51383809549793014 0
3 -10 -8 12 -6 0 14 6.0952454825120856 36.412721652195849 -0.76962515204498128 0.63849598694098264 3 -10 -8 12 -6 0 14 11.540398699220912 22.460823589812861 -0.99772459113046863 0.067421363480273971 1 -0.88443785330331792 1.8233481729284526
4 -27 -18 27 -18 27 18 -27 18 51.727491875304146 0.5480564320201764 0.14914365017502182 0.98881553973047509 4 -2 -2 2 -2 2 2 -2 2 19.241411414077604 48.880766231501781 -0.78429473160276308 0.62038840574284582 0
4 -16 -0.5 16 -0.5 16 0.5 -16 0.5 29.9265081386751 27.475730040996918 -0.23826400240734283 -0.97120042481293933 4 -27 -18 27 -18 27 18 -27 18 2.6958584647038664 20.757336202793596 0.35755047886569213 0.93389381359066415 0
4 -2 -2 2 -2 2 2 -2 2 39.378265735130526 37.3174701255871 0.17842583500623513 -0.98395336342853557 4 -85 -50 85 -50 85 50 -85 50 53.458675501570404 50.138844666919979 -0.25910124531692308 -0.96585016678324365 1 -40.937812995685832 10.982074334635334
5 -9 -12 11 -9 14 6 1 15 -11 5 58.796808616229598 52.854935145454803 -0.55445760667907307 -0.83221196963016242 3 -10 -8 12 -6 0 14 57.007355471397979 4.8246246291472072 0.052154944073880785 0.99863900475029033 0
4 -85 -50 85 -50 85 50 -85 50 34.664711552455287 26.96398579821696 -0.064273844031282196 0.99793229879257961 4 -2 -2 2 -2 2 2 -2 2 41.636496608238218 53.997236262009736 0.7888743586406235 -0.61455451042144738 1 -44.037317316165243 -2.836312311125623
4 -11 -7 11 -7 11 7 -11 7 1.4069060251041199 48.354539128496825 -0.22712562107039838 -0.97386546927868112 5 -9 -12 11 -9 14 6 1 15 -11 5 13.757462527364027 27.905140956801674 0.35251848792331103 -0.93580484913910467 0
4 -11 -7 11 -7 11 7 -11 7 5.3076635001101158 51.29042649006076 -0.81353032531536873 0.58152249293752201 3 -10 -8 12 -6 0 14 30.286709167159817 33.705464824734278 0.97316142325964494 0.23012354134086824 0
3 -10 -8 12 -6 0 14 45.657312331833069 9.8533368345822137 0.97823894917520082 -0.2074814649953069 4 -11 -7 11 -7 11 7 -11 7 24.917631124434394 59.943470218893033 0.074624779151626824 -0.99721168381471093 0
4 -2.5 -1 2.5 -1 2.5 1 -2.5 1 45.30642033560563 19.880684768897126 -0.4510056784927135 -0.89252107984479956 4 -27 -18 27 -18 27 18 -27 18 53.087346095184969 12.4235792480127 0.44776834953023781 0.89414959886976786 1 -7.7904443297259771 3.9012648487880948
4 -2.5 -1 2.5 -1 2.5 1 -2.5 1 54.945494790548338 58.927383589347301 -0.26767084922330686 0.9635104132681046 4 -2 -2 2 -2 2 2 -2 2 47.455044670136083 2.3017004765268756 0.96111302910506169 0.27615529197263794 0
4 -4.5 -3 4.5 -3 4.5 3 -4.5 3 31.814004837927619 59.407773023390774 0.96680558074443956 -0.25551314847069406 4 -4.5 -3 4.5 -3 4.5 3 -4.5 3 51.497153880814039 55.708802408527468 0.67206563264424368 -0.74049158362434642 0
5 -9 -12 11 -9 14 6 1 15 -11 5 23.743391593747813 6.555441186236262 -0.14099437848928903 -0.99001039652845013 5 -9 -12 11 -9 14 6 1 15 -11 5 39.22099500674841 9.9160341306965023 -0.52397142920110118 -0.85173584014115278 1 -8.3547253437256082 -5.160019874520839
4 -11 -7 11 -7 11 7 -11 7 44.469087497016467 55.224638886690911 -0.79626168700989586 -0.60495233349426347 4 -2.5 -1 2.5 -1 2.5 1 -2.5 1 0.35420408048657093 35.131939064917894 -0.84478159465744795 0.53511125696253048 0
4 -85 -50 85 -50 85 50 -85 50 48.994640719807265 3.0456600821627933 -0.89977586625664552 0.43635236965336077 3 -10 -8 12 -6 0 14 58.425100703883004 58.846433950090109 0.84605521037117026 -0.53309528323161404 1 -1.2941898794537259 -2.6686707827692695
5 -9 -12 11 -9 14 6 1 15 -11 5 44.601046475361372 33.928539008813395 -0.96820249315508811 0.25016780817737416 3 -10 -8 12 -6 0 14 41.170185526353599 24.93983228268295 -0.96190201257814545 0.27339443702846866 1 2.3135952506745348 12.277326457984778
4 -27 -18 27 -18 27 18 -27 18 41.453627708274098 39.260347493005966 -0.94230678531118117 -0.33475053749995304 4 -85 -50 85 -50 85 50 -85 50 43.162084625119689 20.411174647823891 0.71552977906350146 -0.69858223229147254 1 48.812866062617537 49.997062127781462
4 -4.5 -3 4.5 -3 4.5 3 -4.5 3 25.347492415580184 23.251160828929073 -0.30141482268709319 -0.95349310677346177 4 -4.5 -3 4.5 -3 4.5 3 -4.5 3 37.86978335630242 8.4280552850252288 0.99519207144772681 -0.097942538907170251 0
4 -11 -7 11 -7 11 7 -11 7 38.281490491041943 13.948350244633751 0.71608606093918981 -0.6980120008485492 4 -2.5 -1 2.5 -1 2.5 1 -2.5 1 10.378243784398745 2.5960819419138614 0.93328594837837853 0.35913415120184633 0
4 -2.5 -1 2.5 -1 2.5 1 -2.5 1 18.918212760350841 15.093557355596406 -0.87254636562215859 -0.48853130896551789 4 -2.5 -1 2.5 -1 2.5 1 -2.5 1 57.082146437575965 10.693835484584111 0.59626600496178073 0.80278692772548166 0
4 -2.5 -1 2.5 -1 2.5 1 -2.5 1 19.687401917544797 3.0570688886980824 -0.1270186249745229 -0.99190033214511097 4 -11 -7 11 -7 11 7 -11 7 17.218390887219588 41.482714183025294 0.9922140067713705 0.12454462961807204 0
4 -16 -0.5 16 -0.5 16 0.5 -16 0.5 36.090618459754452 39.458797782154328 -0.92146782422309315 -0.38845469352494461 4 -16 -0.5 16 -0.5 16 0.5 -16 0.5 42.112000114253206 30.054196061001328 0.6884747183400185 -0.7252603409856575 1 -1.803669443168298 4.278551360346075
3 -10 -8 12 -6 0 14 52.418783655299727 27.39513961773816 0.58434577858130732 0.81150478190470676 4 -4.5 -3 4.5 -3 4.5 3 -4.5 3 11.998274522147952 53.625325384400611 0.52708743012136994 0.84981106194733069 0
4 -2 -2 2 -2 2 2 -2 2 56.51849448620532 57.304891922333574 -0.95572231090120963 -0.29427005359983799 3 -10 -8 12 -6 0 14 47.714038654136267 23.29843315825465 0.079583024518734613 0.99682824107689205 0
4 -27 -18 27 -18 27 18 -27 18 2.808997310207062 51.610562895817004 0.48153022477907198 0.87642948525492703 4 -2.5 -1 2.5 -1 2.5 1 -2.5 1 22.378138945904084 31.327105304202171 0.97624438714101214 0.21667232535713848 0
4 -27 -18 27 -18 27 18 -27 18 30.408013122137238 4.9624244674738822 0.83628838626904523 -0.5482898275469974 4 -2.5 -1 2.5 -1 2.5 1 -2.5 1 51.933465580916845 4.2352986324245627 -0.89616006979718021 -0.4437309199290862 1 -5.1912966615059508 -7.9181135406393492
4 -27 -18 27 -18 27 18 -27 18 6.6849842035030456 27.868970654831486 0.84922297847375572 -0.52803440497013354 4 -27 -18 27 -18 27 18 -27 18 41.564995870927618 6.8125401334853608 0.24006843629192426 -0.97075596619147819 1 -15.423872704389149 9.5903380528332001
3 -10 -8 12 -6 0 14 23.494784518848316 43.403733703986553 -0.077633273879367026 0.99698198318062459 3 -10 -8 12 -6 0 14 51.064973639980373 21.189956002328731 -0.7194810914007107 0.69451202949757618 0
4 -16 -0.5 16 -0.5 16 0.5 -16 0.5 38.422119395530224 51.023398596726864 0.82186240388020637 0.56968604431585701 5 -9 -12 11 -9 14 6 1 15 -11 5 25.941910075721911 15.120491712806739 0.94895016035826885 0.31542605021782194 0
4 -2.5 -1 2.5 -1 2.5 1 -2.5 1 58.584628673782667 52.347734474073846 -0.090817014127232948 0.99586759659355018 3 -10 -8 12 -6 0 14 30.31897057484948 53.805688764508304 -0.6004730767965416 -0.799644973749285 0
5 -9 -12 11 -9 14 6 1 15 -11 5 42.537643623732485 20.076443792451901 0.53995464447779662 0.84169411421659368 4 -2 -2 2 -2 2 2 -2 2 44.374770972293398 0.30247011386694833 -0.33563741961728705 -0.94199125396823569 0
4 -11 -7 11 -7 11 7 -11 7 20.963244719281107 51.414180417486378 -0.99989754150603971 -0.01431455518616182 4 -85 -50 85 -50 85 50 -85 50 18.811062629250952 35.04123921332738 -0.34472868999662903 0.93870236512603289 1 51.659853128021858 18.971544289067808
3 -10 -8 12 -6 0 14 34.901212622902108 15.197661650563322 0.86740704045770645 0.49759926262445642 4 -85 -50 85 -50 85 50 -85 50 30.261198897111026 48.47459974968627 0.90532911135949556 -0.4247107252295686 1 -12.690112777816811 -27.050714384438205
4 -11 -7 11 -7 11 7 -11 7 23.557894931055444 55.823036134277949 -0.11614342620174818 -0.99323245242496938 4 -4.5 -3 4.5 -3 4.5 3 -4.5 3 51.075172482728419 19.077912558592601 0.13522290542855461 -0.9908152026727588 0
4 -85 -50 85 -50 85 50 -85 50 52.713050384983887 12.309184594779406 0.29156445915453261 0.95655118324004229 4 -27 -18 27 -18 27 18 -27 18 12.813949063661934 29.594933307218842 0.73299249337561978 -0.68023672692305581 1 37.253704096587285 -11.355227275589217
3 -10 -8 12 -6 0 14 49.046705848561892 32.808563205998375 0.51201068828826746 0.85897907720652578 4 -16 -0.5 16 -0.5 16 0.5 -16 0.5 55.840831156256222 49.7094805632929 0.86966744897890091 -0.49363805382742804 0
5 -9 -12 11 -9 14 6 1 15 -11 5 56.439094813839688 5.7712012863843913 0.77428272765872364 -0.63283983570044544 3 -10 -8 12 -6 0 14 32.559927387161451 27.02416032904528 0.42813049742936321 0.90371692314069563 0
4 -2.5 -1 2.5 -1 2.5 1 -2.5 1 33.064481904520321 4.1388814784387922 0.26696369262534486 0.9637065875150177 4 -16 -0.5 16 -0.5 16 0.5 -16 0.5 29.6630632485498 46.21178575301748 0.74697895088910771 -0.66484768701455832 0
3 -10 -8 12 -6 0 14 42.406933987861493 1.4867903288319084 -0.94389197369356814 0.33025435954255089 4 -85 -50 85 -50 85 50 -85 50 4.145973746654958 12.949937867566227 0.99738635257825736 -0.07225277635246978 1 -3.6312296592176749 -50.125947929159473
4 -27 -18 27 -18 27 18 -27 18 56.516175881396201 5.4576491216640992 -0.12227194790644685 0.99249663513543618 4 -85 -50 85 -50 85 50 -85 50 25.690518094363771 41.823466102267389 -0.98277913136388384 -0.18478414151558034 1 6.7720570401088063 -36.017356688932338
4 -2.5 -1 2.5 -1 2.5 1 -2.5 1 10.881009868835022 36.764545759038135 -0.61445145054200245 -0.7889546342641186 4 -2 -2 2 -2 2 2 -2 2 29.827387511643526 27.3171997968428 -0.33008409380119486 -0.94395153001594523 0
4 -16 -0.5 16 -0.5 16 0.5 -16 0.5 14.014911670987418 28.190006578844603 0.1897380415155257 0.98183474964061679 4 -2 -2 2 -2 2 2 -2 2 20.159502032690057 4.8227811035657702 -0.79050733409398877 -0.61245257346476611 0
4 -27 -18 27 -18 27 18 -27 18 33.197235210919281 25.065597859083326 0.58109338108272046 -0.81383688934690857 4 -2 -2 2 -2 2 2 -2 2 2.4606969200248918 14.224278806744277 -0.97535710942476339 0.22063206723994189 0
4 -27 -18 27 -18 27 18 -27 18 22.254932838534732 29.279546457460693 0.98330741996307069 -0.18195196576450975 3 -10 -8 12 -6 0 14 16.448699696026651 5.2720882919401841 0.60737028485155908 0.79441886752476876 1 0.24031508384395461 1.298714218777073
4 -2 -2 2 -2 2 2 -2 2 18.523942191125144 29.601769475635148 0.73404108047893624 -0.67910506710619956 4 -2.5 -1 2.5 -1 2.5 1 -2.5 1 51.000145768763119 21.810472492983202 0.98355276835787764 -0.18062101720330101 0
3 -10 -8 12 -6 0 14 30.204495701164799 49.599511394525308 0.080388139757640364 0.9967636364686997 3 -10 -8 12 -6 0 14 20.14827880814202 38.835341978477359 0.32567401707412835 0.94548211754786793 1 2.1187437104980447 3.8137030806881751
4 -16 -0.5 16 -0.5 16 0.5 -16 0.5 21.180109654871881 15.845546762707849 -0.92753794320086735 0.3737289979687215 4 -85 -50 85 -50 85 50 -85 50 48.310746667626866 26.247199680366727 0.1276450980809653 -0.99181990751138926 1 -35.669853430430287 -4.5906337483033903
4 -27 -18 27 -18 27 18 -27 18 45.250371000062167 5.1569816074332353 -0.70579383770275361 0.70841729133387132 5 -9 -12 11 -9 14 6 1 15 -11 5 35.631182299004024 20.215591722538434 0.87148717098801676 0.49041830186413643 1 14.933904120309576 -14.989413821440872
3 -10 -8 12 -6 0 14 27.682014769834979 22.614990143578115 -0.99100390878677858 -0.13383292856889248 4 -16 -0.5 16 -0.5 16 0.5 -16 0.5 55.647546571149647 9.2385139361087063 0.77388829590579611 0.63332211824633367 0
4 -16 -0.5 16 -0.5 16 0.5 -16 0.5 33.032742244118651 29.504969197514306 0.99904611865215709 0.043667525760685735 3 -10 -8 12 -6 0 14 10.797384603916552 27.513989145382823 0.94052569187621027 -0.33972256757650954 1 0.87847070722562348 0.17240935541436717
4 -85 -50 85 -50 85 50 -85 50 49.448673796399859 25.535353568417282 -0.98696675230735542 -0.16092429847562248 4 -27 -18 27 -18 27 18 -27 18 36.97481225125896 8.2843750810439651 -0.10709437178780838 0.99424885995980639 1 -10.125159692099649 62.098738801827032
5 -9 -12 11 -9 14 6 1 15 -11 5 33.250966573836976 47.481799096007151 -0.67870035181992017 0.73441529970413644 3 -10 -8 12 -6 0 14 16.873463727228991 5.1065053015955231 0.94459219216651258 -0.32824623455275503 0
4 -4.5 -3 4.5 -3 4.5 3 -4.5 3 43.001139281630614 11.414943025547972 -0.63630618848467002 0.77143660432734951 3 -10 -8 12 -6 0 14 51.427220028888257 38.023282568359051 0.6361262534867419 -0.77158498535477049 0
3 -10 -8 12 -6 0 14 13.860941229749086 17.249488646047023 0.88913656285322729 -0.45764196988207817 4 -4.5 -3 4.5 -3 4.5 3 -4.5 3 40.949483747069252 9.9662108667053779 -0.78422628710193676 0.62047492344035193 0
3 -10 -8 12 -6 0 14 29.994692604629282 33.493995667312987 0.80252085216362368 -0.59662407078710067 4 -2.5 -1 2.5 -1 2.5 1 -2.5 1 41.038515701757845 51.7801722204578 0.89704755134560388 0.44193403424589994 0
4 -11 -7 11 -7 11 7 -11 7 34.824186999804184 40.652800554784839 0.44492091901519687 -0.8955698609392081 3 -10 -8 12 -6 0 14 42.383461789274456 5.1181298697871069 -0.85105755311685982 0.52507241527502035 0
5 -9 -12 11 -9 14 6 1 15 -11 5 17.762657347862906 12.434293512809234 -0.6429458734291752 0.76591161620672332 4 -16 -0.5 16 -0.5 16 0.5 -16 0.5 41.042864976531433 25.879333678540267 -0.74422996671890795 0.66792346615280185 0
4 -85 -50 85 -50 85 50 -85 50 48.777526743903636 5.311185953294471 0.98742593293465597 0.15808234236664218 3 -10 -8 12 -6 0 14 38.729188534986108 23.785953620463648 0.24891040814629922 0.96852651420415059 1 6.7232687811063672 -41.995392079636062
4 -85 -50 85 -50 85 50 -85 50 19.590885840806749 12.628546068312223 -0.79162149667340342 -0.6110117887607085 4 -2.5 -1 2.5 -1 2.5 1 -2.5 1 3.6657650258842911 52.167460490711001 0.53665200910463096 -0.843803662663278 1 7.0572729894169006 -9.1433407817650405
4 -27 -18 27 -18 27 18 -27 18 27.489754107269654 11.845748341925482 -0.1414979801156491 0.9899385443668669 3 -10 -8 12 -6 0 14 20.722559091577811 1.1371925530665794 -0.80794288890021315 0.58926079818326449 1 22.304536848539502 3.1881240804719972
4 -2 -2 2 -2 2 2 -2 2 31.257107979219676 50.058675450859539 -0.88981171001193882 -0.4563278653836837 4 -4.5 -3 4.5 -3 4.5 3 -4.5 3 15.745626947673188 50.031997315923412 -0.56265903571230447 0.82668906460125602 0
4 -11 -7 11 -7 11 7 -11 7 21.977202093534785 8.2476203569651823 -0.89449837395886544 -0.44707120124757066 4 -2 -2 2 -2 2 2 -2 2 32.412089254235433 24.840636008172304 -0.93930586614489742 -0.34308087942318211 0
4 -2 -2 2 -2 2 2 -2 2 41.18197807532809 40.428252964431557 -0.68361481453568673 0.72984298677684001 4 -2 -2 2 -2 2 2 -2 2 30.653844862102606 49.545906442750002 -0.86082168576801998 0.50890669607650507 0
3 -10 -8 12 -6 0 14 55.693258137824124 56.014075877028027 0.34112449291176472 0.94001812766334003 4 -11 -7 11 -7 11 7 -11 7 22.179305021452478 44.002348917833572 -0.93625665464242103 -0.35131677534353872 0
3 -10 -8 12 -6 0 14 6.5930171262544812 2.8333436722619632 -0.90235112274586338 -0.43100168361536573 3 -10 -8 12 -6 0 14 46.506197392207604 26.600711840898114 -0.22132602673340682 0.97519987176496459 0
4 -27 -18 27 -18 27 18 -27 18 36.187645925735914 55.678279682378673 -0.69453257647031896 -0.71946125692875251 4 -2.5 -1 2.5 -1 2.5 1 -2.5 1 11.566760251463934 42.270212742386406 0.62050990289440577 0.7841986103086227 1 1.9721522954557384 2.0429382543212449
4 -11 -7 11 -7 11 7 -11 7 30.134065158931982 37.593847967333502 -0.98613597282543219 0.16593927533781291 4 -11 -7 11 -7 11 7 -11 7 21.460222968431086 4.3572583873732444 -0.79835614128965304 -0.60218557909094406 0
4 -2.5 -1 2.5 -1 2.5 1 -2.5 1 25.354562891054005 39.533918088530676 -0.52876554245950902 0.84876793124357686 3 -10 -8 12 -6 0 14 20.385309018504092 18.464984532128462 -0.87175457159143388 0.48994282004070194 0
4 -4.5 -3 4.5 -3 4.5 3 -4.5 3 47.332672454267623 7.8802162827530253 -0.940822077588369 0.33890089749409774 4 -4.5 -3 4.5 -3 4.5 3 -4.5 3 44.0655167193407 1.1464192229496217 0.22585266759255573 -0.97416147149295862 1 0.32711271545800663 0.90809692992369428
4 -4.5 -3 4.5 -3 4.5 3 -4.5 3 55.780139927785775 9.6798358321260238 0.99767720889369038 -0.068118917006186414 4 -2.5 -1 2.5 -1 2.5 1 -2.5 1 25.99683878295075 44.812598433227585 0.99297430825219191 0.11833014472686569 0
5 -9 -12 11 -9 14 6 1 15 -11 5 14.044200492220524 16.786930731307621 0.40546504747676021 -0.91411054871643871 5 -9 -12 11 -9 14 6 1 15 -11 5 7.9346488265756783 28.025671270545534 0.0057214303513649818 0.99998363248341948 1 1.1657740311730058 -10.422632684855678
3 -10 -8 12 -6 0 14 46.56609292794316 0.36558166285518112 0.68730053033807603 0.7263731692436054 4 -11 -7 11 -7 11 7 -11 7 20.474206823717122 17.671175143020733 -0.89895364876564055 -0.43804376193588396 0
3 -10 -8 12 -6 0 14 2.4177721298899857 39.525693129269023 -0.8762812355710653 -0.48179995453097246 4 -2 -2 2 -2 2 2 -2 2 35.622782872781535 31.230963808022491 -0.2462595843466498 -0.96920390894662367 0
4 -16 -0.5 16 -0.5 16 0.5 -16 0.5 47.190546471994637 7.747332663124487 -0.99779652440924416 0.066348292192283567 3 -10 -8 12 -6 0 14 29.526193573155822 4.352401839644533 0.81479512558819234 0.57974900027315424 1 1.1648460496066211 2.6658020299223306
4 -2.5 -1 2.5 -1 2.5 1 -2.5 1 55.319770263547682 58.768541234355347 0.9976382847990285 -0.068686626815215035 4 -16 -0.5 16 -0.5 16 0.5 -16 0.5 19.792091440886679 50.257919507165091 0.9685480926893093 0.24882642976159342 0
4 -11 -7 11 -7 11 7 -11 7 34.059844162977456 13.671291264382205 0.46999046078135392 -0.88267149425736557 4 -4.5 -3 4.5 -3 4.5 3 -4.5 3 16.763081079058733 39.437145001216621 -0.41144424101395149 0.91143493269484321 0
4 -11 -7 11 -7 11 7 -11 7 31.278721204265768 9.4484982632616692 -0.99703928379830842 -0.07689386557428432 4 -4.5 -3 4.5 -3 4.5 3 -4.5 3 30.730772480338903 40.423483340814592 0.88239439668432729 -0.47051049797013256 0
4 -11 -7 11 -7 11 7 -11 7 26.077236131126771 25.324598278478575 -0.53673174968191384 -0.84375294303687698 4 -2 -2 2 -2 2 2 -2 2 10.645774418109699 33.973249801187954 0.56728259592926844 -0.82352319721775313 0
4 -2.5 -1 2.5 -1 2.5 1 -2.5 1 36.388164865809649 38.404688974212668 0.87462055480622802 0.48480809101173827 3 -10 -8 12 -6 0 14 46.518537002273078 18.705275274986345 0.98855261350574364 -0.15087654002847437 0
5 -9 -12 11 -9 14 6 1 15 -11 5 20.153046131501437 24.350447491043671 0.34576977779902102 0.93831938100031576 3 -10 -8 12 -6 0 14 42.574824298760333 48.079757581710005 0.25015065196028274 -0.96820692588095314 0
4 -85 -50 85 -50 85 50 -85 50 38.95444371652912 27.202260566098801 0.9951884929580298 -0.09797889305317517 4 -11 -7 11 -7 11 7 -11 7 30.405146560231586 46.015679286377924 0.92111714462063377 -0.38928550690454744 1 -4.1217102386510094 -41.864920831332569
3 -10 -8 12 -6 0 14 22.269398319237212 27.151946021977974 -0.3542188208789589 0.93516256711607104 3 -10 -8 12 -6 0 14 57.663971384768175 13.614993376027389 -0.4196020406476127 0.90770817308447715 0
4 -11 -7 11 -7 11 7 -11 7 13.789356528735741 13.41950859911667 -0.30603186420157658 0.95202126976938273 4 -27 -18 27 -18 27 18 -27 18 28.363738036489664 26.861760589790801 -0.051764866109542076 0.99865930058086438 1 -12.318633835197735 -0.63852850592848542
5 -9 -12 11 -9 14 6 1 15 -11 5 55.60213544750907 23.202031067744148 -0.80861136400855627 -0.58834314986767899 4 -4.5 -3 4.5 -3 4.5 3 -4.5 3 18.741996591037775 22.555523596010197 -0.86995646803974191 0.49312852656870043 0
4 -27 -18 27 -18 27 18 -27 18 42.743566573308335 34.951106273391787 -0.026878007722858768 0.99963872108919927 5 -9 -12 11 -9 14 6 1 15 -11 5 51.862071173730001 57.283668694016129 -0.043816839990564481 0.99903958106435464 1 0.43014910760878899 -15.99797530536522
4 -27 -18 27 -18 27 18 -27 18 13.047721423577499 3.6980815512862431 -0.80698740453157081 -0.5905686487847106 5 -9 -12 11 -9 14 6 1 15 -11 5 20.014106750286413 54.787988084132252 0.65968757339703155 0.75153995602731338 0
4 -16 -0.5 16 -0.5 16 0.5 -16 0.5 15.557246478851475 50.871809686894899 0.039688389411600869 -0.99921210548407247 4 -85 -50 85 -50 85 50 -85 50 43.845571848630321 4.2240835170897721 0.92693540098139404 -0.37522095145055839 1 12.06778535304616 29.811921247838917
4 -16 -0.5 16 -0.5 16 0.5 -16 0.5 13.838357465412738 37.075857509658782 -0.38058047545729212 0.92474780437733484 3 -10 -8 12 -6 0 14 52.446357116287324 50.256743517426237 0.97194661532071336 -0.23520156667549924 0
4 -27 -18 27 -18 27 18 -27 18 13.664578959194973 9.1642162830414726 -0.78075867484372818 -0.62483269093115279 4 -16 -0.5 16 -0.5 16 0.5 -16 0.5 8.3672297141338792 31.339352753637726 0.93818968256907698 0.34612153865504336 1 1.8161285682535508 -2.2693405048675945
4 -4.5 -3 4.5 -3 4.5 3 -4.5 3 28.754060023034352 48.746358978906194 0.61348071058487197 -0.78970970472717406 4 -2.5 -1 2.5 -1 2.5 1 -2.5 1 51.857573871534434 48.826911471711071 -0.82183066615274036 0.56973182829375357 0
4 -4.5 -3 4.5 -3 4.5 3 -4.5 3 35.958170861297312 15.259081539170813 0.64831629456132944 0.76137111989243955 4 -2 -2 2 -2 2 2 -2 2 32.164139190039869 32.257063248186682 -0.81620246954663211 0.5777659809178618 0
4 -4.5 -3 4.5 -3 4.5 3 -4.5 3 41.438728362940999 22.751735318570454 0.62735799774022682 0.77873098222131465 4 -2 -2 2 -2 2 2 -2 2 37.443854123782089 47.0381624810584 0.2116792550356083 -0.97733919034671368 0
3 -10 -8 12 -6 0 14 18.95803241530799 8.7193981282170334 -0.93814882868820937 0.34623225619653158 4 -11 -7 11 -7 11 7 -11 7 10.158930035428744 39.891531569979797 0.091061676356024718 0.99584525459492479 0
3 -10 -8 12 -6 0 14 53.53984177975169 43.61524925672807 -0.91503987522278496 0.40336339292537454 4 -2.5 -1 2.5 -1 2.5 1 -2.5 1 10.291117026942242 4.7629018655392645 0.64076506203709716 0.76773702221046691 0
4 -2 -2 2 -2 2 2 -2 2 29.850526756036565 0.36789310897871852 0.57493556241587229 0.81819869168163828 4 -4.5 -3 4.5 -3 4.5 3 -4.5 3 39.46569574034784 48.882760990981666 0.31703045056920781 -0.94841535911850616 0
3 -10 -8 12 -6 0 14 22.204581314867969 50.317650336719772 0.0031008326866296581 -0.99999519240676826 4 -4.5 -3 4.5 -3 4.5 3 -4.5 3 38.982702898609034 42.208599829930563 -0.53550550394157281 -0.84453173726526243 0
4 -16 -0.5 16 -0.5 16 0.5 -16 0.5 19.293689547616719 57.608662444956224 0.75398483107078218 0.65689182862566042 4 -16 -0.5 16 -0.5 16 0.5 -16 0.5 14.778575820878929 20.955418653006692 0.9227674170794834 0.38535735879370309 0
5 -9 -12 11 -9 14 6 1 15 -11 5 25.325649482419394 22.857203933787865 0.72074232859994058 0.69320306964433975 4 -16 -0.5 16 -0.5 16 0.5 -16 0.5 57.69907743562473 49.783231778178482 -0.96814055284751366 0.25040740790182442 0
4 -2 -2 2 -2 2 2 -2 2 47.581272963706326 48.442521800729239 0.97048451298236948 0.24116345092358651 4 -11 -7 11 -7 11 7 -11 7 34.156576644286844 32.099013775029093 0.7090277587770365 0.7051805706935016 0
4 -2.5 -1 2.5 -1 2.5 1 -2.5 1 44.507118724346867 1.4402361487660831 0.99783303297478809 -0.065796947530531863 5 -9 -12 11 -9 14 6 1 15 -11 5 34.660572426234623 9.3483434497121856 0.9999999530026904 -0.00030658541550349739 1 0.40896946401774237 -2.7321727732925245
4 -85 -50 85 -50 85 50 -85 50 37.88350778246916 7.2986535968029553 0.07504391762776795 0.99718022966115649 5 -9 -12 11 -9 14 6 1 15 -11 5 48.02663578632864 50.601421920305441 0.11799783770499044 0.99301385201665071 1 -3.8896902201900709 -51.68603012330842
4 -27 -18 27 -18 27 18 -27 18 39.745598723919947 44.367625232092443 -0.73285668056138642 -0.68038304340756905 4 -2 -2 2 -2 2 2 -2 2 35.661470170744998 5.1848733300217358 0.68924281538870968 -0.72453042823268998 0
4 -11 -7 11 -7 11 7 -11 7 28.823226240064667 29.673935506833594 -0.99140240643314659 -0.13084826524859242 4 -2 -2 2 -2 2 2 -2 2 23.021297531218224 44.641128048810607 0.99325025609648998 0.11599107191614794 0
3 -10 -8 12 -6 0 14 36.829118599654429 22.002222204833128 -0.25874473440109436 -0.96594573471790179 4 -85 -50 85 -50 85 50 -85 50 28.470920523144791 31.16422217376547 -0.92131381952040536 0.3888198116875245 1 -20.847215070155531 -49.397758975522422
4 -11 -7 11 -7 11 7 -11 7 19.416907046962045 21.42111427954999 -0.62499481421542913 -0.78062890172208033 5 -9 -12 11 -9 14 6 1 15 -11 5 9.6323083226701538 12.074127177739829 -0.4239266383075172 0.905696530485398 1 8.1755479765846975 5.4345997355715241
4 -27 -18 27 -18 27 18 -27 18 17.161602227618268 50.99180766628956 0.27373491820622026 0.96180517494689843 4 -2.5 -1 2.5 -1 2.5 1 -2.5 1 7.7389724120153041 22.38444694583135 0.98564146840429923 -0.16885169753904392 0
4 -4.5 -3 4.5 -3 4.5 3 -4.5 3 24.892670938169385 36.70415988657706 0.85539395337251889 0.51797797688099934 4 -2.5 -1 2.5 -1 2.5 1 -2.5 1 9.8449685754386742 47.8346438300496 -0.86530831233800709 -0.5012399870309131 0
4 -2.5 -1 2.5 -1 2.5 1 -2.5 1 19.675486518670056 25.70986678041481 0.52274910558276921 0.85248658207177364 5 -9 -12 11 -9 14 6 1 15 -11 5 52.057904828783848 3.9048627718290163 -0.99797743904010416 -0.063569105444037738 0
4 -4.5 -3 4.5 -3 4.5 3 -4.5 3 28.170729270752094 23.317964616843739 0.79297263525506201 -0.60925725251049934 4 -11 -7 11 -7 11 7 -11 7 59.929242829321318 44.815701712285993 0.98696753872045706 -0.16091947524175904 0
4 -16 -0.5 16 -0.5 16 0.5 -16 0.5 50.089782545713987 50.950840544724542 -0.99823438512950646 0.059397915326349242 4 -27 -18 27 -18 27 18 -27 18 31.088377985025172 42.667091894531389 -0.44764223845319512 -0.89421274110393489 1 7.9886890270366209 15.958251699789646
4 -2 -2 2 -2 2 2 -2 2 2.2247530734844534 9.6562311662810671 0.1920528375185806 0.98138458699994957 4 -2 -2 2 -2 2 2 -2 2 3.9023267599987355 18.069595393583629 0.2708895038257968 0.96261044910026483 0
3 -10 -8 12 -6 0 14 27.769853667566061 54.082652001522888 0.94938953960873107 0.31410110168785083 5 -9 -12 11 -9 14 6 1 15 -11 5 13.977541617717154 44.502907172241237 -0.47349261617440663 0.88079778747923521 1 4.6208722716384703 3.4558498723707967
4 -4.5 -3 4.5 -3 4.5 3 -4.5 3 13.140215373947475 25.248082386331507 0.99897860676660233 -0.045185652840897032 4 -4.5 -3 4.5 -3 4.5 3 -4.5 3 52.01461976897572 53.688100291408659 0.029121842756041922 -0.99957586919377583 0
4 -27 -18 27 -18 27 18 -27 18 51.472235975466887 52.336055739451062 -0.97983340368212968 0.19981616808630026 4 -16 -0.5 16 -0.5 16 0.5 -16 0.5 58.590750498806223 5.5377707599201242 -0.91672902014950841 -0.3995095788785572 0
4 -4.5 -3 4.5 -3 4.5 3 -4.5 3 37.373184160880058 28.912862039150429 0.21077325369662878 -0.97753497918291221 4 -4.5 -3 4.5 -3 4.5 3 -4.5 3 45.232995491157254 34.789490096031187 0.95024533374038422 -0.31150249710817041 0
4 -2.5 -1 2.5 -1 2.5 1 -2.5 1 0.47672880116148786 10.531192239028602 -0.32353677868801278 -0.94621559532496813 4 -85 -50 85 -50 85 50 -85 50 33.90032015619834 26.805907543850122 -0.36861279519191659 0.92958302868587384 1 -14.2366647273903 -5.6453448669261945
5 -9 -12 11 -9 14 6 1 15 -11 5 41.420792844450389 3.9884242482143728 -0.92241137414447438 -0.38620882544149943 3 -10 -8 12 -6 0 14 46.986297789847747 45.169869461838772 0.69956360450220678 0.71457033471582065 0
4 -2 -2 2 -2 2 2 -2 2 11.704225864655221 11.112438136726755 -0.84627130724372546 0.53275216990266316 4 -11 -7 11 -7 11 7 -11 7 51.757113928623625 20.861349847509288 0.81780411222496752 -0.57549668463678638 0
4 -4.5 -3 4.5 -3 4.5 3 -4.5 3 49.61787795528921 59.039254556846558 -0.28223638391326988 -0.9593448929324434 4 -27 -18 27 -18 27 18 -27 18 4.507934588467819 4.7493793704484188 -0.99901799516295187 0.044306267509195446 0
4 -85 -50 85 -50 85 50 -85 50 27.169101114726391 42.931101929419135 0.40040033980392886 0.91634031226662638 4 -27 -18 27 -18 27 18 -27 18 43.035365745942499 55.864614757554079 0.15056777805376936 -0.98859968855545921 1 -64.394338154587246 28.137488369106734
4 -27 -18 27 -18 27 18 -27 18 35.205728065201512 50.392174368381653 0.072273890265522084 0.99738482281709462 3 -10 -8 12 -6 0 14 41.897816209759249 42.197180420581276 0.10254300923012109 0.99472857165059414 1 -24.662001219429442 1.7870923329541017
4 -27 -18 27 -18 27 18 -27 18 7.4326313827109081 27.915647977362617 -0.54785431454050038 -0.8365737564849608 4 -4.5 -3 4.5 -3 4.5 3 -4.5 3 6.6931541121594034 58.835872968221175 0.56026822612450777 0.8283112427072914 1 2.8696681165782052 -1.9410383227280266
4 -27 -18 27 -18 27 18 -27 18 23.274942735000366 24.525751744424667 -0.78049601231656884 0.62516075913154889 4 -85 -50 85 -50 85 50 -85 50 15.983437611558015 8.2581816678428321 -0.88574336166212742 0.46417528722614454 1 25.549436584978366 48.753659387141624
4 -4.5 -3 4.5 -3 4.5 3 -4.5 3 23.906054521510896 27.053159725644157 0.7124545006235774 0.70171830854069139 4 -2 -2 2 -2 2 2 -2 2 8.139481127876163 25.238344998228737 -0.50392875177640062 -0.86374522466586101 0
4 -2 -2 2 -2 2 2 -2 2 23.257899120928226 48.337270706760293 -0.99561321112359735 0.093564597130320046 4 -27 -18 27 -18 27 18 -27 18 30.767000634307177 25.313014563498065 0.38453977919476479 -0.92310842170182883 1 -2.1392611546066944 5.1354114577488748
4 -16 -0.5 16 -0.5 16 0.5 -16 0.5 7.6496114866448561 23.643441110229702 0.50033625905054624 -0.86583117747012595 4 -4.5 -3 4.5 -3 4.5 3 -4.5 3 24.360972502367105 52.634210719297968 -0.69891874413597588 0.71520108297973817 0
4 -2.5 -1 2.5 -1 2.5 1 -2.5 1 20.803445289280202 5.4245158039044377 0.75263310505028513 0.65844013333207929 3 -10 -8 12 -6 0 14 28.00305737987799 49.19250107976746 -0.94581299363609905 -0.32471184313036761 0
3 -10 -8 12 -6 0 14 11.409119670020761 30.521305093320525 -0.06220907384175596 -0.99806313985225947 4 -11 -7 11 -7 11 7 -11 7 11.689121143870839 52.852459593260534 -0.96339715412422899 0.26807820393559889 0
4 -4.5 -3 4.5 -3 4.5 3 -4.5 3 35.226786188648596 29.803784898977369 -0.70884544572852171 -0.70536383099074018 4 -2.5 -1 2.5 -1 2.5 1 -2.5 1 31.439874115105834 38.586461216268702 -0.14274195046522067 0.98975993835747089 0
4 -16 -0.5 16 -0.5 16 0.5 -16 0.5 20.359051403446202 7.2836480725291182 0.21156516560384608 0.97736389369723353 4 -2 -2 2 -2 2 2 -2 2 25.945557387706945 58.089837389679772 0.84806131214334013 -0.52989811364611983 0
5 -9 -12 11 -9 14 6 1 15 -11 5 43.907089243134706 55.136010368711183 0.95101266637554516 0.30915191798414582 3 -10 -8 12 -6 0 14 31.996922404054512 58.24509329102041 -0.43710869651815004 0.89940868765439652 1 8.2022255827509465 3.7757186394012168
4 -2 -2 2 -2 2 2 -2 2 48.755855751929161 47.211088113843054 -0.43348875548041654 -0.90115897536008571 5 -9 -12 11 -9 14 6 1 15 -11 5 59.515570403926787 51.262826554441872 -0.58449936794034707 -0.81139416369439998 1 -3.2986993268992943 -3.0677486906091502
3 -10 -8 12 -6 0 14 5.8765015196235826 49.128095034566826 0.96895557984029923 -0.24723487677985378 4 -11 -7 11 -7 11 7 -11 7 41.364567851948294 15.939664051862948 0.56554578893030771 -0.82471689725820208 0
4 -2 -2 2 -2 2 2 -2 2 0.01282945562704807 21.191916622707915 0.072695270794672945 0.99735419866970487 5 -9 -12 11 -9 14 6 1 15 -11 5 50.516528433150839 15.522957152744512 -0.7090386004563054 -0.70516966969869299 0
4 -11 -7 11 -7 11 7 -11 7 24.724320197155933 10.335506062679137 0.99820076765378263 -0.059960215605008291 3 -10 -8 12 -6 0 14 33.035908773637082 53.549279368246168 -0.97640246728146851 -0.21595884303880883 0
4 -16 -0.5 16 -0.5 16 0.5 -16 0.5 46.02839396713135 30.619531010251308 0.30779837222851558 0.95145160783587734 4 -11 -7 11 -7 11 7 -11 7 54.649829350132926 40.344882367146795 0.59820610696585219 0.80134228241667083 1 -5.198884842083948 1.6818598850620408
4 -2.5 -1 2.5 -1 2.5 1 -2.5 1 22.187016204387358 25.092155796264322 -0.041134098473195983 0.99915363480437658 4 -85 -50 85 -50 85 50 -85 50 48.769967214054859 6.401514751005748 -0.9264494620505318 -0.37641917361670113 1 -9.5492265655153918 23.502723651449674
4 -2.5 -1 2.5 -1 2.5 1 -2.5 1 26.962708368643504 20.542603528123852 -0.8869989837282769 -0.46177137510352884 4 -2.5 -1 2.5 -1 2.5 1 -2.5 1 58.198879151768097 34.160284308310139 -0.050636447148523979 0.9987171522609265 0
3 -10 -8 12 -6 0 14 50.066882643637683 54.54438376053443 0.59556864132151033 -0.80330442142095182 4 -85 -50 85 -50 85 50 -85 50 12.824869548504187 51.971768532808667 -0.95557852830738577 0.29473662181325672 1 14.296302653988484 46.35066984988029
4 -2.5 -1 2.5 -1 2.5 1 -2.5 1 2.6027396997137076 48.301013888616644 0.98396087658520037 0.17838439771931894 4 -2 -2 2 -2 2 2 -2 2 57.182137299897278 1.9109316155203504 0.8568346029467695 0.51559137230276841 0
4 -2 -2 2 -2 2 2 -2 2 39.0206721466934 46.684699708418684 0.40395888918402689 0.91477713999050447 4 -4.5 -3 4.5 -3 4.5 3 -4.5 3 31.492586022121991 11.713790319263902 0.75370602860531599 0.65721170291162845 0
4 -4.5 -3 4.5 -3 4.5 3 -4.5 3 2.4658409560030559 2.7624335413459988 0.8153820694738988 0.5789232080167992 3 -10 -8 12 -6 0 14 6.410218729223967 27.279716242576288 -0.72623684658360499 -0.68744457424893646 0
4 -11 -7 11 -7 11 7 -11 7 15.777156673018233 13.245814622767988 0.020013078291279907 0.99979971829227232 4 -2.5 -1 2.5 -1 2.5 1 -2.5 1 1.1446710875500909 32.306919163078959 -0.25634983966957814 -0.96658406758097437 0
4 -85 -50 85 -50 85 50 -85 50 51.878036651806887 21.628014021742803 -0.71474780515755865 -0.69938228103266431 4 -4.5 -3 4.5 -3 4.5 3 -4.5 3 4.9573105786621952 6.2346975329322802 0.34802479407240805 -0.93748532933100237 1 23.442001992076694 -23.957025973829889
3 -10 -8 12 -6 0 14 13.325859867794945 37.491434352729243 -0.97010749041394639 0.24267562103094528 4 -16 -0.5 16 -0.5 16 0.5 -16 0.5 45.942912170123307 18.02158370265812 -0.75540377869977759 -0.65525959064030292 0
3 -10 -8 12 -6 0 14 49.797972474652134 33.614360105630361 -0.999914529673123 0.013074148101394329 4 -2 -2 2 -2 2 2 -2 2 43.963111824217229 22.606858933702824 0.90907138133722587 0.41664040086581627 0
4 -2.5 -1 2.5 -1 2.5 1 -2.5 1 43.912896459561935 4.4407633413789371 -0.46266983581438637 -0.88653066671575931 3 -10 -8 12 -6 0 14 43.914402321081589 25.103418446499084 -0.61557889661050691 -0.78807526420246865 0
4 -2.5 -1 2.5 -1 2.5 1 -2.5 1 51.257815754270197 57.760564141330889 -0.30821397129881162 -0.95131705960537438 4 -11 -7 11 -7 11 7 -11 7 29.166014066632997 2.8667736936548405 -0.73936451325723751 -0.67330536648380301 0
3 -10 -8 12 -6 0 14 46.087832947043431 20.563383866686184 0.89620204457671793 0.44364613747502685 4 -11 -7 11 -7 11 7 -11 7 1.9375587273566341 54.190320319011853 -0.3300538472063122 0.94396210620146837 0
4 -11 -7 11 -7 11 7 -11 7 25.877926141463966 32.894324778199682 0.75121799807425826 -0.66005417911661146 4 -2.5 -1 2.5 -1 2.5 1 -2.5 1 12.960922436414537 41.949920111278104 -0.98512779135469064 -0.17182326588861324 0
4 -4.5 -3 4.5 -3 4.5 3 -4.5 3 40.578624530571886 24.943988466766115 -0.99000581695286627 -0.14102653083547015 4 -2.5 -1 2.5 -1 2.5 1 -2.5 1 52.484283629995197 23.074885267334906 -0.9381322006681363 -0.34627730804885221 0
5 -9 -12 11 -9 14 6 1 15 -11 5 20.168724485544601 24.375589124232956 -0.9987627664723181 -0.049728626650671529 4 -2.5 -1 2.5 -1 2.5 1 -2.5 1 9.8420237977181717 58.341104768111919 0.80151774765897588 0.59797098607514576 0
4 -2 -2 2 -2 2 2 -2 2 19.915956284470614 43.173273950315817 -0.28550934639065439 -0.95837592474121625 4 -27 -18 27 -18 27 18 -27 18 6.7108166021136828 40.386391464191675 -0.99015646412468328 0.13996491186045443 1 2.192861170095314 15.512999891448951
4 -2 -2 2 -2 2 2 -2 2 14.869376262504135 23.495901611326769 0.37624392828792952 -0.92652064543995316 3 -10 -8 12 -6 0 14 44.591757720683674 39.542773429614812 -0.92812384936640036 0.372271567860474 0
4 -11 -7 11 -7 11 7 -11 7 25.470633375989983 25.310482041944425 -0.55934575631313643 -0.82893445150656242 4 -11 -7 11 -7 11 7 -11 7 57.079500524495714 54.987232811205608 0.5560896723409775 -0.8311222992530668 0
4 -27 -18 27 -18 27 18 -27 18 5.2572688925097788 2.1185547363366131 -0.99999916882800433 -0.001289318928892589 3 -10 -8 12 -6 0 14 11.365980463558529 49.795167295059478 0.43844548827945917 0.8987577837256191 0
4 -2 -2 2 -2 2 2 -2 2 50.122570213896438 6.8011918067341259 -0.90702014979912915 0.42108722120050773 4 -11 -7 11 -7 11 7 -11 7 12.960220668441577 2.3834247777024764 -0.20019842823003536 -0.97975537218951925 0
4 -27 -18 27 -18 27 18 -27 18 28.581065264251201 32.785109895890358 0.647452371367083 -0.76210591574343578 5 -9 -12 11 -9 14 6 1 15 -11 5 53.437100415526388 48.351963184748683 -0.9990793686925713 -0.042900058891021477 1 -2.8287577502826386 -2.4031907843897149
4 -4.5 -3 4.5 -3 4.5 3 -4.5 3 44.063496995111628 19.343071423675077 0.61615179784339469 -0.78762742589015555 3 -10 -8 12 -6 0 14 8.463282903789402 42.610065157272516 -0.35677503391538329 0.93419033134296414 0
4 -16 -0.5 16 -0.5 16 0.5 -16 0.5 3.2695553909099018 5.2392631256301136 0.24033398502579006 0.97069025731261116 3 -10 -8 12 -6 0 14 22.299305334063554 39.618543257849161 0.3464379854854534 0.93807287681329998 0
4 -85 -50 85 -50 85 50 -85 50 51.421595411465354 48.293052646793583 -0.79904332461939742 -0.6012734530820234 4 -85 -50 85 -50 85 50 -85 50 29.908847951681846 47.370670723141018 -0.99573523981509049 0.09225688153403043 1 79.347907009737739 -105.44688958686241
4 -2 -2 2 -2 2 2 -2 2 47.359958653444167 55.772072637145065 0.50097929869141045 -0.86545926668021911 4 -85 -50 85 -50 85 50 -85 50 21.733114354829212 25.256348239009451 0.68776439610657425 0.7259339745790655 1 32.811594793887735 34.632574113815799
4 -4.5 -3 4.5 -3 4.5 3 -4.5 3 37.614478871507998 21.111183257828145 0.67611039069824419 -0.73680033902670505 4 -85 -50 85 -50 85 50 -85 50 10.143382682394236 0.0084076959709156185 -0.94751980286463766 -0.31969708034224859 1 -14.103958489830564 41.801382588758166
4 -4.5 -3 4.5 -3 4.5 3 -4.5 3 19.692168679782686 22.472621327248007 -0.15774509765717046 -0.98747986519479458 3 -10 -8 12 -6 0 14 40.695252716510367 33.70276710216568 0.91154849071040556 0.41119259366333638 0
3 -10 -8 12 -6 0 14 56.725525881905313 57.573832790171252 0.36329345061339924 0.9316747655386024 4 -85 -50 85 -50 85 50 -85 50 40.13329624769159 36.098952055808432 0.74890098174986031 -0.66268191429530909 1 19.578411077952826 22.125684979607421
3 -10 -8 12 -6 0 14 39.596991986005989 44.69035486655941 0.64015506925977295 0.76824572065258867 3 -10 -8 12 -6 0 14 44.463278950315662 12.75901605093363 0.78609710044288739 -0.61810302432141917 0
4 -2.5 -1 2.5 -1 2.5 1 -2.5 1 21.179121635675138 52.379839311631208 -0.82834986079949624 0.56021112815924601 4 -2.5 -1 2.5 -1 2.5 1 -2.5 1 35.097662374641757 55.121765352467854 0.71817538577709394 0.69586213811639608 0
3 -10 -8 12 -6 0 14 27.875237609822506 48.912791288365021 -0.7466267024735912 0.66524323908883998 4 -4.5 -3 4.5 -3 4.5 3 -4.5 3 41.143303268769472 13.037202376161957 0.039229098809475386 0.99923024264010163 0
4 -4.5 -3 4.5 -3 4.5 3 -4.5 3 50.14018735750129 44.111733295803667 -0.92725501818666689 -0.3744304090851116 4 -85 -50 85 -50 85 50 -85 50 21.547415840856829 18.414082238717366 -0.38161862280218622 0.92431987251738923 1 16.903581169546619 6.9788842132959674
5 -9 -12 11 -9 14 6 1 15 -11 5 3.2737036766899497 9.9169108081127852 -0.77680597426853948 0.62974000852788858 5 -9 -12 11 -9 14 6 1 15 -11 5 28.331169469729979 40.421790034266742 0.058569181787031438 0.99828335203227625 0
4 -27 -18 27 -18 27 18 -27 18 30.856013686564161 4.3580246466811889 0.78163408026490522 0.62373725603689545 4 -2.5 -1 2.5 -1 2.5 1 -2.5 1 22.715122841917793 1.2384989479112374 -0.52617050085444661 -0.85037909430475811 1 10.693020589805149 -13.399919971225266
4 -27 -18 27 -18 27 18 -27 18 39.856444021342917 45.746131699072777 0.8818929213610871 0.47144975899156788 3 -10 -8 12 -6 0 14 56.308001225761885 24.416757545261195 -0.44639974417867623 0.89483365403700166 1 -1.5368175105093964 2.8747675825331056
4 -16 -0.5 16 -0.5 16 0.5 -16 0.5 35.379747683262693 10.458062223886756 0.8013027172688203 0.5982591038150652 4 -2.5 -1 2.5 -1 2.5 1 -2.5 1 56.161378333687409 24.316434427468145 -0.46865073817667574 -0.88338354388479357 0
4 -16 -0.5 16 -0.5 16 0.5 -16 0.5 58.428689643192698 31.504900480970736 0.14760157391624332 -0.9890469025164822 4 -85 -50 85 -50 85 50 -85 50 33.878325865455395 25.239897252328912 -0.99998222607816167 0.005962174751242875 1 0.35460553773660219 59.474814107313989
4 -27 -18 27 -18 27 18 -27 18 32.948094682011124 32.48088965122168 -0.92422035941016878 0.38185956482945194 3 -10 -8 12 -6 0 14 25.082004546520995 22.687292672585691 -0.57481312970585263 -0.81828470957104082 1 6.6645272269399358 16.130253937025948
4 -16 -0.5 16 -0.5 16 0.5 -16 0.5 21.352226177278659 10.234085263172974 0.9623374606761198 -0.27185770502128048 4 -4.5 -3 4.5 -3 4.5 3 -4.5 3 13.015271704770967 33.955377787252992 -0.43645504317339279 0.89972606680506473 0
4 -85 -50 85 -50 85 50 -85 50 30.188536993281833 9.8889700479569704 -0.6847925121039159 -0.72873809792435595 4 -2 -2 2 -2 2 2 -2 2 56.117888857907765 33.529394887101788 0.93620490043171722 -0.35145466906507095 1 -36.370515514587858 34.177239747295843
4 -11 -7 11 -7 11 7 -11 7 40.978568495012176 29.435457819448906 -0.80711019586463617 0.59040082294264173 4 -4.5 -3 4.5 -3 4.5 3 -4.5 3 16.353075684048406 22.79083727403432 0.96493203899358537 -0.26249982880695705 0
4 -2.5 -1 2.5 -1 2.5 1 -2.5 1 57.440081483737806 40.749628630469175 0.97649689003729401 0.21553149131273835 5 -9 -12 11 -9 14 6 1 15 -11 5 12.97465968971537 24.043340055727892 -0.94972397575973566 0.31308843777297335 0
3 -10 -8 12 -6 0 14 10.688512649313362 13.927990883962334 -0.70418199524079261 -0.71001951915330919 4 -16 -0.5 16 -0.5 16 0.5 -16 0.5 29.909955163197711 8.8836872704973935 0.89976585066035564 0.43637302160588082 1 -0.34108694373764537 0.7032936705203211
4 -27 -18 27 -18 27 18 -27 18 57.151817024696548 24.420984180760897 0.50305305145480372 -0.86425553363690455 4 -2.5 -1 2.5 -1 2.5 1 -2.5 1 42.871266483618122 16.445743055909983 0.70088487282889067 -0.71327441776614264 1 2.7935688703438823 1.6260391631649609
4 -16 -0.5 16 -0.5 16 0.5 -16 0.5 58.144571842938248 24.124180982064381 0.96630015467704478 -0.25741796959637303 4 -85 -50 85 -50 85 50 -85 50 14.339579073314779 3.8682338609962952 0.43619394617503243 0.89985267756464049 1 31.694071594210946 -15.363361696548134
3 -10 -8 12 -6 0 14 44.640059479192907 4.084291715279682 0.68211949139397499 -0.73124072606797885 3 -10 -8 12 -6 0 14 17.520719915291071 56.281384402870948 -0.60779841795431899 -0.79409135691822452 0
4 -85 -50 85 -50 85 50 -85 50 23.320341184712699 42.702845723888949 -0.62916913723722767 0.77726842001213625 4 -85 -50 85 -50 85 50 -85 50 39.400314755386475 29.62193901344758 -0.8299253569343048 0.55787444995936741 1 -92.119758773299623 -74.567430835532335
4 -4.5 -3 4.5 -3 4.5 3 -4.5 3 4.0463245865262909 3.5126471761564249 0.97171524329485326 -0.23615563924756097 4 -2 -2 2 -2 2 2 -2 2 43.492729084975139 26.214919131725761 0.27198380863420024 -0.96230182782785711 0
4 -2 -2 2 -2 2 2 -2 2 16.898453241233828 35.552614844590757 0.55377042317251035 0.83266939322839217 4 -85 -50 85 -50 85 50 -85 50 22.102110920284954 23.697342632774141 0.022293002819834987 0.99975148013157489 1 -47.28134816714325 1.0543052438161975
5 -9 -12 11 -9 14 6 1 15 -11 5 2.146958911868293 35.309371970136262 0.37143942746610958 -0.92845718895576912 4 -11 -7 11 -7 11 7 -11 7 4.4188834752272417 13.474031416324477 -0.97803241795979512 0.20845284699355052 1 0.055503112145473973 0.26041305628035444
4 -16 -0.5 16 -0.5 16 0.5 -16 0.5 1.1771039009331608 54.315598487292306 -0.066418474256843621 -0.9977918551869388 4 -11 -7 11 -7 11 7 -11 7 31.798087005766792 56.076411972159185 -0.17698007809355931 0.98421443393093844 0
4 -4.5 -3 4.5 -3 4.5 3 -4.5 3 13.10870726093821 40.467774242556295 -0.89549711051165326 -0.44506732644093294 4 -2.5 -1 2.5 -1 2.5 1 -2.5 1 13.252953913647911 30.942409738661542 -0.26030215168587767 0.96552720822755811 0
4 -2 -2 2 -2 2 2 -2 2 32.501778067389665 29.178548478255877 -0.37899471520390843 -0.92539883609582541 4 -11 -7 11 -7 11 7 -11 7 42.042127916493783 36.150205639911384 -0.9726040829639826 -0.23246784251115363 1 -2.8124699350086826 -0.67222503932585764
4 -4.5 -3 4.5 -3 4.5 3 -4.5 3 55.376750909190349 21.247986737863091 0.48459114998623803 -0.87474077151749097 3 -10 -8 12 -6 0 14 22.488804706025022 32.180490764294888 -0.9991435430280089 0.041378501971884682 0
4 -2 -2 2 -2 2 2 -2 2 48.091383717962287 20.073163459923272 -0.85481658965229701 0.51893024392033316 4 -16 -0.5 16 -0.5 16 0.5 -16 0.5 14.608113771360562 4.5425417409479607 0.77223655701869764 -0.63533510843011631 0
4 -27 -18 27 -18 27 18 -27 18 56.895396985538902 48.050347848479198 0.29937822606115422 0.9541345176443814 4 -85 -50 85 -50 85 50 -85 50 31.011496897932801 41.641104950526056 0.25315489510636535 -0.96742575895191318 1 51.204957692800249 13.399256298168357
3 -10 -8 12 -6 0 14 15.879075146079316 8.4758377132294704 0.99799566630081837 0.063282304357424185 4 -16 -0.5 16 -0.5 16 0.5 -16 0.5 8.2631046690083423 53.71046391559662 -0.38570018318129801 0.92262417521649254 0
4 -16 -0.5 16 -0.5 16 0.5 -16 0.5 11.014869633611395 10.550642631974885 -0.6436445621758069 -0.76532455702238766 3 -10 -8 12 -6 0 14 33.891837742744492 24.337858525529519 -0.69442995758023296 -0.71956030603078425 0
5 -9 -12 11 -9 14 6 1 15 -11 5 37.491662900102554 1.4527167672290631 0.073240268930867797 0.99731432507857531 4 -2.5 -1 2.5 -1 2.5 1 -2.5 1 17.308272405101249 47.131933182944927 0.23549771029333344 0.97187490370242469 0
4 -4.5 -3 4.5 -3 4.5 3 -4.5 3 58.294969984412276 35.821294362499984 -0.83129930856758427 -0.55582502604241946 4 -27 -18 27 -18 27 18 -27 18 55.856038311665564 25.302837619336621 0.97929062162645986 0.20245957224705854 1 -2.564160597274975 12.402764647705943
4 -16 -0.5 16 -0.5 16 0.5 -16 0.5 3.3964035793343839 8.0091172254039549 0.99544330823155491 0.09535523109414426 4 -4.5 -3 4.5 -3 4.5 3 -4.5 3 45.734610522631854 18.532380167015585 -0.68358664992648421 0.72986936642270872 0
4 -11 -7 11 -7 11 7 -11 7 19.727523291074924 55.590383708443092 0.65069841347188506 -0.75933627248088953 4 -2.5 -1 2.5 -1 2.5 1 -2.5 1 6.3960964811922576 39.659864298218785 0.029128183444222473 -0.99957568444277378 0
3 -10 -8 12 -6 0 14 47.235621007770291 46.492707375516957 0.86684819504451993 -0.49857216804396326 5 -9 -12 11 -9 14 6 1 15 -11 5 51.394921383086867 38.470104636742931 0.86249670457393424 -0.50606267852816778 1 -2.3745711645855021 14.337952513742556
4 -27 -18 27 -18 27 18 -27 18 17.091167701997033 45.497579029642864 -0.93406002498048113 0.35711604519184365 4 -11 -7 11 -7 11 7 -11 7 18.819154190059919 29.134310771305611 0.99013405784136554 0.1401233296157042 1 5.2802062003836969 13.810719517749446
5 -9 -12 11 -9 14 6 1 15 -11 5 32.381151743841819 28.336380389408575 -0.13102020475650022 0.9913796981709706 4 -2.5 -1 2.5 -1 2.5 1 -2.5 1 52.673440662510565 30.107999055245202 -0.32835351958691877 0.94455490373767204 0
4 -16 -0.5 16 -0.5 16 0.5 -16 0.5 36.135151566875109 48.316283732824211 -0.76632896643465065 -0.64244837551604095 4 -16 -0.5 16 -0.5 16 0.5 -16 0.5 3.9474166220924367 50.190890508153203 -0.49183154615602398 -0.87069037562486862 0
5 -9 -12 11 -9 14 6 1 15 -11 5 51.201468759415768 23.169548133117253 -0.52471696032777981 -0.85127675379066658 4 -16 -0.5 16 -0.5 16 0.5 -16 0.5 19.998776067410923 48.491999759841278 -0.80101648712951579 -0.59864228663425556 0
4 -2.5 -1 2.5 -1 2.5 1 -2.5 1 30.371781495722928 19.444802552828552 0.96579219027982643 -0.25931726744375433 4 -11 -7 11 -7 11 7 -11 7 22.509710673293306 48.36307744552979 0.93050098432980133 -0.36628939127590188 0
4 -4.5 -3 4.5 -3 4.5 3 -4.5 3 59.504780414993284 53.922790370907826 -0.72726340977538628 0.68635845795173134 4 -27 -18 27 -18 27 18 -27 18 6.5527936525240582 27.363266082136533 -0.99974736355435279 -0.022476856233037894 0
3 -10 -8 12 -6 0 14 15.333714047012002 12.748709911755595 0.9926003974179175 -0.12142673118301481 4 -27 -18 27 -18 27 18 -27 18 23.921958524093363 9.5934930087449715 -0.99058633821899467 -0.13688939525720595 1 -3.0899459174432407 22.360082794607173
4 -16 -0.5 16 -0.5 16 0.5 -16 0.5 45.878148783212126 40.777019646943756 -0.7848829699399853 -0.61964402966395804 3 -10 -8 12 -6 0 14 48.381972717082675 33.62261190743898 0.67686331993261906 -0.73610871896058461 1 -1.6754045696967861 2.1221805610356292
3 -10 -8 12 -6 0 14 28.041436390128535 56.057109733722697 0.99462553399557208 0.10353766041408849 4 -2.5 -1 2.5 -1 2.5 1 -2.5 1 9.8362166241836864 54.144741019189389 0.083141919460281738 0.99653771691213977 0
4 -4.5 -3 4.5 -3 4.5 3 -4.5 3 32.823460000583943 34.799198012193266 0.055303129029090799 0.99846961091441921 4 -16 -0.5 16 -0.5 16 0.5 -16 0.5 47.730778089970642 41.709827082998601 0.81816170842221558 -0.57498819020188718 0
4 -11 -7 11 -7 11 7 -11 7 54.968855306308086 40.344315588709044 0.24510459443019211 0.96949664145329095 5 -9 -12 11 -9 14 6 1 15 -11 5 30.29861856680224 18.851696325211332 0.9953552907932347 0.096269647812356515 0
5 -9 -12 11 -9 14 6 1 15 -11 5 32.767347387669403 19.108970499289867 0.90938411417955445 -0.4159573690630653 4 -27 -18 27 -18 27 18 -27 18 54.46300660038964 20.822333225229247 -0.9559081735807381 -0.29366573460575457 1 -19.314805310695359 -5.9337252751855507
4 -85 -50 85 -50 85 50 -85 50 1.3627574114387508 5.7481953518863342 -0.11978904792564431 0.99279936744393005 4 -2 -2 2 -2 2 2 -2 2 2.3058460903061762 59.009089906226635 -0.35700851098569636 0.93410113107937942 1 4.1520029425205678 -34.411375383152198
4 -2.5 -1 2.5 -1 2.5 1 -2.5 1 47.798007151960071 12.59621991314935 0.99999540413612775 0.0030317827465841012 4 -2.5 -1 2.5 -1 2.5 1 -2.5 1 12.48903233577666 47.26425429700236 -0.81816589933404094 -0.5749822268269863 0
4 -2 -2 2 -2 2 2 -2 2 51.384135249995417 6.3441268052169413 0.78095721908785387 0.62458451946439231 4 -16 -0.5 16 -0.5 16 0.5 -16 0.5 10.394204675995233 7.5631679626982429 -0.80666165698054459 0.59101351182303963 0
5 -9 -12 11 -9 14 6 1 15 -11 5 30.569560249620253 29.649437942117995 0.99028173411012632 -0.1390758321486554 4 -16 -0.5 16 -0.5 16 0.5 -16 0.5 17.496259239003916 24.453192593685451 -0.66690775690538995 -0.74514028463063342 1 4.5789586771760931 -4.0982122740441049
4 -85 -50 85 -50 85 50 -85 50 5.5192486100779554 51.192745075323543 0.81731621382897379 -0.5761893843279926 4 -2 -2 2 -2 2 2 -2 2 29.197504780307835 16.086373355283424 0.9897434174261871 -0.14285645824229432 1 21.687587482665286 30.763525622899067
4 -11 -7 11 -7 11 7 -11 7 11.195183531936561 58.510822115250427 0.95152734196843969 -0.30756416807956688 3 -10 -8 12 -6 0 14 42.226681957813376 27.949089155575955 0.72524258965401345 0.68849341765331373 0
4 -2 -2 2 -2 2 2 -2 2 42.140423800299885 44.359396854781345 0.27975959634437725 0.96007008507360081 3 -10 -8 12 -6 0 14 57.931379696282477 47.639938434810581 0.73767194430715755 0.67515931644471727 0
4 -11 -7 11 -7 11 7 -11 7 14.70972840590659 42.930668782365657 0.99080813652649502 -0.13527467092140513 4 -16 -0.5 16 -0.5 16 0.5 -16 0.5 37.182090398839151 52.47166250227346 0.98818097627706847 -0.15329174186530697 0
4 -16 -0.5 16 -0.5 16 0.5 -16 0.5 14.095693670191361 24.913975367301035 0.17061249060550232 0.9853382049070194 4 -16 -0.5 16 -0.5 16 0.5 -16 0.5 56.580957250588376 30.651734794986879 0.45396125092704864 0.89102142659800787 0
4 -16 -0.5 16 -0.5 16 0.5 -16 0.5 49.753138506620274 24.427882230097598 0.25945928327175899 0.96575404753182637 4 -16 -0.5 16 -0.5 16 0.5 -16 0.5 2.5703560563395622 46.247995012541594 -0.25351864863692042 0.96733049925726511 0
4 -85 -50 85 -50 85 50 -85 50 30.827119290304342 33.319812727825799 -0.41219183276226168 0.91109708209613294 4 -16 -0.5 16 -0.5 16 0.5 -16 0.5 13.061654667851316 36.780419475114144 0.85188256495905024 0.52373284746976634 1 46.626126626467858 21.094248863746465
3 -10 -8 12 -6 0 14 46.130099559394203 20.055096754655565 -0.016568417339244423 0.99986273435250728 4 -27 -18 27 -18 27 18 -27 18 9.2571710305865196 20.283138059635721 -0.90566978164617284 -0.42398378107301876 1 5.866903078080199 2.7465548709288625
4 -27 -18 27 -18 27 18 -27 18 41.613433673682799 12.29601111544299 -0.82296149623665993 0.56809715340944811 4 -16 -0.5 16 -0.5 16 0.5 -16 0.5 20.910627792295671 58.090213304357064 0.99989289724658958 0.01463536934351178 0
4 -4.5 -3 4.5 -3 4.5 3 -4.5 3 25.342292581893698 23.344983241403977 0.97367496129723363 0.22794093476782681 4 -2 -2 2 -2 2 2 -2 2 48.050032489332452 4.8732887151688349 0.22466553908045439 0.97443593711936183 0
3 -10 -8 12 -6 0 14 18.233090757216544 29.9116175545742 -0.95245663393337221 -0.30467418741388363 4 -11 -7 11 -7 11 7 -11 7 38.716180897666682 35.117393774089464 0.86989864474033485 0.49323052204717499 0
5 -9 -12 11 -9 14 6 1 15 -11 5 48.626849192576934 35.597000273983532 -0.95682948471343643 0.29064985323068665 4 -16 -0.5 16 -0.5 16 0.5 -16 0.5 49.294683833445269 12.63257071726423 -0.85997992662791245 -0.5103278610825106 0
3 -10 -8 12 -6 0 14 9.6939455926116498 36.358403730311188 -0.71755942363390679 -0.69649728897833874 4 -27 -18 27 -18 27 18 -27 18 47.384124897755768 17.412231603833465 -0.17841862501004685 -0.98395467083068633 0
3 -10 -8 12 -6 0 14 1.2719346619319905 50.265159923186829 -0.7619451046924387 -0.6476416118774555 3 -10 -8 12 -6 0 14 39.516507005036829 49.457928855433799 -0.99824197253020341 -0.059270264711815172 0
4 -27 -18 27 -18 27 18 -27 18 16.720716269679837 43.714747685620779 -0.061798885507328934 -0.99808862219246441 4 -27 -18 27 -18 27 18 -27 18 59.828808566048039 31.583629596764009 0.99937831360063123 0.035256010902516649 1 -2.8370767054349795 0.1756639386486035
4 -85 -50 85 -50 85 50 -85 50 33.802452188886932 25.177827877812316 -0.34585974910579842 0.93828622176203469 4 -27 -18 27 -18 27 18 -27 18 16.148568834993782 45.781552736290486 0.83016533311834928 0.55751728196397654 1 66.662253969441736 24.572235953119936
5 -9 -12 11 -9 14 6 1 15 -11 5 27.385119658886374 5.0863061959579952 -0.89818761094220978 -0.43961234690341167 4 -2 -2 2 -2 2 2 -2 2 39.119436372486163 50.027914862157601 0.53124424831956696 -0.84721871357246248 0
3 -10 -8 12 -6 0 14 49.938262339454482 8.6355848894927867 -0.60570749116718792 -0.7956873978793122 4 -85 -50 85 -50 85 50 -85 50 43.73358375080555 12.11737837986284 -0.13153069973021511 -0.99131209769097439 1 54.077443417450866 -7.1751812460335209
4 -27 -18 27 -18 27 18 -27 18 21.154042382870482 2.1239989399343506 -0.27292979947885787 -0.96203395187302532 4 -85 -50 85 -50 85 50 -85 50 25.049344508373395 53.959340963027529 0.75903521259072726 -0.65104957264969421 1 -26.157659143151843 -30.496271255954053
4 -85 -50 85 -50 85 50 -85 50 4.3341149812666373 32.605301422899075 0.92557719355473023 -0.37855892377719674 4 -16 -0.5 16 -0.5 16 0.5 -16 0.5 5.1793851906083059 51.167133583993277 -0.82314711283439246 0.56782816998842522 1 -13.783850596243688 -33.701537461992949
4 -11 -7 11 -7 11 7 -11 7 9.4092995203921852 26.088989215262615 0.57367877141792878 -0.8190803789765787 5 -9 -12 11 -9 14 6 1 15 -11 5 40.38334659007905 9.6672425713748602 0.68286832953184828 -0.73054147351288889 0
3 -10 -8 12 -6 0 14 52.556477113754646 38.248496315850034 0.22292876645424045 -0.97483473732073722 3 -10 -8 12 -6 0 14 3.4885755723633527 27.103020737611875 -0.55082879638689008 0.83461825828996217 0
3 -10 -8 12 -6 0 14 21.268557085845863 45.042528175519017 0.99379821640282351 0.11119849403012029 4 -2.5 -1 2.5 -1 2.5 1 -2.5 1 57.885765352420663 35.593909015837383 0.74498484854760272 -0.66708138591517119 0
5 -9 -12 11 -9 14 6 1 15 -11 5 8.756319816594262 56.74376810452317 0.97086276764276369 -0.23963615421098944 4 -16 -0.5 16 -0.5 16 0.5 -16 0.5 32.407139260540923 57.452669330996251 0.86458106201260754 -0.50249337031363084 1 -0.1698594422955606 -0.14996096347808766
4 -85 -50 85 -50 85 50 -85 50 44.386292539265014 8.995625312498257 -0.75843360553720141 0.65175030954487534 4 -2 -2 2 -2 2 2 -2 2 22.221426619389078 44.741043996330959 0.71263443731106857 -0.70153557198358574 1 -25.722024766771323 -29.93239542794009
5 -9 -12 11 -9 14 6 1 15 -11 5 7.0523456633878157 33.892594526661469 -0.99285268396263204 -0.11934633613227474 3 -10 -8 12 -6 0 14 20.462236329368221 29.649426763388654 -0.19774026042902959 -0.98025445135712574 1 -5.0870686372319982 0.55356838565538635
3 -10 -8 12 -6 0 14 15.541724525874843 15.501917455197978 0.52758593070415816 0.84950166905252589 4 -16 -0.5 16 -0.5 16 0.5 -16 0.5 29.746365165712561 26.038984806779176 0.6346898776932528 -0.7727669500915032 0
4 -2.5 -1 2.5 -1 2.5 1 -2.5 1 47.609968238101089 22.222575983609087 -0.9346731924894307 0.35550811979702462 3 -10 -8 12 -6 0 14 12.177552501465076 9.9771953344542581 0.79012067301016731 -0.61295132113566764 0
4 -2 -2 2 -2 2 2 -2 2 50.680561973117882 43.88916435549492 0.92384442673266465 0.38276817421906195 4 -16 -0.5 16 -0.5 16 0.5 -16 0.5 26.126573070952787 28.461865238347666 0.53118434573206719 -0.84725627223951294 0
4 -27 -18 27 -18 27 18 -27 18 26.525583388793365 59.736988717754883 -0.25386541387556399 0.96723955235390813 4 -2.5 -1 2.5 -1 2.5 1 -2.5 1 50.234057650138489 51.887826955002147 -0.7782884836890902 0.62790686901557047 0
3 -10 -8 12 -6 0 14 37.871953204215998 15.925753731197075 0.38854289887565552 0.92143063533469627 4 -2 -2 2 -2 2 2 -2 2 55.506259800508246 34.797926295450758 -0.35083466601248875 -0.93643741762271837 0
4 -4.5 -3 4.5 -3 4.5 3 -4.5 3 14.890837720381882 15.105483067860888 0.13450407574451848 0.99091304038654815 4 -2 -2 2 -2 2 2 -2 2 40.189850756764784 42.72790209783647 0.7844795570049431 0.6201546779968109 0
3 -10 -8 12 -6 0 14 52.004031391453957 58.886729213463859 0.54837950505309219 0.83622958476588571 3 -10 -8 12 -6 0 14 10.305337357688176 42.858775650636346 0.63853928715460606 -0.76958922728952461 0
5 -9 -12 11 -9 14 6 1 15 -11 5 35.534786945884854 47.907846234874725 -0.40934078507181132 -0.91238156583569419 4 -85 -50 85 -50 85 50 -85 50 17.232299880688455 41.228450635301641 0.29018619497991655 0.95697020446985592 1 43.23928259130625 -13.111633810776334
4 -2.5 -1 2.5 -1 2.5 1 -2.5 1 3.7901368021428961 26.434915998236228 -0.66007497492257394 -0.75119972542657609 4 -27 -18 27 -18 27 18 -27 18 54.454591541336221 16.826257186205712 -0.83027147048275762 0.55735920670820482 0
5 -9 -12 11 -9 14 6 1 15 -11 5 52.848483464057473 42.867022878183043 0.97297762420484313 -0.23089942138667013 4 -27 -18 27 -18 27 18 -27 18 41.161251092357652 8.3413653586520589 -0.42795414996282366 0.90380044563476347 1 6.4962163717502701 3.0759917952844535
5 -9 -12 11 -9 14 6 1 15 -11 5 22.990157973574661 52.458964460004999 -0.63684145361383815 0.7709947878935457 3 -10 -8 12 -6 0 14 43.302019587664979 45.915375054795618 -0.99978765753118459 -0.020606791315164137 1 -2.7995624246239275 2.6784503234463197
5 -9 -12 11 -9 14 6 1 15 -11 5 57.162278665900487 14.598202169410984 -0.50225099051591804 -0.86472188738679401 5 -9 -12 11 -9 14 6 1 15 -11 5 43.854129716232954 24.996622420415072 -0.32196815699329323 -0.94675049822133295 1 8.7018333782890327 -3.4485098465973536
4 -2 -2 2 -2 2 2 -2 2 45.192858876295702 21.58628208479762 0.17689621848592912 0.98422950976150803 3 -10 -8 12 -6 0 14 58.661310758718543 58.113459289034132 -0.33207485868809622 0.94325303510101721 0
3 -10 -8 12 -6 0 14 38.954518987346859 10.035599538821822 -0.26204034068483356 0.96505692052530057 3 -10 -8 12 -6 0 14 22.818245249069623 37.738925592984764 -0.67710575995508848 0.7358857179179672 0
4 -4.5 -3 4.5 -3 4.5 3 -4.5 3 26.157168159205526 23.948221408995426 0.37820039066996608 -0.92572375171920751 4 -4.5 -3 4.5 -3 4.5 3 -4.5 3 23.459551247018741 42.879345482532045 0.96459105011525403 -0.26375008253562987 0
4 -16 -0.5 16 -0.5 16 0.5 -16 0.5 6.7746560974458259 25.218233536542424 -0.23616208850079229 0.97171367591227409 5 -9 -12 11 -9 14 6 1 15 -11 5 2.7529139168525196 5.4413388973477383 0.37402636381234006 0.9274180714075605 1 2.7986518776358102 4.2647432632991507
3 -10 -8 12 -6 0 14 40.521116453009647 49.384203110556314 -0.29916011963443939 -0.95420292538867635 4 -2 -2 2 -2 2 2 -2 2 9.5955611502582165 46.379197820713692 -0.85593412214009046 -0.51708488525219209 0
5 -9 -12 11 -9 14 6 1 15 -11 5 50.503601960501399 14.2396180255251 -0.97383338949181386 0.22726312835760487 4 -4.5 -3 4.5 -3 4.5 3 -4.5 3 47.544379985775919 2.8770820715077994 0.12719203543683497 -0.99187811051632491 1 -3.275575878214255 6.5213818366744274
4 -4.5 -3 4.5 -3 4.5 3 -4.5 3 51.189411210877545 41.000367737111553 -0.1763985396274155 -0.98431882803150483 4 -11 -7 11 -7 11 7 -11 7 30.231805169439149 3.7534271613456816 0.54772877009065746 -0.83665595940922799 0
4 -27 -18 27 -18 27 18 -27 18 33.698627690473707 35.598320417139625 -0.74888109489702004 -0.6627043878727833 4 -85 -50 85 -50 85 50 -85 50 17.902467635620667 40.991717650448138 -0.84501847590797652 0.53473710865635704 1 41.204143073754608 65.112859417530913
4 -4.5 -3 4.5 -3 4.5 3 -4.5 3 33.155514534488319 15.52302703931958 0.99972076203252425 0.023630445639238155 3 -10 -8 12 -6 0 14 10.702135242323168 40.078158493865232 0.82217470554213246 -0.56923523570375345 0
5 -9 -12 11 -9 14 6 1 15 -11 5 52.752747968999024 21.934364002834595 -0.40039911748958995 0.91634084636316282 4 -2.5 -1 2.5 -1 2.5 1 -2.5 1 44.381411619108746 24.727694830434185 0.066761264441251494 -0.99776897805564457 1 5.6521091725751527 -1.1080824409246917
4 -4.5 -3 4.5 -3 4.5 3 -4.5 3 17.003427259143166 35.574633818960464 -0.82994108166622904 0.55785105625309139 4 -4.5 -3 4.5 -3 4.5 3 -4.5 3 19.184787608918651 28.798319501016163 0.74071959177021685 0.67181432432463317 1 -1.0773380933635546 1.1878362872315669
4 -2 -2 2 -2 2 2 -2 2 36.185562138233898 43.721943964806869 0.043800133578898802 -0.99904031365029045 4 -2.5 -1 2.5 -1 2.5 1 -2.5 1 28.796356618624237 34.53444769712705 -0.82371177538237883 -0.56700873987656442 0
3 -10 -8 12 -6 0 14 19.377065231384144 33.475000696966006 0.96178451148654409 0.2738075117022718 4 -2.5 -1 2.5 -1 2.5 1 -2.5 1 54.597646282483552 8.1298711830490245 -0.92807445960746859 0.37239467964017053 0
4 -11 -7 11 -7 11 7 -11 7 54.745792860020856 8.0036348856864024 -0.9305749656830673 -0.36610139748976378 3 -10 -8 12 -6 0 14 48.816647722654153 21.276417153984482 -0.59481004273500115 0.80386629053691883 1 0.022862669704485691 -0.058113485011402989
4 -2 -2 2 -2 2 2 -2 2 39.071760592033975 22.113454306652805 0.97030313925770439 -0.24189216181315998 4 -11 -7 11 -7 11 7 -11 7 19.913759514623774 42.112024411435769 -0.52978950260249025 -0.84812916641995395 0
4 -11 -7 11 -7 11 7 -11 7 42.348705526097156 1.3629554103510833 0.49621313337543632 -0.86820074076548193 3 -10 -8 12 -6 0 14 9.5568120114975414 51.220701562559192 0.3216059349962801 0.9468736043290934 0
4 -2.5 -1 2.5 -1 2.5 1 -2.5 1 20.132520283857616 44.471966623153037 0.016966152938255104 0.99985606446851927 4 -4.5 -3 4.5 -3 4.5 3 -4.5 3 23.832856667686801 13.115871627155487 -0.13235910643576576 -0.99120182957030789 0
3 -10 -8 12 -6 0 14 21.464206192129804 32.991237572615404 -0.33913641435519454 -0.94073720690653129 4 -16 -0.5 16 -0.5 16 0.5 -16 0.5 49.814607665456393 41.834096857978615 -0.69556591377971 0.71846228821546154 0
4 -2.5 -1 2.5 -1 2.5 1 -2.5 1 0.69482994455694946 33.290085692889349 -0.77449869382410053 -0.63257550795518647 4 -27 -18 27 -18 27 18 -27 18 35.111006817305906 22.087260428832018 0.68706883563881127 -0.72659233074257545 0
4 -2.5 -1 2.5 -1 2.5 1 -2.5 1 38.324011815053524 15.287503167878844 -0.23638354757694344 -0.971659826500478 5 -9 -12 11 -9 14 6 1 15 -11 5 28.295437280290365 25.470779527606659 -0.22507353462389831 -0.97434177987598625 1 0.57114774290572368 -0.62773502313174467
4 -85 -50 85 -50 85 50 -85 50 17.743386553669151 16.552643528837606 0.36629501285374549 0.93049877139009396 4 -4.5 -3 4.5 -3 4.5 3 -4.5 3 36.084826069174845 16.432848331903067 -0.82266844562271546 0.56852144073614774 1 -35.316395649229968 13.902457473379499
3 -10 -8 12 -6 0 14 19.83366304248333 19.544362559192894 -0.76644285184297689 0.64231250560673703 4 -2.5 -1 2.5 -1 2.5 1 -2.5 1 46.166795452452845 44.492152424070284 -0.61386061547950965 -0.78941443156501612 0
4 -2.5 -1 2.5 -1 2.5 1 -2.5 1 7.5692446299762413 31.683978436286338 0.99999998241860477 -0.00018751743929888319 4 -2.5 -1 2.5 -1 2.5 1 -2.5 1 55.431992256842662 8.8655693453755475 -0.82402761995652418 0.56654962849585033 0
4 -2.5 -1 2.5 -1 2.5 1 -2.5 1 6.9771813296027503 58.957780843091626 0.31971380370942409 -0.94751416016735701 4 -85 -50 85 -50 85 50 -85 50 30.912927896991615 28.925435472021739 -0.53266319573888199 -0.84632731251286075 1 -13.808022492595574 8.6905211246252385
5 -9 -12 11 -9 14 6 1 15 -11 5 25.955460139549441 41.932609368890226 -0.94601754919795977 -0.32411540631306884 5 -9 -12 11 -9 14 6 1 15 -11 5 43.408632884287897 29.762369330345752 -0.20152416393752895 -0.97948354317429953 1 -3.39794355384528 2.0645557967763648
4 -11 -7 11 -7 11 7 -11 7 53.007233779285798 41.96634790858181 -0.90427682568930245 0.42694662725132143 3 -10 -8 12 -6 0 14 35.763700287559338 39.50550310998311 -0.73800081185146105 0.6747998234340199 1 2.2973976946853765 3.021868550031285
4 -4.5 -3 4.5 -3 4.5 3 -4.5 3 23.093162786513822 35.104689173144138 -0.02617537098769528 0.99965736627789448 4 -85 -50 85 -50 85 50 -85 50 17.423599789024173 42.096441238516441 0.99949928868601678 -0.031641300797319527 1 -1.5142576696491634 -47.833035480952773
4 -11 -7 11 -7 11 7 -11 7 15.853950956680286 3.0086688547046503 0.3779548137851228 0.92582404307549349 3 -10 -8 12 -6 0 14 45.640873368063424 31.145098358886177 -0.99372877615349553 0.11181734858453761 0
3 -10 -8 12 -6 0 14 15.213290342513714 17.3960091012802 0.99567594743157228 -0.092894605366732566 4 -11 -7 11 -7 11 7 -11 7 42.751175115500857 41.957227120937205 0.57207314213769722 -0.82020260914282761 0
4 -27 -18 27 -18 27 18 -27 18 40.626016849550254 32.884733383492716 0.010563609116757777 0.99994420352459079 4 -2 -2 2 -2 2 2 -2 2 20.137413451035194 22.568290142275316 -0.49714952565999909 -0.86766488296809496 1 0.34314807447090301 -0.0036250843948109988
4 -27 -18 27 -18 27 18 -27 18 13.289644067718299 10.309185811231584 0.47234679334645674 0.8814127902494493 5 -9 -12 11 -9 14 6 1 15 -11 5 39.56045094869873 42.002607078174151 0.2819040296941373 0.95944260799810577 0
4 -27 -18 27 -18 27 18 -27 18 19.616500090284195 2.1649641290848831 -0.36935525142129338 -0.92928827510493917 4 -2 -2 2 -2 2 2 -2 2 59.187309831262425 34.577940966631957 0.78400584097653692 0.62075344647828823 0
4 -2 -2 2 -2 2 2 -2 2 4.394220024626641 31.025833392390567 -0.99849023252722868 0.054929550769333833 4 -27 -18 27 -18 27 18 -27 18 31.817040820086163 24.955606497595394 0.99703168988481072 -0.076992268218559035 1 -1.2312825533315055 0.095081467881812112
4 -27 -18 27 -18 27 18 -27 18 3.9378246751681067 2.0869952399004821 -0.028675555216486369 -0.99958877171216076 4 -4.5 -3 4.5 -3 4.5 3 -4.5 3 27.971357214626874 50.239043685871799 -0.65835342662658014 0.75270895148725325 0
4 -11 -7 11 -7 11 7 -11 7 17.323698648085994 15.295591908356416 0.53902387779824423 -0.84229048383757932 4 -4.5 -3 4.5 -3 4.5 3 -4.5 3 4.7420922004344508 7.7228610788131746 -0.82315977954398156 0.567809807366079 0
3 -10 -8 12 -6 0 14 27.766030080409269 29.534423567381612 0.072961487070939302 -0.99733475894726398 5 -9 -12 11 -9 14 6 1 15 -11 5 4.0228293351925775 19.472712076959038 0.36324141439941476 0.9316950546531374 0
4 -2.5 -1 2.5 -1 2.5 1 -2.5 1 30.283217687293941 24.871241969820332 0.51671854171085563 -0.8561553297458393 4 -2.5 -1 2.5 -1 2.5 1 -2.5 1 9.1928346006799533 37.171468585658737 0.98868151407619143 0.15002954283743511 0
5 -9 -12 11 -9 14 6 1 15 -11 5 7.6614106105793862 49.224677021803622 0.98791037857450936 0.15502607491892986 3 -10 -8 12 -6 0 14 41.306618711428655 14.56482882636327 0.80941761495604791 -0.58723344982967629 0
4 -11 -7 11 -7 11 7 -11 7 36.486044434000732 43.231348811361613 -0.92235272496731791 0.38634887180547473 4 -27 -18 27 -18 27 18 -27 18 57.562777499402735 34.911245202503665 -0.51078645553314228 0.85970762288343661 1 -14.017193611887636 -8.3281716376134192
3 -10 -8 12 -6 0 14 55.521688207550177 50.366227700920113 -0.29150573196049606 -0.95656908178875166 4 -27 -18 27 -18 27 18 -27 18 51.010001601127797 19.027321666755586 -0.045569177980309149 0.99896118544125567 1 -0.23686793758273375 5.1925860023834431
4 -85 -50 85 -50 85 50 -85 50 56.142246927098732 52.030354928133484 0.5377075391181646 -0.84313142651397321 4 -85 -50 85 -50 85 50 -85 50 16.476886137976912 3.9516423534887712 0.85444671766660529 0.51953903286352277 1 64.714779281359384 41.271886704341981
5 -9 -12 11 -9 14 6 1 15 -11 5 3.2744412876861784 57.583441748932621 0.036457884343826442 -0.99933519034864982 4 -2.5 -1 2.5 -1 2.5 1 -2.5 1 38.103412257934608 21.02490066975308 -0.71331656204096416 0.70084198099005124 0
5 -9 -12 11 -9 14 6 1 15 -11 5 46.568068802155956 59.655413152644954 -0.82790586144460421 -0.56086708281523145 4 -27 -18 27 -18 27 18 -27 18 10.440204444269543 30.685179993598211 -0.67656271984956573 0.73638501214361918 0
4 -11 -7 11 -7 11 7 -11 7 42.738348580757972 38.812010742134554 -0.62908080655913579 0.77733991201977215 4 -4.5 -3 4.5 -3 4.5 3 -4.5 3 53.549600626686981 37.027753948359958 0.82484998919206187 -0.56535165634307238 1 -3.0148688030629938 -2.4398542632050049
4 -85 -50 85 -50 85 50 -85 50 2.8267404443831623 30.597094414384273 -0.77221762471573252 0.63535811955022037 4 -27 -18 27 -18 27 18 -27 18 3.3792323007959735 59.782454556014684 0.37080749452466566 -0.92870975121635291 1 -35.509692588907541 -43.158668507776248
4 -27 -18 27 -18 27 18 -27 18 43.512312805256258 46.935996663782682 -0.82184847701016572 -0.56970613550853666 3 -10 -8 12 -6 0 14 46.969918347650236 50.891083094270634 -0.66083645429917826 0.75052993322671024 1 14.657498912787188 -21.144661093564451
4 -27 -18 27 -18 27 18 -27 18 19.909360506075863 2.4477778333266187 -0.53580312162817223 0.84434294860175507 5 -9 -12 11 -9 14 6 1 15 -11 5 49.199385641986446 1.7534215234836914 0.9947946320308958 0.10190014760791334 1 -5.9575429400217272 -3.780537410519786
4 -2 -2 2 -2 2 2 -2 2 53.750465651178288 17.852201723921286 -0.35188744632691266 0.93604232015306021 5 -9 -12 11 -9 14 6 1 15 -11 5 47.223252739098655 46.429932065810462 0.48880365512711788 0.87239382547927835 0
4 -2.5 -1 2.5 -1 2.5 1 -2.5 1 18.503371314693851 10.096349536477621 0.99210097534256125 0.12544183801403241 4 -4.5 -3 4.5 -3 4.5 3 -4.5 3 12.855046685764417 21.943858692608874 0.60813847878453775 0.79383095846762508 0
5 -9 -12 11 -9 14 6 1 15 -11 5 5.3491365579487322 35.942123351479559 -0.94470004309075339 0.32793570800437194 4 -4.5 -3 4.5 -3 4.5 3 -4.5 3 17.738454797032006 41.068333405753854 -0.19454947200567327 -0.98089270715115107 1 -2.3671860786836758 0.46950578630015544
4 -27 -18 27 -18 27 18 -27 18 21.319599691676007 51.706225349074444 -0.030649539194246678 -0.99953019251405328 4 -85 -50 85 -50 85 50 -85 50 34.181194420747758 36.025188655887128 -0.39269541468299968 -0.91966858774612226 1 -53.904868718912709 23.017198866043731
5 -9 -12 11 -9 14 6 1 15 -11 5 50.848370857898516 56.572134394375276 0.55855371077805038 -0.82946835513844042 4 -2 -2 2 -2 2 2 -2 2 56.314626352865808 54.176463309087559 -0.74301216995830033 -0.66927790587607017 1 -10.230776722768377 0.13202039333002966
5 -9 -12 11 -9 14 6 1 15 -11 5 55.790378857423036 33.989558216557775 0.036084856142444423 0.99934872950195874 4 -4.5 -3 4.5 -3 4.5 3 -4.5 3 45.42933149398548 39.349139887306016 -0.31872187524108236 -0.94784828229142659 1 4.5247408852832152 -3.380397477492687
4 -27 -18 27 -18 27 18 -27 18 38.177954632791732 56.337339937673008 0.2075683781139013 -0.97822051113599351 5 -9 -12 11 -9 14 6 1 15 -11 5 48.701317645514173 57.895539327329779 0.50230210542716347 0.86469219661301366 1 -18.067420153679745 -3.8337215947829955
5 -9 -12 11 -9 14 6 1 15 -11 5 29.504396512948549 13.866599733571377 -0.63648829154417708 0.77128636363362124 4 -85 -50 85 -50 85 50 -85 50 45.954619523378462 35.027310106175165 -0.8094189250316256 -0.58723164407297368 1 32.962180367367317 -45.433880937685871
4 -85 -50 85 -50 85 50 -85 50 5.224341594342004 4.8476799416350485 0.9925793405824368 0.12159873621438221 4 -16 -0.5 16 -0.5 16 0.5 -16 0.5 35.913064247761461 2.5183830395596996 -0.88156940061517575 -0.47205443743174341 1 -6.1047615137993514 49.831604722412479
4 -27 -18 27 -18 27 18 -27 18 47.372731138808739 41.635783441242431 -0.51360346832863712 -0.85802766699028687 4 -16 -0.5 16 -0.5 16 0.5 -16 0.5 55.1878114902633 52.55874797763893 0.97417247774035787 -0.22580518951789408 1 -9.7560636185018392 -16.298512416266732
4 -4.5 -3 4.5 -3 4.5 3 -4.5 3 16.29478551958583 17.525519777227728 -0.89969095435142066 0.43652741799139028 4 -85 -50 85 -50 85 50 -85 50 35.812235818263986 28.100934296998851 0.9778083738208625 -0.20950127466390386 1 -8.2871303712700985 -38.678645201432964
4 -4.5 -3 4.5 -3 4.5 3 -4.5 3 43.070519822421559 20.027046040174007 -0.61851933665377401 -0.78576957830230065 4 -2.5 -1 2.5 -1 2.5 1 -2.5 1 23.83152955829588 49.224968012195433 -0.28492934536040865 0.95854852154311365 0
3 -10 -8 12 -6 0 14 7.8389075718679884 27.880563826300136 -0.92317328774422658 0.38438402775806829 4 -11 -7 11 -7 11 7 -11 7 14.737355375846972 43.998087624669068 0.94018880180121633 0.34065380809201773 1 -0.55503625204182439 -1.7699237006424828
4 -4.5 -3 4.5 -3 4.5 3 -4.5 3 31.61923470920372 44.369184973277605 -0.59801814916035212 0.80148255955749093 4 -16 -0.5 16 -0.5 16 0.5 -16 0.5 28.762719870261716 32.753412431082793 -0.77384122336110128 -0.63337963420605359 0
4 -4.5 -3 4.5 -3 4.5 3 -4.5 3 18.683199717538454 1.1212996670344633 -0.94868733212205458 0.31621566354489539 4 -16 -0.5 16 -0.5 16 0.5 -16 0.5 15.768195086295879 6.8768028489599757 -0.4479941408781638 0.89403649239772975 1 5.1627905663636167 2.5870307800400369
4 -16 -0.5 16 -0.5 16 0.5 -16 0.5 30.393236782310282 4.2809204991997518 -0.4773595358502104 0.87870807071112744 3 -10 -8 12 -6 0 14 41.341932679452498 50.946155666666179 0.66359591528945772 0.74809121182590221 0
3 -10 -8 12 -6 0 14 42.259974492118886 46.292358457661969 0.40932671280469629 0.91238787924023934 4 -27 -18 27 -18 27 18 -27 18 27.895077462843918 37.533562349925482 0.86986451487522143 -0.49329071120475781 1 6.1654252217630132 10.872056776480024
4 -85 -50 85 -50 85 50 -85 50 22.272912446426567 38.46379222601081 0.083441019974000052 0.99651271752331316 4 -4.5 -3 4.5 -3 4.5 3 -4.5 3 43.799187130307466 47.541296390086217 -0.83986945068003838 0.5427884540172262 1 -34.56774981062852 2.8944621093984302
3 -10 -8 12 -6 0 14 54.62203355320834 43.491065362021956 0.49973750485670709 -0.8661769023932655 4 -2.5 -1 2.5 -1 2.5 1 -2.5 1 35.670854817306029 42.114509596184256 0.93564656551370984 0.35293838618432977 0
4 -11 -7 11 -7 11 7 -11 7 55.259377223672821 19.264832815623567 -0.74804657634759353 -0.66364623076955986 3 -10 -8 12 -6 0 14 13.566866222762883 56.937514473148084 0.66951368866978767 0.74279971774615983 0
4 -27 -18 27 -18 27 18 -27 18 58.241100941267788 56.709032669871085 0.99981948660936648 0.018999847267355104 3 -10 -8 12 -6 0 14 37.418993806779739 47.389086035987148 -0.20517939399728255 0.97872438218270008 1 14.656609325816813 4.4906074891988723
4 -11 -7 11 -7 11 7 -11 7 6.5806104772843383 22.00522713575705 0.97897773896612228 -0.20396712139160803 3 -10 -8 12 -6 0 14 51.489225321451514 10.228380069871781 -0.51340428753896783 -0.85814686245222904 0
3 -10 -8 12 -6 0 14 18.274409194460961 12.937352982301695 -0.68001985054798231 0.73319370077810941 4 -16 -0.5 16 -0.5 16 0.5 -16 0.5 24.413962859772916 25.838686569947885 0.26545228194058246 0.96412399929290082 1 -5.2804129146787186 -5.8726548500336602
3 -10 -8 12 -6 0 14 45.219996953108129 35.60305041904352 0.2875704429253283 0.95775948982807291 4 -11 -7 11 -7 11 7 -11 7 51.805700073107673 28.792115774758955 -0.22354627560000731 -0.97469331723643493 1 -6.2175321115372402 1.4259933072060293
4 -2 -2 2 -2 2 2 -2 2 9.8917294877894975 38.52452928473155 -0.11367573533391173 0.99351790481918067 4 -2 -2 2 -2 2 2 -2 2 0.68353038849780612 32.62768431610268 0.99925685730528768 -0.038545208889819854 0
4 -85 -50 85 -50 85 50 -85 50 2.7270716600473688 54.366720834551806 0.9663275149516416 -0.25731524215907781 3 -10 -8 12 -6 0 14 56.071352366171567 49.69780138720062 0.99796104500783156 0.063825955902569551 1 -37.862807981848505 10.082169299670174
4 -85 -50 85 -50 85 50 -85 50 22.102155201029912 16.896831868146965 -0.99912941229105723 -0.04171831126647698 5 -9 -12 11 -9 14 6 1 15 -11 5 25.643940374629327 22.67059712127789 -0.85150389274514104 0.52434828181264348 1 2.346776759604861 -56.203945304143758
4 -85 -50 85 -50 85 50 -85 50 14.193849806318523 45.633355526150467 0.43213352306474301 -0.90180963525771518 4 -85 -50 85 -50 85 50 -85 50 38.579468866844564 25.49510252183466 -0.9934187173990624 -0.11453930295405948 1 -14.18655590735113 123.04239514573858
3 -10 -8 12 -6 0 14 8.3941566276814523 58.74986603109614 -0.85917160662388115 -0.5116875515110163 4 -4.5 -3 4.5 -3 4.5 3 -4.5 3 36.214003461784266 22.050750850114547 -0.48871449219179292 0.87244377762794434 0
4 -11 -7 11 -7 11 7 -11 7 28.056549887581451 21.549837435865918 0.85964847459851257 0.510885995228339 4 -2.5 -1 2.5 -1 2.5 1 -2.5 1 18.274503569754948 37.103760758458712 0.73305649218733093 -0.68016775817588238 0
4 -4.5 -3 4.5 -3 4.5 3 -4.5 3 13.005971219714958 12.591112603033622 -0.93914871660132182 0.34351082676691591 4 -2 -2 2 -2 2 2 -2 2 36.20682964856686 43.970131047384797 -0.95953381457506548 0.28159342798975967 0
4 -16 -0.5 16 -0.5 16 0.5 -16 0.5 5.1851548228698991 50.3617913654193 -0.22715175144575808 -0.97385937476368967 5 -9 -12 11 -9 14 6 1 15 -11 5 17.037211924056173 48.795985965715658 0.10689229899990182 -0.99427060522501398 1 -2.8238131205623604 0.65865166235823103
4 -4.5 -3 4.5 -3 4.5 3 -4.5 3 9.1388196035998615 44.695856903675491 -0.75156154321088164 0.65966297968468579 3 -10 -8 12 -6 0 14 2.0122878056102622 53.006253346910711 0.77462815651110162 -0.63241696620205579 1 4.3184271840236521 -0.62728969308577509
4 -2.5 -1 2.5 -1 2.5 1 -2.5 1 25.906703336426919 5.5963228446615947 -0.1882249407392762 -0.98212594491933469 3 -10 -8 12 -6 0 14 45.247070935189065 19.65494280571129 -0.62131660491695162 0.78355961895344806 0
4 -16 -0.5 16 -0.5 16 0.5 -16 0.5 16.478466852367941 24.28371929515945 0.99583378312822479 -0.091187040639159875 4 -27 -18 27 -18 27 18 -27 18 39.931425240918209 57.872718786808662 -0.91411873628206586 -0.40544658831722707 0
4 -4.5 -3 4.5 -3 4.5 3 -4.5 3 5.2205383339402101 42.397767517107219 -0.55348732410741652 -0.83285760010485088 4 -11 -7 11 -7 11 7 -11 7 11.983617040277538 15.289057005175222 -0.99984976540241444 0.017333396226267728 0
5 -9 -12 11 -9 14 6 1 15 -11 5 59.097118394774633 53.69525599759433 -0.8018634737597462 -0.59750729656628698 5 -9 -12 11 -9 14 6 1 15 -11 5 48.566797682978155 4.8512137591689841 0.31573828119775077 0.94884631937226271 0
4 -4.5 -3 4.5 -3 4.5 3 -4.5 3 15.313955070500471 50.644204895212056 -0.91830059243626017 0.39588384904061635 4 -11 -7 11 -7 11 7 -11 7 3.1423990173482297 15.252303294509041 -0.95196556028647339 -0.3062051143081394 0
4 -85 -50 85 -50 85 50 -85 50 28.243591364292708 5.0438055666462134 0.77035728893458677 0.63761245861836291 4 -11 -7 11 -7 11 7 -11 7 25.117251239906498 19.689021929438734 -0.93034658842402918 -0.36668136768558351 1 29.837732141058687 -36.04966328598708
3 -10 -8 12 -6 0 14 45.586908883620708 8.961433881809759 0.65533254230913984 0.75534049208991805 4 -11 -7 11 -7 11 7 -11 7 56.885752532362275 0.33948090588883373 0.84503184136576592 0.53471598730352454 1 -2.8044469662594476 2.0189456964325259
4 -2 -2 2 -2 2 2 -2 2 13.815925965048921 53.202733335752058 0.45263301305262904 0.89169689664980811 3 -10 -8 12 -6 0 14 31.335833329017795 10.648409560865096 -0.98642410006646442 -0.16421782731502024 0
4 -85 -50 85 -50 85 50 -85 50 52.370662526492204 24.900065372003485 -0.95238716048931404 -0.30489128642042507 4 -4.5 -3 4.5 -3 4.5 3 -4.5 3 35.114204925328266 38.373956836200001 -0.59852526331794909 0.80110393156579862 1 11.323094601923021 -35.369885582781002
4 -85 -50 85 -50 85 50 -85 50 20.222064358457988 11.585457198289104 0.18254638841076698 0.9831972416957776 5 -9 -12 11 -9 14 6 1 15 -11 5 56.586888440829576 6.9032859452909516 -0.9991840993910821 -0.040387318851740406 1 -25.676878858403246 4.7673257231458104
4 -27 -18 27 -18 27 18 -27 18 2.5096646398206568 33.408291579844665 -0.9930986477309951 0.11728203560165927 4 -2 -2 2 -2 2 2 -2 2 5.9270490706946148 54.370701926214409 -0.11285005826253318 0.99361202908889079 0
4 -27 -18 27 -18 27 18 -27 18 26.396907478692516 8.2786055944053771 -0.8626814456494577 0.50574768742146692 4 -16 -0.5 16 -0.5 16 0.5 -16 0.5 34.89817235646855 29.914330498056053 0.99998432841349494 0.0055984754542154269 1 -1.838289754491881 -3.1356712099131374
4 -27 -18 27 -18 27 18 -27 18 14.155008563771339 3.6189236641642686 0.99193340153981835 -0.12676011561072903 4 -27 -18 27 -18 27 18 -27 18 34.124211946083619 25.015243571862737 0.84532426402718819 0.53425358084611152 1 -3.209655625580202 -25.11645407637754
4 -27 -18 27 -18 27 18 -27 18 58.5771688569221 13.389587894184052 0.24474891714741831 -0.96958649307587108 4 -85 -50 85 -50 85 50 -85 50 8.3978227543529549 42.012629378211386 -0.25158903497819396 0.9678341580450347 1 25.963269730920363 6.7491666027526813
3 -10 -8 12 -6 0 14 36.565667368259689 58.371437705576938 -0.74782912314802819 0.6638912580925066 4 -2 -2 2 -2 2 2 -2 2 9.634567649281351 10.723807169622665 0.63164737491789202 -0.77525582471809651 0
3 -10 -8 12 -6 0 14 11.414307301129497 29.044443580319236 -0.49040594490144829 -0.87149412459598241 4 -27 -18 27 -18 27 18 -27 18 4.8973570733262335 22.607933890383954 0.17549160420221657 -0.98448092762355355 1 22.362384947816391 3.9862740843065056
4 -2.5 -1 2.5 -1 2.5 1 -2.5 1 31.171550504230957 45.656924199637118 0.76546899290124004 0.64347278179170975 4 -16 -0.5 16 -0.5 16 0.5 -16 0.5 32.842112287403111 49.19978204057896 -0.7454492704730642 -0.66656236403743674 1 0.03228636379331034 -0.036107418651976884
4 -2 -2 2 -2 2 2 -2 2 47.101848734644058 41.970163984939113 -0.96542473005746288 -0.26068197212978667 4 -11 -7 11 -7 11 7 -11 7 7.9371013082656088 35.932862450476009 -0.14487554522157806 -0.98944988574295689 0
3 -10 -8 12 -6 0 14 36.024049123387911 26.888112339383312 -0.86629467898110402 0.49953331137074924 4 -85 -50 85 -50 85 50 -85 50 59.881628180390592 47.175169283628179 0.9469355167157234 0.3214235946260417 1 16.532138168058587 -48.704790377320776
4 -85 -50 85 -50 85 50 -85 50 6.2514512227111663 7.6374055045414373 0.54541911585231551 0.83816346142198206 3 -10 -8 12 -6 0 14 28.827713622202001 3.0368503290279825 -0.1532797975271388 0.98818282907063271 1 -32.682817258784809 21.267728925580791
4 -4.5 -3 4.5 -3 4.5 3 -4.5 3 48.407822799700924 58.293732668081489 0.85302678030814982 0.5218671402542141 3 -10 -8 12 -6 0 14 10.559528908798315 16.785177945249579 -0.75485490731426264 -0.65589181188941204 0
4 -85 -50 85 -50 85 50 -85 50 6.1157393259086064 47.889131814737475 -0.99628684196438555 -0.086096042467882689 4 -11 -7 11 -7 11 7 -11 7 53.857312755758883 54.439961546030034 0.08845954936951024 -0.99607976996089187 1 -43.734777127153357 -3.7794248305423084
5 -9 -12 11 -9 14 6 1 15 -11 5 50.24504753906794 22.021757565088866 0.67881550767555421 0.73430886317623845 3 -10 -8 12 -6 0 14 31.762221666244098 36.855873499371647 0.47211736256987863 0.8815357031680916 0
5 -9 -12 11 -9 14 6 1 15 -11 5 38.560986717464331 9.1313730916693459 -0.83062262800277542 -0.55683574763996879 3 -10 -8 12 -6 0 14 5.7850095946272484 11.191148644789484 0.31184803492933644 0.95013199246773672 0
4 -2 -2 2 -2 2 2 -2 2 30.938480964204746 32.113617825783933 -0.48241845855300008 0.87594088319209495 4 -4.5 -3 4.5 -3 4.5 3 -4.5 3 11.291423259830673 10.161272972957271 0.018413620681942369 0.99983045491392264 0
4 -85 -50 85 -50 85 50 -85 50 46.03438971167877 56.544700830364626 0.79602891272930043 -0.60525859770763102 3 -10 -8 12 -6 0 14 12.595654724025167 3.5516399745793126 0.99583592957099021 0.091163596766921692 0
3 -10 -8 12 -6 0 14 3.8379053724987089 42.273775054300735 0.93657319254749738 -0.35047204596285325 4 -2 -2 2 -2 2 2 -2 2 6.3786674108697339 13.187362311754464 0.12316633848296984 0.99238604034150868 0
3 -10 -8 12 -6 0 14 20.662624908786459 24.868016942044147 -0.85987475927831769 -0.51050504243940154 4 -85 -50 85 -50 85 50 -85 50 26.53376519926157 33.966245156089769 0.65947378518915745 -0.75172756145314046 1 -38.250495340321727 -33.556304492388406
4 -16 -0.5 16 -0.5 16 0.5 -16 0.5 20.425623855464803 8.523864484117837 -0.48065968989869517 -0.87690721430861207 4 -85 -50 85 -50 85 50 -85 50 51.777206025841238 13.444303427692697 0.27153154357744402 0.96242954071581288 1 -24.293158738095109 6.8538616194394395
4 -85 -50 85 -50 85 50 -85 50 45.453599990258908 58.231901234592073 -0.1520261629421184 0.98837646966178649 3 -10 -8 12 -6 0 14 12.003999160680316 28.248636249369138 -0.97065887398124029 0.24046070440192649 1 24.404014868773565 3.7536797513518261
3 -10 -8 12 -6 0 14 0.65674000476342087 4.8547506063457107 -0.38980295299791706 0.92089828853902411 3 -10 -8 12 -6 0 14 11.919922614516079 30.024750178848297 -0.62664925076297506 -0.77930142853596895 0
4 -16 -0.5 16 -0.5 16 0.5 -16 0.5 16.687105091584375 27.529568238630816 0.54161251754783724 0.84062826554636716 4 -16 -0.5 16 -0.5 16 0.5 -16 0.5 35.7501049814175 33.323087057417844 0.8709627021510874 0.49134913397875879 0
4 -2.5 -1 2.5 -1 2.5 1 -2.5 1 18.635443049296409 29.417080248362627 0.64026203014748462 0.76815658088141214 4 -85 -50 85 -50 85 50 -85 50 40.036442937755098 23.531078859776709 0.90931735781298673 -0.41610328378902345 1 -20.439854182852766 -44.667549917866559
5 -9 -12 11 -9 14 6 1 15 -11 5 34.865307022167968 32.678227277736298 -0.80366349817406679 -0.59508401230634811 4 -4.5 -3 4.5 -3 4.5 3 -4.5 3 24.618920554543841 7.3608901591248932 0.31622622538035272 -0.9486838115946189 0
4 -16 -0.5 16 -0.5 16 0.5 -16 0.5 12.66941902916952 11.606577881726079 -0.26728474156548776 0.96361759371976519 3 -10 -8 12 -6 0 14 36.909479386962403 41.701234611893589 0.91335195362923005 0.40717098226871334 0
5 -9 -12 11 -9 14 6 1 15 -11 5 7.257255795034987 19.228180316383458 0.38907894444749636 -0.92120441541908715 4 -85 -50 85 -50 85 50 -85 50 21.953405094499377 16.796448337139637 -0.49021829057504679 -0.87159969457640296 1 -44.226590810272477 24.874588506493968
3 -10 -8 12 -6 0 14 36.598145849299023 6.9579607171956308 0.92071379695763378 -0.39023852205011367 4 -27 -18 27 -18 27 18 -27 18 12.507430060509858 16.128631931123131 0.87022596797625384 0.49265278306307386 1 4.3167883438572305 -4.6966591533383495
4 -2.5 -1 2.5 -1 2.5 1 -2.5 1 24.284053177379104 45.209511328863371 -0.6180225112369867 -0.78616040068444604 4 -4.5 -3 4.5 -3 4.5 3 -4.5 3 5.4084153767021643 39.09346356510504 -0.03050326586359961 -0.99953466711848193 0
4 -27 -18 27 -18 27 18 -27 18 42.643957516573799 8.5027544351022204 -0.053261082059952163 0.99858062125088476 4 -11 -7 11 -7 11 7 -11 7 30.897678639311934 52.126162985173458 -0.93407652496704241 0.35707288542466253 0
4 -2.5 -1 2.5 -1 2.5 1 -2.5 1 19.276057863792772 55.417867092907748 0.85831246246139281 -0.51312738845579087 4 -16 -0.5 16 -0.5 16 0.5 -16 0.5 58.503470525043966 4.1554447459698611 -0.69947671892069652 0.71465538526477002 0
4 -27 -18 27 -18 27 18 -27 18 13.7845558343002 44.691657644148222 -0.99993173196627627 0.011684665460463432 4 -16 -0.5 16 -0.5 16 0.5 -16 0.5 7.8955537699130147 54.498404216154142 -0.78523425661814461 0.61919880671182648 1 -0.21521568396880608 -18.417385790410108
4 -2 -2 2 -2 2 2 -2 2 30.374907382738311 20.814844256885895 0.51932495118101563 -0.85457685147728857 4 -16 -0.5 16 -0.5 16 0.5 -16 0.5 54.916633463543491 31.473220267606099 0.64434623685609671 -0.76473389296498884 0
4 -4.5 -3 4.5 -3 4.5 3 -4.5 3 53.043939163394761 9.9479843923208335 0.19417167871106208 0.98096756275960939 4 -27 -18 27 -18 27 18 -27 18 37.148780424331129 8.6309202035515664 -0.81651836629797514 -0.57731945879043933 1 8.7599031846382047 -12.389365590127355
4 -11 -7 11 -7 11 7 -11 7 49.967453422553291 33.01192422136188 0.47463614633141099 0.88018209967918992 4 -11 -7 11 -7 11 7 -11 7 29.827745425607517 7.3597115174566552 0.981596795541543 0.19096526119316623 0
4 -11 -7 11 -7 11 7 -11 7 45.868978809165938 14.18316603964537 0.15663304912732384 0.98765686750058967 4 -11 -7 11 -7 11 7 -11 7 51.882768100615536 25.054667090801065 -0.5140464347405751 -0.8577623580750694 1 -5.860904830312605 -9.7797848753481276
3 -10 -8 12 -6 0 14 52.840738237246057 7.3021569973997424 0.98514900367539793 -0.1717016032463613 4 -27 -18 27 -18 27 18 -27 18 47.822731383328012 56.273277388603361 0.91184985011259378 -0.41052387366588106 0
3 -10 -8 12 -6 0 14 24.547585924361183 23.02782994422552 0.44358870959531643 -0.89623047076048579 4 -2 -2 2 -2 2 2 -2 2 21.692092642319103 7.0477146289091985 -0.99882596983874328 0.048442563677967711 0
5 -9 -12 11 -9 14 6 1 15 -11 5 28.251488652740889 11.299648081042506 0.7897724578801163 -0.6133999223785408 4 -4.5 -3 4.5 -3 4.5 3 -4.5 3 14.150512973522014 26.536173249155382 0.52156900795299743 0.85320910094942504 0
4 -4.5 -3 4.5 -3 4.5 3 -4.5 3 18.010125356428233 24.964121177686319 0.71054491986834745 -0.70365184349171128 3 -10 -8 12 -6 0 14 42.2238889758654 25.621399363097453 -0.65817105369821938 -0.75286842414446864 0
3 -10 -8 12 -6 0 14 19.109057415562472 47.302251954550897 -0.77274027888955399 -0.63472234983628417 4 -16 -0.5 16 -0.5 16 0.5 -16 0.5 17.077444524592845 26.865034883215102 0.97515394978577574 0.22152826956666458 0
4 -2 -2 2 -2 2 2 -2 2 9.1560868912651276 3.3707814752369503 0.750020205273077 -0.66141491643455652 4 -27 -18 27 -18 27 18 -27 18 1.5376522847673768 28.976584299445939 -0.93978972671056915 0.34175322905464089 0
5 -9 -12 11 -9 14 6 1 15 -11 5 20.57903168128151 33.871044675592962 -0.87623503628279142 -0.48188397067187794 4 -27 -18 27 -18 27 18 -27 18 20.329773399711751 42.416862170221322 0.10031436382642867 0.99495579218882835 1 30.843886161165489 -3.1097711501184873
5 -9 -12 11 -9 14 6 1 15 -11 5 21.92100553811942 44.447240326087531 -0.91845387150959668 -0.39552811013761507 5 -9 -12 11 -9 14 6 1 15 -11 5 26.796810855151776 22.702121404044981 -0.99961698251586018 0.027674686373770983 1 -0.36658063981163369 3.0094742856587868
5 -9 -12 11 -9 14 6 1 15 -11 5 28.083949229349987 28.05200680973001 -0.51414149295741995 0.85770538369507465 4 -2.5 -1 2.5 -1 2.5 1 -2.5 1 53.476945476245049 33.829057903128614 -0.66761188200079635 0.74450948617956147 0
4 -2.5 -1 2.5 -1 2.5 1 -2.5 1 38.258757459162204 10.585082877352381 -0.55616100371983268 0.83107456821957215 4 -4.5 -3 4.5 -3 4.5 3 -4.5 3 54.709140189530359 45.504741918349097 0.88318470645185343 -0.46902534503964011 0
3 -10 -8 12 -6 0 14 10.854964640683322 33.949875894535197 -0.12074688420530864 -0.9926833281337557 4 -11 -7 11 -7 11 7 -11 7 54.836467307447869 22.576441730155345 -0.90762011494990857 -0.41979248080249698 0
3 -10 -8 12 -6 0 14 23.299477501015552 22.957191360641268 0.12045843806419218 -0.99271837129124152 4 -85 -50 85 -50 85 50 -85 50 17.324982846672519 44.369651445905063 -0.79125011522027378 0.61149264522470215 1 -28.461121873634614 -36.82769717293391
4 -16 -0.5 16 -0.5 16 0.5 -16 0.5 30.627013958069085 56.206179495069343 -0.99899402346906252 0.044843517626231122 3 -10 -8 12 -6 0 14 2.5988551656596992 14.666946640830334 0.50841322765972952 0.86111322713137783 0
4 -4.5 -3 4.5 -3 4.5 3 -4.5 3 6.6598818913004116 25.073872922733287 -0.78292641052485024 -0.62211432687462975 4 -4.5 -3 4.5 -3 4.5 3 -4.5 3 7.4754418868801231 39.989613270422687 0.87688415040668843 0.48070176488706612 0
4 -2 -2 2 -2 2 2 -2 2 48.331134244107091 49.459780499844449 -0.41132178634966526 -0.91149020185305352 4 -11 -7 11 -7 11 7 -11 7 47.450457514448807 57.437409902496142 -0.44095841378357825 0.89752753568537968 1 2.7635496293763766 -5.6249338056984701
4 -85 -50 85 -50 85 50 -85 50 44.79175699231574 0.76509772972990442 -0.99882495962070206 0.048463388642386501 3 -10 -8 12 -6 0 14 32.256081445791281 23.559923034229818 -0.67097011838257681 0.7414843897464537 1 -1.8282867895044488 -37.680783986794665
3 -10 -8 12 -6 0 14 9.3712662422506394 37.845841316250549 0.94587429878839602 -0.32453322001231255 4 -11 -7 11 -7 11 7 -11 7 52.399321683191765 36.437780228446918 -0.89341001980581802 0.44924218024420626 0
4 -2 -2 2 -2 2 2 -2 2 25.159220609608042 29.54736719142868 0.73304740495892284 0.6801775518811165 4 -2 -2 2 -2 2 2 -2 2 50.983811518184616 34.909238057432063 -0.88803277017609106 -0.45978016387549586 0
4 -11 -7 11 -7 11 7 -11 7 23.814489266103628 23.160754150999995 -0.55193698585764206 0.83388582170605408 3 -10 -8 12 -6 0 14 27.918295100821947 47.258519354092115 0.894534273593382 -0.44699936618160924 0
4 -2 -2 2 -2 2 2 -2 2 13.710833365628128 18.707917205740618 0.94855994650000408 0.31659758036963787 5 -9 -12 11 -9 14 6 1 15 -11 5 19.872849255690433 48.930330538680863 0.27922250510908453 0.96022642779742695 0
4 -2.5 -1 2.5 -1 2.5 1 -2.5 1 13.109379128071552 44.0965189300167 0.83373025933930001 0.55217194302320671 3 -10 -8 12 -6 0 14 8.0826319642444986 29.671872136911684 0.88435224491763231 0.46682020833415516 0
4 -4.5 -3 4.5 -3 4.5 3 -4.5 3 47.616013876008395 46.08374562124876 -0.34321955051090947 0.93925520501463777 4 -2 -2 2 -2 2 2 -2 2 3.2922878478484141 20.77991609402433 -0.99994691165661564 0.010304070477069802 0
4 -2.5 -1 2.5 -1 2.5 1 -2.5 1 40.67631145167487 5.3402902679405084 0.94708596214616148 -0.32098003100766198 4 -2.5 -1 2.5 -1 2.5 1 -2.5 1 36.019484254689111 23.662907068150737 -0.27494155393681224 -0.96146094144214245 0
5 -9 -12 11 -9 14 6 1 15 -11 5 16.451750311608077 44.904586327351183 -0.97273591519718328 -0.23191558655143979 4 -85 -50 85 -50 85 50 -85 50 32.163354385906821 13.689052634133782 0.26604644360599849 0.9639602117538878 1 -37.206330065322327 10.268693326563559
4 -4.5 -3 4.5 -3 4.5 3 -4.5 3 48.082200444276666 41.160310493352149 0.65103876176107789 -0.75904448531334612 4 -27 -18 27 -18 27 18 -27 18 17.905313213654061 19.996876963928198 0.90225597311270433 0.43120083369869189 0
4 -16 -0.5 16 -0.5 16 0.5 -16 0.5 36.809263361090331 5.7525748401379158 0.33774168982972519 0.94123883842038825 4 -2.5 -1 2.5 -1 2.5 1 -2.5 1 14.38732044127738 17.914485895207321 -0.64977506033712129 -0.76012654930865975 0
4 -27 -18 27 -18 27 18 -27 18 0.67501027571465144 40.608497506574182 -0.076727943969372367 -0.99705206615012476 3 -10 -8 12 -6 0 14 14.230094286690434 50.225129434364455 -0.92476235718508704 0.38054511261279073 1 -14.743156421696357 1.1345566778909673
4 -11 -7 11 -7 11 7 -11 7 54.667971431635948 37.737965350971159 0.89416302642240075 0.44774153501672487 4 -4.5 -3 4.5 -3 4.5 3 -4.5 3 10.024412705624989 54.541148616324392 0.58181297165208734 0.81332260881975205 0
4 -11 -7 11 -7 11 7 -11 7 33.41573916857854 25.320885652757493 0.68248065116711731 0.73090366039752985 5 -9 -12 11 -9 14 6 1 15 -11 5 56.474518699028522 1.3993200203762379 0.76166152996287217 0.64797508731016562 0
4 -11 -7 11 -7 11 7 -11 7 59.0489666366949 51.050934870887261 0.10575779816266835 0.99439191877638688 4 -85 -50 85 -50 85 50 -85 50 48.075289809740894 56.276846876691003 0.88332427649611589 0.46876243722445743 1 24.972563789750794 -47.057678026518744
4 -27 -18 27 -18 27 18 -27 18 17.07675185807712 9.6721291588771869 -0.91999278067178092 -0.39193530526325943 3 -10 -8 12 -6 0 14 56.948233897092621 4.3682628770339864 -0.79887678444641419 0.60149470760145307 0
4 -11 -7 11 -7 11 7 -11 7 27.356913128484397 13.859563958190453 0.90576423414309581 0.4237819629799871 4 -2.5 -1 2.5 -1 2.5 1 -2.5 1 24.225333942154819 39.154568046226302 0.78381966815138449 -0.62098850860467103 0
3 -10 -8 12 -6 0 14 27.608997745654747 33.249830032410642 -0.98080130213065297 0.19500975806050228 3 -10 -8 12 -6 0 14 14.038149670507806 26.271418913596641 0.040704967079391828 0.99917120938058746 1 2.014220440203573 0.72192768334916613
5 -9 -12 11 -9 14 6 1 15 -11 5 7.1233330889277617 17.17433407284005 0.97901892606086061 0.20376933629631119 4 -85 -50 85 -50 85 50 -85 50 16.694157431670781 23.718852380388199 -0.76843248398630437 -0.63993086935593135 1 -39.687146027375285 47.656541768077645
4 -4.5 -3 4.5 -3 4.5 3 -4.5 3 33.345609416813403 32.780911555955669 -0.25934790311952527 -0.9657839640144712 4 -4.5 -3 4.5 -3 4.5 3 -4.5 3 18.592866637606768 50.167066246058624 -0.48474305202872703 -0.87465660319343319 0
4 -11 -7 11 -7 11 7 -11 7 39.671161245632078 50.071534929208802 -0.70403413047179675 0.71016613769654002 4 -2.5 -1 2.5 -1 2.5 1 -2.5 1 35.340304280027922 52.840909535780938 0.68401417080377913 0.72946872046690148 1 4.9808542327462302 -5.0242365530325008
4 -16 -0.5 16 -0.5 16 0.5 -16 0.5 36.810606970701933 15.57624537380274 -0.5628081174935301 -0.82658757726171328 4 -16 -0.5 16 -0.5 16 0.5 -16 0.5 38.565447015689422 42.598572363531481 -0.079709099992009591 -0.99681816766071429 0
3 -10 -8 12 -6 0 14 25.746367863182659 2.8973632688977036 0.97457438866991319 0.22406418934909025 3 -10 -8 12 -6 0 14 41.348131626955606 22.626662407941492 -0.9951416920117544 -0.098453099595607066 0
4 -2 -2 2 -2 2 2 -2 2 44.161118400771343 25.815276878237793 0.92958680313624331 -0.36860327648426999 3 -10 -8 12 -6 0 14 7.0239898375485783 7.2340915837841724 0.72441911047351293 -0.68935981343617958 0
3 -10 -8 12 -6 0 14 36.956939252137893 16.857072886835191 0.8854191138887092 0.46479349474850989 4 -16 -0.5 16 -0.5 16 0.5 -16 0.5 39.232179288698376 4.1394736486149597 0.48174432661239447 -0.87631181880468245 1 5.7129132652728609 3.1406212890383358
3 -10 -8 12 -6 0 14 14.891600777402292 0.72323717074748828 0.60746605192925385 -0.79434563997889807 4 -27 -18 27 -18 27 18 -27 18 33.718196019179757 56.704642146891608 -0.98491245167100305 0.17305335172545494 0
3 -10 -8 12 -6 0 14 32.0486596431587 25.459752173620437 0.94765332428141891 -0.31930107575511846 3 -10 -8 12 -6 0 14 57.798444363692276 52.888297867120222 -0.40034196761567226 -0.91636581612673229 0
4 -16 -0.5 16 -0.5 16 0.5 -16 0.5 25.352582804767913 32.04860715911002 0.57845387172914398 -0.81571509626925698 3 -10 -8 12 -6 0 14 34.276904078548185 47.145490241349322 -0.95520097726018893 -0.29595792444396557 0
4 -16 -0.5 16 -0.5 16 0.5 -16 0.5 55.840972264313983 6.2590407002607584 -0.95963528945710441 0.28124741995008506 3 -10 -8 12 -6 0 14 40.905575761186043 21.554853596984834 0.093741430520652883 -0.99559657703506677 0
4 -11 -7 11 -7 11 7 -11 7 28.032822800089772 15.00723895581249 0.16390916099351424 -0.98647543656312209 4 -85 -50 85 -50 85 50 -85 50 24.278707016183422 20.598266636006116 -0.99621837851672423 -0.086884649423869989 1 4.8319895395477017 -55.403535791622843
4 -2.5 -1 2.5 -1 2.5 1 -2.5 1 53.376255816448158 7.2386650720618517 0.78611596784091531 -0.61807902820395144 4 -4.5 -3 4.5 -3 4.5 3 -4.5 3 9.5767368059628399 42.412747664900003 -0.9965149595207643 -0.08341424009921479 0
4 -85 -50 85 -50 85 50 -85 50 6.362543406946612 57.145680785538161 0.35732203946745472 0.93398124184097975 4 -4.5 -3 4.5 -3 4.5 3 -4.5 3 10.676922435519725 2.2006314679798833 0.99997959524868596 0.0063881989851769455 1 -29.532277080934193 11.29844262811657
4 -27 -18 27 -18 27 18 -27 18 35.38932918274002 58.049728925163095 -0.87041578357161264 -0.49231734045168013 4 -4.5 -3 4.5 -3 4.5 3 -4.5 3 56.196569025616704 12.040069712777823 -0.43492095771706213 -0.90046863384488496 0
4 -2.5 -1 2.5 -1 2.5 1 -2.5 1 33.072821589487958 13.230378300750907 0.29400899718479967 -0.95580265200217374 4 -27 -18 27 -18 27 18 -27 18 22.423359100715277 10.90153182578247 -0.82657971774169725 0.56281966047576559 1 6.9922997340503654 10.269174206975954
4 -11 -7 11 -7 11 7 -11 7 8.1443686495561778 22.56455593356403 -0.79616636272671326 0.60507778248958677 3 -10 -8 12 -6 0 14 57.292098956003457 28.930771332198198 0.43809446961286308 -0.8989289380672002 0
4 -85 -50 85 -50 85 50 -85 50 19.289477052055833 34.232269086638262 -0.45797199498718549 0.88896662018742711 4 -2 -2 2 -2 2 2 -2 2 17.556259809312415 53.694135681714542 0.86064247417051554 0.50920971284300287 1 -39.77360706514996 -20.490306117031373
3 -10 -8 12 -6 0 14 0.50509731506080735 14.797967230333128 -0.79181405987302778 -0.61076222426357796 4 -85 -50 85 -50 85 50 -85 50 53.109700717505483 24.765159693461204 -0.53168299121139395 0.84694344371776376 1 -7.9026001890549802 -4.960990179486708
3 -10 -8 12 -6 0 14 5.525257358725975 21.014933383626534 -0.018849670653177632 -0.99982232917467229 4 -4.5 -3 4.5 -3 4.5 3 -4.5 3 1.1336022379493182 49.892477627811871 0.99179311073332177 -0.12785314036784948 0
5 -9 -12 11 -9 14 6 1 15 -11 5 38.451851343882048 6.1971048172150915 0.99971650307043092 0.023809945162244869 4 -2 -2 2 -2 2 2 -2 2 3.8795872853196678 59.24445178022679 -0.98658241778596822 -0.16326399760998525 0
4 -85 -50 85 -50 85 50 -85 50 4.4021845519711267 13.308348705154497 0.79605109597299584 -0.60522942145949266 3 -10 -8 12 -6 0 14 59.783365763120003 26.772537693971291 0.95096680280505586 -0.30929296785205135 1 -10.053217237294934 -13.222877665967648
4 -4.5 -3 4.5 -3 4.5 3 -4.5 3 33.322584346434745 46.512488318924653 -0.29919441640952832 -0.95419217204364115 4 -16 -0.5 16 -0.5 16 0.5 -16 0.5 53.036158465816428 30.157216038071155 0.7961979402785021 0.60503623023441389 0
4 -2 -2 2 -2 2 2 -2 2 3.6202718265964595 8.4009015349197718 0.97758636031521651 -0.21053481452160733 4 -16 -0.5 16 -0.5 16 0.5 -16 0.5 17.086278858881617 9.11210969177721 -0.16092422512071033 0.98696676426782426 0
3 -10 -8 12 -6 0 14 14.379534910664844 7.3154997010140939 0.58421634166244518 0.81159797075556384 4 -27 -18 27 -18 27 18 -27 18 45.820752994749405 3.7787848568003413 -0.15619851818071062 0.98772568201811484 1 -0.20269736554927234 -0.032054474956285987
4 -27 -18 27 -18 27 18 -27 18 27.700855135024899 50.555364781099456 -0.95058716531592258 -0.31045779284250352 4 -11 -7 11 -7 11 7 -11 7 17.226668640623636 4.9116819028230658 -0.86078196480943092 -0.50897387856236365 0
4 -85 -50 85 -50 85 50 -85 50 34.809505921536477 28.769805310411193 -0.6910331191004685 0.72282309613506246 4 -16 -0.5 16 -0.5 16 0.5 -16 0.5 22.463875884641858 23.039422121442289 -0.9676783529142492 0.25218763907290476 1 33.210067657737632 31.749478899849464
4 -4.5 -3 4.5 -3 4.5 3 -4.5 3 31.746454429657017 49.279071459683273 0.50253927005914356 -0.8645543835111954 5 -9 -12 11 -9 14 6 1 15 -11 5 17.60229475808266 15.552310468526647 0.99385584578904762 0.11068223791980734 0
4 -85 -50 85 -50 85 50 -85 50 55.215729375273483 9.6944311445469822 -0.11767709151137409 0.99305191311100327 3 -10 -8 12 -6 0 14 15.655092716307312 38.485805990519324 0.88423888132266748 0.4670349031466895 1 27.266607572796243 3.2311050733457534
4 -16 -0.5 16 -0.5 16 0.5 -16 0.5 14.895388532362315 4.3552623109228028 -0.77776171512494108 0.62855923705400274 4 -85 -50 85 -50 85 50 -85 50 18.957073750279086 45.142665220079451 -0.73642737823369531 0.67651660481310127 1 -12.668942411896959 -13.790875167010045
4 -4.5 -3 4.5 -3 4.5 3 -4.5 3 18.747644543912649 28.949917147871471 -0.63080219586460395 0.77594367688150789 4 -4.5 -3 4.5 -3 4.5 3 -4.5 3 24.993265460331177 58.021050967282207 -0.78842678159574808 0.61512861261899576 0
4 -16 -0.5 16 -0.5 16 0.5 -16 0.5 19.446124879275583 11.012847869433775 -0.78049509347683532 -0.62516190627595514 4 -16 -0.5 16 -0.5 16 0.5 -16 0.5 12.124953517183901 57.320784552595981 -0.96475830234634252 -0.26313764089123237 0
4 -16 -0.5 16 -0.5 16 0.5 -16 0.5 59.824723530101181 47.965172262251869 -0.71231272679281998 0.70186222241190432 4 -27 -18 27 -18 27 18 -27 18 33.757034435617342 2.8456453539248461 0.99913679291651902 -0.041541172834826827 0
3 -10 -8 12 -6 0 14 36.556830554459303 36.099138680019976 -0.69424581878211489 0.71973796836317516 4 -27 -18 27 -18 27 18 -27 18 31.737705483612789 56.976825518752733 0.38444721674011251 -0.92314697504827525 1 7.3949048612915265 -17.756882495746744
4 -85 -50 85 -50 85 50 -85 50 24.106336205486773 3.0616898161072981 0.31562661448330553 0.94888347031118991 4 -85 -50 85 -50 85 50 -85 50 59.414668251377726 48.466506849543748 0.93807927611037212 0.34642065719619014 1 40.616092601340149 -109.98511189914122
4 -27 -18 27 -18 27 18 -27 18 3.3777957653036794 27.475617726359115 -0.35667499130179736 -0.93422853230880443 4 -4.5 -3 4.5 -3 4.5 3 -4.5 3 43.361299413914978 20.155121882949818 0.22532652952214446 -0.97428330330223056 0
4 -11 -7 11 -7 11 7 -11 7 28.395427434760244 20.199190166910345 -0.71801869114481631 -0.69602382083279657 3 -10 -8 12 -6 0 14 3.6654394260535206 39.565746471127277 0.87886046705887322 -0.47707890274152681 0
4 -4.5 -3 4.5 -3 4.5 3 -4.5 3 35.109191759041735 53.195993656638343 0.58272160958315655 0.81267184381201196 3 -10 -8 12 -6 0 14 16.818551798102671 31.578765289238678 0.86998029000885513 -0.49308649849302133 0
5 -9 -12 11 -9 14 6 1 15 -11 5 51.757490793894746 47.882213802102456 0.94914228751022456 0.3148474520459999 3 -10 -8 12 -6 0 14 42.570147197475698 33.660322541901763 -0.45948205178265816 0.88818705467350667 1 2.8104000383313235 1.7937422857321352
4 -85 -50 85 -50 85 50 -85 50 55.230223134705525 22.611554965457543 -0.96593368683087566 0.25878970737900658 4 -16 -0.5 16 -0.5 16 0.5 -16 0.5 38.109300411821145 44.35010973990704 -0.19973785912534489 -0.979849369868667 1 -12.792904494782658 -47.74957060337524
4 -85 -50 85 -50 85 50 -85 50 26.278289734768641 16.682249983928067 -0.67403605372592523 0.73869844881222113 3 -10 -8 12 -6 0 14 6.8262682799518215 41.611100696217278 0.9606594946217637 0.27772888829406545 1 -44.376196409109639 -40.49170044293178
3 -10 -8 12 -6 0 14 17.612564537034604 18.927259082079836 0.80919686982774974 0.5875375952745252 4 -2 -2 2 -2 2 2 -2 2 25.630301940673313 58.919174923968598 -0.12725135624160652 0.99187050179681813 0
4 -11 -7 11 -7 11 7 -11 7 48.816922671976485 44.13121682125351 -0.28352315732609851 -0.95896539002189252 4 -27 -18 27 -18 27 18 -27 18 53.908933152605478 44.062513346590514 -0.7972839731222936 -0.60360439544649602 1 -16.317602383178247 21.553459447999259
4 -16 -0.5 16 -0.5 16 0.5 -16 0.5 13.410208503711111 48.350919034043294 0.99908189492875144 0.04284118608973591 4 -16 -0.5 16 -0.5 16 0.5 -16 0.5 40.446805480343265 2.0863089986455274 0.72607115359983521 0.68761957499056447 0
3 -10 -8 12 -6 0 14 3.1894788777817973 16.649774425892911 0.20895198071276858 0.97792590197632601 4 -2.5 -1 2.5 -1 2.5 1 -2.5 1 1.3342514111165782 55.934483223665652 -0.59042321018739008 0.80709381912638689 0
3 -10 -8 12 -6 0 14 0.029171785618153923 52.684671277818914 -0.96027308422492819 -0.27906200693240923 5 -9 -12 11 -9 14 6 1 15 -11 5 44.890280048814482 49.305900607092823 -0.59541389732327599 -0.80341912528536896 0
4 -11 -7 11 -7 11 7 -11 7 45.929590178924386 20.482108616807302 -0.98829401965090602 -0.15256123597511426 4 -85 -50 85 -50 85 50 -85 50 32.939237456306373 8.591735837711683 -0.9975880459913179 -0.069412466425161037 1 -3.2578758521656876 46.821819952880716
4 -2 -2 2 -2 2 2 -2 2 5.6941248281875456 47.541181436565871 0.33349770594872108 -0.94275091096585018 4 -4.5 -3 4.5 -3 4.5 3 -4.5 3 53.582410213668155 37.816098473235513 0.080502931510684342 0.99675437195840078 0
4 -2 -2 2 -2 2 2 -2 2 25.47049418393707 4.7164221698505653 0.88991653696112571 0.45612340133248741 4 -11 -7 11 -7 11 7 -11 7 56.136507205927721 11.365211100690281 -0.94795085593211847 -0.31841666843550137 0
4 -11 -7 11 -7 11 7 -11 7 52.967915959010504 6.9299565760593733 0.87186319498823006 -0.48974949640088 4 -2 -2 2 -2 2 2 -2 2 38.560292493077192 4.3933965152883259 0.90574385003688784 0.42382552792435185 0
3 -10 -8 12 -6 0 14 36.473722747794334 9.9639115495305735 -0.94421738392539212 0.32932283840190707 5 -9 -12 11 -9 14 6 1 15 -11 5 47.10157661186966 18.658655001705657 0.56548846251453799 -0.82475620565288499 1 -6.2711644327148335 -5.8412028830191227
4 -27 -18 27 -18 27 18 -27 18 26.325709861697241 35.664815236381891 0.8746774358358459 0.48470546029483685 4 -2.5 -1 2.5 -1 2.5 1 -2.5 1 30.28085165717934 49.844060195658116 -0.40566645586501515 -0.91402118497653961 1 4.7597029026035909 -8.5891434514836007
4 -4.5 -3 4.5 -3 4.5 3 -4.5 3 47.376569294842852 29.66056013441764 0.4824301059567126 0.87593446836312761 3 -10 -8 12 -6 0 14 0.18471705508465552 0.9870237574845242 0.95056747327342528 -0.31051808120393892 0
3 -10 -8 12 -6 0 14 44.856688852726819 34.90782606751533 0.064323767539110524 0.99792908211434261 4 -27 -18 27 -18 27 18 -27 18 23.160613678567923 3.4345854799874598 -0.089130527463119391 -0.99601995415460731 0
4 -85 -50 85 -50 85 50 -85 50 7.0794796728646947 22.565407460509228 0.53362753336505475 -0.84571960816498004 4 -4.5 -3 4.5 -3 4.5 3 -4.5 3 2.0629071002871902 48.407455759311894 -0.31376373995076157 -0.94950108767294783 1 -38.762275933721455 -24.458008889031603
5 -9 -12 11 -9 14 6 1 15 -11 5 0.45986908140444482 35.267086397354049 0.86548785269189188 -0.50092991210625282 4 -16 -0.5 16 -0.5 16 0.5 -16 0.5 15.70875822158083 40.390285105054062 -0.47724143351547821 -0.87877221971116692 1 -3.253635664890596 1.7669763722843164
4 -85 -50 85 -50 85 50 -85 50 21.503587307215458 56.694354675225185 0.69014239612059292 0.72367359567482259 4 -4.5 -3 4.5 -3 4.5 3 -4.5 3 58.939691402662739 0.16572816211485319 -0.17436595586607734 0.98468091960538628 0
4 -11 -7 11 -7 11 7 -11 7 50.893044762652352 26.955571870922853 -0.58130448673219415 0.8136861149761746 4 -2.5 -1 2.5 -1 2.5 1 -2.5 1 35.467548258657175 14.223824031741595 0.81069643600554009 -0.58546672719114901 0
4 -27 -18 27 -18 27 18 -27 18 33.230519111512798 40.494985911304212 0.25361642442346188 -0.96730486883022482 3 -10 -8 12 -6 0 14 11.896286251989594 9.4622020191274299 0.66678877715222817 -0.74524675555404885 1 1.8888761442969677 0.49524201658851752
4 -4.5 -3 4.5 -3 4.5 3 -4.5 3 20.608971290515079 5.6648863290493168 -0.61189815606393139 0.79093656294646075 5 -9 -12 11 -9 14 6 1 15 -11 5 49.869058223647947 34.193697611431851 0.95971852726831253 0.28096325100970287 0
4 -2.5 -1 2.5 -1 2.5 1 -2.5 1 30.711085059442745 27.877941330851542 -0.88646301747678691 0.4627994367390153 5 -9 -12 11 -9 14 6 1 15 -11 5 24.988157686520573 9.3676083522277143 -0.1349974161500106 -0.99084595050533508 0
4 -4.5 -3 4.5 -3 4.5 3 -4.5 3 41.190696064586803 9.5848425194340017 -0.43161977524747991 0.90205563554323798 3 -10 -8 12 -6 0 14 24.49420728416715 59.49186137227867 0.58704565860957336 0.80955382446607727 0
4 -2.5 -1 2.5 -1 2.5 1 -2.5 1 1.2288949153074702 36.65601660963474 -0.98363083662539152 0.18019538628841814 4 -4.5 -3 4.5 -3 4.5 3 -4.5 3 4.3724297778893151 0.84097297413179062 0.99587335082124062 0.090753893162079477 0
4 -16 -0.5 16 -0.5 16 0.5 -16 0.5 10.630264407747298 33.736023051630802 -0.1727251439018333 -0.98497006282632316 4 -2 -2 2 -2 2 2 -2 2 55.49320829390085 56.279328203939507 -0.60354189919585666 0.79733128366762229 0
4 -16 -0.5 16 -0.5 16 0.5 -16 0.5 17.225223471501533 58.749158857546497 0.25629020957147175 0.96659988023887689 3 -10 -8 12 -6 0 14 44.906627722484068 58.881336575479317 -0.29462879712642476 -0.95561177886411386 0
4 -2 -2 2 -2 2 2 -2 2 23.908910542100358 1.5367855136418429 -0.80772004425442323 0.58956622198836373 4 -2.5 -1 2.5 -1 2.5 1 -2.5 1 7.3140734777393535 47.912061131446208 -0.62968127089968984 -0.77685358792899417 0
4 -16 -0.5 16 -0.5 16 0.5 -16 0.5 51.214356791406551 5.7312030487072763 0.72743877322131167 -0.6861725957907916 4 -4.5 -3 4.5 -3 4.5 3 -4.5 3 19.274536221204528 41.296810940828486 0.80329336633646087 0.59558355215690473 0
5 -9 -12 11 -9 14 6 1 15 -11 5 50.329118895829438 21.796234277967677 -0.97223065706042722 -0.23402467705746327 4 -11 -7 11 -7 11 7 -11 7 14.332292529816005 32.924813525031858 -0.99915132229948589 0.041190231210674062 0
4 -16 -0.5 16 -0.5 16 0.5 -16 0.5 32.019793357746025 40.606701347579147 0.94035110143465439 0.34020553497941863 3 -10 -8 12 -6 0 14 7.5767911378822772 38.536883394664088 0.38090071759321575 -0.92461594369606959 0
4 -11 -7 11 -7 11 7 -11 7 7.433098685767245 53.594846131263253 -0.94488115959392838 0.32741349123765984 3 -10 -8 12 -6 0 14 47.346930072282824 30.641837268387757 0.47994363942883583 -0.8772993234762031 0
4 -16 -0.5 16 -0.5 16 0.5 -16 0.5 18.574184267479282 9.6086930460125597 -0.64116280947878401 -0.76740488123367612 4 -11 -7 11 -7 11 7 -11 7 14.38561369084708 31.96282369146709 -0.68102263742865721 -0.73226236234679964 0
4 -11 -7 11 -7 11 7 -11 7 45.067165654088626 45.774097787118272 0.72552833712739295 0.68819229291322359 4 -4.5 -3 4.5 -3 4.5 3 -4.5 3 50.297662423962407 53.637284215310721 -0.53587289024990115 0.84429867078849374 1 -4.0650631626689684 -3.8558730177661236
3 -10 -8 12 -6 0 14 58.78628755436992 15.365039326064437 -0.997633651264901 0.068753893445112096 4 -2 -2 2 -2 2 2 -2 2 9.4709886207379039 10.134791908926324 -0.80993579581891817 0.58651854757643918 0
3 -10 -8 12 -6 0 14 39.20916290913808 44.367955713909055 -0.45429226237518638 -0.89085270406843065 4 -4.5 -3 4.5 -3 4.5 3 -4.5 3 12.426222772506673 43.370440925546163 -0.90078748329300418 -0.43426018691869012 0
4 -2.5 -1 2.5 -1 2.5 1 -2.5 1 52.991564356992114 55.202031180648575 0.40784899618989406 -0.91304939423171172 4 -4.5 -3 4.5 -3 4.5 3 -4.5 3 34.946238126772926 31.420163516836535 -0.89988427191772491 -0.43612876212777585 0
4 -2 -2 2 -2 2 2 -2 2 34.268656321797657 35.740266854261037 0.69198362048512863 -0.72191320044745932 4 -2.5 -1 2.5 -1 2.5 1 -2.5 1 32.970229489246634 49.84365884548717 -0.84134086844159983 -0.5405048964532464 0
5 -9 -12 11 -9 14 6 1 15 -11 5 53.936392497539728 52.144818476156658 -0.56259001067241887 -0.82673604003430723 4 -4.5 -3 4.5 -3 4.5 3 -4.5 3 49.431128612730312 53.426682604138009 0.77613262292150431 -0.63056970402722812 1 9.9016533428328799 -4.7662674093470976
4 -4.5 -3 4.5 -3 4.5 3 -4.5 3 57.237349720197209 55.164174608866681 -0.9997917927163853 -0.020405176229489012 4 -16 -0.5 16 -0.5 16 0.5 -16 0.5 21.356394042516303 18.202393345674338 -0.44927825307859304 0.89339188003397907 0
3 -10 -8 12 -6 0 14 38.118488283039845 43.874443480567635 0.96950736104708102 -0.24506218981214725 5 -9 -12 11 -9 14 6 1 15 -11 5 26.41725230620629 3.3108925234854469 0.012462640007951177 0.99992233828634525 0
4 -27 -18 27 -18 27 18 -27 18 24.494405237454984 59.148492481586089 -0.19127633174282804 -0.98153622700082122 3 -10 -8 12 -6 0 14 2.8051897012521976 40.35673282804963 0.033956081182358835 -0.99942332599891681 1 3.8925590271187982 9.3983778675430329
4 -85 -50 85 -50 85 50 -85 50 55.318765796132894 56.10573068215718 -0.97546940540938631 -0.2201350474373818 3 -10 -8 12 -6 0 14 43.596939478057273 5.8087236099262913 0.89564810438424858 -0.44476339003216331 1 -3.1650937000710111 14.025263608019984
5 -9 -12 11 -9 14 6 1 15 -11 5 51.941921696061655 3.4863678917460494 0.070451598497722062 -0.99751519901659436 4 -11 -7 11 -7 11 7 -11 7 22.948389988563481 54.429184869445209 -0.26481415981785394 0.96429946632774 0
4 -85 -50 85 -50 85 50 -85 50 15.502407991440183 48.194736257702104 -0.16495703980500329 -0.98630075282277396 4 -4.5 -3 4.5 -3 4.5 3 -4.5 3 54.32530427835205 33.923875835364385 -0.51010082192879269 -0.8601146153086634 1 -13.58909140440992 2.2727512731746495
4 -2.5 -1 2.5 -1 2.5 1 -2.5 1 22.355829271158498 3.3632551708628755 0.91571318452814032 0.40183250699928708 5 -9 -12 11 -9 14 6 1 15 -11 5 23.040074238408316 24.746523988094193 -0.99572318917566494 -0.092386852624402396 0
4 -16 -0.5 16 -0.5 16 0.5 -16 0.5 42.209208976035434 34.768032466717642 0.80033281990580252 0.59955598352583084 4 -27 -18 27 -18 27 18 -27 18 45.01690972971155 37.023237827899692 -0.10563528822237059 -0.99440494059622242 1 -27.35303746931783 2.9057035809740097
4 -16 -0.5 16 -0.5 16 0.5 -16 0.5 52.763770284619646 38.541400398776808 -0.99998826658487838 0.0048442432401945871 4 -11 -7 11 -7 11 7 -11 7 1.9375228216915996 10.841202940379313 -0.085582710705015178 0.99633106928790571 0
4 -85 -50 85 -50 85 50 -85 50 35.924623808870436 34.131950459150197 -0.84766045206386786 -0.53053912014749594 4 -2.5 -1 2.5 -1 2.5 1 -2.5 1 23.217080604770693 14.38261047966634 0.37676996163771748 0.92630685844784333 1 -22.428639758253617 35.835002914343775
4 -4.5 -3 4.5 -3 4.5 3 -4.5 3 14.022825166225036 27.530460685227066 -0.037026473159748836 0.99931428504017217 4 -4.5 -3 4.5 -3 4.5 3 -4.5 3 52.951841020651209 24.800817168924482 0.42028479794492635 -0.90739224628403814 0
5 -9 -12 11 -9 14 6 1 15 -11 5 23.133898913610839 57.93471059679888 0.73754888352468495 -0.67529374675876486 4 -2 -2 2 -2 2 2 -2 2 43.682140304511748 41.438058337491235 -0.33534711069832623 0.9420946424570541 0
3 -10 -8 12 -6 0 14 37.522502699469534 37.983811354819302 0.99599612041982499 -0.089396465862233251 4 -2 -2 2 -2 2 2 -2 2 39.526390448628149 44.101479281187501 0.60430217658260932 0.79675521923456571 1 -4.8811452197520069 -2.3633036747948322
4 -27 -18 27 -18 27 18 -27 18 45.155843014391266 30.45323972908286 0.52597043218148998 0.85050285388752034 4 -2 -2 2 -2 2 2 -2 2 37.324682864620257 14.972016235693101 0.0062510469207550136 0.99998046201533086 1 6.5551968462476999 10.599861293351893
4 -2.5 -1 2.5 -1 2.5 1 -2.5 1 23.255644385685976 21.008816851224527 0.18896587307574961 -0.98198365506393215 4 -16 -0.5 16 -0.5 16 0.5 -16 0.5 36.92072579765064 8.2391050533682559 -0.95443661767809163 -0.29841371087000051 0
5 -9 -12 11 -9 14 6 1 15 -11 5 2.0299792835649888 59.135301633314086 -0.87386238828077289 0.48617335010078833 4 -11 -7 11 -7 11 7 -11 7 32.974225634926746 3.4075418448412731 0.11834488985056318 0.99297255100342929 0
4 -4.5 -3 4.5 -3 4.5 3 -4.5 3 47.87244142515874 12.544698356563009 -0.90908629235615757 0.41660786484430989 3 -10 -8 12 -6 0 14 30.427931625078394 30.421431861994346 0.4114284196539168 0.91144207468224803 0
4 -11 -7 11 -7 11 7 -11 7 21.23361928614607 33.60351311354318 -0.99123098785481312 -0.13214056423510268 5 -9 -12 11 -9 14 6 1 15 -11 5 17.592597604330276 14.069339309683366 0.38312342036449704 0.92369716074491048 1 -0.42797338998066758 3.2103728978434134
4 -16 -0.5 16 -0.5 16 0.5 -16 0.5 21.766796772390787 50.201723412357453 -0.98963557257105206 0.14360164867426101 4 -85 -50 85 -50 85 50 -85 50 19.024680233024746 46.066367012678796 0.72852830266081803 -0.68501570217196306 1 37.464416431156295 39.844178208219574
4 -2.5 -1 2.5 -1 2.5 1 -2.5 1 10.789417042707205 19.701558285414368 0.80197182279506574 -0.59736186306355354 5 -9 -12 11 -9 14 6 1 15 -11 5 34.708482112702534 2.9146158588907367 0.91797059721279595 -0.39664843709862613 0
4 -85 -50 85 -50 85 50 -85 50 9.8989157288364087 6.5156792549817304 -0.78752390239107917 0.61628410912721576 3 -10 -8 12 -6 0 14 14.658031917307561 48.499707493516468 0.21785246635119693 0.97598171238230724 1 -12.339523000908221 -15.768164655554607
3 -10 -8 12 -6 0 14 20.192218021308861 44.957909118548983 0.54187907083207487 0.84045646680489483 4 -85 -50 85 -50 85 50 -85 50 38.127432020808335 22.202023281655102 -0.9642912696771242 0.26484400545317199 1 11.85066474915998 43.148012876228577
4 -11 -7 11 -7 11 7 -11 7 6.4137634141644444 52.78720892549908 -0.38434880834547902 -0.92318795135303311 3 -10 -8 12 -6 0 14 49.405061987168146 36.086134200305644 -0.24889949675508183 -0.96852931835596334 0
4 -27 -18 27 -18 27 18 -27 18 41.85521760088421 49.646870311312206 0.56661198988594952 0.82398474070669814 4 -11 -7 11 -7 11 7 -11 7 55.311234265605975 21.887349684475144 -0.74347878372598741 -0.66875952191301657 1 -0.46169506425856416 0.31748398502586472
5 -9 -12 11 -9 14 6 1 15 -11 5 1.217218633151862 9.3257018624573913 -0.78982277457938466 0.61333513249749738 5 -9 -12 11 -9 14 6 1 15 -11 5 31.194677406648658 52.225588531575468 0.27011069601685983 -0.96282927453276346 0
4 -2.5 -1 2.5 -1 2.5 1 -2.5 1 28.240271512733763 7.4984772036000695 0.6156216807704199 0.788041842902649 4 -11 -7 11 -7 11 7 -11 7 43.516913427365743 11.590801011054328 0.22564213163295033 0.97421025884155943 0
3 -10 -8 12 -6 0 14 11.004148903849751 27.624644819014033 0.9987841695271491 -0.049296883288530713 4 -11 -7 11 -7 11 7 -11 7 7.1354298003317185 7.8951986071901503 0.70019550978572798 -0.71395115244385199 1 -0.015078132631383122 0.36450028620546121
4 -11 -7 11 -7 11 7 -11 7 33.682138231550859 31.587243327341319 -0.20849550576129819 -0.97802332491476929 5 -9 -12 11 -9 14 6 1 15 -11 5 13.718569113401287 52.078919264002728 -0.79946287730500165 -0.60071549656322998 0
4 -2.5 -1 2.5 -1 2.5 1 -2.5 1 59.108942473768671 19.276955371821451 0.29513980513749599 0.95545407813426642 3 -10 -8 12 -6 0 14 58.195267382696358 55.879999421512551 -0.84788199282956556 0.53018499246523798 0
5 -9 -12 11 -9 14 6 1 15 -11 5 24.915845653308725 56.06775073609861 0.88272587140367276 0.46988832285408683 4 -27 -18 27 -18 27 18 -27 18 41.940627973539698 42.996376836717523 -0.79199562932632617 0.61052675873215956 1 -14.47000618248201 11.154513543136035
4 -16 -0.5 16 -0.5 16 0.5 -16 0.5 13.568161563745587 55.149182971907841 0.31987851395357536 -0.94745856706816067 4 -11 -7 11 -7 11 7 -11 7 3.2480184026178316 33.613709640221103 0.58141720047695189 -0.81360557949754986 0
4 -16 -0.5 16 -0.5 16 0.5 -16 0.5 23.016687255812304 19.064288619218615 -0.97718113188423239 0.21240771052259486 4 -4.5 -3 4.5 -3 4.5 3 -4.5 3 30.09692818209167 50.485774426701347 -0.94067519816129941 0.33930837237563127 0
3 -10 -8 12 -6 0 14 53.157895518690523 5.6362828134208538 0.26824157474977633 -0.96335167907455277 5 -9 -12 11 -9 14 6 1 15 -11 5 4.7703109074005923 52.017451904293793 -0.49859933952571073 -0.86683256666124686 0
4 -2.5 -1 2.5 -1 2.5 1 -2.5 1 54.705522007187582 43.861347208726237 -0.99630046554650864 0.085938247316373409 4 -4.5 -3 4.5 -3 4.5 3 -4.5 3 15.180340335436053 22.063619302429373 0.99983058852539264 -0.018406364360377934 0
4 -11 -7 11 -7 11 7 -11 7 26.505919269016548 37.45317628784607 0.25116024512972734 0.96794552081528606 4 -16 -0.5 16 -0.5 16 0.5 -16 0.5 10.79507605693767 27.660502558370084 0.64333392515604526 -0.76558569784402053 0
3 -10 -8 12 -6 0 14 33.053221604406986 38.655748691470485 0.34241734507786314 0.93954795608836683 4 -2.5 -1 2.5 -1 2.5 1 -2.5 1 32.679167807890472 47.588122072474235 0.99807086380045107 -0.062085029053881968 0
4 -2 -2 2 -2 2 2 -2 2 31.721493935184817 58.888761897825255 0.72661235887734299 -0.68704765477127083 4 -2 -2 2 -2 2 2 -2 2 2.4686167066453524 4.2718951447922588 -0.80250466886151783 0.59664583837940721 0
4 -2 -2 2 -2 2 2 -2 2 35.36471688977236 33.380979178564765 0.31872371930531812 0.94784766220747985 3 -10 -8 12 -6 0 14 19.368712664309104 22.302917354516417 0.76453791238643265 -0.64457876207938736 0
4 -11 -7 11 -7 11 7 -11 7 9.3365920086301895 42.877672881381955 0.74247097118643834 -0.6698782403881075 4 -11 -7 11 -7 11 7 -11 7 59.007701116414282 6.7648787434935187 -0.43723227095579342 -0.89934862052200848 0
4 -27 -18 27 -18 27 18 -27 18 53.340802338393104 21.34464984352968 0.60024242790825766 -0.7998181216619189 3 -10 -8 12 -6 0 14 1.3285992832358429 25.658662321874072 -0.0085384716446090594 -0.99996354658656139 0
5 -9 -12 11 -9 14 6 1 15 -11 5 24.800301140799018 0.26999941374840297 0.79362102694740189 0.60841241406380853 4 -4.5 -3 4.5 -3 4.5 3 -4.5 3 56.700538746274432 15.917909877417909 0.98998321411886769 0.14118511168985273 0
3 -10 -8 12 -6 0 14 22.003908333157238 36.766558334766053 0.65145576549953044 -0.75868661883377175 4 -2 -2 2 -2 2 2 -2 2 5.4614744470637948 11.556404860786522 -0.92220484949082193 -0.38670171395483954 0
5 -9 -12 11 -9 14 6 1 15 -11 5 12.256977814718244 23.18445324993321 0.41407383851065344 0.91024329509261059 4 -85 -50 85 -50 85 50 -85 50 52.264854796330795 6.8723061316269636 -0.99520692650751807 -0.097791479339764467 1 -4.2691197773061651 43.446091634465319
4 -11 -7 11 -7 11 7 -11 7 45.417787122333188 53.185330434202086 -0.45516512366407569 -0.89040704747877342 4 -27 -18 27 -18 27 18 -27 18 4.9864527858501839 38.783180259910125 -0.069887904806443954 0.99755485100407659 0
5 -9 -12 11 -9 14 6 1 15 -11 5 5.1598922303203771 36.817749930877582 -0.71533079327121241 -0.69878598740814635 4 -4.5 -3 4.5 -3 4.5 3 -4.5 3 15.58469621932624 29.437147224519759 0.97117487807460734 -0.23836811069598124 1 -4.605184265329842 0.47303572406762817
4 -2.5 -1 2.5 -1 2.5 1 -2.5 1 59.531533352186194 38.560478318421971 0.040162528281387354 -0.99919316016576432 4 -85 -50 85 -50 85 50 -85 50 12.27537595156819 25.735691262739181 0.999780985108082 0.020928015106863842 1 38.525276956937965 0.80643419924989879
4 -16 -0.5 16 -0.5 16 0.5 -16 0.5 53.918614593754661 27.785506074905573 -0.21221812667626122 -0.97722232204857984 4 -4.5 -3 4.5 -3 4.5 3 -4.5 3 22.870014072817789 49.293966396475881 -0.18525602774966962 -0.98269028904452582 0
4 -4.5 -3 4.5 -3 4.5 3 -4.5 3 7.9560461686769779 31.347843797360284 0.99925190250066687 -0.038673445008141794 4 -2.5 -1 2.5 -1 2.5 1 -2.5 1 24.028624701440588 3.0205275967204859 -0.048190850554107705 0.99883814600908771 0
5 -9 -12 11 -9 14 6 1 15 -11 5 29.440813899711774 35.976424722363078 0.052950275690131422 0.99859715015833039 5 -9 -12 11 -9 14 6 1 15 -11 5 19.990039850706459 42.677878280032942 -0.14775594711019338 0.98902385213581667 1 12.754789733250659 -9.8688363238531078
4 -4.5 -3 4.5 -3 4.5 3 -4.5 3 39.906118379349721 8.1729780079595233 0.39337608574158334 -0.91937764556608104 4 -27 -18 27 -18 27 18 -27 18 3.8805605547026278 30.255532180715829 0.29746992580921983 -0.95473118899460763 0
4 -2 -2 2 -2 2 2 -2 2 24.979635746489219 51.339819463094976 -0.99910196830602482 -0.042370472348405429 4 -85 -50 85 -50 85 50 -85 50 18.295599980508321 53.721151516728085 0.9418752816586683 -0.33596272680225153 1 17.672330658970537 49.544577684001112
4 -2.5 -1 2.5 -1 2.5 1 -2.5 1 22.472538197271938 27.48165251965294 0.96266760721019062 -0.27068630927367954 3 -10 -8 12 -6 0 14 45.598622260297091 52.84723579562899 0.041425365808766872 -0.99914160110947725 0
4 -27 -18 27 -18 27 18 -27 18 4.6912125309567365 44.765683908085627 -0.48837417221733936 -0.87263432657157636 4 -11 -7 11 -7 11 7 -11 7 13.922615974486895 18.818231434690471 -0.78086543806155473 0.62469926175795676 1 -8.0895105109083421 4.5273350808120849
4 -2 -2 2 -2 2 2 -2 2 12.244910217709874 18.783900657753506 -0.24290939588255145 0.97004898092414582 5 -9 -12 11 -9 14 6 1 15 -11 5 48.907554422382447 29.951880030611768 0.62241819140471555 0.78268486315277808 0
3 -10 -8 12 -6 0 14 39.814467779012951 44.544962799335963 -0.93816461582669519 -0.3461894764587008 4 -11 -7 11 -7 11 7 -11 7 27.094504875232069 45.619668704393625 -0.24755368555598584 0.96887417798579401 1 7.263629214175416 1.8559047431932056
3 -10 -8 12 -6 0 14 34.514050806443009 21.974174212997045 0.62724330092254721 -0.77882336986494372 4 -11 -7 11 -7 11 7 -11 7 25.313823033122397 9.3864634424755486 -0.56289374063324216 -0.82652927156629874 1 2.79539195182564 2.7033903862098025
4 -2 -2 2 -2 2 2 -2 2 3.1628977680639281 55.977485745783937 -0.26418057876511208 0.96447323540020047 4 -2 -2 2 -2 2 2 -2 2 1.1824975056232612 55.680166755567363 -0.89981828575615452 -0.43626488813432535 1 2.2604555602286767 0.619165401646669
3 -10 -8 12 -6 0 14 57.613589734637131 3.8505950126685518 -0.65082587152648197 0.7592270312309719 3 -10 -8 12 -6 0 14 40.160487542309355 0.2950316772471262 -0.79770020456548418 -0.60305421285004279 1 0.34257686303539664 0.076857549417611429
5 -9 -12 11 -9 14 6 1 15 -11 5 32.193296892647872 40.836738896374705 -0.82235291304266422 0.56897775563746278 3 -10 -8 12 -6 0 14 14.846412563333754 52.697755722598806 -0.96865609877951819 -0.24840564063089268 1 1.8392157856549634 -0.32631508502627554
4 -2 -2 2 -2 2 2 -2 2 1.6705595767478409 18.632553285390475 0.64867499038892751 -0.76106554043914298 4 -85 -50 85 -50 85 50 -85 50 54.204857180949219 56.151377789948924 0.4725865859003312 -0.88128424405924155 0
4 -85 -50 85 -50 85 50 -85 50 13.476986728574582 19.089868466180366 0.87344152101296835 0.48692905989533253 3 -10 -8 12 -6 0 14 36.162608866349238 27.249329254999523 0.29046545957337405 0.95688547736645502 1 -27.343736215802981 49.048529893948263
4 -11 -7 11 -7 11 7 -11 7 33.034759475326787 22.544048191418398 -0.91674963976893875 -0.39946226102539534 4 -27 -18 27 -18 27 18 -27 18 10.930617841989566 3.3412276868991131 -0.55053127420145198 -0.83481453995850219 1 6.5171451624266421 9.8824677099509017
4 -16 -0.5 16 -0.5 16 0.5 -16 0.5 14.206701722937146 13.987600728913179 -0.13135257802570019 -0.99133571520751851 4 -2 -2 2 -2 2 2 -2 2 42.157737856424397 25.684806794239286 -0.81085341847665049 -0.5852492919643133 0
3 -10 -8 12 -6 0 14 5.1233334670848336 32.327252731760254 0.99619279559012996 0.087177485707730443 4 -16 -0.5 16 -0.5 16 0.5 -16 0.5 10.840240007396108 14.400639349558029 0.86242145436838391 -0.50619090770688635 0
4 -27 -18 27 -18 27 18 -27 18 33.430894119445007 46.927234101760121 0.98978048311541222 -0.14259942231236852 4 -2.5 -1 2.5 -1 2.5 1 -2.5 1 19.16275309263516 48.467953048456451 -0.8742921598751292 -0.48540006096093707 1 15.09754611060586 -2.1751301328253261
4 -2.5 -1 2.5 -1 2.5 1 -2.5 1 53.101206126656585 26.642703039266692 0.052045492643550309 -0.99864471494896034 4 -2 -2 2 -2 2 2 -2 2 6.7460821611472017 17.691481625379936 0.81618269217510708 -0.5777939191388175 0
4 -16 -0.5 16 -0.5 16 0.5 -16 0.5 14.571543571183511 57.520559553229248 -0.15109456058300466 -0.98851931380334124 4 -2 -2 2 -2 2 2 -2 2 16.246731114806337 54.624250937201893 0.96601544917583237 -0.25848433599275372 1 -0.60646001012034301 0.092697034302485534
4 -2.5 -1 2.5 -1 2.5 1 -2.5 1 50.088475352220883 17.67067587450309 -0.84848721331741472 0.52921588112683093 4 -85 -50 85 -50 85 50 -85 50 37.132573249786709 33.944021265724523 -0.74492269121931021 0.66715079562763036 1 -31.980467372046938 -35.708532429800655
5 -9 -12 11 -9 14 6 1 15 -11 5 43.809366504400579 56.125344883012588 -0.97195037740013945 0.23518601971997932 4 -27 -18 27 -18 27 18 -27 18 34.44080738201653 0.55496921838650737 -0.24603744798873572 0.96926032322962141 0
4 -16 -0.5 16 -0.5 16 0.5 -16 0.5 9.9494226814541147 35.072734966023283 0.99337039463906995 -0.11495764026204774 3 -10 -8 12 -6 0 14 26.92682081897664 27.092790215306078 0.95264537468606536 -0.30408352485665213 1 -0.86007765610324038 0.77842201504983011
4 -16 -0.5 16 -0.5 16 0.5 -16 0.5 43.497478722988809 43.163239347703232 -0.96076848263750636 0.27735162298141258 3 -10 -8 12 -6 0 14 9.3212355995574097 52.125145467849805 0.017019660149542083 0.99985515509417366 0
4 -2.5 -1 2.5 -1 2.5 1 -2.5 1 24.958806853784228 13.120548773978932 -0.99620905973657758 0.086991432329650092 3 -10 -8 12 -6 0 14 28.174385353659105 40.316078387477191 -0.95456758335548475 -0.29799451137037697 0
4 -85 -50 85 -50 85 50 -85 50 15.553222954657189 42.033966603500524 -0.99671614352937732 0.080974867878408907 5 -9 -12 11 -9 14 6 1 15 -11 5 32.937326742722057 46.907003077629135 0.96877726123711072 -0.24793268866755527 1 -4.4100315184146668 -54.282887061669385
4 -4.5 -3 4.5 -3 4.5 3 -4.5 3 39.373230214752418 7.5639898484530494 -0.99935165291916539 0.036003802684327853 3 -10 -8 12 -6 0 14 3.0306095768373265 3.7342887723378504 0.91682814571777516 0.39928204469986633 0
5 -9 -12 11 -9 14 6 1 15 -11 5 16.40454534377082 22.795068837623774 0.72657944474269864 0.68708246264723682 4 -4.5 -3 4.5 -3 4.5 3 -4.5 3 41.240487865024527 25.67567628734977 0.55660214348478032 -0.8307791847826641 0
4 -16 -0.5 16 -0.5 16 0.5 -16 0.5 33.595018189435208 18.080068828126777 0.99288017488496205 -0.11911741400990543 3 -10 -8 12 -6 0 14 10.667348740620806 38.383764439821995 -0.28085353716777672 0.95975063983325803 0
4 -4.5 -3 4.5 -3 4.5 3 -4.5 3 36.60817647135277 50.24416665035816 0.91998228562092432 0.3919599394628232 4 -16 -0.5 16 -0.5 16 0.5 -16 0.5 37.056757924889602 34.15383354992565 -0.58778265557071063 0.80901888099737407 0
5 -9 -12 11 -9 14 6 1 15 -11 5 22.495238040417359 16.543069042645172 0.72658399010393315 0.68707765596375459 5 -9 -12 11 -9 14 6 1 15 -11 5 2.8893628980257913 35.274786484833079 -0.65939928536153025 0.75179291195428499 0
3 -10 -8 12 -6 0 14 5.0075176595497535 47.647853163712895 0.87861367973419657 0.47753324678385972 4 -2.5 -1 2.5 -1 2.5 1 -2.5 1 53.239156765828767 24.495018203716448 -0.11874682541384254 0.99292456483568503 0
4 -85 -50 85 -50 85 50 -85 50 11.779213394990686 21.058986950712896 0.018655044752017388 0.99982597951108487 4 -4.5 -3 4.5 -3 4.5 3 -4.5 3 59.771513621530495 10.610108941024233 0.97663430681112728 -0.21490795880922819 1 -6.822024577707003 0.12728732439891127
3 -10 -8 12 -6 0 14 9.4700303815323537 52.154073028298782 0.31316147865812727 0.94969989380048647 4 -85 -50 85 -50 85 50 -85 50 14.417349384651327 29.455772804721391 0.73651432794034477 0.67642194282753887 1 -28.272171515805727 30.783831932381336
4 -85 -50 85 -50 85 50 -85 50 38.168482960180619 39.059394109471789 0.70889108958376068 -0.70531795887298132 4 -16 -0.5 16 -0.5 16 0.5 -16 0.5 59.504688207659996 11.604031411879699 -0.99898835121999296 0.044969702320116343 1 40.005285885673565 40.207952092868993
4 -16 -0.5 16 -0.5 16 0.5 -16 0.5 21.418906982042017 9.285300030875268 -0.9367580295821053 0.34997770502340797 4 -11 -7 11 -7 11 7 -11 7 9.4394084323537299 34.487639382447121 0.79654735129771892 -0.60457614668508741 0
4 -16 -0.5 16 -0.5 16 0.5 -16 0.5 57.451011257548551 44.133149399950774 0.9021663751228407 0.43138826084829174 5 -9 -12 11 -9 14 6 1 15 -11 5 46.111484667760109 23.726886565728094 -0.57119998543424833 -0.82081092624301388 1 0.087670192244462736 0.16402552163252704
4 -2 -2 2 -2 2 2 -2 2 0.94195014677406874 4.2758710849385224 -0.49209130827454856 0.87054359128112779 4 -2 -2 2 -2 2 2 -2 2 31.396375632893896 37.437165024799057 0.22055516990326449 0.97537450091179956 0
4 -85 -50 85 -50 85 50 -85 50 35.4152141583385 32.011185669657024 -0.9362350650005995 -0.35137430620824167 4 -11 -7 11 -7 11 7 -11 7 54.103609189241602 46.599238713871635 0.63886685619985695 0.76931732077817616 1 19.129342634207372 -50.970036875552864
4 -11 -7 11 -7 11 7 -11 7 27.60511948172228 48.113551782013666 -0.99313564952994349 -0.11696829327957774 5 -9 -12 11 -9 14 6 1 15 -11 5 48.634681287204288 54.610844474184347 0.90638060149105226 -0.42246207550585924 1 -3.2956933338823458 -0.38815606369538225
5 -9 -12 11 -9 14 6 1 15 -11 5 33.32379213804397 43.332409956537845 -0.71054675716995319 0.7036499881867857 3 -10 -8 12 -6 0 14 14.144011680121844 30.020385649728656 0.074925647160576356 -0.99718912318454855 0
3 -10 -8 12 -6 0 14 4.9809782926392359 34.285208335376524 -0.94670658004923702 -0.32209726992242205 5 -9 -12 11 -9 14 6 1 15 -11 5 31.636182234596827 25.149904695910653 -0.84518563067708619 0.53447287087089457 0
4 -85 -50 85 -50 85 50 -85 50 58.142598826001858 43.109987467947995 0.99886170946037223 -0.047699951508390882 4 -4.5 -3 4.5 -3 4.5 3 -4.5 3 47.260878308137322 7.0764132314457884 0.99495598106391592 0.10031249047422074 1 0.81662125956122267 17.100472464076137
4 -16 -0.5 16 -0.5 16 0.5 -16 0.5 41.699289566545929 51.836782057205006 -0.097229584536908192 0.99526197952638595 4 -85 -50 85 -50 85 50 -85 50 54.441566567379319 21.862164379131503 0.96310528414592711 -0.26912489972165898 1 10.673305164611476 38.196081499596886
4 -2 -2 2 -2 2 2 -2 2 28.99666915850575 55.795322485812619 -0.99719483567532474 -0.074849580509593103 4 -4.5 -3 4.5 -3 4.5 3 -4.5 3 36.593623334453923 15.189596986131981 -0.0080605978146083019 0.9999675128537282 0
4 -4.5 -3 4.5 -3 4.5 3 -4.5 3 30.262272793872508 43.610353962574855 0.11862401355058372 0.99293924457096117 4 -27 -18 27 -18 27 18 -27 18 1.9605376140004416 22.64683970138006 -0.83905473433728328 -0.5440470133969959 0
4 -85 -50 85 -50 85 50 -85 50 44.550342226369388 18.267637752924518 -0.74192984135739937 0.67047752423432083 4 -16 -0.5 16 -0.5 16 0.5 -16 0.5 31.569208693024482 59.157994926442129 -0.57572979704195448 0.81764001907809647 1 -21.712304646678085 -24.026169647386368
4 -85 -50 85 -50 85 50 -85 50 31.954448039853418 31.817364971012513 -0.69998530667719272 0.71415724489501364 5 -9 -12 11 -9 14 6 1 15 -11 5 38.901703236593427 24.114669467744957 -0.31199158172180452 0.95008486617497834 1 44.639350532163242 43.753514643291922
4 -2.5 -1 2.5 -1 2.5 1 -2.5 1 57.101371909881152 0.9546108956199717 -0.41866712305535325 -0.90813976901826832 4 -4.5 -3 4.5 -3 4.5 3 -4.5 3 15.844887963331777 19.742451308216015 0.71957492233727383 -0.69441481201318445 0
3 -10 -8 12 -6 0 14 4.4079589841270428 4.0383112721484054 -0.3394161451741996 -0.940636316753232 4 -16 -0.5 16 -0.5 16 0.5 -16 0.5 30.901277847721857 6.7327852056492787 0.93349542271564367 0.35858931351748591 1 -0.077378042419292983 -0.079333043207463719
3 -10 -8 12 -6 0 14 7.2724599055571488 42.189197564442793 -0.67934656871005239 0.73381757922652546 3 -10 -8 12 -6 0 14 57.151838323355143 6.7955687531369913 0.47590877001049742 -0.87949465184678377 0
3 -10 -8 12 -6 0 14 18.62819736566091 2.5344066004137056 0.033599535542520424 0.99943537620564893 3 -10 -8 12 -6 0 14 17.185697171887785 46.033086376948319 0.030234592909850609 0.99954283019367185 0
5 -9 -12 11 -9 14 6 1 15 -11 5 51.692781254769116 20.202547166531623 0.73170561246542343 0.68162078657168279 4 -2 -2 2 -2 2 2 -2 2 58.122557587767233 41.24245741547351 -0.40801027456633832 0.91297733588972585 0
4 -11 -7 11 -7 11 7 -11 7 38.435076703494424 4.9860202825275817 -0.74390528888208607 0.66828505981598907 4 -2 -2 2 -2 2 2 -2 2 43.352564005601373 30.78020839515931 -0.89741888791554325 0.44117948684456038 0
4 -27 -18 27 -18 27 18 -27 18 33.771320865312362 34.736930930445013 -0.36371592896415106 -0.93150991568407071 4 -2 -2 2 -2 2 2 -2 2 31.104943612240184 23.710677637447823 0.98644573558052029 0.16408781415756121 1 6.7290385739952407 17.233686114734272
4 -4.5 -3 4.5 -3 4.5 3 -4.5 3 50.069297940875487 6.7562326810666633 -0.99380771467563711 0.11111357365861022 4 -27 -18 27 -18 27 18 -27 18 39.218408080277626 3.3825634050752607 -0.47089652390940206 0.88218845139235524 1 10.803848250401186 5.76690227346438
4 -16 -0.5 16 -0.5 16 0.5 -16 0.5 11.617536260947441 36.617556031365261 -0.6649279523873004 -0.74690750306449061 5 -9 -12 11 -9 14 6 1 15 -11 5 36.167547304383973 51.385295396053664 -0.84636451218915543 0.53260408607784171 0
4 -11 -7 11 -7 11 7 -11 7 34.366438589475607 53.593221529525977 -0.86646784072229877 0.4992328925401821 4 -27 -18 27 -18 27 18 -27 18 31.61973041821496 53.451886967807425 0.95551960302174643 -0.29492759830365844 1 7.7617042362323518 25.146715984649667
4 -2 -2 2 -2 2 2 -2 2 46.035340650268999 31.959815992279236 -0.98435525191328033 -0.17619517028211223 3 -10 -8 12 -6 0 14 37.222743443680159 8.7674075173660189 -0.39347540317182739 0.91933514405725181 0
4 -16 -0.5 16 -0.5 16 0.5 -16 0.5 10.704237975921401 37.829380413913853 -0.88063368715431012 0.47379775120720524 5 -9 -12 11 -9 14 6 1 15 -11 5 1.7703292518408098 8.1440258008473485 0.96444703605468607 -0.26427620900363152 0
4 -27 -18 27 -18 27 18 -27 18 11.031034207891084 58.463390357728159 -0.79893496598438241 0.60141742585955527 4 -2 -2 2 -2 2 2 -2 2 17.816370542528198 2.5386398874376637 0.822995819605986 -0.56804742839931177 0
4 -16 -0.5 16 -0.5 16 0.5 -16 0.5 19.104331821599718 19.356508723144984 -0.12036038871943262 0.99273026388204111 4 -27 -18 27 -18 27 18 -27 18 8.7542178101169572 38.163891614578276 0.97150772530293572 0.23700788948200782 1 3.1337524899563478 -12.845415229989715
3 -10 -8 12 -6 0 14 2.992264238112734 1.9932924548403852 -0.99552152819888196 -0.094535109311634766 3 -10 -8 12 -6 0 14 27.666977177163158 26.982475732654688 0.36038950082575 -0.93280191235576204 0
3 -10 -8 12 -6 0 14 8.5386735281820592 36.647084429106073 0.79911723830697157 -0.60117521525811324 4 -11 -7 11 -7 11 7 -11 7 12.427325409478215 58.454954703248355 0.027993962316133648 -0.99960809224107572 1 0.0071995465198033881 -0.25708132633706809
4 -85 -50 85 -50 85 50 -85 50 23.438041817653858 5.0879042341621261 -0.40973268579714089 0.91220563810440325 4 -2 -2 2 -2 2 2 -2 2 57.882812391057897 48.823776695123364 -0.50234981022730607 -0.86466448300169563 1 -3.147264717874263 -1.4136475065522598
4 -27 -18 27 -18 27 18 -27 18 54.429913930664128 42.427405598704553 0.56837160147216659 0.82277197487515619 4 -27 -18 27 -18 27 18 -27 18 59.54317270204011 59.322377038983639 -0.71196419446888981 -0.70221576868813251 1 22.671435670451572 -22.986169143881682
4 -4.5 -3 4.5 -3 4.5 3 -4.5 3 23.102018467049582 31.327234879813613 0.71410418154710353 0.70003944024386322 4 -2.5 -1 2.5 -1 2.5 1 -2.5 1 23.80592325959741 12.226372016253075 0.29153560060671102 -0.95655997908070789 0
4 -11 -7 11 -7 11 7 -11 7 17.527925266672256 21.541360076878668 -0.73458109172180897 -0.67852090585684632 4 -2 -2 2 -2 2 2 -2 2 45.578700394170568 38.416057820773723 -0.25945562773225106 0.96575502962089899 0
4 -16 -0.5 16 -0.5 16 0.5 -16 0.5 23.927402131162793 19.174236843949938 -0.67752514540537945 -0.73549961070242553 4 -11 -7 11 -7 11 7 -11 7 29.018291988140163 1.0876177006199339 -0.94411378955702752 0.32961970870727492 0
4 -2.5 -1 2.5 -1 2.5 1 -2.5 1 20.456585974024215 46.891201394083446 -0.6994686891717552 0.71466324438041895 4 -4.5 -3 4.5 -3 4.5 3 -4.5 3 5.9193259892235961 45.460845191345896 -0.94161599077304015 0.33668876714334561 0
4 -4.5 -3 4.5 -3 4.5 3 -4.5 3 56.645855632277041 33.281064376418236 -0.53750547437930762 0.8432602593578542 4 -27 -18 27 -18 27 18 -27 18 8.5723853116499278 15.446082798264722 0.85158835681015344 0.52421109349705952 0
5 -9 -12 11 -9 14 6 1 15 -11 5 58.825797189609297 5.8136042233958491 -0.19324209662563155 0.98115110563650187 3 -10 -8 12 -6 0 14 20.647079157494524 27.434119035509454 0.91861561777243028 0.39515230833765386 0
4 -2.5 -1 2.5 -1 2.5 1 -2.5 1 17.899712422994433 36.990634863594707 0.87869952656503902 0.47737526330380414 4 -16 -0.5 16 -0.5 16 0.5 -16 0.5 3.8600692440606732 0.43910098224002825 0.74693607336411783 0.66489585824202069 0
4 -11 -7 11 -7 11 7 -11 7 18.358530853218468 38.664613512159335 0.48086213846517145 -0.8767962156571516 4 -11 -7 11 -7 11 7 -11 7 44.467145446636977 3.2007508555645181 0.88891239810451805 -0.45807722983802074 0
5 -9 -12 11 -9 14 6 1 15 -11 5 21.557249373865993 31.676339341926699 0.85669055319673448 -0.5158306854612984 4 -11 -7 11 -7 11 7 -11 7 37.305652424114292 30.419031980168082 -0.67975842785793994 0.7334360774846721 1 -8.387177120105239 -3.7784737721629007
4 -11 -7 11 -7 11 7 -11 7 42.890851193418243 45.335247676560115 0.99891161442581466 -0.046643183480681215 4 -16 -0.5 16 -0.5 16 0.5 -16 0.5 39.645053802091596 11.423873282155023 0.21825310742461967 0.97589219747854195 0
3 -10 -8 12 -6 0 14 12.471604049487194 40.777828234154235 0.22407847244627349 -0.97457110473589592 4 -4.5 -3 4.5 -3 4.5 3 -4.5 3 23.558358060079211 50.152230702648076 -0.71012975854471494 -0.70407082458316994 0
5 -9 -12 11 -9 14 6 1 15 -11 5 19.692093447723796 56.732205482569789 -0.4791549192099907 0.8777303477702405 4 -85 -50 85 -50 85 50 -85 50 51.474687791645408 55.752606444782856 -0.99678187110783478 -0.080161720482807411 1 -4.6941533311261407 58.370091266573098
3 -10 -8 12 -6 0 14 31.548148376421892 6.8350813029351176 0.94185370946758251 0.33602319854759233 3 -10 -8 12 -6 0 14 36.288936835161614 25.773268290788558 0.71884634041917705 -0.69516900021933992 0
3 -10 -8 12 -6 0 14 3.6628564832267041 34.413224328572895 -0.81778352187311709 -0.5755259432491302 3 -10 -8 12 -6 0 14 17.873716389186722 28.816214783100691 0.91481713934651132 0.4038682972924042 0
4 -11 -7 11 -7 11 7 -11 7 44.844006269386696 38.845781093793917 0.757846203600268 -0.65243323925798047 4 -16 -0.5 16 -0.5 16 0.5 -16 0.5 23.273084799713459 8.9501191435867433 -0.89841541056791019 0.4391466156696342 0
4 -16 -0.5 16 -0.5 16 0.5 -16 0.5 7.7533203198333034 4.7503352417165567 -0.13758960823058097 -0.99048932336848294 4 -85 -50 85 -50 85 50 -85 50 12.946343031833699 54.543460268267339 -0.44438151080544375 -0.89583763755173362 1 34.104132236974856 -16.917402409652972
4 -27 -18 27 -18 27 18 -27 18 7.9499891226485371 1.1808003284339352 -0.08248422849564073 -0.9965923700538144 4 -2.5 -1 2.5 -1 2.5 1 -2.5 1 40.402131887770182 32.9874539296043 0.31793192826609051 -0.94811354224533972 0
3 -10 -8 12 -6 0 14 45.649214113742786 17.382463455859273 0.82761679715089154 -0.56129353913411473 4 -27 -18 27 -18 27 18 -27 18 50.330023774626966 35.383845880270329 -0.95121181913806574 -0.30853861206022759 1 3.3685927524968315 -10.385232560170905
4 -27 -18 27 -18 27 18 -27 18 7.9643964415489972 9.114341776353081 -0.77286751686548372 -0.63456741278935946 4 -27 -18 27 -18 27 18 -27 18 18.449269140202098 40.605767139458891 0.88630987783307191 -0.46309264780983639 1 -7.9294479797213668 -15.176116708889079
4 -11 -7 11 -7 11 7 -11 7 28.896650594055458 43.346224596263959 0.98075124925881996 -0.195261330214828 4 -16 -0.5 16 -0.5 16 0.5 -16 0.5 58.236111111030773 21.402582090786126 0.9751476047119092 -0.2215561983439554 0
4 -2 -2 2 -2 2 2 -2 2 41.976948737891419 19.138893267880675 -0.8002599845412538 0.59965319739165257 4 -27 -18 27 -18 27 18 -27 18 26.761413999691641 59.216408775001327 0.59858771972679881 -0.80105726498938346 0
3 -10 -8 12 -6 0 14 11.523067832781068 1.4880260945962664 0.717231588936183 -0.69683487845549041 4 -2 -2 2 -2 2 2 -2 2 2.9742675984052536 31.291632618798772 0.87458761365972026 -0.484867513897349 0
4 -85 -50 85 -50 85 50 -85 50 22.845156352310966 45.579067772338988 0.83437327604064326 -0.55119981515708494 4 -16 -0.5 16 -0.5 16 0.5 -16 0.5 46.035498864305957 13.725913259340871 0.60331059697116607 -0.79750631570056874 1 23.151797627192739 35.045804989839539
3 -10 -8 12 -6 0 14 45.229350446578934 38.018916309959657 0.14481974885396826 0.98945805385669261 4 -2 -2 2 -2 2 2 -2 2 10.196301788110118 8.8329698246323947 -0.97029137679280608 0.24193933975589998 0
4 -4.5 -3 4.5 -3 4.5 3 -4.5 3 15.809204069669926 39.387601739713226 0.86606502014083675 -0.49993137617922334 4 -4.5 -3 4.5 -3 4.5 3 -4.5 3 34.663401272416678 45.446486357530986 0.91021618509141089 -0.41413342825427468 0
4 -16 -0.5 16 -0.5 16 0.5 -16 0.5 31.511777951332608 49.44471465207738 -0.39133887888793417 0.9202466418687627 4 -4.5 -3 4.5 -3 4.5 3 -4.5 3 52.123008272700389 6.3288087177800589 -0.37226249859500593 -0.92812748700800973 0
4 -16 -0.5 16 -0.5 16 0.5 -16 0.5 39.220111538199227 43.197051837988539 -0.99660962212991977 -0.082275519311994921 4 -27 -18 27 -18 27 18 -27 18 5.3161693278274536 17.944526852831515 0.013956769684320859 -0.99990259954656524 0
5 -9 -12 11 -9 14 6 1 15 -11 5 31.990402251192627 45.198462731041069 -0.88131223255908453 -0.472534388951452 3 -10 -8 12 -6 0 14 48.07032995361152 39.835999150993331 0.979666826324185 -0.20063127722241875 1 -2.1818254416367822 0.88131508639387457
4 -16 -0.5 16 -0.5 16 0.5 -16 0.5 41.742731587351763 28.225405151472174 0.14740174512947971 -0.98907670356387623 4 -11 -7 11 -7 11 7 -11 7 31.999060844219496 29.315518131517045 -0.6961809856275728 0.71786630736552981 1 3.0882207726714488 0.46023643019460081
4 -2.5 -1 2.5 -1 2.5 1 -2.5 1 15.636986268203144 58.915620876837679 0.92997882421626266 0.36761309349550875 4 -2 -2 2 -2 2 2 -2 2 14.905648884819733 6.9608142561863096 0.16999706507183868 0.98544456864247876 0
4 -2 -2 2 -2 2 2 -2 2 7.6654744349934472 27.145454599306952 0.23929181964622612 -0.97094769429171512 3 -10 -8 12 -6 0 14 32.724251996404227 9.1647730844664128 0.69072701338685294 0.72311561522185253 0
4 -2.5 -1 2.5 -1 2.5 1 -2.5 1 10.70411941321062 11.989352111979573 0.59704060744139775 0.80221101529834826 3 -10 -8 12 -6 0 14 18.896925907778233 8.074815812586408 0.86980831147736382 0.49338980662848841 1 -0.39221329405551592 -0.035139854212675369
4 -4.5 -3 4.5 -3 4.5 3 -4.5 3 35.374502998446609 31.600078275408897 0.70106449482232558 0.71309787133290292 3 -10 -8 12 -6 0 14 50.223912426992548 22.86071516162955 -0.34212571002055742 0.93965419093564917 0
3 -10 -8 12 -6 0 14 30.523285954470339 10.61398791605839 -0.87963621514370705 -0.47564706349104463 4 -27 -18 27 -18 27 18 -27 18 23.536553679786859 13.33214832382745 -0.9638916391176432 0.26629477658997214 1 -7.6843205976036462 -27.814486153944962
4 -2 -2 2 -2 2 2 -2 2 53.506954046124811 58.105720807747311 0.55133485684585315 -0.834284049725729 4 -4.5 -3 4.5 -3 4.5 3 -4.5 3 12.239367333746697 0.96900855138349451 -0.99910055751140237 0.042403726020302547 0
3 -10 -8 12 -6 0 14 42.77179858833631 58.878032867413317 0.56207176348468191 0.82708846727131913 3 -10 -8 12 -6 0 14 4.7467173610315267 59.063315711143197 0.90161260205950178 -0.43254446685571485 0
4 -2.5 -1 2.5 -1 2.5 1 -2.5 1 29.222255629176818 11.349997079664396 -0.76970904564482634 0.63839485042764144 4 -11 -7 11 -7 11 7 -11 7 44.47759317597918 19.809912224924695 -0.95731646578120344 -0.28904183839746433 0
3 -10 -8 12 -6 0 14 59.841237204463411 41.701879118128225 -0.91464209289417686 -0.40426456919467957 4 -4.5 -3 4.5 -3 4.5 3 -4.5 3 55.830189260141665 37.727806653087832 0.41518040866541939 0.90973909900609162 1 3.8156704184067958 5.410822953440225
4 -4.5 -3 4.5 -3 4.5 3 -4.5 3 9.8088671256317248 6.7470706860230312 -0.88573031755643783 0.46420017725262852 4 -2.5 -1 2.5 -1 2.5 1 -2.5 1 27.23059430661155 45.846390247749177 -0.80424161448447262 0.59430246973356005 0
4 -85 -50 85 -50 85 50 -85 50 57.467766088411636 51.575614132633831 0.58714666423273121 -0.80948057090975101 5 -9 -12 11 -9 14 6 1 15 -11 5 37.581592882212341 20.598375332479598 -0.011588063525883119 -0.99993285613771088 1 21.983220963467787 15.945255910571079
4 -4.5 -3 4.5 -3 4.5 3 -4.5 3 30.573869121844911 58.709370183506252 0.81605663031024478 0.57797195098610843 4 -27 -18 27 -18 27 18 -27 18 7.9040032366907109 14.164886671083128 -0.87538602156378353 0.48342456831519348 0
4 -11 -7 11 -7 11 7 -11 7 19.020998254982246 42.466399581018059 -0.1217264915870262 0.99256368120434146 5 -9 -12 11 -9 14 6 1 15 -11 5 14.289771923435437 17.320088169611676 0.16947131554581249 -0.98553512023020862 0
3 -10 -8 12 -6 0 14 3.7179668634637553 40.265387319799103 0.49905522963614601 0.86657018052366286 3 -10 -8 12 -6 0 14 35.437893760457193 10.307151236123316 0.55512370491563223 -0.83176779947335189 0
4 -4.5 -3 4.5 -3 4.5 3 -4.5 3 23.050970359847099 19.377865659565007 -0.67739902323347823 -0.73561577152908408 4 -11 -7 11 -7 11 7 -11 7 53.546800610298305 41.214735058843097 0.38684085191956358 0.92214649339795585 0
4 -16 -0.5 16 -0.5 16 0.5 -16 0.5 44.451864785347929 9.8995377075105253 0.96709812476777102 -0.25440364987684588 3 -10 -8 12 -6 0 14 26.644453452630142 47.587565799147271 -0.8157715783631001 -0.57837421444509129 0
4 -16 -0.5 16 -0.5 16 0.5 -16 0.5 41.15588742693356 30.961336183850992 0.34024597493837239 -0.94033646985440078 4 -85 -50 85 -50 85 50 -85 50 5.0513435809510865 1.0263964201525577 0.87273799214534975 -0.48818889486151096 1 8.3479402851325979 14.923659099338311
4 -85 -50 85 -50 85 50 -85 50 56.232511679123 39.715102418191414 0.98469628379183194 0.17427916882564023 4 -2 -2 2 -2 2 2 -2 2 59.447651232867031 0.21228730709147436 -0.8217382912143999 0.56986505486126982 1 -2.3300774074245378 13.165191109751781
4 -16 -0.5 16 -0.5 16 0.5 -16 0.5 50.018251550701251 9.8577398349298466 0.99214402656003986 0.12510088153658638 3 -10 -8 12 -6 0 14 47.269290523943454 34.053987281746998 -0.23624536231924725 -0.97169343353891591 0
5 -9 -12 11 -9 14 6 1 15 -11 5 28.200585038108962 7.8089033522473716 0.63761358384042777 -0.77035635760482024 4 -4.5 -3 4.5 -3 4.5 3 -4.5 3 55.413193230500745 6.880361371021209 0.56171262893514196 0.82733241354051368 0
5 -9 -12 11 -9 14 6 1 15 -11 5 12.276650753047623 56.071186709023081 0.74006398552229691 -0.67253646542983336 4 -11 -7 11 -7 11 7 -11 7 4.5539547755510394 6.5140359485907666 0.77579689902490778 0.63098270298268644 0
4 -85 -50 85 -50 85 50 -85 50 52.300399181187842 14.34569451719193 0.23497893367141504 0.97200046333869861 4 -16 -0.5 16 -0.5 16 0.5 -16 0.5 2.38283099400731 49.873811809476408 -0.22425100519216246 0.974531419026757 1 0.71002669917479877 -0.1716473632916285
4 -2 -2 2 -2 2 2 -2 2 46.463167585364467 47.690773287650444 0.87861149514252346 -0.47753726619335118 4 -2.5 -1 2.5 -1 2.5 1 -2.5 1 1.8704800044013203 45.774882046658398 0.05438532464840052 -0.99852002306558085 0
4 -11 -7 11 -7 11 7 -11 7 41.531810206371553 35.865918857575075 0.81732607149640901 0.57617540111692278 4 -2 -2 2 -2 2 2 -2 2 22.32963963801534 0.84880033993355974 0.99859080714846882 -0.053069764259599507 0
3 -10 -8 12 -6 0 14 34.113502997284201 40.216693294973624 -0.98418581833849261 0.17713914017345708 3 -10 -8 12 -6 0 14 3.9544243281567426 13.017300759220074 -0.89748188063214918 0.44105132800727476 0
4 -2 -2 2 -2 2 2 -2 2 1.0716385514830185 0.93256105048436844 0.93233986463194007 0.36158315339364977 4 -2 -2 2 -2 2 2 -2 2 35.887089269971732 3.6362728780751752 -0.37274962465677303 -0.92793195726746835 0
3 -10 -8 12 -6 0 14 19.815108906024356 41.493567346092092 0.18749057546533945 -0.98226640180333757 4 -16 -0.5 16 -0.5 16 0.5 -16 0.5 42.706520706907995 30.594150163404233 0.65899593672371926 -0.7521464986168771 0
4 -11 -7 11 -7 11 7 -11 7 44.215174725788238 5.1976906150213908 -0.60812580669153626 0.793840666151444 3 -10 -8 12 -6 0 14 57.511688114784846 3.5874429032114241 -0.22499334550179054 -0.97436030013538211 1 -6.3510873200183138 0.87090072462780121
4 -4.5 -3 4.5 -3 4.5 3 -4.5 3 5.9445873538456118 21.901526509339419 0.87633826695659378 0.48169621325843309 4 -2.5 -1 2.5 -1 2.5 1 -2.5 1 23.664041424873151 28.311478302127824 -0.41043166965843858 0.911891355667651 0
4 -85 -50 85 -50 85 50 -85 50 55.154119032133103 21.509111290087521 -0.98519617883806165 -0.17143071254265371 4 -16 -0.5 16 -0.5 16 0.5 -16 0.5 15.268053375088506 31.755675988222983 -0.45845590306132855 0.88871715688863673 1 8.3115697730304472 -47.765809632845944
4 -2 -2 2 -2 2 2 -2 2 20.654354837875651 20.01322818522571 -0.7980863981967361 -0.60254302835014273 4 -4.5 -3 4.5 -3 4.5 3 -4.5 3 40.357466416431663 0.35831506379150335 0.96372724871184134 -0.26688909698656615 0
4 -27 -18 27 -18 27 18 -27 18 44.408807343177635 11.259544394571574 -0.1279967373304807 0.99177458892268056 5 -9 -12 11 -9 14 6 1 15 -11 5 20.345099607545627 59.13848158993337 -0.98928392124449704 -0.14600453132389996 0
4 -2 -2 2 -2 2 2 -2 2 32.43386252715397 26.861189590889808 -0.66916420116757569 0.74311457520072921 4 -11 -7 11 -7 11 7 -11 7 43.741408556219056 53.212035861603958 0.8716328031479933 0.49015941945082669 0
4 -85 -50 85 -50 85 50 -85 50 10.11045993666386 7.2895944870945018 -0.99381711547908425 -0.1110294599682108 5 -9 -12 11 -9 14 6 1 15 -11 5 15.044586808441 56.123155452558549 -0.73647600474757213 0.67646366822694481 1 1.509428721659916 -13.510793429156879
4 -4.5 -3 4.5 -3 4.5 3 -4.5 3 26.536156125958929 54.110653744579999 0.92775529149044222 -0.37318911976568209 4 -2.5 -1 2.5 -1 2.5 1 -2.5 1 10.418142727865652 26.58058152555347 -0.0071993190208683331 -0.99997408456701309 0
4 -27 -18 27 -18 27 18 -27 18 17.843692421695895 48.64023381214475 -0.99675853718104968 -0.080451342789875188 4 -2.5 -1 2.5 -1 2.5 1 -2.5 1 23.537901802390536 11.648633737110499 -0.9995307319730522 -0.030631941522117387 0
4 -2.5 -1 2.5 -1 2.5 1 -2.5 1 35.836675698520246 45.91293888179375 0.089144629152807187 0.99601869214046801 4 -2 -2 2 -2 2 2 -2 2 14.701725884804578 50.053509123217822 -0.38774550990713069 -0.92176646692470821 0
4 -11 -7 11 -7 11 7 -11 7 10.216097192826048 8.306761930561974 -0.7410728495768717 -0.67142462839846384 4 -16 -0.5 16 -0.5 16 0.5 -16 0.5 14.949090182076025 11.315760502661885 0.24849292747727539 0.96863371043639279 1 -8.2969406668425627 2.1284940356660789
3 -10 -8 12 -6 0 14 47.317496957551157 20.813438488595498 0.62809065116760854 -0.77814017626379461 4 -2.5 -1 2.5 -1 2.5 1 -2.5 1 20.768886087873632 31.10920573098187 0.42042214235967135 0.90732861864580483 0
4 -16 -0.5 16 -0.5 16 0.5 -16 0.5 55.327577760036732 52.427401462396006 0.62612867122585802 -0.77971974905663466 3 -10 -8 12 -6 0 14 54.291736881337592 58.921853840423672 -0.90289958249786539 -0.42985153707434898 1 -5.8776127263306464 -4.7198263873271404
4 -2 -2 2 -2 2 2 -2 2 11.873788510171934 1.8081307863697282 0.99892155487822165 0.04642980938660056 5 -9 -12 11 -9 14 6 1 15 -11 5 19.563351256052247 40.55561284152401 0.75278077472478244 -0.65827130060846217 0
4 -85 -50 85 -50 85 50 -85 50 13.529241149692524 22.34523898024533 0.89763964098789017 0.44073016112711377 4 -16 -0.5 16 -0.5 16 0.5 -16 0.5 28.471854961884929 19.252646287205565 -0.39172938343606212 -0.92008048025854927 1 -22.683912128458115 46.200556565306769
4 -4.5 -3 4.5 -3 4.5 3 -4.5 3 49.168594640454494 28.430947812098704 -0.96696263742823307 0.25491813944448016 3 -10 -8 12 -6 0 14 37.043080010763944 18.67725928600812 0.7354447482701485 -0.67758469746730399 1 1.9193844307262511 -0.39718612955239241
4 -85 -50 85 -50 85 50 -85 50 44.637124726718511 44.052295834719445 -0.29793089269231915 -0.9545874413481239 4 -11 -7 11 -7 11 7 -11 7 10.932654699507223 2.8939403423350596 0.80277533750034791 -0.59628160922604556 1 40.839514039432906 -12.746189974702899
4 -2 -2 2 -2 2 2 -2 2 27.27845779203107 40.753959882056293 -0.7745218234916712 -0.63254718791180831 4 -2.5 -1 2.5 -1 2.5 1 -2.5 1 49.529574833719437 39.814417945909675 -0.91519519957565931 -0.40301085180633667 0
4 -16 -0.5 16 -0.5 16 0.5 -16 0.5 44.862432140967144 2.2778883771203695 -0.58500886854297363 0.81102689457629573 4 -27 -18 27 -18 27 18 -27 18 58.971272201157468 24.699216251022907 -0.56479149214500701 -0.82523364594556881 1 -3.626575001576994 -5.2988965883325712
3 -10 -8 12 -6 0 14 7.2860118935228835 31.952901397744064 0.03300040446650325 -0.99945533832435318 4 -2.5 -1 2.5 -1 2.5 1 -2.5 1 4.4998669793063435 14.638245022847078 -0.36287561251163364 -0.93183758769664726 0
4 -85 -50 85 -50 85 50 -85 50 54.621426341327044 56.805416598329387 0.16082550833480158 0.98698285490116422 5 -9 -12 11 -9 14 6 1 15 -11 5 30.622957107082847 47.346352842017353 0.24342416570023181 -0.96991993254760267 1 41.456840284675998 -6.7552515017146453
4 -85 -50 85 -50 85 50 -85 50 53.714565796909653 39.452781507650165 -0.84899950409621228 -0.52839364307719072 4 -4.5 -3 4.5 -3 4.5 3 -4.5 3 29.577300971303838 17.896809959593561 -0.99331170326547635 -0.11546367461603761 1 -25.937101205529032 41.674585509671864
4 -85 -50 85 -50 85 50 -85 50 20.951441936835252 45.724002690099326 0.93734980545445212 0.34838964137083739 5 -9 -12 11 -9 14 6 1 15 -11 5 38.173452221555706 59.140340895922414 -0.42104191931433355 -0.90704117998032607 1 20.045492360177406 -53.93282730829155
3 -10 -8 12 -6 0 14 55.355231056769441 49.511921266992047 0.22692938007026411 -0.97391121590262308 4 -2 -2 2 -2 2 2 -2 2 51.165139006595375 46.803233697679715 -0.40082819412371129 0.91615323979972063 1 4.1863821194180302 1.3853879812008887
3 -10 -8 12 -6 0 14 28.511002449692199 24.855337352943067 -0.13187748436609265 0.99126602338487879 4 -11 -7 11 -7 11 7 -11 7 43.171010245763469 52.5238053512767 0.24900016876845529 -0.96850344137399991 0
4 -4.5 -3 4.5 -3 4.5 3 -4.5 3 1.9970263502515806 32.500806560795709 -0.89265805781188956 -0.45073450258828113 4 -27 -18 27 -18 27 18 -27 18 50.780407519846321 47.13558396076283 -0.47670534475735493 0.87906314578633737 0
4 -2.5 -1 2.5 -1 2.5 1 -2.5 1 24.258007967611757 0.65735004503522543 -0.95924629490150026 0.28257131085399301 4 -11 -7 11 -7 11 7 -11 7 59.672774125736879 50.714828521561294 0.93597959696834798 -0.35205424874437868 0
4 -16 -0.5 16 -0.5 16 0.5 -16 0.5 49.431288395170043 52.511616177486417 0.9461639752170744 -0.32368770752288906 4 -2 -2 2 -2 2 2 -2 2 28.814240942068309 9.8204727811597792 0.37967966983612866 -0.92511801858634679 0
4 -11 -7 11 -7 11 7 -11 7 56.532639972753138 52.010464954187782 0.39533519439594034 0.918536925807517 3 -10 -8 12 -6 0 14 49.283582235659424 47.500273811707956 0.79710308236163796 -0.60384325456990562 1 10.346928415247712 -1.1207276897643168
4 -4.5 -3 4.5 -3 4.5 3 -4.5 3 53.730671317445967 32.215269664571686 -0.64519091609845869 0.76402138830273048 3 -10 -8 12 -6 0 14 43.256962261687221 18.039094618860286 0.98374515289433606 0.17957024852936918 0
4 -85 -50 85 -50 85 50 -85 50 59.355932867516387 28.098116530773282 -0.41333032543808074 -0.91058115622565472 3 -10 -8 12 -6 0 14 26.676291110668551 6.3173934396728049 0.34125329609398175 0.93997137610939685 1 34.600927856785646 -15.706027599763582
3 -10 -8 12 -6 0 14 31.146924890861531 6.83756822327374 0.83214149063294285 -0.5545633774125226 4 -11 -7 11 -7 11 7 -11 7 17.290785480671506 35.737080645052195 0.84765991948225483 0.53053997107035888 0
4 -2.5 -1 2.5 -1 2.5 1 -2.5 1 3.2546311046858056 42.443620464503688 -0.73296626851182378 0.68026498456399553 4 -2 -2 2 -2 2 2 -2 2 25.8208341034452 33.214744134664898 -0.13521081468758428 -0.99081685269858011 0
4 -2.5 -1 2.5 -1 2.5 1 -2.5 1 3.3797037153116638 10.852498739069848 0.78099548002533636 0.62453667640899557 3 -10 -8 12 -6 0 14 49.662795120060615 32.377121341444187 -0.97301776320305389 -0.2307302158177941 0
3 -10 -8 12 -6 0 14 34.175255678338367 16.602564279331119 0.56630516761930916 0.82419564250708466 3 -10 -8 12 -6 0 14 42.627490508932524 58.407286426161768 0.34382039075478704 -0.93903543005640933 0
3 -10 -8 12 -6 0 14 4.4413145415328303 39.453829185973071 0.63330195001469314 -0.7739048004164254 4 -11 -7 11 -7 11 7 -11 7 26.70617651288444 57.141502750168996 0.93645089524174552 0.35079868985065121 0
4 -2.5 -1 2.5 -1 2.5 1 -2.5 1 2.9108068865410019 44.622585766047273 -0.35059221920734096 0.93652821411384712 3 -10 -8 12 -6 0 14 17.886782077720088 37.566783444504196 0.62426802006573012 0.78121024002710893 0
4 -16 -0.5 16 -0.5 16 0.5 -16 0.5 59.428290483350303 15.086416037778491 0.53646903567406345 -0.84392000436234504 4 -27 -18 27 -18 27 18 -27 18 52.021974633539429 34.317467654498962 0.96198405492091965 -0.27310561707497905 1 -3.4250766750414714 -12.06445031618253
4 -85 -50 85 -50 85 50 -85 50 55.913046325654697 5.648944379250997 0.92430248438303664 0.38166073594666033 4 -2 -2 2 -2 2 2 -2 2 3.096853691576682 22.112963037304972 -0.68828131165348461 0.72544388895941414 1 6.5681721681987284 -15.906739365953698
4 -11 -7 11 -7 11 7 -11 7 38.136820877429315 24.356849811910205 -0.98498489894175822 -0.17264051916249068 4 -2 -2 2 -2 2 2 -2 2 33.43340588992767 10.652983686793361 0.49035370654429666 -0.87152351802935868 0
4 -11 -7 11 -7 11 7 -11 7 30.914416628389088 39.551115196250116 0.5618349565403109 -0.82724934669623462 3 -10 -8 12 -6 0 14 36.539618927053702 8.1333837870397581 -0.92024876069277606 -0.39133389636397442 0
4 -4.5 -3 4.5 -3 4.5 3 -4.5 3 34.327077384921893 35.503935816216952 -0.97675067112694969 -0.21437846546016087 4 -2 -2 2 -2 2 2 -2 2 1.6587625307624698 4.6784662297191488 -0.25929285071284197 0.96579874589337078 0
3 -10 -8 12 -6 0 14 31.979838437915696 46.76748501171992 0.71408950002094851 -0.70005441642763155 3 -10 -8 12 -6 0 14 48.413144816438049 1.7986768289898625 -0.70661147113356249 -0.70760174453039804 0
4 -4.5 -3 4.5 -3 4.5 3 -4.5 3 25.115724974296135 27.295367069221644 -0.058476979773623844 -0.99828875724238986 4 -16 -0.5 16 -0.5 16 0.5 -16 0.5 52.696996718291956 1.7002555843156508 0.97873147295093854 0.20514556747657589 0
3 -10 -8 12 -6 0 14 38.090967848811296 49.985715181941224 0.82532306605264949 -0.56466081557113024 4 -85 -50 85 -50 85 50 -85 50 57.39253192364361 34.195742370958698 0.46798681425962629 -0.88373544778917068 1 -46.595426914877926 -24.674856548430714
4 -4.5 -3 4.5 -3 4.5 3 -4.5 3 57.033104487595764 12.519858389337184 -0.99813816780089293 -0.060993425703729981 5 -9 -12 11 -9 14 6 1 15 -11 5 1.7829556546277958 3.3287194584138113 0.58318104868381204 0.81234220895879172 0
4 -4.5 -3 4.5 -3 4.5 3 -4.5 3 53.301337873477451 7.8904840642038643 -0.3923578251586568 0.91981266409892881 4 -16 -0.5 16 -0.5 16 0.5 -16 0.5 45.653497836922426 30.879657849459111 -0.99913000177594258 0.041704191050840125 0
4 -27 -18 27 -18 27 18 -27 18 14.061094977439044 56.904462215160017 0.48683372661811419 0.87349466090361383 4 -27 -18 27 -18 27 18 -27 18 9.7575979804259134 15.768653851333019 -0.24474090937898302 -0.96958851441028759 1 4.1103120097147485 16.283797119879143
3 -10 -8 12 -6 0 14 4.3433614570819135 4.9297493657135316 0.40555157566557648 0.91407216316610806 4 -16 -0.5 16 -0.5 16 0.5 -16 0.5 49.64388897844546 16.778322653166288 0.93167951233457402 0.36328127710633562 0
4 -2.5 -1 2.5 -1 2.5 1 -2.5 1 17.749816508731058 34.412518641869724 0.93594672667754841 -0.35214162608470817 4 -85 -50 85 -50 85 50 -85 50 23.371022881145482 35.378219282622553 0.52902344357140174 -0.84860720958041358 1 -39.912367278606631 -24.881450146122294
4 -85 -50 85 -50 85 50 -85 50 57.424798932677277 28.693616965146195 -0.81536093624917705 0.57895297187152039 5 -9 -12 11 -9 14 6 1 15 -11 5 2.1660101156194167 4.5567051858936374 0.97819982246890758 0.20766585497331469 1 7.3473581062075262 10.347556840531771
4 -85 -50 85 -50 85 50 -85 50 9.403607579162971 10.902983601072002 0.82187606917936218 -0.56966632945109219 3 -10 -8 12 -6 0 14 25.302337696550513 25.324232400238543 -0.22453070924431368 -0.97446701360602528 1 -24.187828248422928 -34.896563435571778
4 -2.5 -1 2.5 -1 2.5 1 -2.5 1 58.982398895082341 22.126952555699905 -0.94272050809008046 0.33358363812750264 3 -10 -8 12 -6 0 14 28.631538094086032 25.905715708673458 -0.54012649457551964 0.84158384600559033 0
4 -4.5 -3 4.5 -3 4.5 3 -4.5 3 26.592557522496737 32.823797158332219 0.81519358835592337 -0.57918858198637979 4 -2.5 -1 2.5 -1 2.5 1 -2.5 1 41.31033892778283 3.7898442725747872 -0.70179864953184901 0.71237536138981739 0
3 -10 -8 12 -6 0 14 29.974036224276482 57.135364392988606 0.5756503909017503 0.81769592603526042 3 -10 -8 12 -6 0 14 43.277549922549504 48.88080262150698 -0.71636673495349834 -0.69772394329854004 1 -0.39442631415362428 0.22727043284031087
4 -27 -18 27 -18 27 18 -27 18 45.044298034797649 48.993235709523795 -0.46467366474088079 -0.88548200732498206 4 -27 -18 27 -18 27 18 -27 18 3.0695517537293804 53.189945734745642 0.70769223705291384 0.70652084018452166 1 3.6460808499049029 -1.9133508489744522
5 -9 -12 11 -9 14 6 1 15 -11 5 4.7466929675855578 44.834019736528397 0.99238817147194347 0.12314916614647695 3 -10 -8 12 -6 0 14 7.8287719111742238 7.3039208431728753 -0.93703182606455804 0.3492439791064692 0
4 -2 -2 2 -2 2 2 -2 2 58.285831307884365 9.9840759822118148 0.98812172749489846 0.15367319757360917 4 -16 -0.5 16 -0.5 16 0.5 -16 0.5 51.872366993849447 54.558860539927984 0.89653218252951827 0.44297860635572284 0
4 -11 -7 11 -7 11 7 -11 7 31.360160109018082 5.9046736911369457 0.32380233126846669 0.94612475407057506 4 -85 -50 85 -50 85 50 -85 50 23.8452645862255 12.897322274709058 0.98729920610660638 -0.15887189059511062 1 -8.9471523156161012 -55.601505999794021
4 -2.5 -1 2.5 -1 2.5 1 -2.5 1 58.858732262643322 9.629811804322264 0.94180772174465788 0.33615207163148214 4 -16 -0.5 16 -0.5 16 0.5 -16 0.5 43.972770357763068 17.557724436364101 0.5256604834285048 -0.85069445523155407 0
4 -2.5 -1 2.5 -1 2.5 1 -2.5 1 5.0601745640371139 8.6872393899794353 -0.34294753603724276 -0.93935455900633391 3 -10 -8 12 -6 0 14 3.8055432686827606 26.014664059936859 -0.5774320640370364 0.8164387370904983 0
5 -9 -12 11 -9 14 6 1 15 -11 5 37.660243476306938 27.102458059362974 0.8408510176374866 0.54126663128074248 3 -10 -8 12 -6 0 14 3.148622535614658 1.9289449931361169 0.99899599003157324 0.044799686392170551 0
4 -2 -2 2 -2 2 2 -2 2 26.928029036827727 20.343444851089576 0.98385465642396064 0.17896931310392417 4 -27 -18 27 -18 27 18 -27 18 58.938799277905233 3.4326395434631429 -0.67728602747284128 0.73571980875198517 0
4 -11 -7 11 -7 11 7 -11 7 16.498319623255597 27.926209344471921 -0.58773424390842066 0.80905405167850009 3 -10 -8 12 -6 0 14 16.783580246666084 42.268755528177977 -0.99911405870672121 -0.04208441153898259 1 -4.9222144228242772 -3.575723978085144
4 -27 -18 27 -18 27 18 -27 18 5.7340133083220124 58.659985612178943 -0.79277179219294802 0.60951856862870157 5 -9 -12 11 -9 14 6 1 15 -11 5 31.835236453265377 45.355183321892831 0.53555486230153548 -0.84450043781230999 1 -8.5371626528203635 6.5637541743299233
4 -16 -0.5 16 -0.5 16 0.5 -16 0.5 50.465286162186175 38.242882470120932 -0.75128238202860387 -0.65998089552154982 3 -10 -8 12 -6 0 14 16.775776201190034 29.935245264879967 0.2785439291459425 -0.96042348968355629 0
4 -27 -18 27 -18 27 18 -27 18 29.408386769064109 5.1909235913865848 0.99999330834076716 -0.0036583156899553581 4 -85 -50 85 -50 85 50 -85 50 34.632231163271356 2.0942554260238744 0.49728496650995418 0.86758726482308035 1 -66.193169216076413 37.940699767552204
4 -4.5 -3 4.5 -3 4.5 3 -4.5 3 19.814626867048691 33.968360753829046 -0.99999930882058519 0.0011757373651912638 4 -2.5 -1 2.5 -1 2.5 1 -2.5 1 23.726364238059826 20.916129204684559 0.42220851990965003 -0.90649874005191133 0
4 -27 -18 27 -18 27 18 -27 18 47.364785050334767 54.686532491366364 -0.52410316671695034 0.85165478372240977 4 -4.5 -3 4.5 -3 4.5 3 -4.5 3 58.997480668668246 38.271117655481206 -0.98629273900651038 0.16500494835924068 1 -6.3636677590804283 10.340803935588267
4 -85 -50 85 -50 85 50 -85 50 38.9419997597291 22.562243273823906 -0.34798149854738086 0.93750140088893685 5 -9 -12 11 -9 14 6 1 15 -11 5 56.053511315032146 30.924272876154152 0.83143010368183556 0.55562935729820118 1 -40.225353152391868 -14.930834936667146
4 -2 -2 2 -2 2 2 -2 2 17.652546541409563 37.937976237212297 0.99982214892080512 0.018859229236193431 5 -9 -12 11 -9 14 6 1 15 -11 5 52.337848758760956 50.588859454663364 0.77565039867834507 0.63116278330564168 0
3 -10 -8 12 -6 0 14 18.592273152498571 15.953188905220514 -0.98715583641315241 0.15976030369102781 4 -2.5 -1 2.5 -1 2.5 1 -2.5 1 57.472341979514056 39.76123387822625 0.15021008064660873 0.98865410112543373 0
4 -27 -18 27 -18 27 18 -27 18 5.9995358092221229 51.114985482251086 0.75920061277706608 -0.65085668895612292 3 -10 -8 12 -6 0 14 41.787584506594854 22.142734054976568 0.99030269415437788 -0.13892650557248157 0
3 -10 -8 12 -6 0 14 28.653479741253559 26.004789898277746 -0.86710324814241801 -0.49812845437785253 3 -10 -8 12 -6 0 14 33.678248379996262 32.177030442076529 0.71020985008198589 0.70399003462160115 1 -7.005242158785534 -2.5918811673534727
4 -2.5 -1 2.5 -1 2.5 1 -2.5 1 51.801025033460405 32.662384197851139 -0.94777145384197814 -0.31895026459036385 4 -16 -0.5 16 -0.5 16 0.5 -16 0.5 22.855693828378577 1.406444676935692 0.38339130104025737 -0.92358600589585527 0
4 -11 -7 11 -7 11 7 -11 7 26.049758635636419 45.255523801436553 0.85693543964422103 0.51542375991194433 4 -11 -7 11 -7 11 7 -11 7 18.725735296116863 57.806109891105415 0.87526147813971134 -0.48365002314141115 1 2.8331549782618626 -4.7103589234842733
5 -9 -12 11 -9 14 6 1 15 -11 5 4.1938953740559626 47.73845981785734 -0.061934060370962003 0.99808024335018575 3 -10 -8 12 -6 0 14 7.2211317257329188 24.949755229055217 0.29798959293913352 -0.95456911876509476 0
5 -9 -12 11 -9 14 6 1 15 -11 5 28.692738120314893 26.255127381789734 -0.33606546686245264 0.94183862841917976 4 -4.5 -3 4.5 -3 4.5 3 -4.5 3 47.965285244428571 59.115893739841368 0.56399907196027954 -0.82577542154507322 0
5 -9 -12 11 -9 14 6 1 15 -11 5 55.342626196133857 3.105693608327158 -0.11539881740235228 -0.99331924019528517 4 -2.5 -1 2.5 -1 2.5 1 -2.5 1 25.09429081851982 46.973106392929829 0.79653702235349733 -0.6045897551399827 0
4 -85 -50 85 -50 85 50 -85 50 2.8611711165876974 41.523750659839301 -0.65099145200748776 0.75908506072322546 3 -10 -8 12 -6 0 14 52.621460200731583 56.312514072430503 0.14691741850193427 -0.98914876138057595 1 -10.67891825318733 -9.1582417560532825
4 -16 -0.5 16 -0.5 16 0.5 -16 0.5 7.2280869816264843 34.449931679643342 -0.19964649346069616 -0.97986798990927759 4 -27 -18 27 -18 27 18 -27 18 19.373946121834656 46.01803586746756 0.44872873540091918 -0.89366801555470909 1 -10.936298030819076 -5.4913358203727523
4 -16 -0.5 16 -0.5 16 0.5 -16 0.5 26.70682060510704 4.4302698316850408 0.99862591044118731 0.052405066506108641 4 -11 -7 11 -7 11 7 -11 7 37.973370282360662 2.5820142447733896 0.82151540727107519 -0.57018631658102736 1 -0.54157489960913319 10.320199233622247
4 -11 -7 11 -7 11 7 -11 7 18.829068381502051 6.6050120754523363 0.99673896635545567 -0.080693450469401407 4 -85 -50 85 -50 85 50 -85 50 46.631502211169007 42.852970626599351 -0.81697317712815976 -0.57667566955188987 1 28.165829902073447 -39.902372783351382
5 -9 -12 11 -9 14 6 1 15 -11 5 8.1701754644809981 39.786056533910831 -0.74307471258828584 0.66920846640776777 4 -11 -7 11 -7 11 7 -11 7 34.506741437911622 40.706943862120589 0.89745939483476145 -0.44109708072353376 0
5 -9 -12 11 -9 14 6 1 15 -11 5 13.67482867139854 59.812304876154506 -0.36137023245562205 0.93242241237272372 3 -10 -8 12 -6 0 14 42.952006804541654 20.867487529077916 -0.23025609217103357 0.97313006942449609 0
4 -11 -7 11 -7 11 7 -11 7 18.017899724288732 21.523563660238207 -0.632211071600708 0.77479620607323862 4 -4.5 -3 4.5 -3 4.5 3 -4.5 3 12.143925332356766 27.082816785816078 -0.99859473286190947 0.052995844180951483 1 5.2002237142828509 -6.3730513202766979
4 -27 -18 27 -18 27 18 -27 18 6.0143523580080345 54.907698525783267 0.87963016269063687 0.47565825640352727 4 -16 -0.5 16 -0.5 16 0.5 -16 0.5 29.980716207938165 15.828128081093787 0.52443433307581733 0.85145089716983835 0
4 -27 -18 27 -18 27 18 -27 18 8.0337121210614271 48.360053330445766 0.7440189038416688 0.66815856705294263 5 -9 -12 11 -9 14 6 1 15 -11 5 24.726234078909805 27.46807357025385 0.91929302295655402 -0.39357380240991729 1 -2.261975595816788 2.5187922243356655
3 -10 -8 12 -6 0 14 50.070955956811211 0.98332486620065218 -0.43719921195847106 0.89936469191473811 4 -27 -18 27 -18 27 18 -27 18 33.800464084775015 52.524779650740285 0.47185852132880418 0.88167427990692482 0
4 -27 -18 27 -18 27 18 -27 18 37.278967451365901 37.731498527685261 -0.45087049364165654 0.89258937813718631 4 -11 -7 11 -7 11 7 -11 7 11.008577327139555 55.07165512653367 -0.97035739140511157 -0.2416744358542442 1 4.0322082934198082 -7.9825722550025517
4 -4.5 -3 4.5 -3 4.5 3 -4.5 3 10.199067577055027 58.010857006130777 -0.68660059888294955 0.72703481183061314 3 -10 -8 12 -6 0 14 26.424133679232696 1.7308648701391816 -0.59375148472874806 -0.80464847876722367 0
4 -11 -7 11 -7 11 7 -11 7 13.326842008567802 54.21220403916454 -0.85997590898313891 -0.51033463136321056 4 -4.5 -3 4.5 -3 4.5 3 -4.5 3 28.231346299562819 29.880428947290532 0.025316243670614934 0.99967949254068933 0
4 -27 -18 27 -18 27 18 -27 18 15.471825545285235 56.82082735556245 0.89172392294316016 0.45257976672721567 4 -2 -2 2 -2 2 2 -2 2 43.596926969557501 26.338089568567405 0.99196918939109058 0.12647975054838867 0
4 -4.5 -3 4.5 -3 4.5 3 -4.5 3 26.745904813366902 50.770637181047384 -0.98214330601409827 -0.18813433086945411 4 -16 -0.5 16 -0.5 16 0.5 -16 0.5 19.225800445762886 46.805605133788646 0.22947120812554553 -0.97331544970857342 0
4 -16 -0.5 16 -0.5 16 0.5 -16 0.5 41.27247924279866 37.32197120925693 0.74157721805578436 0.67086752020100338 4 -4.5 -3 4.5 -3 4.5 3 -4.5 3 37.718908617248331 39.337621220723719 -0.99965716087723 0.026183214219724929 1 1.2731603474388138 -1.4073519438081141
4 -85 -50 85 -50 85 50 -85 50 3.0744834002410304 25.458900851170295 -0.65912169660127495 0.75203629504795633 4 -16 -0.5 16 -0.5 16 0.5 -16 0.5 49.030814092552895 56.123702799347882 -0.0057844984049832413 0.99998326964914908 1 -4.5734497018908531 -4.008396864194788
3 -10 -8 12 -6 0 14 11.333188478010976 3.0107536971350912 -0.51609558750822504 0.85653099450897874 4 -2 -2 2 -2 2 2 -2 2 15.979711272892636 51.640431847523573 0.7127734468218484 0.70139433523924455 0
4 -2.5 -1 2.5 -1 2.5 1 -2.5 1 20.034170945741479 6.3826375365943866 -0.59543048229787288 0.80340683389583045 4 -27 -18 27 -18 27 18 -27 18 49.441045679124379 20.930368032181903 0.99098721880395491 -0.13395645623560806 1 -0.49281391968670929 -0.36524014671277916
5 -9 -12 11 -9 14 6 1 15 -11 5 44.612470655529357 34.173578839832999 -0.14833882555950129 -0.98893659697253988 4 -2 -2 2 -2 2 2 -2 2 18.328466729713156 52.942417025130062 0.78226838267148602 0.62294155221219394 0
5 -9 -12 11 -9 14 6 1 15 -11 5 40.379959235563433 29.664381814424729 -0.01124719059197013 -0.99993674835150848 3 -10 -8 12 -6 0 14 11.055497375509173 20.553679745581544 -0.77539092584972424 -0.6314815215902263 0
4 -11 -7 11 -7 11 7 -11 7 58.175157191252978 36.039208680198179 0.18818570564006054 -0.98213346353372588 5 -9 -12 11 -9 14 6 1 15 -11 5 14.687294982210359 22.613226568260949 -0.23023403482313157 -0.97313528823543394 0
4 -2.5 -1 2.5 -1 2.5 1 -2.5 1 48.213971730594253 41.579156515210563 0.055314198286153686 -0.99846899775003539 4 -16 -0.5 16 -0.5 16 0.5 -16 0.5 10.910596099591539 47.353215388914535 0.66337992000686852 0.74828275520132137 0
3 -10 -8 12 -6 0 14 37.294359233625102 0.039316873262857932 0.40750114059086395 -0.91320469798241011 4 -85 -50 85 -50 85 50 -85 50 11.732542584964719 5.1425135695001796 -0.36383843902251017 -0.93146207131029402 1 34.529777909548997 -13.487678007899385
4 -4.5 -3 4.5 -3 4.5 3 -4.5 3 30.809859920377964 27.51528668499579 0.9843337536979766 0.17631523283837738 4 -4.5 -3 4.5 -3 4.5 3 -4.5 3 20.189348171735318 34.085271540914114 -0.47294095600474056 0.88109412217612826 0
3 -10 -8 12 -6 0 14 24.757027126276824 8.246257174204036 0.98398320034163467 0.17826121688531849 4 -4.5 -3 4.5 -3 4.5 3 -4.5 3 33.592858019297665 59.537745421528811 -0.94036288338610508 0.34017296710610406 0
5 -9 -12 11 -9 14 6 1 15 -11 5 6.8216554189730028 11.145892983767476 0.32795429175482177 -0.94469359186965651 4 -85 -50 85 -50 85 50 -85 50 16.153845728547214 10.454380611742877 -0.26193278780445772 0.96508611774959485 1 -54.245570301910561 -14.722720795481155
4 -2.5 -1 2.5 -1 2.5 1 -2.5 1 40.835488071510767 46.201657578678009 -0.42415230915061097 -0.9055908671371441 4 -16 -0.5 16 -0.5 16 0.5 -16 0.5 20.873066987555088 49.363813136828249 -0.24797774696166319 0.96876572865260735 0
4 -4.5 -3 4.5 -3 4.5 3 -4.5 3 42.52095585723422 49.492669346988421 0.84524260123047379 0.53438277017989866 3 -10 -8 12 -6 0 14 19.413793997079324 49.590325979963133 -0.68602511876467576 0.72757785591915347 0
3 -10 -8 12 -6 0 14 0.24030577219498417 54.602825646438994 -0.13989092660465297 0.99016691959168768 3 -10 -8 12 -6 0 14 52.355183412822655 52.611387488367221 -0.05479413225535229 -0.99849767304204717 0
5 -9 -12 11 -9 14 6 1 15 -11 5 46.950130778161132 56.726392621286102 -0.35339922010960029 -0.93547260314021285 3 -10 -8 12 -6 0 14 10.082037496004784 42.93015177762522 -0.34140174929401335 -0.93991746742944815 0
4 -2.5 -1 2.5 -1 2.5 1 -2.5 1 4.4360800586687787 11.66239098871346 0.98568171356293344 0.16861660519545296 4 -11 -7 11 -7 11 7 -11 7 25.14393907566166 10.798342235823471 0.63415931772738954 0.77320240541499341 0
4 -85 -50 85 -50 85 50 -85 50 37.408307007880019 43.045180652638514 -0.9996545292388066 -0.026283496197041629 4 -27 -18 27 -18 27 18 -27 18 45.07758222044027 28.994016156218862 -0.032778219038489639 0.99946264980571675 1 -1.6524039769977572 62.846780632020661
4 -11 -7 11 -7 11 7 -11 7 31.697434958285577 6.1712382611687939 -0.99876387127101984 0.04970643261918619 4 -85 -50 85 -50 85 50 -85 50 12.212512984258293 52.276166749929658 -0.81388417086814158 -0.58102715634493174 1 7.8270442718906468 -10.963872115117058
4 -4.5 -3 4.5 -3 4.5 3 -4.5 3 2.5731830761091357 47.536998978215969 0.55859840015640694 0.82943826011506283 4 -85 -50 85 -50 85 50 -85 50 37.108600036276115 27.557964002426093 0.67966613540034293 0.73352160458296156 1 -10.816254977627947 10.022120922162504
4 -2.5 -1 2.5 -1 2.5 1 -2.5 1 15.088313167394872 23.143400936843094 -0.95902115078709593 -0.28333448844606657 3 -10 -8 12 -6 0 14 38.204298851709453 6.1493491536040175 0.99275705653434942 -0.12013919718915457 0
4 -4.5 -3 4.5 -3 4.5 3 -4.5 3 11.002152338098456 40.226498652969504 0.17111249164358142 0.98525149845281901 4 -2.5 -1 2.5 -1 2.5 1 -2.5 1 49.992215939639863 55.199185581108473 -0.97860336270181303 0.20575582253900832 0
4 -11 -7 11 -7 11 7 -11 7 30.401282123503435 48.269733532716067 0.077141245741697492 -0.99702017442247326 4 -85 -50 85 -50 85 50 -85 50 53.502365737833173 13.850452181264686 0.81635153958008855 -0.57755533399425829 1 27.825809368082489 39.330677046300153
4 -27 -18 27 -18 27 18 -27 18 50.780471244446353 35.028538526518602 -0.95388060709522582 0.30018625452815695 4 -11 -7 11 -7 11 7 -11 7 44.243873890932427 20.661364308963773 -0.81004491355729769 0.58636783508302204 1 3.7379013748894399 11.877664546453039
4 -2.5 -1 2.5 -1 2.5 1 -2.5 1 16.483038223076342 18.717505368403636 -0.19343977773211704 -0.98111215077123026 5 -9 -12 11 -9 14 6 1 15 -11 5 40.273199192921517 2.8814730348707895 -0.24807983833814409 -0.96873959029768175 0
4 -11 -7 11 -7 11 7 -11 7 59.892055392205918 16.145336879988825 -0.45720589377063242 0.889360877653946 4 -2.5 -1 2.5 -1 2.5 1 -2.5 1 37.785095983299591 37.970947517184669 -0.85882469336515821 -0.51226960291065671 0
4 -27 -18 27 -18 27 18 -27 18 44.588080139399018 4.6487553214712163 0.83412265252411244 -0.55157900662202397 4 -2 -2 2 -2 2 2 -2 2 24.253831695211503 15.130116253550611 -0.77746511970234999 0.62892605896576637 1 5.3715726524031755 -3.5520516061334582
5 -9 -12 11 -9 14 6 1 15 -11 5 47.361450078431787 18.056133929594736 -0.31353900120142014 0.94957532335545447 4 -85 -50 85 -50 85 50 -85 50 40.766719052879857 9.3748978257729334 0.091635077152230321 -0.99579265544354401 1 57.235557355983651 5.266944564709954
4 -85 -50 85 -50 85 50 -85 50 14.337367305155484 40.834937349868902 0.97194695646598706 0.23520015692278934 4 -16 -0.5 16 -0.5 16 0.5 -16 0.5 15.77320339183351 51.259303228064219 0.28836291528128083 0.95752118989110668 1 12.762879755390834 -52.74164055114003
4 -4.5 -3 4.5 -3 4.5 3 -4.5 3 27.225299122059468 42.812915346755503 -0.97108069789695983 0.23875149878472685 3 -10 -8 12 -6 0 14 57.347363329469886 54.941323102457588 0.99862217504744999 0.052476199400300252 0
5 -9 -12 11 -9 14 6 1 15 -11 5 14.425368926783513 9.626884378284803 0.95385813448526369 0.30025765481714622 4 -2.5 -1 2.5 -1 2.5 1 -2.5 1 42.828436270597123 37.92514192802809 0.91605854282607269 0.4010445687394012 0
4 -4.5 -3 4.5 -3 4.5 3 -4.5 3 45.082737182787035 56.122171616664382 -0.92067900802356262 -0.39032059154590948 4 -2.5 -1 2.5 -1 2.5 1 -2.5 1 59.670357356351069 21.03076285173313 -0.48895591557152768 0.87230849624866613 0
3 -10 -8 12 -6 0 14 27.977353879286444 39.762947783897644 0.97875143112571106 0.20505032569925977 5 -9 -12 11 -9 14 6 1 15 -11 5 36.966210787711297 11.179524169977171 0.13374309860726763 0.99101603598273158 0
4 -11 -7 11 -7 11 7 -11 7 53.325768675490345 55.801722051283065 -0.82998163523045032 -0.55779071808357261 4 -2.5 -1 2.5 -1 2.5 1 -2.5 1 57.969535633532089 43.130235475867025 -0.99769804657070194 -0.067813036128797369 0
4 -11 -7 11 -7 11 7 -11 7 44.219911534965675 28.084882349221918 -0.18541762035441325 0.98265981197060592 4 -16 -0.5 16 -0.5 16 0.5 -16 0.5 54.501843132664455 52.018267165236352 0.88510952053569769 -0.46538278508886355 0
4 -2.5 -1 2.5 -1 2.5 1 -2.5 1 7.1027979854677543 18.89743416733754 -0.68091606996159793 -0.73236145834420607 3 -10 -8 12 -6 0 14 43.680616359532678 47.300887510766863 -0.92353899692639585 0.38350452560065901 0
3 -10 -8 12 -6 0 14 32.283161946256392 4.8592188767573958 0.40165290090026501 0.91579197812516455 3 -10 -8 12 -6 0 14 45.707895297328086 50.508502763720308 0.74606097164382468 -0.66587763634910591 0
4 -4.5 -3 4.5 -3 4.5 3 -4.5 3 49.939689757273939 48.778757866559786 -0.2901285031607323 -0.95698769670968753 4 -16 -0.5 16 -0.5 16 0.5 -16 0.5 10.476822353366481 35.45019933247373 0.042016437930547199 -0.99911691955627924 0
3 -10 -8 12 -6 0 14 58.405303421353466 8.7744718749223622 0.88075023655104112 0.47358106044824594 4 -85 -50 85 -50 85 50 -85 50 56.102597520205691 0.41482629930358783 0.69465417117483841 -0.71934385551653834 1 39.082719128795269 37.741302237408355
4 -85 -50 85 -50 85 50 -85 50 52.002785460479451 43.498256605548931 0.68098505762502581 0.73229731072252358 3 -10 -8 12 -6 0 14 20.199347939713313 36.675464113929884 -0.98356671075776725 0.18054507882838197 1 28.473762385669406 -26.478598835594465
5 -9 -12 11 -9 14 6 1 15 -11 5 7.8709811138172281 18.969024473681451 0.97655447205403378 -0.21527044179651622 3 -10 -8 12 -6 0 14 25.291222992482677 50.532543392871972 -0.57184194050600534 -0.82036381872820685 0
4 -16 -0.5 16 -0.5 16 0.5 -16 0.5 37.432062824641882 44.696798726683681 -0.29639144172340937 -0.95506654913315792 5 -9 -12 11 -9 14 6 1 15 -11 5 48.955981309351557 23.184372065952925 -0.47972311604441448 0.87741992907195654 0
4 -16 -0.5 16 -0.5 16 0.5 -16 0.5 18.830043062252408 1.8150754073601227 -0.55208741570265552 0.83378623484845515 3 -10 -8 12 -6 0 14 11.498270038002312 11.005850492739436 0.18493598433334207 -0.98275056942169103 1 7.5540167377523497 -8.5019684919186638
4 -11 -7 11 -7 11 7 -11 7 39.357447913496053 7.8310748200562008 0.86434470945300634 0.50289981431752184 4 -2.5 -1 2.5 -1 2.5 1 -2.5 1 38.372484200794133 38.591059882542304 0.45155957855644874 -0.89224096914114093 0
4 -4.5 -3 4.5 -3 4.5 3 -4.5 3 55.345024160496621 19.573593976841774 0.074846442845292752 -0.99719507118387141 4 -4.5 -3 4.5 -3 4.5 3 -4.5 3 59.260910449191101 4.7871174623138746 -0.44005917747782192 -0.89796877468960068 0
4 -85 -50 85 -50 85 50 -85 50 12.165444368004092 51.988535734536761 -0.14494168668769322 -0.98944019903181946 4 -16 -0.5 16 -0.5 16 0.5 -16 0.5 36.869212458827121 49.785379342231266 0.94533781893059121 0.32609263729736787 1 -39.258074934028684 5.750859529072943
3 -10 -8 12 -6 0 14 23.137699294956445 4.3422238185215445 0.99933242453420812 0.036533618416209557 3 -10 -8 12 -6 0 14 59.350733402782481 35.09426132787604 -0.86909992652764345 0.49463655112581884 0
4 -16 -0.5 16 -0.5 16 0.5 -16 0.5 36.060304844196693 46.299617079286875 -0.95860870207021731 0.28472680996922872 4 -2.5 -1 2.5 -1 2.5 1 -2.5 1 25.408762310519535 30.361352050590654 -0.99870782033056238 -0.050820169328498067 0
3 -10 -8 12 -6 0 14 25.913130675888429 32.228100711759495 -0.66849442662777059 -0.74371715158896823 4 -11 -7 11 -7 11 7 -11 7 17.77544890959928 10.599131713628809 0.67978298184009689 -0.73341331975945634 0
3 -10 -8 12 -6 0 14 33.969155687288243 56.099880387185465 -0.49349622843117963 -0.869747936200024 3 -10 -8 12 -6 0 14 53.149739128333223 20.391016162689894 0.99875318936912127 -0.049920604213172723 0
4 -2 -2 2 -2 2 2 -2 2 4.5841991655029783 12.154934581811947 -0.019154033217047443 0.99981654467783254 4 -11 -7 11 -7 11 7 -11 7 43.92633409911182 5.742093311356542 0.88633302771732259 0.46304833870498213 0
5 -9 -12 11 -9 14 6 1 15 -11 5 33.063868761395604 50.662897059737297 -0.96746495212804284 -0.25300507189359617 4 -2.5 -1 2.5 -1 2.5 1 -2.5 1 56.922481170573477 21.743719165088432 0.06003855712719524 0.99819605872698403 0
5 -9 -12 11 -9 14 6 1 15 -11 5 51.91573673660892 1.3919019913750041 0.74730765104931252 0.66447819729706636 5 -9 -12 11 -9 14 6 1 15 -11 5 7.101825272392281 48.164050742971241 0.21175389361113939 0.97732302159548168 0
4 -2.5 -1 2.5 -1 2.5 1 -2.5 1 59.786787313203071 49.833748360583314 -0.75561589126268913 0.65501498064646724 4 -85 -50 85 -50 85 50 -85 50 43.474104747026011 12.280852390506425 0.98659248069096472 0.16320317718735858 1 -2.9662733460502122 17.931654452581633
4 -4.5 -3 4.5 -3 4.5 3 -4.5 3 40.365697543504922 48.01050303099273 -0.59294842227793543 0.80524044143231355 3 -10 -8 12 -6 0 14 31.012390430255095 30.249830741738315 0.74858783894819625 -0.66303563055002512 0
4 -16 -0.5 16 -0.5 16 0.5 -16 0.5 28.799930098368204 1.1158019129058427 0.87221368962252843 -0.4891250143215492 4 -4.5 -3 4.5 -3 4.5 3 -4.5 3 41.262957397796484 34.595564977009893 0.79694770350580735 0.60404830756887307 0
4 -27 -18 27 -18 27 18 -27 18 19.768713898952953 30.245565008080135 0.40784340379286932 0.91305189227263894 4 -11 -7 11 -7 11 7 -11 7 8.2540064457906048 7.9453080859343679 -0.87953460992015542 -0.47583491880335982 1 6.08926147295562 13.632221727064286
5 -9 -12 11 -9 14 6 1 15 -11 5 37.168901805426053 44.157611973053548 0.018268611901735263 -0.99983311498428762 3 -10 -8 12 -6 0 14 29.155893578973675 43.470822284701903 -0.55538965610235924 0.83159024158205652 1 13.714828462035838 2.3141594986809904
4 -27 -18 27 -18 27 18 -27 18 43.730667595707885 23.47278992250823 0.92438348097550405 -0.38146452010588078 3 -10 -8 12 -6 0 14 12.251708395920886 36.864842552791245 0.4878713845390788 0.87291552406170569 1 0.15417832767045059 -0.063624635214672584
4 -2.5 -1 2.5 -1 2.5 1 -2.5 1 43.800259578407534 23.834164245703132 0.91613485186376797 0.40087021989735283 4 -11 -7 11 -7 11 7 -11 7 26.105517400775206 30.676222680507859 -0.9822846765973241 0.18739480815137446 0
4 -27 -18 27 -18 27 18 -27 18 39.927674465852277 18.597560861398254 0.16052196451746414 0.98703226842259517 4 -2.5 -1 2.5 -1 2.5 1 -2.5 1 42.62303518587305 48.593127155497442 0.86952714339775183 -0.49388515557216905 0
3 -10 -8 12 -6 0 14 12.924256322318254 25.850216436562491 0.93257183294925683 0.36098445449861594 4 -16 -0.5 16 -0.5 16 0.5 -16 0.5 54.722116312933849 22.914580105878827 -0.87404065313093338 0.48585279321462316 0
4 -2.5 -1 2.5 -1 2.5 1 -2.5 1 7.3394258707058917 26.829581099830698 -0.45035084615807058 0.89285167601607263 3 -10 -8 12 -6 0 14 10.294594123626368 57.336797355521668 0.12671099726110252 0.9919396771846043 0
3 -10 -8 12 -6 0 14 7.465224098563743 23.405727125071454 0.20575123276988144 -0.97860432771047667 4 -11 -7 11 -7 11 7 -11 7 2.496086698497666 43.356404062520433 0.94558111346551432 -0.32538647460722486 0
4 -2.5 -1 2.5 -1 2.5 1 -2.5 1 11.939468231752874 15.523273487291229 -0.43514188641306151 0.90036189317900517 4 -11 -7 11 -7 11 7 -11 7 3.432407557560595 32.784327944356612 0.86474533303645307 0.50221062214142176 0
4 -2.5 -1 2.5 -1 2.5 1 -2.5 1 48.15709907726086 25.963342804545583 0.96988181316621747 0.24357600146445138 3 -10 -8 12 -6 0 14 27.245828229261758 3.2503431311206055 -0.83952409387111659 -0.54332246024794584 0
3 -10 -8 12 -6 0 14 53.634749087660992 26.352940995119308 0.33422542386705217 -0.94249316498364555 4 -2 -2 2 -2 2 2 -2 2 49.351955919517934 19.763092743242581 -0.93013389101659694 0.36722056693808075 1 2.9462199535642113 1.3563479981953446
4 -27 -18 27 -18 27 18 -27 18 40.262959124025031 48.711048565911213 -0.54581215674666606 0.83790756623123586 4 -2 -2 2 -2 2 2 -2 2 21.995159164840285 2.3324687716402548 0.28107924842274035 -0.95968456073134123 0
4 -27 -18 27 -18 27 18 -27 18 37.144142424369903 25.528076443475449 0.87522882427798165 0.48370911212523371 4 -27 -18 27 -18 27 18 -27 18 41.32732530681853 29.405912365602738 -0.8977779895457223 0.4404482733389255 1 -19.872292238394017 -40.506247051902605
4 -2 -2 2 -2 2 2 -2 2 7.9599060098109442 23.825737009295686 -0.80556652483889357 0.59250533673460548 3 -10 -8 12 -6 0 14 15.227835923258901 8.2915511767384427 0.99613440158755451 -0.087842210660960693 0
4 -4.5 -3 4.5 -3 4.5 3 -4.5 3 13.612466882448189 47.356057149260067 -0.99224994460348015 0.12425798740680848 4 -11 -7 11 -7 11 7 -11 7 7.6421474295519047 16.430757563591566 0.97927280750129031 -0.20254571950189598 0
4 -27 -18 27 -18 27 18 -27 18 4.4400147808640096 36.423937161932315 0.71736800796500344 -0.69669443886708526 5 -9 -12 11 -9 14 6 1 15 -11 5 44.745470361485452 0.1863085108068141 -0.88469753039355936 -0.46616550678437918 0
4 -2 -2 2 -2 2 2 -2 2 53.762122004432321 12.73899332455424 0.97063393512528962 0.24056135180696656 4 -11 -7 11 -7 11 7 -11 7 16.992717097121137 32.611415321935624 -0.25772431399882556 0.9662184939100652 0
4 -27 -18 27 -18 27 18 -27 18 41.268132797364586 59.050538604674479 0.58761303631154738 0.80914208860788106 4 -11 -7 11 -7 11 7 -11 7 22.223126872909415 30.672959221190709 -0.89791469654701839 0.44016951021722983 1 0.95773611805671022 1.3188009029955245
4 -2.5 -1 2.5 -1 2.5 1 -2.5 1 50.57239020466578 5.7090935957967375 0.42847351736556855 -0.90355433976954469 4 -2 -2 2 -2 2 2 -2 2 37.664918997736059 48.697887417018165 0.98106459806210045 -0.1936808055261264 0
3 -10 -8 12 -6 0 14 6.2407532599278914 20.111742965852976 -0.99837269242812832 0.057026020497750976 4 -4.5 -3 4.5 -3 4.5 3 -4.5 3 24.233694401254805 56.677235569341157 -0.99986350235375354 -0.01652200535302558 0
5 -9 -12 11 -9 14 6 1 15 -11 5 58.116862579318031 45.581027403164569 0.95261488577961828 -0.30417902523199192 4 -4.5 -3 4.5 -3 4.5 3 -4.5 3 11.343354973871234 21.593643866808904 0.25269290214200052 0.96754653490519693 0
4 -27 -18 27 -18 27 18 -27 18 37.930991563490693 41.094374511374141 0.53145173340574681 0.84708857568735219 4 -2.5 -1 2.5 -1 2.5 1 -2.5 1 9.45310464199971 51.733398011657137 -0.97742772540227019 -0.21127006795792042 0
4 -27 -18 27 -18 27 18 -27 18 47.242023079136686 52.575107084907557 -0.45737031651856119 0.88927633138845608 4 -85 -50 85 -50 85 50 -85 50 4.302283413512777 21.317228525842147 -0.70716811263645973 0.70704544441654349 1 16.207421414737446 16.210233306886781
4 -4.5 -3 4.5 -3 4.5 3 -4.5 3 10.975445970253823 55.66255611836214 -0.024646393878977817 0.99969623149672937 4 -11 -7 11 -7 11 7 -11 7 31.550971102512094 32.515014971853915 -0.86893801468538356 -0.49492092967930151 0
4 -4.5 -3 4.5 -3 4.5 3 -4.5 3 41.340533453651339 55.205062474383581 -0.90772421746275467 0.41956733074874858 4 -27 -18 27 -18 27 18 -27 18 12.511959910241954 45.62663227261703 0.99517222392657956 -0.098143999944090787 1 4.464712562662851 -0.44031046985159022
4 -2 -2 2 -2 2 2 -2 2 48.185647195104877 12.687288611191601 -0.87859348791719794 0.4775703958470337 5 -9 -12 11 -9 14 6 1 15 -11 5 53.94176982859576 22.880041290770841 -0.45919130775992228 -0.88833740373674031 1 -2.0709195403368428 -2.5900335634500133
5 -9 -12 11 -9 14 6 1 15 -11 5 27.405276660653666 23.534708111029147 0.78281205388978081 -0.6222582167274795 5 -9 -12 11 -9 14 6 1 15 -11 5 45.671726774968128 15.863356116575613 0.066464240975279962 0.99778880764998557 1 -6.1265664491665985 4.8743531465965084
3 -10 -8 12 -6 0 14 54.551561425838358 43.272453655717712 -0.91857302839068178 0.39525130172229878 5 -9 -12 11 -9 14 6 1 15 -11 5 54.845587506800783 28.464128158045764 -0.64588135190039686 -0.76343780314267629 1 -5.1860983376289829 5.7045665095698466
4 -16 -0.5 16 -0.5 16 0.5 -16 0.5 14.747865977131438 12.994878157466339 0.96392681940708258 0.2661674037663998 4 -85 -50 85 -50 85 50 -85 50 41.354561836755302 44.266683046820575 -0.7882203034387657 -0.61539316964595903 1 29.736183420557879 -38.08729877900236
3 -10 -8 12 -6 0 14 34.057543737133443 23.159371878407349 0.96591364113230027 0.25886451644545999 3 -10 -8 12 -6 0 14 23.132652829049103 11.281950126321229 0.96647222659321674 0.25677117288346413 1 2.6181379624806955 2.6962718548069935
4 -85 -50 85 -50 85 50 -85 50 35.305993619278901 12.116662140322363 0.36639855298778223 -0.93045800569851589 4 -85 -50 85 -50 85 50 -85 50 17.764374606291749 16.859379629448313 -0.055825965708914571 0.99844051477925666 1 106.73695779835809 5.9680007548996521
4 -2 -2 2 -2 2 2 -2 2 57.381529303826099 33.335498995625841 0.53654026251746101 -0.84387472215826798 4 -11 -7 11 -7 11 7 -11 7 2.410807375848758 51.432135149191559 0.19820648669461746 0.98016028721438031 0
5 -9 -12 11 -9 14 6 1 15 -11 5 28.144371711997348 54.625073394839475 -0.91799214518384142 -0.39659856452182107 3 -10 -8 12 -6 0 14 11.090034715942352 55.363334754994746 -0.85309874779088202 0.52174948636067575 1 3.6511417320850117 -5.3914229038923471
4 -85 -50 85 -50 85 50 -85 50 16.296337874541383 53.571934069289284 0.94605518012754042 -0.32400554957260685 4 -11 -7 11 -7 11 7 -11 7 1.5007773162762605 11.746230963310202 -0.99058746477455406 0.1368812428038319 1 4.7347847491093287 13.82497196295698
5 -9 -12 11 -9 14 6 1 15 -11 5 41.503845246687781 30.932295951106486 0.81427260492285158 0.58048266543640537 3 -10 -8 12 -6 0 14 51.70841252681717 0.35111422977412099 -0.81304983395832597 0.58219409778899223 0
4 -16 -0.5 16 -0.5 16 0.5 -16 0.5 24.097281411202118 9.3000145496653808 0.14378793957524125 -0.98960852281733447 3 -10 -8 12 -6 0 14 18.238589368802543 40.600686777622435 0.72118118580380985 0.69274648843758913 0
4 -27 -18 27 -18 27 18 -27 18 39.563847244380952 43.445445384785188 0.31792305758289485 -0.94811651681486031 5 -9 -12 11 -9 14 6 1 15 -11 5 19.005022201920958 40.114029508582924 0.98030985841986806 0.19746539313210895 1 11.45944508522528 3.8425887062249267
3 -10 -8 12 -6 0 14 32.323221121051482 37.834945742176693 0.72043794015277385 0.69351941168825848 4 -2.5 -1 2.5 -1 2.5 1 -2.5 1 55.044115844478732 16.243396690107058 0.9999617140410344 -0.0087504543948644879 0
3 -10 -8 12 -6 0 14 22.237921632873135 14.401345904628947 -0.90541811906489278 -0.42452094137862234 4 -27 -18 27 -18 27 18 -27 18 43.834450489219719 2.3404475122889012 0.84230034647949614 -0.53900846590802332 1 -11.915804226635423 7.6252127677540322
3 -10 -8 12 -6 0 14 10.224369451890887 47.728132216471941 0.79822188294316143 0.60236353275299948 3 -10 -8 12 -6 0 14 24.95486924925839 42.056386807368412 -0.80990334962981425 -0.58656335059259102 1 -0.16517091576072007 0.18194239417684682
4 -27 -18 27 -18 27 18 -27 18 52.22152585712989 3.7701921601235244 0.29187881284827377 -0.95645530925928912 4 -16 -0.5 16 -0.5 16 0.5 -16 0.5 33.934614699160441 45.524828608573827 -0.85384076420815658 -0.52053429221947622 0
3 -10 -8 12 -6 0 14 51.933445743047777 34.597827934381257 -0.40388202668870216 -0.91481107804717066 3 -10 -8 12 -6 0 14 3.1773139176378407 44.411728271324883 0.9347300529773821 0.35535859080779292 0
4 -27 -18 27 -18 27 18 -27 18 17.961878590583826 1.6740041120114069 -0.99871295273697658 0.050719207755933929 4 -85 -50 85 -50 85 50 -85 50 46.376461682918283 8.4833662785707116 0.96236972859770409 -0.27174345526393334 1 -16.109927363040313 -57.052731625273971
4 -16 -0.5 16 -0.5 16 0.5 -16 0.5 59.001407169130587 24.931932997855853 -0.16715993278906027 -0.98592979307350115 3 -10 -8 12 -6 0 14 35.805114532649739 39.107133733595774 0.70208994367205235 0.71208827472060965 0
4 -27 -18 27 -18 27 18 -27 18 17.482215731245422 45.803643622893993 0.22726492255468661 -0.97383297077897923 4 -16 -0.5 16 -0.5 16 0.5 -16 0.5 12.201692616020539 39.203714823544132 -0.85892356568615946 -0.51210380618481421 1 26.054678591493694 6.0804210680467561
3 -10 -8 12 -6 0 14 38.924542581426834 58.821322344180466 -0.77866221094618626 0.62744335301634757 3 -10 -8 12 -6 0 14 53.580281644552763 28.519551281695016 0.44434928291015086 0.89585362352185338 0
3 -10 -8 12 -6 0 14 53.809356124045458 21.044322139192801 -0.61022937173672198 -0.79222478746237524 4 -16 -0.5 16 -0.5 16 0.5 -16 0.5 38.364904701530591 33.509063149718031 -0.99984059857875018 -0.017854339351727283 1 0.010136659195557566 -0.56765154946461649
3 -10 -8 12 -6 0 14 40.529140133124876 44.36949711395259 0.71578648257603184 0.6983192044913501 4 -2 -2 2 -2 2 2 -2 2 41.633879148403722 26.66449589502011 -0.2077795487804168 -0.97817567906210301 0
4 -16 -0.5 16 -0.5 16 0.5 -16 0.5 6.8479791563340449 1.9346667792723093 0.5670189235849209 0.8237047652506313 5 -9 -12 11 -9 14 6 1 15 -11 5 0.026316271122075463 43.613597472365022 0.99935912889828793 -0.035795690909033194 0
5 -9 -12 11 -9 14 6 1 15 -11 5 31.145655966465252 56.825006297327775 0.83245503614864202 -0.55409260308252006 3 -10 -8 12 -6 0 14 10.480759890947898 4.9046150397189532 0.96784768237302565 -0.25153700269575224 0
4 -27 -18 27 -18 27 18 -27 18 52.789913955576338 40.770073560908791 -0.27830604459401792 -0.96049244949787738 3 -10 -8 12 -6 0 14 1.6356802457713315 54.457297906429616 0.093830560918630471 0.99558818084471812 0
4 -2.5 -1 2.5 -1 2.5 1 -2.5 1 49.23736582921984 28.096496073321838 0.97965655189628109 -0.20068143991582577 4 -27 -18 27 -18 27 18 -27 18 17.277612139105774 8.8150418156826387 0.28065747403447722 -0.95980799239670156 0
4 -85 -50 85 -50 85 50 -85 50 47.581536068249228 35.916457406604529 -0.69287865854698683 0.72105420360062256 5 -9 -12 11 -9 14 6 1 15 -11 5 26.438001772134072 50.843300241609839 0.88036704953743072 -0.47429300868635943 1 43.0344610209116 41.35286844534815
4 -2.5 -1 2.5 -1 2.5 1 -2.5 1 30.846486057188443 18.598998389233682 0.63031833566563467 -0.77633677983443772 4 -4.5 -3 4.5 -3 4.5 3 -4.5 3 11.915468866780454 34.127440415222111 -0.99801137300450005 -0.063034112619063318 0
4 -4.5 -3 4.5 -3 4.5 3 -4.5 3 31.240491834800117 0.23771738466030312 0.89508179895816531 -0.44590197709117019 4 -27 -18 27 -18 27 18 -27 18 23.077021606580161 15.453214486363686 -0.75674940188839002 0.6537050885082385 1 -10.356834286807208 -11.989394437610763
3 -10 -8 12 -6 0 14 11.49556538360528 46.362054503641048 0.43650087132401238 0.89970383423289801 4 -4.5 -3 4.5 -3 4.5 3 -4.5 3 56.017042673578835 52.478797732791762 -0.99268197552556292 0.12075800373749834 0
4 -2 -2 2 -2 2 2 -2 2 33.579049420221253 34.015321529472871 0.90889060541708 0.41703461173453421 3 -10 -8 12 -6 0 14 38.040275597251039 14.666421471432605 -0.19587847582410392 -0.98062817760292098 0
4 -16 -0.5 16 -0.5 16 0.5 -16 0.5 8.6851680931558572 49.951395114040345 0.053763871508379836 -0.99855367713530074 5 -9 -12 11 -9 14 6 1 15 -11 5 44.815419497741814 14.497319880931439 -0.58537592548517658 0.81076200321819047 0
4 -16 -0.5 16 -0.5 16 0.5 -16 0.5 8.4227863376996659 56.904299187632219 0.050610177453692472 0.9987184838272023 4 -16 -0.5 16 -0.5 16 0.5 -16 0.5 3.3736777885142155 44.409688897515885 -0.24541213915640167 -0.96941883721881483 0
3 -10 -8 12 -6 0 14 57.180232838182995 21.05634673938421 -0.75763538100517214 -0.6526780442524075 4 -11 -7 11 -7 11 7 -11 7 52.773241305837239 33.843649602277047 0.078402367681006863 0.99692179670323799 1 5.3212021935008069 -5.1497198350209361
4 -2.5 -1 2.5 -1 2.5 1 -2.5 1 39.596213921262787 21.757489648062464 0.36284970525775229 -0.93184767606855268 3 -10 -8 12 -6 0 14 55.386092907127171 55.380895927654862 0.6949961871987661 -0.7190134211398127 0
4 -11 -7 11 -7 11 7 -11 7 45.761495698549354 32.557760050570366 -0.49868136060443691 -0.86678538323261289 4 -4.5 -3 4.5 -3 4.5 3 -4.5 3 30.189167391252333 46.756203934665066 0.621411865552711 0.78348407345031557 0
3 -10 -8 12 -6 0 14 10.28263633845922 3.4462061164429936 0.32940793819748354 -0.9441876986343779 4 -4.5 -3 4.5 -3 4.5 3 -4.5 3 45.567743428293319 33.083511086099222 0.96062410055701641 -0.2778512865347636 0
5 -9 -12 11 -9 14 6 1 15 -11 5 44.472004105281293 31.453089550261286 -0.88083505983621657 0.4734232750545001 4 -2 -2 2 -2 2 2 -2 2 6.7968934819776621 55.545493953024575 0.5108998172739565 -0.859640260056169 0
4 -85 -50 85 -50 85 50 -85 50 19.833433504731772 47.239880108234061 -0.81526490186848066 -0.57908819689350999 4 -11 -7 11 -7 11 7 -11 7 35.436343723306528 38.21022026874008 -0.64359850536246355 0.7653632888342653 1 -26.138201132068883 36.79846713379554
4 -2 -2 2 -2 2 2 -2 2 22.976166114465478 17.273446906567415 0.16873544029730944 0.98566137754691041 4 -4.5 -3 4.5 -3 4.5 3 -4.5 3 5.3177514372519692 47.024846877212788 -0.99420901396255845 -0.10746365225320276 0
4 -16 -0.5 16 -0.5 16 0.5 -16 0.5 48.978753946010826 28.851966111199747 -0.78720261081694498 -0.61669445394213285 5 -9 -12 11 -9 14 6 1 15 -11 5 19.441892050797286 31.134402086548 0.31234619790186047 -0.94996834297583399 0
3 -10 -8 12 -6 0 14 4.7187472365616534 11.662112210411518 0.77213956017758034 -0.63545298772511316 4 -27 -18 27 -18 27 18 -27 18 6.4901923172122462 52.462049611554477 0.82783353187313657 -0.56097383495707598 0
4 -27 -18 27 -18 27 18 -27 18 27.437373094887487 51.977264880900421 0.99876191276383919 -0.049745769793191903 4 -16 -0.5 16 -0.5 16 0.5 -16 0.5 19.407583458327608 44.076289284991859 -0.95462114419309896 -0.29782288538569129 1 0.78089668929129574 15.678315448930164
3 -10 -8 12 -6 0 14 13.408147979100622 12.384331124405577 0.39865130596183029 0.91710257673551832 4 -85 -50 85 -50 85 50 -85 50 13.141659884644232 7.6763507408193483 0.074575977135828073 0.99721533463652501 1 -59.364312292822824 4.4395141575388672
4 -27 -18 27 -18 27 18 -27 18 16.149175856805105 33.160318126465256 -0.83640468853735195 0.54811239448924642 5 -9 -12 11 -9 14 6 1 15 -11 5 20.318513499528052 8.997267128308355 -0.99862378651467321 -0.052445524185543116 1 8.2624003704509335 12.608199482256914
4 -11 -7 11 -7 11 7 -11 7 43.789028648863663 14.277804843617739 0.87797203129328039 -0.47871193035765369 4 -11 -7 11 -7 11 7 -11 7 57.916493918286697 38.849668335273215 -0.41904230266577452 -0.90796671116102345 0
4 -2 -2 2 -2 2 2 -2 2 45.054232175966106 26.70615254073542 -0.80219751827461561 -0.5970587422306517 4 -27 -18 27 -18 27 18 -27 18 25.470857420001419 35.884474524105677 0.33221059340479719 0.94320523833873637 0
3 -10 -8 12 -6 0 14 2.8098252990557193 30.53619254417687 -0.38216103115709704 0.92409574518279447 4 -2.5 -1 2.5 -1 2.5 1 -2.5 1 51.277571139594372 10.084879166208209 0.69269032254059126 0.72123513298965936 0
3 -10 -8 12 -6 0 14 42.195668920263927 50.0939084166816 0.99583623041963187 -0.091160310352794996 4 -2 -2 2 -2 2 2 -2 2 42.920869246675032 19.57386527015586 0.47426521998889187 -0.88038201998273913 0
5 -9 -12 11 -9 14 6 1 15 -11 5 9.2956439039457717 6.6155403287087067 -0.99958532634872799 0.028795404985987233 4 -4.5 -3 4.5 -3 4.5 3 -4.5 3 16.495963644520423 38.534093307625007 -0.77995471109981862 0.62583595984347096 0
5 -9 -12 11 -9 14 6 1 15 -11 5 10.946455106394577 20.57641985946999 0.93999497789279551 0.34118827872059571 3 -10 -8 12 -6 0 14 6.9835629167146651 26.906609125437765 -0.41993311077409734 -0.90755505754504484 1 1.6336807404623319 -15.202876073898331
3 -10 -8 12 -6 0 14 34.238126030578464 47.100454168915583 0.61645942489747707 -0.78738667594459066 5 -9 -12 11 -9 14 6 1 15 -11 5 24.56684155838246 36.800907123945372 -0.39573659917663778 0.9183640585694266 1 3.7672078164174354 3.5441414170120891
3 -10 -8 12 -6 0 14 12.596668159900785 0.80883081238860344 -0.29450574699478654 0.95564970830688933 4 -16 -0.5 16 -0.5 16 0.5 -16 0.5 17.449527025293918 31.4990810920869 -0.28768760814409167 0.95772430277211384 0
4 -2.5 -1 2.5 -1 2.5 1 -2.5 1 46.829275534510543 15.421662683836672 -0.77163901510162647 0.63606071280420384 4 -85 -50 85 -50 85 50 -85 50 2.1922728632852184 24.486666298301955 -0.74226543017596769 0.67010598502452257 1 18.71504852222543 20.730352888290362
4 -16 -0.5 16 -0.5 16 0.5 -16 0.5 22.685366475317771 0.40349636739654748 0.76768603141097813 0.6408261520697035 5 -9 -12 11 -9 14 6 1 15 -11 5 39.624069272629342 25.497210286881632 0.99415711513793559 0.10794271823804276 0
4 -85 -50 85 -50 85 50 -85 50 34.735321169901553 27.808971066079749 -0.98262155145672281 0.18562027532783951 4 -2.5 -1 2.5 -1 2.5 1 -2.5 1 45.813605249042517 39.905613702931483 0.99996584571690283 -0.0082648290774364336 1 -6.9579905093427401 -36.833645555346756
4 -85 -50 85 -50 85 50 -85 50 57.253687729963453 37.446474795719581 0.82411556760209903 -0.56642169029431622 3 -10 -8 12 -6 0 14 16.054760902921249 34.484862634749156 0.90563900117732499 0.42404952487479231 1 17.862467171925658 25.989006996741931
3 -10 -8 12 -6 0 14 13.826494100977309 55.632872830846892 0.52867284119452085 -0.84882567526160102 4 -11 -7 11 -7 11 7 -11 7 21.900964488689247 59.090315415768551 -0.91756989995692351 0.3975744945202615 1 -4.8238792506068977 -11.133124640514575
4 -4.5 -3 4.5 -3 4.5 3 -4.5 3 20.419415864767153 24.749234712175156 0.41806987712343008 0.90841487099342455 4 -11 -7 11 -7 11 7 -11 7 16.361907831280426 14.637967436390104 0.64526285497704694 0.76396063248499291 1 3.7389592904328386 4.4267505595937626
3 -10 -8 12 -6 0 14 15.349900072225878 4.5822578127823776 -0.082676312778949171 0.99657645331669231 4 -11 -7 11 -7 11 7 -11 7 11.403871310677191 6.084004939588608 -0.9679244676349178 0.25124136791870294 1 -4.6644101164429435 -13.026090609878931
4 -11 -7 11 -7 11 7 -11 7 15.388296065774586 52.13541528868209 0.17557528197791492 0.9844660077211278 4 -11 -7 11 -7 11 7 -11 7 6.1263464234122207 40.797520825587341 0.8079500909013958 0.58925092330214146 1 7.7733055568181504 5.6691960655076761
4 -2 -2 2 -2 2 2 -2 2 33.675016472518983 25.884318370616302 -0.99944569257850435 0.033291253900592288 4 -4.5 -3 4.5 -3 4.5 3 -4.5 3 40.608648887956811 34.918980129313738 0.80414619624837214 -0.59443157306730821 0
5 -9 -12 11 -9 14 6 1 15 -11 5 12.791966053087709 34.000652720072821 0.90203802849425119 -0.43165657084099213 4 -85 -50 85 -50 85 50 -85 50 26.509823462825651 10.480794642870404 0.64351903263420818 0.76543011087723278 1 -28.52423763398598 23.981144127990845
5 -9 -12 11 -9 14 6 1 15 -11 5 27.254885680658262 45.774442952599671 -0.9985313952190159 -0.054176127232992644 3 -10 -8 12 -6 0 14 38.575679123963965 27.091269789619886 0.4536093122963511 0.89120064620602213 1 -1.7958920167834185 1.9318555865096541
4 -2.5 -1 2.5 -1 2.5 1 -2.5 1 6.4169128630543604 47.687524948182286 0.60966682262524174 0.79265778580043111 3 -10 -8 12 -6 0 14 27.234629867875668 20.120614630756521 0.8739326245348028 0.4860470839061905 0
4 -11 -7 11 -7 11 7 -11 7 45.158370402330895 13.039875724776911 0.055508900751458312 0.9984581923833189 4 -2 -2 2 -2 2 2 -2 2 58.248162881133659 3.1847343296475117 0.96365337488258107 0.26715570942319694 0
4 -2 -2 2 -2 2 2 -2 2 10.750862719285266 39.41339354850949 0.098164213282338583 -0.99517023027754381 4 -4.5 -3 4.5 -3 4.5 3 -4.5 3 47.660101765907129 50.500057389704033 -0.78374845636327806 0.62107838245118374 0
4 -2 -2 2 -2 2 2 -2 2 13.5530655221384 57.180690026184259 -0.9988670739068729 -0.047587484328567256 4 -16 -0.5 16 -0.5 16 0.5 -16 0.5 16.200861523198967 29.666561802053668 -0.10736921568283252 -0.99421921703598815 0
4 -4.5 -3 4.5 -3 4.5 3 -4.5 3 14.360040487136327 25.650203737950608 -0.94511958678264252 0.32672460372583978 3 -10 -8 12 -6 0 14 10.574802451752241 54.767967139552667 -0.70301226348016721 -0.71117772560485326 0
4 -11 -7 11 -7 11 7 -11 7 47.910610579886772 35.160955068998845 -0.9993619829335153 0.03571592176036241 4 -2 -2 2 -2 2 2 -2 2 19.107983045189805 49.088908497667788 0.92026854544286441 0.39128736788768759 0
3 -10 -8 12 -6 0 14 15.319943681149921 34.262160027874401 -0.94602046180225496 0.32410690497341821 5 -9 -12 11 -9 14 6 1 15 -11 5 43.975407941727063 13.982044344526583 0.99985321782481051 0.017133090946237294 0
5 -9 -12 11 -9 14 6 1 15 -11 5 48.419059065632368 35.769201032761593 -0.29420494119619733 0.95574235679692576 4 -85 -50 85 -50 85 50 -85 50 40.944230616805839 14.143711452096516 0.91689157025480794 -0.39913637819130515 1 15.48335792767914 35.568194579153541
4 -85 -50 85 -50 85 50 -85 50 7.4088923359640173 29.180651618796819 -0.21666067001470918 -0.97624697391017679 4 -16 -0.5 16 -0.5 16 0.5 -16 0.5 38.583875557115746 53.538717283932911 -0.48303131411176436 0.87560307764846401 1 -34.947975222265754 7.7560821489524328
3 -10 -8 12 -6 0 14 59.176890769109882 33.986558951908179 0.15294088794057711 -0.98823533877105807 4 -2.5 -1 2.5 -1 2.5 1 -2.5 1 48.649552087598586 48.176579723755481 -0.91102364907552746 -0.41235410853429144 0
4 -2.5 -1 2.5 -1 2.5 1 -2.5 1 12.539284537526779 52.366175512859833 -0.33096852545903549 0.94364179387915614 3 -10 -8 12 -6 0 14 9.4499978587670874 12.302776797734246 0.1751905605522493 0.98453454357548509 0
3 -10 -8 12 -6 0 14 2.1466869754086093 31.435705967368925 0.9580430559359977 -0.28662432376337993 3 -10 -8 12 -6 0 14 17.842474910094296 43.271647587724232 -0.69774023593156476 -0.71635086596036468 1 -2.3611457465934862 -0.60219038959705151
3 -10 -8 12 -6 0 14 48.390529366215873 48.729815244002928 0.72197999608234575 -0.69191392908145444 5 -9 -12 11 -9 14 6 1 15 -11 5 25.68501836035356 38.589096850016531 0.23130668426285078 -0.97288088572821996 0
4 -27 -18 27 -18 27 18 -27 18 50.540093180688473 22.653612816784662 -0.76186764882403091 -0.6477327270374279 3 -10 -8 12 -6 0 14 10.989800633019485 31.28561073149482 -0.23948943020825758 0.97089897147876525 0
4 -4.5 -3 4.5 -3 4.5 3 -4.5 3 34.366579382047306 23.183020870484125 -0.78834616325470519 0.61523192934176107 5 -9 -12 11 -9 14 6 1 15 -11 5 15.305336129346943 58.133493696040979 0.92507075055552557 0.37979482153741473 0
4 -4.5 -3 4.5 -3 4.5 3 -4.5 3 13.058816379937126 47.042929387142664 0.97809991240861394 0.20813592036518275 3 -10 -8 12 -6 0 14 2.1341390970388052 16.754782050743863 0.92298542659122318 0.38483490265335585 0
4 -2.5 -1 2.5 -1 2.5 1 -2.5 1 49.569196789252082 5.871120362945117 0.46967985297221104 0.88283681148443416 5 -9 -12 11 -9 14 6 1 15 -11 5 52.427833259276447 23.124889421476155 -0.97833332954060359 0.20703597829845113 0
4 -85 -50 85 -50 85 50 -85 50 1.4715163377543905 2.4769878976375614 0.99927789700304348 -0.037995849262449463 4 -27 -18 27 -18 27 18 -27 18 39.947418613223448 5.4626743337205275 0.97533379709343715 -0.22073509971750768 1 -2.5914614281726105 -68.154553099253135
4 -16 -0.5 16 -0.5 16 0.5 -16 0.5 59.223459996309415 31.723046663976859 -0.69182835106151686 -0.72206200057024361 4 -85 -50 85 -50 85 50 -85 50 12.232452541721228 14.501633053432069 -0.89248755313355443 -0.45107202030460808 1 22.53691797321245 -44.591368720899851
4 -11 -7 11 -7 11 7 -11 7 52.631434557508939 45.41211297605058 -0.59460260340920301 -0.80401974106299035 4 -16 -0.5 16 -0.5 16 0.5 -16 0.5 51.102455680425223 14.186102374397802 0.23631011717827552 -0.97167768756887163 0
4 -2.5 -1 2.5 -1 2.5 1 -2.5 1 54.037552618782158 55.842223793342413 -0.77322955649737934 -0.63412621216826071 4 -16 -0.5 16 -0.5 16 0.5 -16 0.5 44.926238616014757 16.582508978041414 0.03838060293602006 -0.99926319321701607 0
4 -11 -7 11 -7 11 7 -11 7 15.569994566637963 23.382747651472648 0.99870724727936011 -0.050831429565605282 3 -10 -8 12 -6 0 14 29.311414405236096 50.297092050616136 -0.92040701776475853 -0.39096153474399931 0
4 -27 -18 27 -18 27 18 -27 18 39.783884804509299 51.274931723419684 -0.42547919174708093 -0.90496820794448396 4 -4.5 -3 4.5 -3 4.5 3 -4.5 3 4.1615986274752048 55.791475229045922 -0.98641229004094932 0.16428875206833249 0
3 -10 -8 12 -6 0 14 36.355273580520674 42.536336570655962 0.97158271569521015 0.236700288471139 4 -4.5 -3 4.5 -3 4.5 3 -4.5 3 11.5440817470719 41.035326156232529 0.55583410001955535 0.83129324143496497 0
4 -16 -0.5 16 -0.5 16 0.5 -16 0.5 29.471559688853855 27.731890105020575 -0.095950255032795584 -0.99538613038315005 4 -27 -18 27 -18 27 18 -27 18 38.731397187019468 1.9669566664475036 0.98770124224404099 -0.15635298548341914 1 1.5636106579093947 9.8775228655093983
4 -4.5 -3 4.5 -3 4.5 3 -4.5 3 48.626835655522818 59.506067913282635 0.17663775957083147 0.98427592772240302 4 -4.5 -3 4.5 -3 4.5 3 -4.5 3 47.18327243735876 28.364506852757746 0.9737785049695401 -0.22749818298018867 0
4 -16 -0.5 16 -0.5 16 0.5 -16 0.5 57.121674918009226 49.828326452653627 -0.058944475941886197 -0.99826126277439831 4 -16 -0.5 16 -0.5 16 0.5 -16 0.5 8.8577772603685254 20.046751229535495 -0.38999720397739712 0.92081604074310763 0
3 -10 -8 12 -6 0 14 52.597992658181965 57.477809200059532 -0.99584500299277312 0.091064427820766708 4 -27 -18 27 -18 27 18 -27 18 2.3275156593000301 58.305416879389718 -0.79339646017438548 0.60870522996172349 0
3 -10 -8 12 -6 0 14 17.74535701130683 18.419845308094093 0.83685812947540417 0.54741983077974776 4 -85 -50 85 -50 85 50 -85 50 36.3659070581609 57.057817201285651 -0.86976461085809842 0.49346683951291065 1 -7.4652042017426963 -13.157865752264192
5 -9 -12 11 -9 14 6 1 15 -11 5 24.108272738780816 30.174440253401695 0.99866973003238624 -0.051563265189869062 5 -9 -12 11 -9 14 6 1 15 -11 5 43.801942244819692 55.905736914638979 0.9143384808796049 0.40495079007550572 0
4 -16 -0.5 16 -0.5 16 0.5 -16 0.5 36.404376350188912 59.310411878624663 0.20224838953919747 -0.97933425801857921 4 -16 -0.5 16 -0.5 16 0.5 -16 0.5 40.289306466926845 39.295236843832086 0.50073502710245432 -0.86560061958890966 0
4 -2.5 -1 2.5 -1 2.5 1 -2.5 1 39.414159933569366 2.1232826864732157 -0.56097120596628902 -0.8278353133786498 3 -10 -8 12 -6 0 14 25.736042605047139 41.165869443512904 -0.92777860498172182 0.3731311567507733 0
5 -9 -12 11 -9 14 6 1 15 -11 5 14.652630360463991 20.51577708301231 -0.64445233851983397 -0.76464448168826626 3 -10 -8 12 -6 0 14 41.010728532661027 15.165202465824407 -0.51325990971170421 -0.85823322301268046 0
4 -2 -2 2 -2 2 2 -2 2 22.897429221468677 4.9396218344601728 -0.7252953396651064 0.688437847782992 4 -27 -18 27 -18 27 18 -27 18 37.46864204100816 48.506770969324087 0.71179233958917909 -0.70238996668671372 0
4 -85 -50 85 -50 85 50 -85 50 20.162119102593692 25.161932175747918 0.38391786289040691 0.92336724793207969 4 -11 -7 11 -7 11 7 -11 7 3.9652740265296571 2.3186557775651817 -0.14777001586297114 0.9890217502218327 1 51.235281996691583 -21.302618229972193
4 -2 -2 2 -2 2 2 -2 2 44.77075755575823 59.61356790490084 0.95509577318046979 -0.2962972562356942 4 -11 -7 11 -7 11 7 -11 7 35.580194544498184 46.666011892173586 0.85645454766416629 0.51622244021871855 0
3 -10 -8 12 -6 0 14 21.009678277041722 16.986586946876443 -0.57669081705876712 0.81696248476909361 5 -9 -12 11 -9 14 6 1 15 -11 5 30.561979687647558 27.727274512576255 0.64012107337608859 0.76827404708205793 1 -3.4380660317432037 -2.927322960685244
3 -10 -8 12 -6 0 14 10.80765907412988 25.11266303911912 -0.98591813843073239 -0.16722865876780585 4 -2.5 -1 2.5 -1 2.5 1 -2.5 1 56.199089277019574 53.826070692268885 0.66631645553131247 -0.74566908282976874 0
4 -2 -2 2 -2 2 2 -2 2 5.9348098277094508 33.864717334020305 0.7027569341216553 -0.71143003278181294 4 -2 -2 2 -2 2 2 -2 2 36.222415766959351 25.37197552144751 0.97814322870108539 -0.20793225855123149 0
4 -2 -2 2 -2 2 2 -2 2 0.99051603519036302 42.071590247186222 0.90513387539033197 -0.42512664891874158 4 -2 -2 2 -2 2 2 -2 2 29.557442791291969 19.484274186923539 0.24451301678719081 -0.96964600995498706 0
4 -11 -7 11 -7 11 7 -11 7 34.263798886500382 50.267960296714399 0.033235238751195328 0.99944755685586173 4 -2.5 -1 2.5 -1 2.5 1 -2.5 1 23.94441687524262 17.182085621310993 -0.3497490092404959 -0.93684343971407069 0
4 -85 -50 85 -50 85 50 -85 50 40.255704153859327 4.0093608132371461 0.85573698995044556 0.51741105905319718 4 -2 -2 2 -2 2 2 -2 2 24.284453550160684 0.39715663817727842 -0.36082253728107572 -0.93263449249427111 1 24.645756507398172 -40.761180341381404
3 -10 -8 12 -6 0 14 52.949071932117121 21.136416885321893 -0.63694965530406911 0.77090540055705126 4 -85 -50 85 -50 85 50 -85 50 32.81339006094899 56.313500037663395 -0.99999917484231415 0.0012846457452362682 1 -0.03586408221543308 -27.917464993677289
3 -10 -8 12 -6 0 14 0.71233947341888371 22.919197956866061 0.63394150618197243 -0.7733809971415978 4 -2 -2 2 -2 2 2 -2 2 16.737695429828101 42.219753951776568 -0.32917714909120249 -0.94426818463622308 0
4 -4.5 -3 4.5 -3 4.5 3 -4.5 3 46.015468803048428 6.5133201007277464 0.83507174663907258 0.5501410527902536 3 -10 -8 12 -6 0 14 48.392154426181825 23.797052500483485 -0.12063719314659917 0.99269666445984905 0
4 -85 -50 85 -50 85 50 -85 50 46.994507902913476 53.797562625918815 0.14178730905644535 0.98989714566238252 4 -85 -50 85 -50 85 50 -85 50 25.093251861599871 45.334877869393182 0.99063106002949242 0.13656537959836018 1 123.7462580149663 -17.724719185856539
3 -10 -8 12 -6 0 14 3.5079702279993685 20.434828534025069 -0.36662201720030618 0.93036997829034573 4 -85 -50 85 -50 85 50 -85 50 0.85768106560232704 58.748159256896407 0.15782752519940232 0.98746669426843559 1 52.718751451372441 -8.4260766681723158
4 -4.5 -3 4.5 -3 4.5 3 -4.5 3 25.474374251691504 34.775573540965034 -0.9067515531509851 0.42166529482312903 4 -27 -18 27 -18 27 18 -27 18 25.656353257787913 14.833772960315745 0.86832651491162416 -0.49599300751263919 1 2.0533918113497167 3.5948380890267506
3 -10 -8 12 -6 0 14 50.078722575525624 36.191332752188934 -0.11302110878711218 0.99359258701367725 4 -11 -7 11 -7 11 7 -11 7 59.63156742646968 23.939363558913648 -0.17190572052924116 0.98511340628849553 1 -6.9812371469526697 -1.2182501976639863
4 -27 -18 27 -18 27 18 -27 18 23.156281454175694 50.190574730269859 -0.72167454641889794 -0.69223251083077419 4 -4.5 -3 4.5 -3 4.5 3 -4.5 3 2.8717724770348818 31.306263701006898 -0.99658733904489172 -0.0825449917040528 1 3.3726268784091653 3.23503438457338
3 -10 -8 12 -6 0 14 11.450956055221083 1.4730975356443654 0.13130977848268893 -0.99134138523256821 4 -27 -18 27 -18 27 18 -27 18 59.933464643845817 33.499228302792893 -0.15639284321239388 0.98769493194606583 0
5 -9 -12 11 -9 14 6 1 15 -11 5 51.301617782168854 21.681460636063736 -0.99659308748498066 0.082475559877782642 3 -10 -8 12 -6 0 14 9.105420775582294 50.843603970306539 -0.50123431938657315 -0.865311595362664 0
4 -2 -2 2 -2 2 2 -2 2 50.215526589024456 53.019578277968463 0.0076415394866330873 -0.99997080301090502 3 -10 -8 12 -6 0 14 22.31442612533893 30.488135136030092 0.27691599011479712 -0.96089413278401359 0
3 -10 -8 12 -6 0 14 51.698497112333669 57.943291171780572 -0.99458917898235233 -0.10388630829522418 3 -10 -8 12 -6 0 14 51.897107675758221 2.8202925028048265 0.054130640341681933 -0.99853386210794048 0
4 -85 -50 85 -50 85 50 -85 50 10.415920491207689 30.036211771327057 -0.99754596345105295 0.07001464705695816 4 -11 -7 11 -7 11 7 -11 7 41.069001348475616 57.59556336661251 0.83696703585534116 -0.54725330596673794 1 -2.2289254884283323 -31.757006816102763
4 -85 -50 85 -50 85 50 -85 50 40.117329357116354 42.171369928051142 -0.96827045442733251 0.24990463597758028 4 -16 -0.5 16 -0.5 16 0.5 -16 0.5 42.86154693099769 20.32181061317587 0.37662589622134285 0.92636544316779768 1 11.359060828419155 44.011360362229738
4 -85 -50 85 -50 85 50 -85 50 53.743254497821177 22.283341112728003 0.36283553996383089 -0.93185319173094816 4 -27 -18 27 -18 27 18 -27 18 32.588385982105294 36.685258167011732 -0.72182331998388471 0.69207737625748356 1 58.908159206686641 22.937061270703591
4 -2.5 -1 2.5 -1 2.5 1 -2.5 1 17.050033467341773 7.2317386418269063 0.85386226466188098 -0.52049902304085438 3 -10 -8 12 -6 0 14 44.986024430378478 38.028715633141275 -0.048510602732032719 0.99882266765556282 0
4 -85 -50 85 -50 85 50 -85 50 41.011907805889706 44.873743554629648 -0.68538298870467274 0.72818277842465517 3 -10 -8 12 -6 0 14 44.553379493253722 6.930312821201932 0.72562131965979149 0.68809425259566204 1 28.10447103135731 26.452598059387686
4 -85 -50 85 -50 85 50 -85 50 43.426764622808349 39.355523280335078 0.76826734758689841 0.64012911403231132 4 -85 -50 85 -50 85 50 -85 50 44.869133935377818 29.197155113339768 -0.28125744306764716 -0.95963235185098317 1 -83.315330275756125 99.993027033372286
4 -85 -50 85 -50 85 50 -85 50 24.927745182678656 13.907020691889562 0.93890223319914556 0.34418395734498924 4 -16 -0.5 16 -0.5 16 0.5 -16 0.5 6.9009668821699011 24.437282851304943 -0.97261766996866494 0.23241098955239853 1 14.859356023566576 -40.534958869229655
3 -10 -8 12 -6 0 14 22.531379204977256 16.890281658848348 -0.99291316649675787 -0.11884209606608956 3 -10 -8 12 -6 0 14 5.815700049120518 47.753652171352215 0.50978249816467047 -0.86030332125651343 0
4 -11 -7 11 -7 11 7 -11 7 29.369766131422846 32.7451991572051 0.70910147458736117 0.70510644496985697 4 -27 -18 27 -18 27 18 -27 18 57.080263089555416 31.56094894989284 -0.28451961568915907 -0.9586702187343118 1 -2.408956657964167 0.71494389743399134
3 -10 -8 12 -6 0 14 19.713222291405398 28.253421907734936 0.60483571908690981 0.7963502702433275 3 -10 -8 12 -6 0 14 49.918129875170322 1.2238854380337783 0.6347865125114005 0.77268757174786595 0
4 -27 -18 27 -18 27 18 -27 18 18.174594238399642 45.896048323710318 0.090250528841330085 0.99591909412555202 3 -10 -8 12 -6 0 14 40.633038856079963 45.003608663670569 -0.99990626352973588 0.01369175496429571 1 -7.9444837642057662 0.71993183514618131
4 -85 -50 85 -50 85 50 -85 50 49.018127747482275 8.872834830016318 -0.9693409731723116 0.24571951027412528 4 -2.5 -1 2.5 -1 2.5 1 -2.5 1 23.717797018035782 26.327453577677421 0.71854200088447473 -0.69548356771740871 1 -10.174929456391865 -40.139165222229813
4 -11 -7 11 -7 11 7 -11 7 33.427204589999391 31.755953631017039 -0.23278573161203645 0.97252804749161292 4 -85 -50 85 -50 85 50 -85 50 46.045178036870894 19.977165406715777 -0.94361290879413151 -0.33105086974221642 1 -15.349690698806171 43.752086501598036
4 -85 -50 85 -50 85 50 -85 50 37.79430312279834 2.4306999990702272 -0.97607633953709494 0.21742810167010532 5 -9 -12 11 -9 14 6 1 15 -11 5 29.398845960714972 42.203542554557274 0.99546015916416131 -0.095179154844234184 1 -5.6583499047236367 -25.401415090320338
3 -10 -8 12 -6 0 14 12.099695872858936 8.9213463342493284 0.28630820180507077 -0.95813757549693612 3 -10 -8 12 -6 0 14 40.149683203693968 51.91047991471612 0.9110689705425733 -0.41225396409797654 0
4 -2.5 -1 2.5 -1 2.5 1 -2.5 1 14.424975499018053 32.620105759914807 0.89596220598429155 -0.44413030233002787 4 -2 -2 2 -2 2 2 -2 2 11.33948345020767 57.087116398853283 -0.82228445948244122 -0.5690766799770216 0
3 -10 -8 12 -6 0 14 5.2192445686502431 14.291082237220419 0.052652640151224728 0.99861288770228962 4 -16 -0.5 16 -0.5 16 0.5 -16 0.5 46.990740157032413 6.1501096227408603 0.94289279120179892 -0.33309635888085132 0
4 -2.5 -1 2.5 -1 2.5 1 -2.5 1 24.625864231204194 50.71007042505201 -0.95650190475582653 0.29172608076494588 4 -16 -0.5 16 -0.5 16 0.5 -16 0.5 26.297723023115267 16.302868773409042 0.059271157865567949 0.99824191949911367 0
4 -16 -0.5 16 -0.5 16 0.5 -16 0.5 41.097887655150117 0.7262957173171003 -0.36584117583161291 0.930677298566019 3 -10 -8 12 -6 0 14 52.930756106473787 20.718938435902771 -0.81220715323627979 -0.58336912862425139 0
4 -2 -2 2 -2 2 2 -2 2 23.236275354367081 14.97796428895219 -0.95482631506178706 -0.29716444616664522 3 -10 -8 12 -6 0 14 55.375737534616093 39.947020459585637 -0.78451666307840395 0.62010773689120025 0
4 -4.5 -3 4.5 -3 4.5 3 -4.5 3 36.159752996662291 48.373227167364398 0.47614127097815367 0.87936880207982615 4 -4.5 -3 4.5 -3 4.5 3 -4.5 3 11.54561408186755 21.777224485755024 -0.82039593649640064 0.57179586163262308 0
3 -10 -8 12 -6 0 14 15.409353982207074 23.626023932205335 0.9240753161799794 -0.38221042637122171 3 -10 -8 12 -6 0 14 22.795784399719487 21.945432891026186 -0.8308837655697312 -0.5564460154522306 1 -13.410253596088378 -2.0025218540302672
4 -85 -50 85 -50 85 50 -85 50 21.960537310451404 1.5777718459816947 -0.24196334949243314 -0.97028538971912937 3 -10 -8 12 -6 0 14 57.834958235269021 39.069914782755525 0.29720850931147069 0.95481260045773042 1 -37.103963590313576 9.2527408996196279
4 -85 -50 85 -50 85 50 -85 50 56.490111081727875 12.778077808235926 0.87450785074063431 0.48501135965356168 4 -85 -50 85 -50 85 50 -85 50 29.326754056596599 14.65459406459971 -0.50097725304661589 -0.86546045081786782 1 97.038521386967716 -56.171361543104176
4 -2.5 -1 2.5 -1 2.5 1 -2.5 1 38.437438552299739 45.225299900499181 -0.86115354779042985 0.50834492928321406 4 -4.5 -3 4.5 -3 4.5 3 -4.5 3 53.823869214238805 46.125490422598943 -0.86799351480998721 -0.4965755312616647 0
4 -27 -18 27 -18 27 18 -27 18 16.478671240487685 58.593244344723807 0.64500339765645665 0.76417970204110164 4 -16 -0.5 16 -0.5 16 0.5 -16 0.5 30.911785934378631 11.42065695326716 0.26428057574118929 0.9644458394777311 0
4 -2 -2 2 -2 2 2 -2 2 28.22320974611182 51.634042257894158 -0.70478538258632684 -0.70942058364037131 4 -2.5 -1 2.5 -1 2.5 1 -2.5 1 39.25701471410072 9.0717833584364378 0.20109919890980488 0.97957088166086004 0
4 -11 -7 11 -7 11 7 -11 7 13.310309966385779 57.215766102561339 -0.43589660542044206 0.89999674965131704 4 -2 -2 2 -2 2 2 -2 2 39.196826876412729 8.9634677253939543 -0.97237689704003449 0.23341630213589235 0
4 -4.5 -3 4.5 -3 4.5 3 -4.5 3 10.788011173034203 25.180773564721342 0.15152273053293777 -0.98845377339147367 4 -2 -2 2 -2 2 2 -2 2 49.06765807047752 17.792420027912598 -0.9546007063449955 -0.29788838756426139 0
4 -16 -0.5 16 -0.5 16 0.5 -16 0.5 26.84076141601027 12.825472955856112 -0.27354671318600648 0.96185871920211474 4 -27 -18 27 -18 27 18 -27 18 6.6294559267498698 28.336718570220057 0.20860393707271199 -0.97800020318901981 1 2.9711901493886308 0.63374420673237575
4 -4.5 -3 4.5 -3 4.5 3 -4.5 3 40.433531320553989 42.959869225910587 -0.16889869377887409 -0.98563341625565337 4 -2.5 -1 2.5 -1 2.5 1 -2.5 1 55.601182216550043 5.6826926528912969 -0.63475347449927499 -0.77271471230402899 0
4 -2 -2 2 -2 2 2 -2 2 22.652751486974893 2.4238717119562514 0.44216920847848984 -0.89693165351296733 4 -2.5 -1 2.5 -1 2.5 1 -2.5 1 49.36948838057809 35.136425850805793 -0.39317162004726164 0.91946510384538882 0
4 -16 -0.5 16 -0.5 16 0.5 -16 0.5 32.874799541085615 53.982444482368955 0.18034723563234412 0.98360300660366617 4 -2 -2 2 -2 2 2 -2 2 48.22479138393993 35.050639825400381 -0.86093570959696719 0.50871377408201424 0
4 -2.5 -1 2.5 -1 2.5 1 -2.5 1 14.339916566710169 22.744875105692909 0.84624011699998469 0.53280171206542892 5 -9 -12 11 -9 14 6 1 15 -11 5 1.5203389524851518 18.30991180925102 0.017489441388405233 0.99984704802280711 0
4 -4.5 -3 4.5 -3 4.5 3 -4.5 3 23.969665377337073 48.376502152038661 0.87496381414156321 0.48418831454595029 4 -27 -18 27 -18 27 18 -27 18 13.097855825391324 42.678090870966827 -0.89048068592559981 -0.45502104126454784 1 17.206411760216405 8.7921945071971752
4 -11 -7 11 -7 11 7 -11 7 56.29239537518567 49.278907987913762 -0.1214889320159812 0.99259278629134529 3 -10 -8 12 -6 0 14 54.262876476087534 11.001989554577847 0.42320920031277526 0.90603199323788852 0
4 -27 -18 27 -18 27 18 -27 18 15.422702066565936 15.12893389757809 -0.093149736551974588 0.9956521112217348 3 -10 -8 12 -6 0 14 25.132551902430361 4.8606242695000841 0.98786481973967655 -0.15531612253947236 1 -20.862057599394941 -1.9517812973159858
4 -4.5 -3 4.5 -3 4.5 3 -4.5 3 34.281942171455647 31.896665986683686 -0.79360280155562657 0.60843618676329625 3 -10 -8 12 -6 0 14 50.860279143806416 21.231935522044445 -0.53093506542626734 -0.84741250657563771 0
4 -11 -7 11 -7 11 7 -11 7 14.336877849611776 1.5234328674258957 0.96291648946581154 -0.26979961881892572 4 -2 -2 2 -2 2 2 -2 2 5.1218385054365001 47.178659175223913 -0.90156573525525052 -0.43264214428746933 0
4 -27 -18 27 -18 27 18 -27 18 9.8264325463143631 33.63219118205366 -0.12466369620370094 -0.99219905404552333 4 -4.5 -3 4.5 -3 4.5 3 -4.5 3 18.842871808032328 27.941149290924123 -0.96196749984495755 0.27316392375649018 1 -13.142756746428615 1.6513063861888593
5 -9 -12 11 -9 14 6 1 15 -11 5 7.9507280217054976 5.8872594897946762 -0.57375453599993187 -0.8190273087141251 4 -2.5 -1 2.5 -1 2.5 1 -2.5 1 0.23609361109991234 55.773255859506051 0.31692880508806731 0.94844933048922009 0
4 -2 -2 2 -2 2 2 -2 2 8.7125616288115246 16.193502777262626 0.33267978172965007 -0.94303985219518294 3 -10 -8 12 -6 0 14 24.213782491761311 36.054323188374738 0.9670185838579205 0.25470582732521441 0
5 -9 -12 11 -9 14 6 1 15 -11 5 58.03218646364784 51.539267227763887 0.16995111811237321 0.98545249375723543 4 -85 -50 85 -50 85 50 -85 50 19.96937262007927 41.682971551499918 -0.86820080450656156 -0.49621302185065563 1 26.937716820633305 -47.131668024388567
3 -10 -8 12 -6 0 14 47.401048346614992 1.3323050890343224 -0.9986269072800823 -0.052386067386451941 4 -2 -2 2 -2 2 2 -2 2 21.928351351327763 36.132460371153641 -0.5259409729463228 -0.8505210714475423 0
4 -27 -18 27 -18 27 18 -27 18 4.259205193157829 27.178031270853779 0.86546516377326377 -0.50096911111855746 4 -11 -7 11 -7 11 7 -11 7 42.823221550693376 30.482071209049785 0.68384239308209238 -0.72962975639961192 1 -1.1933472826570046 -1.1184596768326269
4 -85 -50 85 -50 85 50 -85 50 50.234502253499883 40.153612206032918 0.96834980802226767 -0.24959697374615192 3 -10 -8 12 -6 0 14 43.614009861422986 58.344805655207558 -0.98317983742343329 0.18264010316475221 1 -11.981676618663483 -46.484755321063083
4 -11 -7 11 -7 11 7 -11 7 53.231566853875869 3.0775145021460348 0.1836422148484502 -0.98299315202373394 5 -9 -12 11 -9 14 6 1 15 -11 5 23.666033627032984 31.784829303037984 0.47170027119551056 0.88175895467757048 0
4 -2.5 -1 2.5 -1 2.5 1 -2.5 1 53.73444744199962 7.0496051181721731 -0.21888234599397594 0.97575125857575684 4 -16 -0.5 16 -0.5 16 0.5 -16 0.5 23.397054055458991 25.32249535978729 -0.98113757861187523 -0.19331076492432173 0
4 -2 -2 2 -2 2 2 -2 2 43.243690062170231 29.566116792563808 -0.99900335125184225 0.04463523482170046 4 -2 -2 2 -2 2 2 -2 2 46.384267431059193 25.949650310164024 0.54155567462684728 0.84066488643184112 1 -0.11457696023629359 0.073810389846097446
4 -85 -50 85 -50 85 50 -85 50 51.335919222840381 19.604186876330829 0.77322664104375571 0.63412976714564573 4 -16 -0.5 16 -0.5 16 0.5 -16 0.5 38.625232540114908 33.177679469953048 0.054296395258989036 -0.99852486271593643 1 28.310258234530021 -34.520136123398956
3 -10 -8 12 -6 0 14 56.018325483263965 48.140703118075947 0.48637363394205496 -0.87375093030336737 4 -11 -7 11 -7 11 7 -11 7 23.434952161214898 6.2737765952648372 0.99982318577341489 0.018804180117717218 0
4 -2.5 -1 2.5 -1 2.5 1 -2.5 1 45.564072021227616 14.286486108788448 0.32782582928248538 -0.94473817836226492 4 -2.5 -1 2.5 -1 2.5 1 -2.5 1 45.265218785909745 51.499905321839613 0.90181768033079557 -0.4321167335833952 0
4 -27 -18 27 -18 27 18 -27 18 19.334592331852601 28.110074281813901 0.15510062022094573 0.98789867780409446 3 -10 -8 12 -6 0 14 20.528268369153096 0.62248188553129635 0.99706227186722129 0.076595208851306357 1 2.117715207261369 13.488585991718697
4 -16 -0.5 16 -0.5 16 0.5 -16 0.5 27.283732496500129 52.961881411476504 -0.90883364181935367 -0.41715873657082964 3 -10 -8 12 -6 0 14 48.724276822203507 46.974144392467011 -0.99902692944362492 0.04410435632046434 0
4 -27 -18 27 -18 27 18 -27 18 9.6369368611092554 20.587145925949763 0.40916074841499506 -0.91246231810222234 3 -10 -8 12 -6 0 14 32.671741257683685 53.142584316214602 0.65213521699236399 0.75810267032791956 0
4 -4.5 -3 4.5 -3 4.5 3 -4.5 3 50.98484241816837 18.621880274756908 -0.95848514093793313 0.28514248122857877 4 -27 -18 27 -18 27 18 -27 18 0.44368876550260339 6.8272830985532078 -0.96599322880750516 0.25856736433287736 0
3 -10 -8 12 -6 0 14 18.660882630247727 11.145023691488076 -0.84796102122938155 0.53005858777650638 4 -85 -50 85 -50 85 50 -85 50 43.24351922752362 52.853126355725955 0.52435790960990203 0.85149796396088573 1 -23.348749597088428 -37.915729654472457
4 -85 -50 85 -50 85 50 -85 50 55.244296474081381 29.103302412143314 -0.58618108578758499 0.81018006311244661 4 -16 -0.5 16 -0.5 16 0.5 -16 0.5 3.9120455416754063 48.299019880157033 0.85189966898189728 -0.52370502574305489 1 21.272841189120285 15.391315725692806
4 -27 -18 27 -18 27 18 -27 18 26.718948552644367 49.983856503195639 0.90407990694911167 0.42736345404220699 4 -2 -2 2 -2 2 2 -2 2 39.953860154395294 57.231522308938672 -0.9002579452665922 0.43535690184534048 1 -13.334783890775455 -6.3034243529415699
3 -10 -8 12 -6 0 14 14.75913040243605 37.619387065291015 -0.81272550088959583 -0.58264677138361931 4 -85 -50 85 -50 85 50 -85 50 30.26089829217193 53.517192185732419 0.70923958639306128 -0.70496752343139846 1 -27.482155812801 -27.648696108704346
4 -2.5 -1 2.5 -1 2.5 1 -2.5 1 29.694821121994625 25.082647895639209 -0.93456614024938567 0.35578944545807639 4 -16 -0.5 16 -0.5 16 0.5 -16 0.5 3.052200694466336 48.486957495464495 0.39294498824612284 0.91956198062569683 0
4 -11 -7 11 -7 11 7 -11 7 9.5929997426036646 46.343706498656175 -0.3488441626088945 0.93718074575489396 4 -2.5 -1 2.5 -1 2.5 1 -2.5 1 37.991195506589669 0.669374016799964 0.26535346499253798 0.96415120111757058 0
4 -2.5 -1 2.5 -1 2.5 1 -2.5 1 56.131172189157013 2.307611200171773 -0.67088481782567344 -0.74156156940001472 5 -9 -12 11 -9 14 6 1 15 -11 5 40.602418023620885 17.506068175841911 0.41484723907540239 -0.90989107492683752 0
3 -10 -8 12 -6 0 14 12.53710257134429 32.032095101586691 0.69790533952429612 -0.71619001463541565 3 -10 -8 12 -6 0 14 39.769133056306181 53.168695852778413 -0.93567196085293258 0.3528710553072158 0
4 -2.5 -1 2.5 -1 2.5 1 -2.5 1 0.9062155820056006 0.25093964738472696 0.87844827474954801 -0.47783744996551142 4 -2.5 -1 2.5 -1 2.5 1 -2.5 1 37.703879645809486 4.8380826783843656 0.9875867785325908 -0.15707436094926358 0
4 -4.5 -3 4.5 -3 4.5 3 -4.5 3 24.900685956339746 17.297738886718982 -0.27071660430465039 -0.96265908823100987 4 -16 -0.5 16 -0.5 16 0.5 -16 0.5 10.769522099506673 58.796515379320653 0.91943414619261388 0.39324400925514313 0
5 -9 -12 11 -9 14 6 1 15 -11 5 39.465060222166471 6.9964421657415627 0.3600994380787661 -0.93291392673459261 4 -11 -7 11 -7 11 7 -11 7 9.4486967759017144 19.498239927926551 0.97989191176762791 0.19952904864300655 0
4 -27 -18 27 -18 27 18 -27 18 58.685195545381134 14.251512723654969 -0.70812984281376057 0.70608223721926244 4 -16 -0.5 16 -0.5 16 0.5 -16 0.5 37.362233607010289 40.29031606367851 -0.29931084879892556 0.95415565595518359 1 5.6068408649752497 -5.5906283033397086
4 -2 -2 2 -2 2 2 -2 2 20.214230617099961 32.631448835267655 0.11199391742306349 0.99370889221151482 4 -11 -7 11 -7 11 7 -11 7 36.57143391231812 24.053031081344134 0.97762196066021168 -0.21036944178013026 0
4 -16 -0.5 16 -0.5 16 0.5 -16 0.5 5.2917189772229207 5.3903459204605886 0.78965223897653403 -0.61355467684579412 4 -27 -18 27 -18 27 18 -27 18 23.137745227846022 56.459180774363105 0.994945693202408 -0.10041447892599822 0
4 -85 -50 85 -50 85 50 -85 50 13.735856159087046 42.253855280328004 -0.65730068912884365 0.75362842573163813 4 -2.5 -1 2.5 -1 2.5 1 -2.5 1 59.438312335777155 32.405665700092698 0.9935306575894296 -0.1135642216101338 1 -18.429570968808065 -16.073928854775048
4 -11 -7 11 -7 11 7 -11 7 22.267521220863109 55.264161080541243 0.5053484377340528 0.86291538199278384 3 -10 -8 12 -6 0 14 14.770651899854602 4.5406583405683136 -0.74176847169940774 -0.67065604775676546 0
3 -10 -8 12 -6 0 14 58.461074704582131 39.762915477444182 0.99443860590512934 0.10531789537140829 4 -16 -0.5 16 -0.5 16 0.5 -16 0.5 7.8578656534727109 48.756328151443014 -0.50882444830406293 -0.8608703042898308 0
4 -2.5 -1 2.5 -1 2.5 1 -2.5 1 27.896421927025269 39.735661868849064 0.95611187233668415 0.29300185592729644 4 -85 -50 85 -50 85 50 -85 50 17.143431895632993 59.475961043784181 0.82989543257123422 -0.55791896454360113 1 -23.537707966413613 -35.011959757456232
4 -2 -2 2 -2 2 2 -2 2 32.85313141476712 24.118747688871064 -0.96996994150483862 0.2432248189990073 4 -16 -0.5 16 -0.5 16 0.5 -16 0.5 11.755312674504072 57.482883287054847 -0.87445385816830978 0.48510869909181958 0
4 -85 -50 85 -50 85 50 -85 50 4.5076934424613757 52.852060585847731 -0.83771935815664922 -0.54610097689860593 4 -16 -0.5 16 -0.5 16 0.5 -16 0.5 33.631847534164706 39.15261820849549 0.75432555764371001 0.65650053547998422 1 -13.828697585574073 21.213233734391235
4 -85 -50 85 -50 85 50 -85 50 45.242618520296958 58.120989434128035 -0.80205716761980572 0.59724726861635358 4 -2.5 -1 2.5 -1 2.5 1 -2.5 1 11.92504983677332 9.4984228387633571 0.163247494121148 0.9865851487140711 0
4 -27 -18 27 -18 27 18 -27 18 34.787327810070572 19.239652393975774 -0.82527117937209571 -0.56473664702920623 4 -85 -50 85 -50 85 50 -85 50 19.693272978614676 24.571454516853379 -0.85805810662118498 -0.51355261235988969 1 29.416596714292819 -49.150074739015174
4 -27 -18 27 -18 27 18 -27 18 54.371103531644287 21.511143892768136 -0.97077559733592078 0.23998904061870438 4 -85 -50 85 -50 85 50 -85 50 58.517010068319152 4.8471282417510775 0.43230204804021433 -0.90172886127717811 1 71.072364438390281 34.073134425640049
4 -2.5 -1 2.5 -1 2.5 1 -2.5 1 55.028652827534387 5.5993181601257476 0.946891920969131 0.32155200202049594 4 -27 -18 27 -18 27 18 -27 18 52.511134389311259 45.399446791075377 -0.031432541705165136 0.99950587558150605 0
4 -2.5 -1 2.5 -1 2.5 1 -2.5 1 34.595470555321675 29.967856402333553 -0.16382626817653939 -0.98648920615247915 4 -2 -2 2 -2 2 2 -2 2 0.22227037021159468 3.5469073287669084 0.34215551324244031 0.93964333912277709 0
4 -27 -18 27 -18 27 18 -27 18 24.928622514491046 48.018373857325386 0.97231818250405966 0.2336607625854247 4 -27 -18 27 -18 27 18 -27 18 49.81582321457217 42.907775063637871 0.49896120379420589 0.86662432293828273 1 -22.413535956713346 12.904651515351997
5 -9 -12 11 -9 14 6 1 15 -11 5 6.3053827292232185 16.287058280843983 -0.99979719676459478 -0.020138652925609069 3 -10 -8 12 -6 0 14 42.939005705464318 51.712581543524081 0.89423526773152096 0.44759723630194043 0
4 -2 -2 2 -2 2 2 -2 2 3.2717568047725765 38.566524612322851 -0.99870390893662686 0.050896977068404813 3 -10 -8 12 -6 0 14 55.225124923671018 40.787269413066191 -0.19570570998678147 -0.98066267140060437 0
4 -2.5 -1 2.5 -1 2.5 1 -2.5 1 28.775173540199045 48.134387929081889 0.8337036037971256 -0.55221218839834152 4 -11 -7 11 -7 11 7 -11 7 30.054467873206153 9.6978280093917881 -0.95666579535360241 0.29118817970594091 0
3 -10 -8 12 -6 0 14 14.635909490365087 42.188445716682409 -0.35740532342961068 0.93394937485078677 4 -85 -50 85 -50 85 50 -85 50 16.891677245025299 1.6732049622682732 0.70198601611073752 0.71219072809534345 1 -23.052178536923325 22.721872576304971
4 -16 -0.5 16 -0.5 16 0.5 -16 0.5 55.475049321363436 1.9207480226858942 -0.704211039260905 0.70999071274424153 3 -10 -8 12 -6 0 14 21.587530201175539 32.128058133659444 0.49413995040401826 0.86938237238554272 0
4 -2.5 -1 2.5 -1 2.5 1 -2.5 1 6.889169015481964 10.350278938061734 0.48915192790613304 0.87219859632179719 5 -9 -12 11 -9 14 6 1 15 -11 5 48.564951467465932 44.468025760623263 -0.82121392395499493 -0.57062044399271206 0
4 -85 -50 85 -50 85 50 -85 50 30.94747381631224 19.5800235257202 -0.96472201041817285 -0.26327066417418926 4 -27 -18 27 -18 27 18 -27 18 21.693879109592771 36.140155028513242 -0.5776128296777735 0.81631085928807501 1 16.617231215503097 -60.891739518676779
4 -11 -7 11 -7 11 7 -11 7 8.1867487839282393 20.086775245475501 -0.0084698979323483657 0.99996412977117111 4 -27 -18 27 -18 27 18 -27 18 2.3059682615563393 52.999413274307258 -0.012784599464434804 -0.99991827366867037 1 -0.067905706800441223 -5.3110899019588391
5 -9 -12 11 -9 14 6 1 15 -11 5 41.172981922232701 2.5424653013874132 0.18155928134256125 0.98338000150418592 4 -16 -0.5 16 -0.5 16 0.5 -16 0.5 56.504530394724775 54.599162826120875 0.8155972226158672 -0.57862005708520303 0
5 -9 -12 11 -9 14 6 1 15 -11 5 32.714687829186673 55.215773334628025 0.9273298282445509 -0.37424509301784009 4 -2 -2 2 -2 2 2 -2 2 20.51887450977646 28.511109485705784 -0.93604031578340985 -0.35189277802775992 0
5 -9 -12 11 -9 14 6 1 15 -11 5 15.839867944483306 11.489057803319538 -0.4280310024770913 0.90376405157455575 4 -16 -0.5 16 -0.5 16 0.5 -16 0.5 5.2733699165665104 52.010537457958328 -0.18488164720151901 0.98276079313740083 0
4 -2 -2 2 -2 2 2 -2 2 21.34304336710936 33.958714657223652 0.86841704914744844 0.49583447716958751 4 -11 -7 11 -7 11 7 -11 7 35.222682496376436 55.123659303736332 -0.95990654912666407 0.28032020430882137 0
4 -16 -0.5 16 -0.5 16 0.5 -16 0.5 41.055430744840621 52.304549346153365 -0.52829667988679996 0.84905984360384401 5 -9 -12 11 -9 14 6 1 15 -11 5 33.142245049608526 13.959323947391674 -0.99995136673191387 0.0098622599325669229 0
4 -11 -7 11 -7 11 7 -11 7 54.425857120022066 9.6061148270798924 -0.9875625078173339 0.15722688432179269 4 -27 -18 27 -18 27 18 -27 18 46.606443927363827 34.279528900499507 -0.98362401085341311 0.18023264208418127 1 -0.43161603869066129 -2.3555549883537554
4 -27 -18 27 -18 27 18 -27 18 56.791903786508826 7.512701692238819 0.93443174607721891 -0.35614226360133094 4 -27 -18 27 -18 27 18 -27 18 13.891592243740172 11.629830761463321 0.94206989018054588 0.33541663944296829 1 16.511332329368745 -6.2930045940126718
4 -11 -7 11 -7 11 7 -11 7 26.121514608011204 45.078791975685924 -0.62088104261969446 0.78390479709941896 4 -2.5 -1 2.5 -1 2.5 1 -2.5 1 9.2250343544017994 33.457605234432762 0.70966302551005578 0.70454126225787084 0
3 -10 -8 12 -6 0 14 27.288415309111087 32.839016896692101 0.87115297053678109 -0.49101171261482368 4 -85 -50 85 -50 85 50 -85 50 41.729341431877515 6.8609051038245328 0.75251370561469211 -0.65857658845577294 1 32.820320183123378 37.501698653415509
4 -4.5 -3 4.5 -3 4.5 3 -4.5 3 49.72472962161816 45.811496228229771 0.59161067635373488 0.80622379500004615 4 -11 -7 11 -7 11 7 -11 7 1.1506647514107571 58.531522568198412 0.74611705835732389 -0.66581479048472159 0
3 -10 -8 12 -6 0 14 55.726468620767754 31.558447326517463 0.8468057727695284 0.53190223086973587 4 -27 -18 27 -18 27 18 -27 18 10.979756628597999 14.405260275033385 -0.99864052478235421 -0.052125831047803585 0
4 -85 -50 85 -50 85 50 -85 50 46.238052138345395 41.216545452697225 0.97948077355728813 -0.20153762485356555 4 -2.5 -1 2.5 -1 2.5 1 -2.5 1 28.407471479548786 43.973999833631424 -0.17260432379785226 0.9849912422992837 1 10.439628890772989 50.737006497000174
4 -2 -2 2 -2 2 2 -2 2 28.952501971798224 26.472931572686768 -0.83989092268016086 0.54275522844047108 4 -27 -18 27 -18 27 18 -27 18 2.3898404107285454 45.318276049223442 0.24998692906652947 0.9682492113582567 0
4 -11 -7 11 -7 11 7 -11 7 26.6982073260316 26.757807808541155 0.07760162165193242 -0.99698444737969227 4 -11 -7 11 -7 11 7 -11 7 4.0036121516363732 20.874504327344503 0.87021174155388459 -0.49267791188742688 0
4 -27 -18 27 -18 27 18 -27 18 24.621499876128222 59.814979828755995 0.70456346020447169 -0.70964098708058143 3 -10 -8 12 -6 0 14 48.389797686914704 25.088532993207522 0.99434580293230268 -0.10619050894931358 0
3 -10 -8 12 -6 0 14 1.245358976249169 56.167296695300905 -0.91770975072429051 0.39725157447839099 5 -9 -12 11 -9 14 6 1 15 -11 5 54.030017127538819 33.157725475119911 -0.74200718850766234 0.67039192432707184 0
4 -16 -0.5 16 -0.5 16 0.5 -16 0.5 41.694530049156292 23.481787409154325 -0.99106080832846954 -0.13341092232392598 5 -9 -12 11 -9 14 6 1 15 -11 5 40.648502612247661 55.95554485650743 -0.2344511665456156 -0.97212789822399404 0
4 -4.5 -3 4.5 -3 4.5 3 -4.5 3 49.494487170653024 39.777636697111738 0.99027697553387495 -0.13910971111853127 4 -16 -0.5 16 -0.5 16 0.5 -16 0.5 46.004841769501873 49.389467333738168 -0.70052315748661431 -0.71362966994442156 0
4 -11 -7 11 -7 11 7 -11 7 27.466338682632053 17.932753857540796 -0.24680553680913228 0.96906502723003896 4 -27 -18 27 -18 27 18 -27 18 25.535693168701222 53.439781293998031 0.99650339778763308 -0.083552248310277397 0
5 -9 -12 11 -9 14 6 1 15 -11 5 52.83701489718122 39.314686478525068 0.52693846379223042 -0.84990343885425257 4 -2 -2 2 -2 2 2 -2 2 45.869472710126367 21.519463241963848 -0.93604383429136839 0.35188341859927585 0
3 -10 -8 12 -6 0 14 33.616590099267221 55.406851302962494 -0.69849192745883115 0.71561793386893746 3 -10 -8 12 -6 0 14 58.800712170669129 2.1073250291053713 0.7163767216051754 -0.69771368966232916 0
4 -27 -18 27 -18 27 18 -27 18 52.421052814363399 57.297055045036345 0.98111605267631952 0.19341998650821346 3 -10 -8 12 -6 0 14 42.497504834669193 20.37534914700602 0.16013868856166358 0.98709452456477065 0
4 -16 -0.5 16 -0.5 16 0.5 -16 0.5 3.3482936633519333 25.02782711652274 -0.74255567477414597 0.66978434578654689 5 -9 -12 11 -9 14 6 1 15 -11 5 31.377969387200906 46.244896646750583 0.90969735840374577 -0.41527185808003758 0
4 -2 -2 2 -2 2 2 -2 2 19.936717601304736 24.726564149117824 -0.31377897890466683 0.94949605180724406 4 -2 -2 2 -2 2 2 -2 2 55.625186060185321 50.524548019557677 -0.89661810711702483 0.44280466346898756 0
4 -16 -0.5 16 -0.5 16 0.5 -16 0.5 24.367653714124991 43.723000806023919 -0.66840334164967663 -0.74379901376080459 4 -11 -7 11 -7 11 7 -11 7 4.0550992230707923 17.643441766814686 -0.67109563007368789 -0.7413707947417405 0
4 -2 -2 2 -2 2 2 -2 2 53.749146393596099 57.997606206365923 0.93363196935457204 -0.35823364693884291 4 -2 -2 2 -2 2 2 -2 2 52.213486770880529 3.7633377309794347 -0.98971037058708911 0.14308522758260817 0
4 -16 -0.5 16 -0.5 16 0.5 -16 0.5 27.205215802596506 55.178766056081443 -0.61909592604127894 -0.78531537254729156 4 -4.5 -3 4.5 -3 4.5 3 -4.5 3 32.77463513732885 31.709637252573629 -0.86311939397440873 0.50499991261905119 0
4 -2 -2 2 -2 2 2 -2 2 31.88517267016103 38.589562931165183 0.77572758908053852 0.63106791040211763 4 -2 -2 2 -2 2 2 -2 2 49.138372166105967 37.966438065340988 0.16196368901032326 0.9867967183985602 0
5 -9 -12 11 -9 14 6 1 15 -11 5 7.1746450496507697 21.692841579305394 0.99508628879927163 -0.099011503592727243 3 -10 -8 12 -6 0 14 40.143143938584451 14.06034477828873 -0.98848423124072959 0.15132390620263497 0
4 -4.5 -3 4.5 -3 4.5 3 -4.5 3 6.2600916528475743 54.326116870180115 0.25342581537096398 0.96735482430365849 4 -27 -18 27 -18 27 18 -27 18 49.007504171080051 48.513385434829345 0.93407889452946669 -0.35706668676118392 0
4 -27 -18 27 -18 27 18 -27 18 35.65379047351788 44.341746476109812 -0.81574062893379751 0.57841786478867718 4 -2.5 -1 2.5 -1 2.5 1 -2.5 1 46.783972918318426 8.8318856758453705 0.2056386275620514 -0.97862799615297946 0
4 -2.5 -1 2.5 -1 2.5 1 -2.5 1 2.7584103818569261 14.398260531470569 0.99502839832078138 0.099591598717866298 4 -4.5 -3 4.5 -3 4.5 3 -4.5 3 8.6624079457573533 40.209997521827972 0.70695430932304537 0.70725922017996756 0
4 -85 -50 85 -50 85 50 -85 50 44.858849503897233 37.765897819705991 0.050659708565945871 -0.99871597260082579 3 -10 -8 12 -6 0 14 14.985219427134517 6.3805415732310848 -0.59738887727754897 -0.80195170010735028 1 29.326269295829835 1.4875703369239954
4 -2 -2 2 -2 2 2 -2 2 51.176193647176795 20.515986614572917 -0.51210499948235577 -0.85892285422218007 4 -85 -50 85 -50 85 50 -85 50 13.830218198182671 43.002632633737058 0.6106010782797674 0.79193833295502591 1 7.0621409960436869 -5.4450589492968922
4 -2 -2 2 -2 2 2 -2 2 19.573801877951475 24.792760066706773 -0.74344408778307436 -0.66879809235702248 4 -27 -18 27 -18 27 18 -27 18 36.699647533055547 19.53230261918733 -0.49097720868892347 -0.87117241723325545 1 -2.6410312828145441 1.4884380423964059
4 -85 -50 85 -50 85 50 -85 50 56.894643273573998 53.486203333121722 0.50403231378585656 -0.86368479589470359 3 -10 -8 12 -6 0 14 3.9398577287785819 25.191409017653523 -0.058406516810680417 -0.99829288227155244 1 1.4346398524750466 0.83723234185606199
4 -4.5 -3 4.5 -3 4.5 3 -4.5 3 31.057483520355891 21.787784658615521 0.99806482580154354 -0.062182019086987519 3 -10 -8 12 -6 0 14 23.276205566122918 1.4000122454210229 -0.99997311964477209 -0.0073321202869531393 0
4 -4.5 -3 4.5 -3 4.5 3 -4.5 3 16.802636618628142 26.3080057771143 0.34571151421828522 -0.93834084901857506 3 -10 -8 12 -6 0 14 35.543834214553158 25.17002630048054 0.94780121441319842 -0.31886181639836764 0
3 -10 -8 12 -6 0 14 13.128519279342385 14.255519160358318 -0.28623519564352939 0.95815938798036648 4 -27 -18 27 -18 27 18 -27 18 5.6352047697410619 53.189825116586235 0.12957011279486866 0.9915702626996864 1 -0.35872448995591277 -2.7452359889933056
4 -85 -50 85 -50 85 50 -85 50 37.065302684216505 10.722356559934516 -0.96522679059678651 -0.26141392983968409 3 -10 -8 12 -6 0 14 15.576921937247587 55.393601332621145 -0.97138587358190942 0.23750680959818943 1 3.5348487922199814 -13.051832230408824
3 -10 -8 12 -6 0 14 44.136156683251556 56.201316009227554 0.82194960100373693 0.56956022807934692 4 -85 -50 85 -50 85 50 -85 50 19.28422698873732 17.748263883311758 0.83057564343972168 0.55690582733949945 1 -22.306429134176565 33.268060453723294
3 -10 -8 12 -6 0 14 52.919540285170427 15.130370613003112 -0.2799550879908978 0.96001309819606562 4 -4.5 -3 4.5 -3 4.5 3 -4.5 3 49.034522485342293 53.573138131888186 -0.94421918062019627 0.32931768696643859 0
4 -2 -2 2 -2 2 2 -2 2 42.894808675337899 9.5606594556219164 0.27330553435378685 -0.96192727630085995 5 -9 -12 11 -9 14 6 1 15 -11 5 47.730791434322363 37.396077469030317 0.22162060897722455 -0.9751329682030877 0
4 -4.5 -3 4.5 -3 4.5 3 -4.5 3 48.697389122163223 18.208514381118778 0.99516449017792108 -0.098222387921076473 4 -11 -7 11 -7 11 7 -11 7 59.225953172337547 54.881271553477205 -0.83453171326457798 -0.55095990739407541 0
4 -27 -18 27 -18 27 18 -27 18 52.190476393354047 23.994784815556798 0.25097247232151881 0.96799422422699632 4 -4.5 -3 4.5 -3 4.5 3 -4.5 3 55.907656486067147 58.78412444054252 -0.89602578826750401 -0.44400201211210538 0
4 -16 -0.5 16 -0.5 16 0.5 -16 0.5 40.4989579873981 27.491424314913463 -0.98171186429266666 0.19037283290169515 4 -85 -50 85 -50 85 50 -85 50 24.046288645303861 36.839592701011092 -0.9984818855520905 0.055081069564252752 1 -2.4369941139349973 -44.176601820026271
4 -11 -7 11 -7 11 7 -11 7 7.6791174163011284 23.192545323487277 0.043411404008302949 0.99905728064111909 5 -9 -12 11 -9 14 6 1 15 -11 5 47.038637546323578 21.915278661295496 0.68925019062372517 0.7245234121304559 0
4 -16 -0.5 16 -0.5 16 0.5 -16 0.5 58.047538173957093 47.912896671960411 0.47647691855089552 -0.8791869801630614 4 -27 -18 27 -18 27 18 -27 18 16.240306311144206 25.241348132889726 0.59322561820878772 -0.80503625129605283 0
4 -4.5 -3 4.5 -3 4.5 3 -4.5 3 48.350244150027386 39.067684539730998 0.99959938707427909 -0.028303098076458897 5 -9 -12 11 -9 14 6 1 15 -11 5 39.225149231791583 40.039480643357237 0.4045146480582747 -0.91453151914315678 1 8.5245240669436786 -1.6314506313660961
3 -10 -8 12 -6 0 14 54.721926750199032 38.108216383587497 0.99607260863243541 -0.088540150960878264 5 -9 -12 11 -9 14 6 1 15 -11 5 20.334792988684676 7.5629024486459588 -0.79753174891977807 0.60327697574576811 0
4 -2 -2 2 -2 2 2 -2 2 57.320219446743657 22.341775410853863 -0.4990125309630451 0.86659476916368239 3 -10 -8 12 -6 0 14 54.861932917627826 38.456886870542419 0.51907385474884848 -0.85472939186398134 0
4 -27 -18 27 -18 27 18 -27 18 58.855240553444517 53.660285282621281 0.40599630049025165 -0.91387472007284964 4 -27 -18 27 -18 27 18 -27 18 24.46928008885023 58.612138513522403 0.53962013322518509 -0.84190861250971505 1 9.5633939773394818 4.2486158000092979
4 -11 -7 11 -7 11 7 -11 7 16.415308674219329 5.0992092198036199 0.72135189189817128 0.69256873164685173 5 -9 -12 11 -9 14 6 1 15 -11 5 0.73922393939976905 24.963604883291751 -0.031334044683997912 -0.99950896826578861 0
3 -10 -8 12 -6 0 14 22.700292023461863 32.890509970084771 0.82363139638038352 -0.56712549131254864 4 -85 -50 85 -50 85 50 -85 50 42.698089676724315 0.24979837052444998 0.94978339209612783 -0.31290814642379183 1 10.759456273768917 32.658634789807437
4 -85 -50 85 -50 85 50 -85 50 27.46581310834155 51.761694139771969 -0.75929113314628527 0.65075108538167648 4 -2.5 -1 2.5 -1 2.5 1 -2.5 1 58.348319833310086 12.81012618147016 0.98073955318575423 0.19532006762492998 1 -29.258402069255165 25.07593737359376
4 -27 -18 27 -18 27 18 -27 18 15.182000662010619 5.9736689160293093 -0.95422568441235367 0.29908751763952846 4 -16 -0.5 16 -0.5 16 0.5 -16 0.5 17.846805787043991 33.10044026147856 0.9328782519668356 -0.3601918475025514 0
4 -27 -18 27 -18 27 18 -27 18 2.6801937773455808 31.49659921804631 -0.76665485360075025 0.64205944853293151 4 -85 -50 85 -50 85 50 -85 50 47.92362166138458 50.73709726223116 -0.39119989789826937 -0.92030573174591479 1 -43.216065669234695 18.370113207158738
4 -85 -50 85 -50 85 50 -85 50 4.973757130982821 20.463841583792327 -0.076312417225742335 -0.99708395583178666 4 -2.5 -1 2.5 -1 2.5 1 -2.5 1 49.251146397525588 52.565409818039157 0.99990114197747748 -0.014060806240625355 1 -10.827239847926636 0.82866928090211267
4 -2.5 -1 2.5 -1 2.5 1 -2.5 1 5.8906632124875653 44.538313608324316 0.89076752710526097 -0.45445925301920975 4 -16 -0.5 16 -0.5 16 0.5 -16 0.5 21.958002790394655 34.421272939794626 -0.56640589576195954 -0.82412642309665829 0
5 -9 -12 11 -9 14 6 1 15 -11 5 26.308788746383847 35.89254791258552 0.94191321275124351 0.3358563675808911 4 -11 -7 11 -7 11 7 -11 7 58.73620454316211 50.715456813060477 -0.16229797676963004 0.98674179334640766 0
3 -10 -8 12 -6 0 14 14.697906583579607 55.62070750252424 -0.96755573807461692 -0.25265766111258764 4 -27 -18 27 -18 27 18 -27 18 0.64765178232647269 10.120892271771847 0.99331259958136287 -0.11545596352252729 0
3 -10 -8 12 -6 0 14 25.667819361240053 43.888195211050906 -0.023784850630986006 0.99971710042414585 4 -16 -0.5 16 -0.5 16 0.5 -16 0.5 47.04142975976319 31.754138708696868 -0.57722261744502179 0.81658682937573634 0
3 -10 -8 12 -6 0 14 31.316262718511862 44.18736233328864 -0.65630675289808471 -0.75449416571658945 4 -85 -50 85 -50 85 50 -85 50 32.75638244318835 10.358973862923628 0.6761241823302746 0.73678768316810073 1 -29.517042485611089 27.08675330941773
4 -2 -2 2 -2 2 2 -2 2 22.440161039496751 58.883879894317921 0.76832121030485645 0.6400644637813292 4 -4.5 -3 4.5 -3 4.5 3 -4.5 3 37.312447983473788 49.414946969232524 -0.83704431717074002 -0.54713509400528271 0
4 -4.5 -3 4.5 -3 4.5 3 -4.5 3 19.565267399281122 8.6475227903723386 -0.71577953157591911 0.6983263292880757 4 -85 -50 85 -50 85 50 -85 50 33.621903055712799 56.827669291329322 0.17962474320836344 -0.98373520401952141 1 -32.03870099739693 -5.8500940251730178
4 -27 -18 27 -18 27 18 -27 18 46.300737121085 19.401136445874066 0.89226194589542618 0.45151812799366942 4 -16 -0.5 16 -0.5 16 0.5 -16 0.5 18.165797697606546 55.170600789130376 -0.093933925765690013 0.99557843367072085 0
4 -11 -7 11 -7 11 7 -11 7 55.124645977219053 5.3403389547001323 -0.53817938445644187 -0.84283032108846523 4 -16 -0.5 16 -0.5 16 0.5 -16 0.5 17.417348682428031 58.194119688768055 0.21800337297445702 0.97594801571177947 0
3 -10 -8 12 -6 0 14 0.68298008747810002 21.514896489567583 -0.99574099042992803 0.092194793657917815 4 -27 -18 27 -18 27 18 -27 18 22.466418364618246 48.899398757600487 0.47249375651131342 -0.8813340173043519 0
4 -16 -0.5 16 -0.5 16 0.5 -16 0.5 36.901602464784233 40.580933361537753 0.99800186156616921 -0.063184525878263273 3 -10 -8 12 -6 0 14 17.801487914370306 50.894466325144961 0.99695286116975146 0.078006362595921294 0
4 -27 -18 27 -18 27 18 -27 18 19.564172068852063 38.060370074404375 0.89086627866265844 0.45426564204410913 4 -2 -2 2 -2 2 2 -2 2 5.4255332034989827 25.498937317144104 -0.26870291628038406 0.9632231012503889 1 9.8483740554107086 5.0218288316935649
4 -2.5 -1 2.5 -1 2.5 1 -2.5 1 50.818885557798488 5.6683125993637029 -0.81510892894082987 0.57930771957650717 4 -2 -2 2 -2 2 2 -2 2 51.901698899526941 16.955832892166928 0.71556289532563544 -0.69854831102307713 0
4 -27 -18 27 -18 27 18 -27 18 38.64301963669535 53.237147689660297 -0.54354742008085932 0.8393784617938691 3 -10 -8 12 -6 0 14 21.06112896466222 1.3263097272087543 0.19805638131566547 0.98019062932683854 0
4 -85 -50 85 -50 85 50 -85 50 11.412458586685561 9.6913933515886939 0.97283099411383278 0.23151642898829436 4 -4.5 -3 4.5 -3 4.5 3 -4.5 3 16.914574805070757 12.295497000631022 0.65148096951829981 -0.75866497636011654 1 12.528478229031199 -52.644609212153021
4 -2 -2 2 -2 2 2 -2 2 55.418772511508685 2.8056553733231615 0.58922228087055262 0.80797097950712538 4 -85 -50 85 -50 85 50 -85 50 6.8990502907607283 33.294107308369128 0.91016634705062049 0.4142429488796755 1 2.0198780495896584 -4.4380357731007658
5 -9 -12 11 -9 14 6 1 15 -11 5 12.865637476472731 2.8628295945209303 -0.77818575316147032 -0.62803418185359561 4 -11 -7 11 -7 11 7 -11 7 10.50924356867224 53.125078528389068 0.99227601086052675 -0.12404966050223497 0
3 -10 -8 12 -6 0 14 54.546760306948116 29.666582944489765 -0.33475831725087324 -0.9423040215510935 4 -16 -0.5 16 -0.5 16 0.5 -16 0.5 43.584338708972481 47.559017959922755 0.98957963027413109 0.14398664988989096 0
4 -85 -50 85 -50 85 50 -85 50 28.144318872136733 9.7834590004579631 0.37138967408608653 -0.92847709179183868 4 -2.5 -1 2.5 -1 2.5 1 -2.5 1 0.38079293140804493 45.34954447545185 -0.51309616085538556 0.85833113057576116 1 36.036642709684486 14.414611959114477
4 -2 -2 2 -2 2 2 -2 2 46.310172736516371 10.264543399730847 -0.25546408955709066 0.96681854499526787 4 -2.5 -1 2.5 -1 2.5 1 -2.5 1 36.322611125241203 32.331699444202556 -0.99992303339736255 0.012406743384832476 0
4 -16 -0.5 16 -0.5 16 0.5 -16 0.5 16.523989054658831 7.9878348115020259 -0.86517873754575825 0.50146360994465788 4 -85 -50 85 -50 85 50 -85 50 25.367568387818316 39.041692790386406 -0.15068363948199162 -0.98858203543887102 1 -8.9324472768335816 -58.602625611773078
4 -11 -7 11 -7 11 7 -11 7 58.673668342659944 4.0215700152068461 -0.78529671329738149 -0.61911959433079666 3 -10 -8 12 -6 0 14 21.094198637551216 45.389886935344343 0.91896957667881429 0.39432843815626689 0
5 -9 -12 11 -9 14 6 1 15 -11 5 58.57036201654897 10.206745335322529 -0.99628232499933622 -0.086148295943199227 4 -2.5 -1 2.5 -1 2.5 1 -2.5 1 54.220736762170908 10.238586052681068 0.79093194745431428 0.6119041219800091 1 10.650308827984629 -1.188576899153849
4 -27 -18 27 -18 27 18 -27 18 38.318381699730523 11.215525459364864 0.8063471929506022 0.59144247769388736 4 -85 -50 85 -50 85 50 -85 50 32.723638473697477 20.057041378604413 0.96078327173088185 0.2773003872375629 1 18.345211891306814 -63.562019790567618
3 -10 -8 12 -6 0 14 26.885990214356195 26.145890491784009 -0.56200130783828484 -0.82713634304633077 4 -2 -2 2 -2 2 2 -2 2 28.311500661104919 20.620572798467439 -0.98678132868979151 -0.1620574260847357 1 0.23407853467309805 4.1471149413997672
4 -27 -18 27 -18 27 18 -27 18 30.919202690149458 2.9196976298455768 -0.11378709111105638 -0.99350515745842216 4 -85 -50 85 -50 85 50 -85 50 52.358761162826198 3.6953841852953562 0.9765618969470975 -0.21523675669152459 1 -15.784179093695117 -71.615220905707844
4 -11 -7 11 -7 11 7 -11 7 48.642963095166472 50.967404547916807 0.35269094816630081 0.93573986507017837 4 -85 -50 85 -50 85 50 -85 50 12.488473994793512 43.620083670606036 -0.74509215635641979 -0.6669615270284639 1 28.446441817189037 -31.778775559466808
4 -85 -50 85 -50 85 50 -85 50 12.784325762915927 59.674893145154897 0.4833541553888166 0.8754249028148352 3 -10 -8 12 -6 0 14 21.627695585232168 42.589314857379662 -0.98911833617715561 0.14712211607414921 1 -41.442474872061013 22.881908401964012
3 -10 -8 12 -6 0 14 13.24733831714793 8.8069234221201125 -0.47028361472962532 0.88251533794990633 4 -27 -18 27 -18 27 18 -27 18 14.866232293969222 2.7868487232017514 -0.73404253722513213 0.67910349251354218 1 18.949560979173434 20.482568524233361
4 -4.5 -3 4.5 -3 4.5 3 -4.5 3 23.87056536314347 31.665439144357869 -0.99390631901434134 0.11022807729141602 3 -10 -8 12 -6 0 14 14.322625695360118 43.719303969357881 0.99618891325954095 0.087221838428083648 0
3 -10 -8 12 -6 0 14 8.935858207560738 44.362116507741597 0.60389017745123275 0.79706753388776197 4 -27 -18 27 -18 27 18 -27 18 0.32323154155412759 37.232132711564667 -0.88446311520281451 -0.4666101133127451 1 19.440733496333394 10.256213858649035
3 -10 -8 12 -6 0 14 45.58875512597298 3.3348228572993244 -0.97830225415947913 -0.20718276836281985 5 -9 -12 11 -9 14 6 1 15 -11 5 2.9621068021956742 41.913026902417954 0.0078271721366143139 0.99996936721898821 0
4 -27 -18 27 -18 27 18 -27 18 5.7380342757000058 28.569446520045243 -0.46361627304193809 0.88603608920331411 4 -2.5 -1 2.5 -1 2.5 1 -2.5 1 9.6280441930545351 58.935167922410862 -0.7811518213214621 -0.62434111833689321 1 -2.7646636994564324 -1.4466036950129386
4 -2.5 -1 2.5 -1 2.5 1 -2.5 1 47.272372888842838 44.603902655740171 -0.99981003955325187 0.019490633866677733 3 -10 -8 12 -6 0 14 46.973381930992765 0.95810639962989441 0.55891966874759602 -0.8292218062057205 0
4 -2 -2 2 -2 2 2 -2 2 53.6702651869129 15.125060457702011 -0.19926363239279982 -0.97994591932699382 3 -10 -8 12 -6 0 14 16.781863404605321 1.8203349484474107 0.62182142576288635 -0.7831590607674862 0
4 -16 -0.5 16 -0.5 16 0.5 -16 0.5 44.03750723863363 38.720692194655875 -0.69164459763144237 -0.72223801517729613 4 -85 -50 85 -50 85 50 -85 50 6.688811010251845 58.50538221582277 -0.99023094572039749 0.13943698984734007 1 -6.8176935948959994 -48.416787995043968
4 -85 -50 85 -50 85 50 -85 50 25.044156782204912 56.851830492570741 -0.99670192497237597 -0.081149693507493681 4 -11 -7 11 -7 11 7 -11 7 1.5688977103287072 22.358602879658523 0.93019727882386327 0.36705997121544048 1 -2.2249592932648352 27.327536491280217
3 -10 -8 12 -6 0 14 19.230345320704625 14.961417711912098 0.69310144127765494 0.72084005999863621 4 -16 -0.5 16 -0.5 16 0.5 -16 0.5 11.738650790412459 24.30557453830432 0.99784461264382329 0.065621101923833566 1 0.067531215141085468 -1.0268900892892303
4 -16 -0.5 16 -0.5 16 0.5 -16 0.5 41.421731903767956 21.463619945732152 0.28761461752412404 -0.95774622514863084 4 -27 -18 27 -18 27 18 -27 18 11.498023827415594 43.568107748328075 0.43376786439983445 -0.9010246610465259 1 0.18860658403042982 0.056639231880058094
3 -10 -8 12 -6 0 14 9.9580304387970848 30.485905867599964 -0.86509846288132541 0.50160208285090691 3 -10 -8 12 -6 0 14 27.055498917531928 7.0173842462045215 0.71741583525697139 0.69664518897537941 0
4 -16 -0.5 16 -0.5 16 0.5 -16 0.5 48.748670641509293 30.841962348537034 -0.93688184209190828 -0.34964612676028978 4 -2.5 -1 2.5 -1 2.5 1 -2.5 1 22.751020993571174 43.12377500781529 0.3514120867102381 -0.9362208848952025 0
4 -85 -50 85 -50 85 50 -85 50 57.606416295826719 2.4222277667247205 -0.24266286244095611 0.97011068192859395 3 -10 -8 12 -6 0 14 33.471267335088584 31.481672046861636 0.88399791611584033 -0.46749083873681607 1 41.705369241661899 10.43215425606828
4 -4.5 -3 4.5 -3 4.5 3 -4.5 3 22.004090374261523 54.523485319163449 0.49744921867493475 0.86749309786285733 4 -2.5 -1 2.5 -1 2.5 1 -2.5 1 51.025277590310402 37.089687024513175 0.99083151400501657 -0.13510333398745802 0
4 -2 -2 2 -2 2 2 -2 2 51.386051644989301 25.560415597727633 -0.85873431279476586 -0.51242109639328992 4 -27 -18 27 -18 27 18 -27 18 43.077978543141882 20.742798354806403 0.87145422902507996 -0.49047683606293113 1 6.1095095701422419 10.855065032034529
4 -27 -18 27 -18 27 18 -27 18 20.553047939275299 16.628714719886769 0.73190065807215587 0.68141134912293999 4 -16 -0.5 16 -0.5 16 0.5 -16 0.5 52.017441021741938 22.622491271419864 -0.95596022990718654 -0.29349623308621714 1 -5.7115608162779665 6.1347600468256598
4 -2 -2 2 -2 2 2 -2 2 46.79850072710753 45.921338510678162 0.55915854625388361 -0.82906074575464228 4 -2.5 -1 2.5 -1 2.5 1 -2.5 1 21.798776631899461 15.001018245370833 0.70172032352048019 -0.71245251600251402 0
4 -85 -50 85 -50 85 50 -85 50 40.0715854057025 19.790705719833039 -0.15880538408169337 0.98730990574726119 4 -85 -50 85 -50 85 50 -85 50 16.099792266646027 53.367245404115835 -0.35366696326531433 0.93537141237836152 1 96.46211803582932 15.51559810637098
3 -10 -8 12 -6 0 14 24.257285780229289 18.345363580007231 -0.59550674821720617 -0.80335030517686934 4 -2 -2 2 -2 2 2 -2 2 50.403404129481387 26.503609442828129 -0.082024893414335054 -0.99663028092686756 0
4 -85 -50 85 -50 85 50 -85 50 33.568803723967548 1.6786647262040155 0.69533090958912536 -0.71868972872162262 3 -10 -8 12 -6 0 14 45.621718015110119 22.190929481653093 -0.80451435412732009 -0.59393320668497829 1 -27.435044954672204 -26.543352437891645
3 -10 -8 12 -6 0 14 22.048207379154892 20.798089185071383 0.23048025876913206 -0.97307700122740226 4 -2 -2 2 -2 2 2 -2 2 36.527014479162034 46.463324618334319 0.077796141953819883 -0.99696928753954162 0
3 -10 -8 12 -6 0 14 11.100541715799615 34.845631471907971 -0.99490225917356123 0.10084391251505517 4 -27 -18 27 -18 27 18 -27 18 1.0734048475802616 35.094578173399839 -0.7994447505564648 0.60073961980854218 1 14.513043349450244 19.313486138993344
4 -16 -0.5 16 -0.5 16 0.5 -16 0.5 59.458811966074556 51.00251982105906 0.9125887469723819 -0.40887868481907685 5 -9 -12 11 -9 14 6 1 15 -11 5 25.16706517493882 3.5698882459823733 0.57337814138670873 -0.81929085615544583 0
5 -9 -12 11 -9 14 6 1 15 -11 5 36.497416120834473 51.359144952992182 -0.42254794990648165 0.90634057066305351 4 -85 -50 85 -50 85 50 -85 50 30.672428524837368 2.5968411165938154 0.64455574962819295 0.76455731349666545 1 -27.704406408504553 23.35604424339294
3 -10 -8 12 -6 0 14 19.481909989686063 8.6369474930311423 -0.60392583145903445 0.79704051973316503 4 -2 -2 2 -2 2 2 -2 2 31.048018100995979 24.145014690130637 0.13138400609482004 -0.99133155046254651 0
4 -27 -18 27 -18 27 18 -27 18 39.09136058634185 24.240292120821209 0.85045171317926471 -0.52605311856356651 4 -4.5 -3 4.5 -3 4.5 3 -4.5 3 3.5618829724696277 2.9814077026926911 0.50712162309258224 -0.86187450327292137 0
4 -4.5 -3 4.5 -3 4.5 3 -4.5 3 7.6986703091018693 35.638692756173342 0.36065774259955685 -0.9326982323897649 4 -27 -18 27 -18 27 18 -27 18 4.9063583377773572 18.194659507493252 -0.5198895470046645 -0.85423349203557031 1 8.1973928280770547 13.469183101411296
5 -9 -12 11 -9 14 6 1 15 -11 5 55.892491248387032 6.3714359690751321 0.41082049500311102 -0.91171625020364688 5 -9 -12 11 -9 14 6 1 15 -11 5 31.61683562104227 11.23785788544226 0.13541932581585309 0.99078837609026271 1 0.91600384380568545 0.011957527362480931
5 -9 -12 11 -9 14 6 1 15 -11 5 45.519640368192405 59.249911191055695 0.91274778116141564 0.4085235464265341 3 -10 -8 12 -6 0 14 25.188151401267081 11.485699319055339 -0.84893760224110515 0.52849309125202681 0
3 -10 -8 12 -6 0 14 51.873244060294482 48.984849374174075 0.50814917213726396 -0.86126907459644297 5 -9 -12 11 -9 14 6 1 15 -11 5 59.167214894095309 52.607906376369115 0.88958268935806517 0.45677416607605142 1 -12.796167351828554 5.4356795942998568
4 -2 -2 2 -2 2 2 -2 2 5.6796275393123548 59.445900375821687 0.82291163724307059 0.56816937376976684 4 -2 -2 2 -2 2 2 -2 2 16.574685336238744 3.7658214206185292 -0.73151016063135144 0.68183053971870045 0
5 -9 -12 11 -9 14 6 1 15 -11 5 49.3585605505492 39.385449507458716 -0.34491604867286241 -0.93863353837794417 4 -2 -2 2 -2 2 2 -2 2 16.622485588333252 51.110348656878742 0.78045185175009868 -0.62521588839363484 0
3 -10 -8 12 -6 0 14 55.705483173669954 40.402973402393137 -0.3877431276473231 -0.9217674690301626 4 -11 -7 11 -7 11 7 -11 7 9.6986848773626591 16.005040956906516 0.99357788980129225 0.11315024037982091 0
4 -11 -7 11 -7 11 7 -11 7 11.032355736533194 3.282095770569613 -0.3119666399067294 0.95009305627675489 3 -10 -8 12 -6 0 14 30.072291776274888 30.698577475050275 -0.94900852253865675 -0.31525041498623885 0
4 -85 -50 85 -50 85 50 -85 50 47.085156279948784 0.89285962016643738 -0.097014187311389638 0.99528299867942616 4 -16 -0.5 16 -0.5 16 0.5 -16 0.5 50.994239248050732 22.042040253744847 0.79326937913881534 -0.60887083369194028 1 -55.821839256195339 -5.4411764059592027
4 -85 -50 85 -50 85 50 -85 50 30.048840828637232 7.8028355032682644 -0.52295400029464545 0.85236090570592682 4 -27 -18 27 -18 27 18 -27 18 10.540912072536981 33.426690566689381 -0.58748176383705686 0.8092374046958658 1 56.947944781995041 34.939607545278115
3 -10 -8 12 -6 0 14 38.020230914521775 54.559855741798799 -0.98776448761199154 -0.1559529320423951 4 -11 -7 11 -7 11 7 -11 7 4.9164777484760647 55.104884422035326 -0.68900771724696763 0.72475400348954444 0
5 -9 -12 11 -9 14 6 1 15 -11 5 36.15156354652337 42.723410618825497 0.17532324391002374 -0.98451092434003307 5 -9 -12 11 -9 14 6 1 15 -11 5 3.512687789163822 15.695268502592004 -0.9980033120636167 -0.063161611046990224 0
4 -11 -7 11 -7 11 7 -11 7 21.394391281967323 10.417316961000026 -0.57109240545910733 0.82088578037808069 4 -2 -2 2 -2 2 2 -2 2 13.95028213366011 0.50637205117599837 0.3834329981593193 -0.92356869583293877 0
4 -2 -2 2 -2 2 2 -2 2 58.259363197169968 47.741294101462337 0.99235569671237134 -0.12341057978351773 4 -27 -18 27 -18 27 18 -27 18 46.888752723352582 59.369630846426169 -0.59151954518966021 0.80629065953824464 1 8.1189028515091213 -11.066744265857359
4 -11 -7 11 -7 11 7 -11 7 27.808699657521007 12.987367384903902 0.0044181939929439336 -0.99999023973328893 4 -11 -7 11 -7 11 7 -11 7 46.496282233647847 46.11898526398523 -0.81699886433307145 0.57663927691276073 0
4 -11 -7 11 -7 11 7 -11 7 21.433563485759755 8.2605309431554907 0.87412909765582469 -0.4856936489510788 5 -9 -12 11 -9 14 6 1 15 -11 5 36.971723498594805 24.808813130443582 0.48378598962456398 -0.87518633229900322 0
5 -9 -12 11 -9 14 6 1 15 -11 5 10.519025735535104 32.957509961207322 -0.19837709416512048 0.98012577178166427 3 -10 -8 12 -6 0 14 29.013788030336528 53.125658287100052 -0.063475884363385429 -0.99798337265922732 0
4 -2 -2 2 -2 2 2 -2 2 36.459290998691202 47.767580855801043 0.15301816008258895 -0.98822337691684825 5 -9 -12 11 -9 14 6 1 15 -11 5 24.548090665387431 7.5391613600034617 0.29701279524697188 0.95487349919221254 0
5 -9 -12 11 -9 14 6 1 15 -11 5 24.718301153474513 3.1383913378816874 -0.95823754632233549 0.28597343376291084 5 -9 -12 11 -9 14 6 1 15 -11 5 18.082067848089473 53.916591736110618 0.90575963868893794 0.42379178486856561 0
4 -27 -18 27 -18 27 18 -27 18 38.677049538436798 33.516329173508346 -0.51542121227574345 0.8569369719741371 4 -11 -7 11 -7 11 7 -11 7 11.556368578422076 52.749885332394911 -0.9561188707739372 0.29297901793468284 1 4.8451222332663288 -8.0554782700688907
4 -2 -2 2 -2 2 2 -2 2 33.389980213199678 44.316916125119228 -0.28645735133715455 0.95809299437210271 4 -4.5 -3 4.5 -3 4.5 3 -4.5 3 52.091889505649618 49.344828879706711 -0.99999982361065776 0.00059395172655667442 0
4 -27 -18 27 -18 27 18 -27 18 52.164292304207606 19.615727007893518 0.4056890143600137 -0.91401117259451514 4 -4.5 -3 4.5 -3 4.5 3 -4.5 3 3.583639034070405 25.561092962995424 0.93508521603582562 0.35442296589136735 0
4 -11 -7 11 -7 11 7 -11 7 18.369991908651837 1.8050087265338099 -0.95049945203225339 -0.31072623269750826 3 -10 -8 12 -6 0 14 12.7811743633878 52.42158520624168 0.94588637348468474 0.32449802534991107 0
4 -2 -2 2 -2 2 2 -2 2 0.61707000408447454 59.877785130577578 0.8365390637122373 0.54790728675885803 3 -10 -8 12 -6 0 14 54.985001568753333 18.403931155414494 -0.81381485758283489 -0.5811242359232921 0
4 -11 -7 11 -7 11 7 -11 7 34.271746275342956 44.757078175470191 -0.24757700422746315 -0.96886821961387226 5 -9 -12 11 -9 14 6 1 15 -11 5 15.029673280869993 28.858015183102673 0.5248747656795939 -0.85117946424522684 1 0.37359477472258412 1.1143192995093241
4 -4.5 -3 4.5 -3 4.5 3 -4.5 3 41.70972000292403 8.2548679894992123 -0.38386890676645008 0.92338760139928799 4 -16 -0.5 16 -0.5 16 0.5 -16 0.5 3.5098589244233924 5.0447465640784088 0.82507233070738872 -0.56502712244730113 0
4 -27 -18 27 -18 27 18 -27 18 50.681283807725393 12.990998924297628 0.48160183038354865 0.87639013970446722 4 -4.5 -3 4.5 -3 4.5 3 -4.5 3 25.718137964603759 16.477642005874067 -0.90856350019538146 0.41774677271370642 0
4 -11 -7 11 -7 11 7 -11 7 55.35573623719489 42.593271235823366 -0.33238674724403083 -0.94314317590519248 4 -2.5 -1 2.5 -1 2.5 1 -2.5 1 42.17735508117871 52.955439365955179 -0.55870424919792994 -0.82936696457489634 0
4 -2 -2 2 -2 2 2 -2 2 24.8030113154215 21.027753571584956 -0.57349073330335221 -0.81921204752810084 4 -2.5 -1 2.5 -1 2.5 1 -2.5 1 19.426968039182601 16.409196087207377 0.035411514331067123 -0.99937281564628355 0
3 -10 -8 12 -6 0 14 31.545244734772343 44.350676198979713 -0.74863952493751418 -0.66297727087837111 5 -9 -12 11 -9 14 6 1 15 -11 5 52.371844726886728 24.8428423720128 0.73918289421386263 0.6735047504670012 0
4 -11 -7 11 -7 11 7 -11 7 2.5408783912390454 9.3083845150730085 0.6640895141037273 0.74765307279344162 3 -10 -8 12 -6 0 14 35.22018454728304 40.189619362876307 -0.61208233139665225 -0.7907940437256965 0
4 -11 -7 11 -7 11 7 -11 7 23.713864878648071 20.222698822391266 0.57996014053697431 -0.81464485230579653 4 -2.5 -1 2.5 -1 2.5 1 -2.5 1 37.742548300734775 49.835195816808287 -0.27087010934241984 -0.96261590671712127 0
4 -16 -0.5 16 -0.5 16 0.5 -16 0.5 10.390236886958018 24.444218285939591 -0.0036425657441268027 -0.99999336583539378 4 -2 -2 2 -2 2 2 -2 2 57.012772287060415 55.477084501995506 0.84703702898534683 -0.53153388558743531 0
4 -27 -18 27 -18 27 18 -27 18 27.718565473578774 45.065821614654872 0.34106661732146609 0.94003912820099811 4 -27 -18 27 -18 27 18 -27 18 57.982202246040863 48.893920042509698 0.68804979565446978 -0.72566347482827209 1 -21.674685035433516 7.8640465963272677
4 -27 -18 27 -18 27 18 -27 18 25.34585874275653 44.788278388314218 -0.82181335443536008 -0.56975679940804669 4 -85 -50 85 -50 85 50 -85 50 48.740083296053534 17.319385683633687 0.99857167868103658 -0.05342848057110193 1 2.916704166812579 54.512839312247394
4 -27 -18 27 -18 27 18 -27 18 59.198140903950687 48.385770172008812 0.99958313582729419 -0.028871345130997744 4 -2 -2 2 -2 2 2 -2 2 29.079615926977461 8.9124486726758771 -0.999854031019766 -0.017085568574819483 0
4 -2 -2 2 -2 2 2 -2 2 10.4396242221567 2.8075319970181023 0.9007111512412177 0.43441848720987958 4 -16 -0.5 16 -0.5 16 0.5 -16 0.5 6.1597394532276839 27.037587439288853 -0.83454395484955535 0.55094136477856093 0
4 -11 -7 11 -7 11 7 -11 7 27.972251657796093 33.032354144532306 -0.39351435624085179 -0.9193184711689133 4 -2 -2 2 -2 2 2 -2 2 42.76474459142149 8.6179298397371511 -0.2443477495180725 0.9696876699770155 0
4 -16 -0.5 16 -0.5 16 0.5 -16 0.5 41.246036011782593 30.720011901657173 -0.97823333011559266 -0.20750795611483894 3 -10 -8 12 -6 0 14 11.888181009758698 47.526026394017322 -0.73506921812241632 -0.677992068219754 0
4 -27 -18 27 -18 27 18 -27 18 34.426750237134883 17.627328577023846 0.2441592329473759 0.96973515403255806 4 -2.5 -1 2.5 -1 2.5 1 -2.5 1 14.819544289026496 11.790493531291467 0.28029417995405631 -0.95991414860073976 1 2.4623553094446149 -0.61997008265383624
4 -2.5 -1 2.5 -1 2.5 1 -2.5 1 28.819224029165042 36.812328825180984 -0.70566737956214798 0.70854325868071832 5 -9 -12 11 -9 14 6 1 15 -11 5 21.190325828588502 8.3486739960205814 -0.9100604546457931 0.41447553473020859 0
4 -2.5 -1 2.5 -1 2.5 1 -2.5 1 18.979582419430411 48.741380972972124 0.97424407198306384 -0.22549609354899852 3 -10 -8 12 -6 0 14 56.79354382866282 15.320726029814127 -0.61361485605733468 -0.78960547644107459 0
4 -4.5 -3 4.5 -3 4.5 3 -4.5 3 1.2400237605734721 57.500255920534848 0.17992608048393058 -0.98368013376386232 3 -10 -8 12 -6 0 14 21.410248633644873 13.772648521422486 0.99895779755662173 -0.045643386167367885 0
4 -4.5 -3 4.5 -3 4.5 3 -4.5 3 58.091555752870519 0.49932586035589699 0.99906722800817482 0.043181870270538034 4 -11 -7 11 -7 11 7 -11 7 2.5835177596481707 57.781915717412573 0.58013575907020998 -0.8145197978244797 0
4 -16 -0.5 16 -0.5 16 0.5 -16 0.5 25.821580862722108 26.513182352958037 0.67375231509155964 0.73895725039325777 5 -9 -12 11 -9 14 6 1 15 -11 5 24.82252655540908 46.190581622331266 -0.45470340280849553 0.89064292254212352 0
4 -2 -2 2 -2 2 2 -2 2 35.132371680232673 15.919279290595822 -0.84022023804738499 -0.54224528727836419 4 -85 -50 85 -50 85 50 -85 50 38.087618950742581 7.9219830707833916 0.98361243940586962 -0.18029578210827482 1 8.2023125593041737 44.748116516566562
3 -10 -8 12 -6 0 14 36.058134066105985 23.671533501213585 -0.6740490088722465 -0.73868662749392056 4 -27 -18 27 -18 27 18 -27 18 4.0291154796080786 55.680269196826615 0.68588739212562699 0.72770769222477405 0
3 -10 -8 12 -6 0 14 56.5197361966231 37.222732042454631 -0.75540921834812091 -0.65525331959073729 4 -16 -0.5 16 -0.5 16 0.5 -16 0.5 53.990995314123062 9.0358155865129692 -0.90112073224805267 0.43356824827555501 0
4 -11 -7 11 -7 11 7 -11 7 33.262603671244037 38.134546068933325 0.082624027504786521 -0.99658078953935703 4 -2 -2 2 -2 2 2 -2 2 39.673668375456863 26.514359495026245 -0.56173251348973274 0.82731891268633961 1 -0.13340092115677374 1.6090331026769835
4 -2.5 -1 2.5 -1 2.5 1 -2.5 1 47.292039029964755 15.723893060280741 -0.92025109022689267 0.39132841825788139 4 -85 -50 85 -50 85 50 -85 50 50.595792429267149 45.281553468692138 -0.69825542863513146 0.71584869657041972 1 -20.67564403076322 -20.167502929283852
3 -10 -8 12 -6 0 14 54.792000822074385 16.235182771054415 -0.42222590154181 -0.90649064422486225 4 -27 -18 27 -18 27 18 -27 18 22.652574965940786 29.315317453854966 0.18252903569365281 0.9832004633485204 0
4 -4.5 -3 4.5 -3 4.5 3 -4.5 3 9.2847634463416817 5.0628369310863235 0.68636428572626274 0.72725790974005722 4 -4.5 -3 4.5 -3 4.5 3 -4.5 3 30.38565147644842 44.774221805155911 -0.94802726412152594 0.31818910490815755 0
4 -2 -2 2 -2 2 2 -2 2 20.677548126328027 38.328309058455538 -0.54472897641561313 0.83861215245976395 4 -11 -7 11 -7 11 7 -11 7 21.616679740946793 45.965635113788814 -0.4375583457253866 -0.89919002112237822 1 -2.829524817571146 -5.8147227800218744
4 -2.5 -1 2.5 -1 2.5 1 -2.5 1 13.9239683991108 48.22864374418014 0.60596780235770387 -0.79548917183439705 3 -10 -8 12 -6 0 14 24.532313311547735 11.923589032834695 0.92601581631969176 0.37748471217491036 0
4 -4.5 -3 4.5 -3 4.5 3 -4.5 3 42.04630307124026 53.783135226038056 0.74329280662778408 -0.66896622008543272 4 -11 -7 11 -7 11 7 -11 7 34.438125957711804 16.016892046597764 0.73154470043359587 0.68179348139119111 0
4 -27 -18 27 -18 27 18 -27 18 53.561729209124572 58.211261672501486 -0.98826677301120669 -0.15273763570913385 5 -9 -12 11 -9 14 6 1 15 -11 5 41.519926414413852 48.959862200489766 0.53851047418555253 0.84261881606836397 1 -3.8441732948651546 24.873167110213796
4 -85 -50 85 -50 85 50 -85 50 54.73931673522452 51.088641003226172 -0.35211378678310506 -0.93595720049437192 4 -85 -50 85 -50 85 50 -85 50 57.397024698990499 56.805036041186654 0.81675948577846225 -0.57697828589202727 1 -80.007593961160154 -113.25722804465794
4 -11 -7 11 -7 11 7 -11 7 28.583727623194481 35.967093474914329 -0.90997589869170181 0.41466114334505666 4 -16 -0.5 16 -0.5 16 0.5 -16 0.5 9.0289308595794822 31.314174662130348 0.44499029888992142 0.8955353895262087 0
3 -10 -8 12 -6 0 14 32.653326508127542 47.481450966549396 -0.7561657194760687 0.65438016831902801 4 -2.5 -1 2.5 -1 2.5 1 -2.5 1 19.859800764216079 26.864837857180135 0.77319382583783702 0.63416977828200594 0
4 -85 -50 85 -50 85 50 -85 50 4.7916013176015309 39.180125025378182 -0.45979951627737242 -0.88802275017653365 4 -85 -50 85 -50 85 50 -85 50 32.483412868650717 42.590786472405064 0.041603926091063746 0.99913418184636704 1 -103.61221715825955 4.3144105197336886
4 -85 -50 85 -50 85 50 -85 50 26.344009763389678 59.495778079553375 -0.47254437650215148 -0.88130687744746039 4 -85 -50 85 -50 85 50 -85 50 50.330908988793652 6.0867768571176839 -0.92415330485254488 0.38202181761009318 1 -82.135179784876527 44.03973044298683
4 -2 -2 2 -2 2 2 -2 2 52.100256830639594 29.830325773138071 0.81715028004138124 0.57642468703924554 4 -2.5 -1 2.5 -1 2.5 1 -2.5 1 11.448808069703082 17.782673282107712 -0.92431173315702375 0.38163833658092949 0
4 -27 -18 27 -18 27 18 -27 18 42.725642474487792 22.610341559254408 -0.99957392321809679 -0.0291885597860242 4 -4.5 -3 4.5 -3 4.5 3 -4.5 3 51.548155898841522 22.475772917176837 -0.90672837866763012 -0.42171512578845305 1 -0.64628544911329722 22.132304115883951
5 -9 -12 11 -9 14 6 1 15 -11 5 6.7834122234157546 31.167971594553517 -0.83546311663836892 -0.54954652281395 4 -2 -2 2 -2 2 2 -2 2 28.386264817933426 16.238154937693004 -0.41491951327998822 -0.90985811943373773 0
4 -2.5 -1 2.5 -1 2.5 1 -2.5 1 1.8995731873979893 24.286072356657982 -0.70208386127392841 -0.71209427166541039 3 -10 -8 12 -6 0 14 9.6330606173435953 54.091305185753754 0.094161952296414594 -0.99555689276893045 0
3 -10 -8 12 -6 0 14 47.9933358549331 10.63015338521112 -0.99578463169708731 -0.09172222890824365 4 -16 -0.5 16 -0.5 16 0.5 -16 0.5 3.658114305331277 54.207262655225264 -0.65133579386028284 -0.75878961750698404 0
4 -27 -18 27 -18 27 18 -27 18 53.533415427361462 18.920086469236399 -0.82807880264176581 0.56061171644497354 4 -11 -7 11 -7 11 7 -11 7 5.895532952352287 47.601903539349173 -0.1725060926330077 0.98500845072745047 0
5 -9 -12 11 -9 14 6 1 15 -11 5 28.537625768970024 31.46531814761406 0.90090576581533421 -0.43401474758432607 4 -2.5 -1 2.5 -1 2.5 1 -2.5 1 42.366115565070395 49.249522020842434 0.10201609388438193 -0.99478274843735248 0
3 -10 -8 12 -6 0 14 20.391893159507113 0.265614225756301 0.9383658922466751 0.34564353352565619 4 -2 -2 2 -2 2 2 -2 2 9.6166168597859247 37.14528967946071 0.78508950258976407 -0.61938233178171687 0
4 -16 -0.5 16 -0.5 16 0.5 -16 0.5 59.633680321589026 55.571837777961761 -0.95195525033948925 0.30623716520220129 4 -2.5 -1 2.5 -1 2.5 1 -2.5 1 42.879386877213832 35.211027316839015 -0.97019281911384081 0.24233426035114847 0
4 -2.5 -1 2.5 -1 2.5 1 -2.5 1 1.7204558242719648 59.32515487132035 -0.14343168456899011 0.98966022040986457 4 -27 -18 27 -18 27 18 -27 18 50.184629405332565 2.8155418855777392 -0.31276955380842186 0.94982904051754524 0
4 -27 -18 27 -18 27 18 -27 18 15.611881707596547 28.765115293828341 -0.78285727251386272 -0.62220132663966221 4 -11 -7 11 -7 11 7 -11 7 16.877055128311824 13.459494149319793 -0.04325891464233677 -0.99906389500570336 1 -11.278255912156299 14.19036617904441
5 -9 -12 11 -9 14 6 1 15 -11 5 31.826464111854605 47.729583417128381 -0.67407425077496352 -0.73866359355404243 4 -2 -2 2 -2 2 2 -2 2 52.501865859709611 55.390064989335961 -0.40587161949043282 0.91393010044106404 0
4 -2 -2 2 -2 2 2 -2 2 29.555986840117999 12.21875473351631 -0.91265407825585954 -0.40873283871368521 4 -85 -50 85 -50 85 50 -85 50 15.44006535190017 3.7090589060058443 -0.26786829539751655 0.96345553935863004 1 35.066588332527729 9.7495181233725567
3 -10 -8 12 -6 0 14 53.471069891688863 57.02365464262067 -0.95954496693228553 -0.28155542338040507 4 -16 -0.5 16 -0.5 16 0.5 -16 0.5 48.210718548017717 56.437843694036879 0.97937106323418777 -0.20207008808712038 1 2.2678946508883597 10.991782190870584
4 -2.5 -1 2.5 -1 2.5 1 -2.5 1 12.387922623669759 11.969435201499365 -0.94864685385057512 0.3163370776235464 4 -16 -0.5 16 -0.5 16 0.5 -16 0.5 36.889937574527181 37.646659620519586 0.73279728938842748 -0.68044700944671166 0
4 -27 -18 27 -18 27 18 -27 18 14.150146587371788 23.480700404338979 0.93702304430443162 -0.34926753992098247 4 -4.5 -3 4.5 -3 4.5 3 -4.5 3 42.318960275500928 46.56475643319105 0.31369902099697561 -0.94952247168012782 0
4 -16 -0.5 16 -0.5 16 0.5 -16 0.5 8.8148764269004225 2.5771284727076949 0.52069125932282734 0.85374505120955646 4 -4.5 -3 4.5 -3 4.5 3 -4.5 3 5.6545930536251454 58.52936616534312 0.78809783769569275 0.61554999652292552 0
3 -10 -8 12 -6 0 14 55.260491374608257 57.372943543090088 0.097002558933446309 -0.99528413207503885 5 -9 -12 11 -9 14 6 1 15 -11 5 51.140812684015195 0.30672825468165854 0.98429260189996237 0.17654482106536631 0
3 -10 -8 12 -6 0 14 0.26812467294763609 47.896436997709479 -0.64181536252338356 0.76685920508850758 4 -2.5 -1 2.5 -1 2.5 1 -2.5 1 23.609295518713012 42.606059926123777 -0.69471560824958478 0.71928452204562932 0
4 -2.5 -1 2.5 -1 2.5 1 -2.5 1 51.718246332592081 57.632750360166703 -0.55864745838485608 0.82940521896123887 3 -10 -8 12 -6 0 14 20.169606790184137 19.080472568770279 0.79977211651750824 -0.60030372449378089 0
5 -9 -12 11 -9 14 6 1 15 -11 5 59.360309269121977 1.7690462982383015 0.27052807676048496 -0.96271208556051335 3 -10 -8 12 -6 0 14 20.249599940006554 57.290380002076851 0.41518923424013676 0.90973507119990094 0
4 -2 -2 2 -2 2 2 -2 2 10.988763723620474 20.714333239265166 0.65923398102711162 -0.75193786861624801 4 -2 -2 2 -2 2 2 -2 2 33.550456139486414 40.69947331140915 -0.37100387267040613 0.92863131891163408 0
4 -85 -50 85 -50 85 50 -85 50 17.196686006885422 43.375147427496813 -0.86082236087661246 0.50890555412061989 4 -16 -0.5 16 -0.5 16 0.5 -16 0.5 19.162595843331303 35.024025523002905 -0.42251054905022534 0.9063580064970338 1 27.107990684941232 45.853625198402675
3 -10 -8 12 -6 0 14 17.79591264209359 28.695951486328923 -0.4011335567617284 -0.91601957928839339 4 -11 -7 11 -7 11 7 -11 7 1.6873896729799776 2.1003608781516503 -0.99883837329595215 -0.048186139412659111 0
4 -11 -7 11 -7 11 7 -11 7 5.9535336785233106 4.3781046479180485 -0.95498148485886947 0.29666540677461689 3 -10 -8 12 -6 0 14 16.655616309960298 23.91482959231648 0.99234170980855363 -0.12352299775441165 0
4 -4.5 -3 4.5 -3 4.5 3 -4.5 3 37.858359497565331 37.913141919641916 -0.8583561145398293 0.51305436420723238 4 -2.5 -1 2.5 -1 2.5 1 -2.5 1 8.2409971508112605 47.712731508281976 0.9211811426567037 -0.38913404170502691 0
4 -11 -7 11 -7 11 7 -11 7 57.030224241855606 38.521617511352787 0.84898780482978153 0.52841244047647939 3 -10 -8 12 -6 0 14 47.383430248430827 18.761163279924553 0.23190421171447168 -0.97273862706746128 0
4 -11 -7 11 -7 11 7 -11 7 29.476916138543018 46.032895413219222 0.97602577202858354 -0.21765498463395544 4 -85 -50 85 -50 85 50 -85 50 11.229966659662898 4.1249431064863584 0.86821710643622185 -0.49618449803627912 1 7.1932999939961961 12.586741688287153
4 -27 -18 27 -18 27 18 -27 18 7.4291678773563845 3.0421933177944238 0.54605115913780455 0.83775183175225587 4 -16 -0.5 16 -0.5 16 0.5 -16 0.5 16.828127105535476 18.707485429226928 0.45960978184206969 -0.88812096497891835 1 -9.3199638586329687 -14.298690999507919
3 -10 -8 12 -6 0 14 57.607449476331134 56.511126406039168 -0.99956199527508915 -0.029594215679463368 3 -10 -8 12 -6 0 14 49.197838617845477 44.246268994693175 -0.99858061090276085 0.053261276074357274 1 5.2985081119087036 3.39631190898865
4 -11 -7 11 -7 11 7 -11 7 57.954623984915173 17.802641251677834 -0.99500184993435448 -0.099856490160691494 4 -27 -18 27 -18 27 18 -27 18 23.496136443298077 5.6277178716667908 -0.84863620603958889 0.52897692747295921 1 0.90085165148969915 1.4452337862388083
4 -85 -50 85 -50 85 50 -85 50 43.276909170587942 26.460036880963887 -0.80388628200326595 -0.59478302397341976 4 -2.5 -1 2.5 -1 2.5 1 -2.5 1 26.346395821617779 21.137860438691654 0.80253854181358508 -0.59660027564838136 1 27.890019792719261 -37.695097897024937
3 -10 -8 12 -6 0 14 15.883047758638826 16.506960988059618 0.23403024043056758 -0.97222931788956601 4 -27 -18 27 -18 27 18 -27 18 55.908346187963829 21.436241602324351 -0.99959201181468149 0.02856238638975615 1 -0.6436355014616052 0.0183912693075013
4 -2.5 -1 2.5 -1 2.5 1 -2.5 1 1.1927387768043474 23.701384155047535 0.97684992729665254 0.21392573370336851 4 -85 -50 85 -50 85 50 -85 50 30.004809694753206 57.269635954739876 0.98110184629648722 -0.19349203392807637 1 -2.5938488213335922 -13.152116993975591
5 -9 -12 11 -9 14 6 1 15 -11 5 24.906122250613755 0.45678359589726547 0.046697854604410192 0.99890906011275393 4 -11 -7 11 -7 11 7 -11 7 19.101188649829279 7.3726535160140116 -0.40468776029846437 0.9144549287223579 1 13.591223783185018 -10.380648366915237
3 -10 -8 12 -6 0 14 1.125397294472017 22.117398781996187 0.41263913911930356 0.91089458274098878 4 -4.5 -3 4.5 -3 4.5 3 -4.5 3 27.899497073839669 2.7205408569066281 0.83443543921182439 0.55110570473128817 0
4 -2.5 -1 2.5 -1 2.5 1 -2.5 1 7.0968994307965394 59.328872144150388 -0.51122460897567812 -0.85944714740213379 4 -16 -0.5 16 -0.5 16 0.5 -16 0.5 50.187791255066507 36.009269500083995 -0.99985054455564371 0.017288393557031191 0
4 -11 -7 11 -7 11 7 -11 7 0.043771506527345849 27.731491491104357 0.3143825823745805 0.94929636673669515 4 -2.5 -1 2.5 -1 2.5 1 -2.5 1 50.321732009658476 12.397407664763607 -0.53207134398394917 0.84669952457239162 0
4 -27 -18 27 -18 27 18 -27 18 26.609948283265833 4.4557482543658296 0.5584605266292505 -0.82953109658226809 5 -9 -12 11 -9 14 6 1 15 -11 5 21.558726839938927 35.504893458522787 -0.069590244542500443 0.99757566022057442 1 2.0063642212697057 -10.618088654379495
4 -2 -2 2 -2 2 2 -2 2 56.319074103778107 0.78775386071968212 -0.97894927218851457 -0.20410370521276075 4 -85 -50 85 -50 85 50 -85 50 58.583122143993563 26.835619994428146 0.99994106925156112 -0.010856243551272973 1 -0.28564817944336357 -26.310329593597451
3 -10 -8 12 -6 0 14 46.901897899669549 6.3846067846756549 0.75200158819995511 -0.65916129387635092 4 -2 -2 2 -2 2 2 -2 2 40.624723838926108 23.913207725393956 -0.97342685272541984 0.22899817115663559 0
4 -4.5 -3 4.5 -3 4.5 3 -4.5 3 12.096302956975713 37.160893552411821 0.99816343942610175 0.060578446604836085 4 -85 -50 85 -50 85 50 -85 50 51.122911880449543 51.8192517772153 -0.44892703646178506 0.89356841704126888 1 -12.388868640368617 -6.2241435325686592
5 -9 -12 11 -9 14 6 1 15 -11 5 12.599923605351083 47.68387919111612 0.078546830059628675 -0.99691042500697313 4 -85 -50 85 -50 85 50 -85 50 50.768686327164382 9.5888289486603178 0.99937686235594647 -0.035297124352891965 1 0.93548160483484777 26.48653929098214
4 -16 -0.5 16 -0.5 16 0.5 -16 0.5 11.011939988601302 9.4988529180698844 -0.85944342462040813 0.51123086749211932 4 -27 -18 27 -18 27 18 -27 18 41.157315759872048 18.783469916812091 0.81275479893921099 0.58260590179063809 1 -3.2175092732121842 -2.3064027355927417
4 -85 -50 85 -50 85 50 -85 50 42.637690926843263 43.112403900833669 -0.78256471342971701 0.62256924859381291 4 -11 -7 11 -7 11 7 -11 7 7.7012935491014911 18.488298525874956 0.98995899394794273 -0.14135483826730871 1 12.813330755521346 16.106257309404779
4 -85 -50 85 -50 85 50 -85 50 38.87006160155353 43.133900786067123 0.23738079648891011 -0.97141667550968602 4 -27 -18 27 -18 27 18 -27 18 14.578013400770013 52.020631561227162 0.49346053139809853 -0.86976818977949877 1 51.676134695105922 12.627868475653042
3 -10 -8 12 -6 0 14 11.278903649961515 23.152158415772469 -0.29231171149585716 0.95632309567549545 4 -85 -50 85 -50 85 50 -85 50 21.809551628926819 39.428935897030186 -0.62976669722776502 0.77678433754989706 1 -32.340190462142694 -26.21934293796469
4 -85 -50 85 -50 85 50 -85 50 35.678329763359692 59.503690121036882 0.67875049321417014 -0.73436895901278454 3 -10 -8 12 -6 0 14 50.621622174879519 10.215978012188728 -0.014836165925603662 -0.9998899380334958 1 27.655515646973306 25.560986279580138
4 -85 -50 85 -50 85 50 -85 50 11.154039761806931 3.8154505804331507 -0.52410518082710877 0.8516535442480021 4 -11 -7 11 -7 11 7 -11 7 3.2273495775182703 29.602794275224177 0.35026367338054704 0.93665114055872767 1 -47.876284238575103 -29.462929823587505
3 -10 -8 12 -6 0 14 11.176805702347787 2.3281700813670736 -0.11933774483481541 -0.99285371664598232 4 -2 -2 2 -2 2 2 -2 2 39.685876281377432 12.079990046018889 0.35451425853239088 -0.93505060852192867 0
4 -85 -50 85 -50 85 50 -85 50 52.973506401694337 26.562763304764708 -0.40549550659987493 -0.91409703758808381 4 -27 -18 27 -18 27 18 -27 18 58.998829923403058 41.349904580294485 0.39153375526296352 0.92016374547668511 1 62.085955917806231 -27.541470010728901
4 -27 -18 27 -18 27 18 -27 18 37.204621548851641 0.73462095591883658 -0.96309174906607042 -0.26917333241028418 3 -10 -8 12 -6 0 14 16.822385792712382 33.240752185881718 -0.14498310263476136 -0.98943413118327295 0
4 -27 -18 27 -18 27 18 -27 18 12.074480023508452 7.0112189657854307 0.68168672317092782 -0.7316441836387978 4 -85 -50 85 -50 85 50 -85 50 40.118426456865528 36.811551137051723 -0.84293437932497917 0.53801638650882377 1 -18.276370393174023 -28.634408393490272
4 -2.5 -1 2.5 -1 2.5 1 -2.5 1 32.223597208901481 2.1493887078014096 0.98705488961020371 -0.16038280735973082 4 -85 -50 85 -50 85 50 -85 50 15.94139630144192 30.674117232940421 -0.9791277136115818 0.20324596044634274 1 -5.3835664932269802 -25.935074625903127
3 -10 -8 12 -6 0 14 44.193188619829833 58.384344809283732 -0.98563548563287773 -0.1688866171762623 3 -10 -8 12 -6 0 14 42.713502470598861 2.007337947180885 -0.64042560499522427 0.76802021097527173 0
5 -9 -12 11 -9 14 6 1 15 -11 5 33.849404227789826 24.78237651822592 -0.30487224910480459 0.95239325476705161 3 -10 -8 12 -6 0 14 47.087506379384855 45.33563484429434 -0.68333207358411729 0.73010771617017611 1 0.2212640587267044 -1.9600909047634043
4 -4.5 -3 4.5 -3 4.5 3 -4.5 3 50.770776497784226 26.940530637627354 -0.97361100345490248 -0.22821396528595231 4 -2.5 -1 2.5 -1 2.5 1 -2.5 1 51.059205539228273 49.888225942774426 0.66932195135151173 -0.74297249305677837 0
4 -16 -0.5 16 -0.5 16 0.5 -16 0.5 17.7978816599075 24.139332154670274 0.99963513812423366 0.027010935328941447 4 -2 -2 2 -2 2 2 -2 2 19.041538944467035 44.600258324154268 -0.99772049652988681 -0.067481929463791987 0
3 -10 -8 12 -6 0 14 47.094177076517198 40.921121224715769 -0.79716361823228377 -0.60376333589148468 4 -2.5 -1 2.5 -1 2.5 1 -2.5 1 36.077484743406124 58.529915730877832 -0.35228683453059473 -0.93589208043257499 0
4 -11 -7 11 -7 11 7 -11 7 30.090269631283945 36.470157256518753 -0.65837563160635459 0.75268952942560163 4 -16 -0.5 16 -0.5 16 0.5 -16 0.5 52.568681403446739 23.945611522681808 -0.99165737412246702 0.1289017158479028 0
4 -16 -0.5 16 -0.5 16 0.5 -16 0.5 27.951153785851041 42.961466602301662 0.86689280645774969 -0.49849459587021261 3 -10 -8 12 -6 0 14 53.186634125416454 14.45505079540032 -0.49139897215289302 -0.87093458432139448 0
4 -85 -50 85 -50 85 50 -85 50 20.838961277262619 50.252356228483848 -0.42751404218038441 0.90400870777807696 4 -85 -50 85 -50 85 50 -85 50 30.908425658388914 47.826925192872316 -0.89933257998985328 -0.43726526339145 1 -115.23377918475128 -54.495115269496488
4 -27 -18 27 -18 27 18 -27 18 46.411206868850961 52.620013156344854 0.83920179676366391 0.54382013966810572 4 -27 -18 27 -18 27 18 -27 18 17.567482903811282 1.5807499414741 0.85960103052953118 -0.51096581912351835 0
5 -9 -12 11 -9 14 6 1 15 -11 5 51.097993347710862 39.700636029103876 0.37035337743950791 0.92889093860320837 3 -10 -8 12 -6 0 14 28.066061244780013 43.980211043086335 0.27427780599759483 -0.96165050051312595 1 1.3123758868324673 -1.2288415052257238
3 -10 -8 12 -6 0 14 2.923976088189133 43.567332209620623 0.5314387932643827 0.84709669401650756 5 -9 -12 11 -9 14 6 1 15 -11 5 29.326099311313815 44.657239410139958 0.88507764780597853 0.46544339865792078 0
4 -2 -2 2 -2 2 2 -2 2 6.8929538723995272 34.242853887837946 -0.98450291221392672 -0.17536822928426127 4 -2.5 -1 2.5 -1 2.5 1 -2.5 1 42.417920919710845 59.771781586880678 -0.9852009496387828 -0.1714032929404814 0
4 -4.5 -3 4.5 -3 4.5 3 -4.5 3 56.143389870029289 36.517123258513301 0.30217959369290714 0.95325101266958512 4 -16 -0.5 16 -0.5 16 0.5 -16 0.5 37.531034597050095 54.234624014312693 -0.35248445129864592 0.93581767005795125 0
4 -85 -50 85 -50 85 50 -85 50 56.578965586155107 20.477997771410617 0.70860242540196239 -0.70560796673114201 4 -11 -7 11 -7 11 7 -11 7 30.540574233986241 34.228182963071781 0.9478541022837117 -0.31870456661921098 1 37.057830395744034 37.215096394403893
4 -11 -7 11 -7 11 7 -11 7 52.384139754848434 40.180134390837075 0.97752636054232744 -0.21081322170317424 4 -85 -50 85 -50 85 50 -85 50 24.118838447729534 13.620264592693001 0.67018123864633483 0.74219748542181441 1 38.801660179635554 42.971203839853644
5 -9 -12 11 -9 14 6 1 15 -11 5 23.14600828975 13.078109378928886 -0.25875242793915304 -0.96594367384211044 4 -85 -50 85 -50 85 50 -85 50 12.39070148673121 41.892904194186713 0.99174698417235618 0.12821044959376879 1 4.2223260452128235 -32.660981494099111
3 -10 -8 12 -6 0 14 58.9811098229493 41.36223558239427 -0.55259397149399148 0.83345060001688032 5 -9 -12 11 -9 14 6 1 15 -11 5 13.314916688874327 32.265934298669528 -0.68431789153114764 0.72918380627271506 0
4 -27 -18 27 -18 27 18 -27 18 51.939572301316481 27.778449619015483 0.067880626001729061 -0.99769345022086486 4 -11 -7 11 -7 11 7 -11 7 8.8137656378967968 12.207168381081653 -0.85718040424446995 -0.51501626632494535 0
3 -10 -8 12 -6 0 14 22.416554478923857 17.908966826600917 0.99806142980901735 0.062236503176028773 3 -10 -8 12 -6 0 14 21.825910827134322 11.637858941687407 -0.63789537680927211 -0.77012303448563124 1 -2.0681210360430011 13.417135856883741
5 -9 -12 11 -9 14 6 1 15 -11 5 30.012391469336773 0.087506241166590559 0.94672183735745008 -0.32205242223981784 4 -16 -0.5 16 -0.5 16 0.5 -16 0.5 47.620803071394832 56.941292453570071 0.27901799973900016 0.96028587192650461 0
4 -16 -0.5 16 -0.5 16 0.5 -16 0.5 6.3904021654674636 57.555937305020151 -0.59405898452178729 -0.80442148337108876 4 -85 -50 85 -50 85 50 -85 50 33.995896557685967 56.388373574743504 -0.052228634886080844 -0.99863515344591014 1 -31.564987186169468 1.6508493469728029
3 -10 -8 12 -6 0 14 23.452148825518623 15.861506922993113 -0.051339822357755284 -0.99868124175848727 4 -2 -2 2 -2 2 2 -2 2 8.5900586015924656 44.044630134328933 -0.67850580058829457 0.73459504393103381 0
4 -16 -0.5 16 -0.5 16 0.5 -16 0.5 47.649667855396856 2.2626557275363735 0.14975916709124648 0.98872250498920888 4 -11 -7 11 -7 11 7 -11 7 11.831583473587262 26.744883371060826 0.99657196248625524 -0.082730427209665849 0
3 -10 -8 12 -6 0 14 25.453974725662079 11.738558274465543 -0.3402345474183992 0.94034060464440072 3 -10 -8 12 -6 0 14 14.243673708324058 22.56049289462225 -0.95046988714257596 0.31081665598094804 0
3 -10 -8 12 -6 0 14 43.230363288510141 51.507077912335525 0.99999289065360875 0.0037707614933470872 4 -2.5 -1 2.5 -1 2.5 1 -2.5 1 7.2919547741865625 45.282214802436002 -0.82417359655909694 0.56633725176333127 0
4 -27 -18 27 -18 27 18 -27 18 50.360763481714017 34.883594794205507 -0.74705623904553864 -0.66476084098202948 4 -4.5 -3 4.5 -3 4.5 3 -4.5 3 46.060845098828835 18.842190224841783 -0.47194090752734619 0.88163018312797392 1 -9.2738821865187706 10.421960982806171
4 -2 -2 2 -2 2 2 -2 2 24.521296412204357 6.7977744515330745 0.96487224731416998 0.26271952033090962 4 -11 -7 11 -7 11 7 -11 7 5.6435582647301485 25.97543724767154 0.92120567344979032 0.3890759658523234 0
4 -85 -50 85 -50 85 50 -85 50 55.030318878634972 7.3726479747351892 0.92848329969917398 -0.37137415389298939 4 -2.5 -1 2.5 -1 2.5 1 -2.5 1 11.616601552604529 29.012502844656435 0.99867343855190427 0.051491388900630257 1 36.529892900215614 -14.611203100814548
4 -85 -50 85 -50 85 50 -85 50 49.334273241647942 17.91905700778613 -0.86350687260929393 0.50433707077362122 4 -2.5 -1 2.5 -1 2.5 1 -2.5 1 24.722565827477109 59.531202463025892 0.56013863857366364 0.82839888071921164 1 -14.646292067433334 -25.076827763368065
4 -27 -18 27 -18 27 18 -27 18 19.269310037914906 38.396622212130843 0.79493500591408395 -0.60669459893127065 4 -27 -18 27 -18 27 18 -27 18 16.268173693478328 4.6369874522147452 0.79873114485932983 -0.60168809048518179 1 4.451688337205951 5.9095437957999684
4 -16 -0.5 16 -0.5 16 0.5 -16 0.5 41.141966684854921 48.180051431671828 -0.97720464270088669 0.21229952021573772 4 -11 -7 11 -7 11 7 -11 7 10.9423178284662 51.629350479513839 0.95583343440681945 -0.29390890709548839 0
3 -10 -8 12 -6 0 14 26.73975978651233 8.6300871637111385 0.38343509306298523 -0.92356782610037902 4 -16 -0.5 16 -0.5 16 0.5 -16 0.5 39.510998178149919 51.743636405655344 -0.85701206025109733 0.51529635025310383 0
4 -11 -7 11 -7 11 7 -11 7 41.030422545333401 26.470047080198182 0.93603249147933854 0.35191359009703238 4 -4.5 -3 4.5 -3 4.5 3 -4.5 3 54.559244775385046 56.314752615258314 -0.68993001541392107 0.72387607629410344 0
3 -10 -8 12 -6 0 14 9.6347755740665146 0.28748054405032031 0.79613435161365953 -0.60511990066489951 3 -10 -8 12 -6 0 14 37.196923198227431 13.518826252562238 0.45624308849447637 0.8898551815891288 0
5 -9 -12 11 -9 14 6 1 15 -11 5 40.227453719113235 8.1827059116077923 0.17919471206117238 0.98381362826976204 3 -10 -8 12 -6 0 14 22.735506484634321 28.095463866152318 -0.31258192419662806 -0.94989080460099906 0
4 -4.5 -3 4.5 -3 4.5 3 -4.5 3 54.68244653348254 41.444952793781475 0.86873006540728948 0.49528585024957716 4 -2.5 -1 2.5 -1 2.5 1 -2.5 1 15.644854127167529 29.425201955899972 0.95278061790395441 -0.30365950363286631 0
5 -9 -12 11 -9 14 6 1 15 -11 5 11.821633608926449 44.892542734363936 -0.6995009895588622 -0.71463162930713653 3 -10 -8 12 -6 0 14 39.695402960205236 30.590652075945123 -0.59751694129162858 -0.8018562869177347 0
3 -10 -8 12 -6 0 14 2.0654660192040719 31.850757985740298 -0.86902596182453307 0.49476648802737755 5 -9 -12 11 -9 14 6 1 15 -11 5 1.1311642306889569 13.891912784670257 0.69224278573785736 0.72166469055503257 1 -1.2021620623165521 5.9104318659137975
4 -2 -2 2 -2 2 2 -2 2 28.827949318966674 1.5072736404871367 -0.93371552645716416 -0.35801580363556679 3 -10 -8 12 -6 0 14 58.314551646853253 15.12781596509681 -0.22776214447050463 -0.97371679945772582 0
3 -10 -8 12 -6 0 14 26.503542791147506 52.717859291503132 0.66606324012193774 -0.74589527425655799 4 -11 -7 11 -7 11 7 -11 7 39.522798246051138 33.835093661855119 -0.70717581762207604 -0.70703773801017744 0
4 -85 -50 85 -50 85 50 -85 50 1.2646031202573171 2.0145096994014167 -0.95155124010452374 0.30749022334952858 4 -2 -2 2 -2 2 2 -2 2 39.170852451139886 41.404812465308389 0.83252018120650084 -0.55399471828158697 1 -1.0238501082430598 -3.1683798904799492
4 -16 -0.5 16 -0.5 16 0.5 -16 0.5 48.916705048511702 6.2587144360510027 -0.76557721545275137 -0.64334401930818597 4 -27 -18 27 -18 27 18 -27 18 36.50008309015756 11.247491995856077 -0.96745500678082441 -0.2530430988087109 1 10.633939313482541 -12.654351955683003
4 -4.5 -3 4.5 -3 4.5 3 -4.5 3 23.424658579453755 29.567822087718842 -0.14704938598728193 -0.98912915136536306 5 -9 -12 11 -9 14 6 1 15 -11 5 39.49774507300846 14.128045011425044 0.99983600535308481 0.018109732178752499 0
3 -10 -8 12 -6 0 14 30.007822718865366 5.4587453758381432 -0.99773834151972174 0.067217571076878022 4 -2 -2 2 -2 2 2 -2 2 9.7406708531123147 48.046021690233317 0.195498550314577 -0.98070399041958567 0
3 -10 -8 12 -6 0 14 2.7499913007920829 41.334690128967786 0.76331541290357918 -0.64602599051728449 3 -10 -8 12 -6 0 14 59.595220320930459 36.574824846090976 -0.34168432514691943 -0.93981478066100566 0
3 -10 -8 12 -6 0 14 37.722737959532637 5.1793892840534017 -0.2572186137528894 0.96635324014515622 4 -2 -2 2 -2 2 2 -2 2 55.34863212638178 32.016891957959658 -0.92354259555638263 -0.3834958594209068 0
4 -16 -0.5 16 -0.5 16 0.5 -16 0.5 2.5163453800348812 0.32402417336433453 -0.27498431962456626 0.96144871104007124 4 -11 -7 11 -7 11 7 -11 7 32.135127929658601 2.0743501114709328 0.54737765550250639 -0.83688571636549003 0
3 -10 -8 12 -6 0 14 35.556402164988782 54.173733380211019 0.44020355992131338 0.89789800413666288 3 -10 -8 12 -6 0 14 19.02651862540425 50.09608902519372 -0.64037618890680259 -0.76806141465458277 0
4 -16 -0.5 16 -0.5 16 0.5 -16 0.5 56.624347957293352 5.851187113122112 -0.15831406778660637 0.98738880687440334 4 -85 -50 85 -50 85 50 -85 50 39.341213318307354 10.102261574079563 -0.28126432540236895 0.95963033468932724 1 35.62051045225563 10.440248167108235
3 -10 -8 12 -6 0 14 11.224906212195688 40.301198391703601 0.21229123976329739 -0.97720644160779158 4 -85 -50 85 -50 85 50 -85 50 51.537102889039382 14.337447342996633 0.884719352002037 0.46612409098124902 1 -8.4810734477136833 16.097365379994432
4 -2 -2 2 -2 2 2 -2 2 39.721696802485766 7.2164736580196243 0.30357161346300465 -0.95280862480325401 4 -85 -50 85 -50 85 50 -85 50 55.240809285792544 40.659704359945046 -0.66325560498819502 0.7483929465539767 1 -14.101644042186285 -12.497438001780887
4 -11 -7 11 -7 11 7 -11 7 24.122261384993131 57.184909348625027 -0.52590069140296103 -0.85054597922857034 4 -11 -7 11 -7 11 7 -11 7 48.60855464923516 29.623652717381798 0.99969932375672244 -0.024520646001929044 0
4 -27 -18 27 -18 27 18 -27 18 5.8857898413673082 36.056634521014814 -0.43845257952506878 -0.89875432433330371 4 -2 -2 2 -2 2 2 -2 2 35.866692391236114 51.55457454069515 -0.54273918092208862 0.83990129270767311 1 -0.53524160062714132 0.26111480535927439
4 -16 -0.5 16 -0.5 16 0.5 -16 0.5 55.027586779109662 47.000069803703546 -0.89232435521723619 0.45139477742453304 3 -10 -8 12 -6 0 14 44.386355705098318 37.555669551855679 -0.64967622240562295 -0.76021102730804924 0
4 -27 -18 27 -18 27 18 -27 18 28.145754972579702 48.539193944720907 0.34976901504729263 -0.93683597076160929 4 -27 -18 27 -18 27 18 -27 18 58.715680754403493 56.876953664190083 0.9638898491475697 0.26630125555519868 1 -13.976298090677567 -5.2180703663732277
3 -10 -8 12 -6 0 14 19.112163354488263 44.819829172694405 0.89456568582495211 -0.44693649855939616 4 -27 -18 27 -18 27 18 -27 18 52.987221697956116 37.378341828345235 -0.80314483828505778 -0.59578382718572376 1 -3.132271340052057 4.2224502312427168
4 -4.5 -3 4.5 -3 4.5 3 -4.5 3 49.802839991502523 34.839081284648749 -0.57305794618236428 0.81951485057761486 5 -9 -12 11 -9 14 6 1 15 -11 5 25.95673424201145 51.658529381177132 -0.35519946886403969 0.9347905312521646 0
4 -16 -0.5 16 -0.5 16 0.5 -16 0.5 44.051389184143524 28.738778444555415 0.4420398921355429 -0.89699539227400582 5 -9 -12 11 -9 14 6 1 15 -11 5 32.652569854925332 55.065939956038768 -0.1889874756954717 0.98197949776472093 0
5 -9 -12 11 -9 14 6 1 15 -11 5 32.60538122188931 0.85762442912525882 -0.92458419160830352 -0.38097778495342738 4 -2 -2 2 -2 2 2 -2 2 35.084807509335704 37.798855836869237 -0.26876143401698721 -0.9632067750930392 0
4 -2.5 -1 2.5 -1 2.5 1 -2.5 1 36.776899383315744 19.30245200076984 -0.75361337154044461 0.657317949120092 3 -10 -8 12 -6 0 14 40.895831863518751 43.725423703353066 -0.56842464994661934 0.82273532641613445 0
4 -4.5 -3 4.5 -3 4.5 3 -4.5 3 22.172256369640586 1.100564341876642 0.32697682188472438 0.94503235814979647 5 -9 -12 11 -9 14 6 1 15 -11 5 51.657697885678402 1.5677811805815889 0.34780846287826828 0.93756561005097461 0
4 -2 -2 2 -2 2 2 -2 2 6.5425154480841545 19.015437110258887 -0.37221637663930757 0.92814598472519672 3 -10 -8 12 -6 0 14 16.217334766262397 48.336249258279729 -0.69740221701603977 -0.71667994788546474 0
4 -85 -50 85 -50 85 50 -85 50 29.888272597692897 40.78839102433151 0.81765766738025103 -0.57570473245778242 4 -2 -2 2 -2 2 2 -2 2 24.390860260196817 28.311673450636729 0.14482346492594991 -0.98945750995524928 1 22.717801902482211 32.265471976040082
4 -85 -50 85 -50 85 50 -85 50 46.759800870963197 50.9024757138301 -0.53925930173493575 -0.84213977788271566 4 -2 -2 2 -2 2 2 -2 2 34.67396667287629 2.3687705609920462 -0.2412190805917406 0.97047068742877307 1 -31.018572759959746 19.862562399563743
4 -2.5 -1 2.5 -1 2.5 1 -2.5 1 55.173779783434171 34.270595678573791 -0.36675314495060768 -0.93031829535317567 3 -10 -8 12 -6 0 14 13.562271675123343 21.11446411334207 -0.23053325176294728 0.97306444793322999 0
4 -2.5 -1 2.5 -1 2.5 1 -2.5 1 40.710001357549871 16.461999345462669 -0.68610313378625354 -0.72750428851566384 4 -2.5 -1 2.5 -1 2.5 1 -2.5 1 30.72496195656862 23.793376725245057 0.24055379985641692 -0.97063580676515271 0
3 -10 -8 12 -6 0 14 7.0182108314154457 48.704386385225021 -0.9888160953852394 0.14913996616296124 4 -85 -50 85 -50 85 50 -85 50 39.327529805469126 51.585469134574787 -0.80299324228126345 -0.59598813146792118 1 -25.585351642250949 34.471935572802863
4 -4.5 -3 4.5 -3 4.5 3 -4.5 3 24.204343714928232 15.884767843387129 0.96289898015447495 -0.269862101854766 4 -27 -18 27 -18 27 18 -27 18 17.37447070406597 26.468830204301447 0.71074768305624125 0.7034470349857086 1 7.7855880102650623 -7.866389883410009
4 -2.5 -1 2.5 -1 2.5 1 -2.5 1 3.98986361807111 52.936411011081717 0.17578593498355746 0.98442841540761938 5 -9 -12 11 -9 14 6 1 15 -11 5 34.225564591336017 1.9098851205637857 0.30350329668207876 -0.95283038831846145 0
4 -85 -50 85 -50 85 50 -85 50 56.698253960500907 53.912708401976708 -0.87488218491114667 0.48433579521350495 4 -85 -50 85 -50 85 50 -85 50 0.56944577156334608 39.238176046421586 0.98862991427965408 0.15036918763963544 1 49.142769816429713 88.769267633070356
4 -27 -18 27 -18 27 18 -27 18 24.692268387917608 14.837088045026947 -0.41245958690895479 0.91097589933372791 4 -85 -50 85 -50 85 50 -85 50 50.995177107987125 45.746750304451659 0.50733508116352566 0.86174887027532499 1 -38.193275439677286 -64.874307305485928
4 -2 -2 2 -2 2 2 -2 2 8.7826025110280153 50.202456570804657 0.95936358116451825 0.28217285329242942 4 -85 -50 85 -50 85 50 -85 50 6.3453666517234231 52.391730687512208 -0.76935641634491414 -0.63881977476351748 1 31.549361273402138 -37.996168068311775
4 -27 -18 27 -18 27 18 -27 18 6.7374404191550097 23.242340129846472 -0.38496103171987245 0.92293282748917937 4 -2 -2 2 -2 2 2 -2 2 35.866889011149873 10.248843776892301 -0.73134021181413489 0.68201282582049461 0
3 -10 -8 12 -6 0 14 29.136451026941192 19.056690151801387 -0.61923632293931297 0.78520467163192487 4 -11 -7 11 -7 11 7 -11 7 55.42448978364353 53.469162145435632 -0.87355835852288022 0.48671942046194433 0
3 -10 -8 12 -6 0 14 32.238572466051515 13.883757753402715 -0.5578500031218363 -0.82994178953524644 4 -85 -50 85 -50 85 50 -85 50 26.704917917088697 30.308690297169324 -0.99744512258829854 0.071436877205083252 1 -3.3336842549243766 -46.546926887323615
4 -85 -50 85 -50 85 50 -85 50 3.0593198286933188 29.396711445260525 0.66644911572152332 0.74555051884764967 4 -2.5 -1 2.5 -1 2.5 1 -2.5 1 43.95397593639256 19.737062652013289 0.76676611906549308 0.64192656796026304 1 -10.752725860078053 9.6118833799770282
5 -9 -12 11 -9 14 6 1 15 -11 5 18.172962753385356 0.63487838302920929 0.12904300644363217 0.99163899806733535 4 -2.5 -1 2.5 -1 2.5 1 -2.5 1 15.887158484302791 58.719537271022979 -0.50171834832424267 -0.8650310393013616 0
5 -9 -12 11 -9 14 6 1 15 -11 5 18.37372144392852 2.7141736701553176 -0.70905565329051601 0.70515252288902686 3 -10 -8 12 -6 0 14 56.005276978812873 4.3701287523626302 -0.48980252204593833 0.87183340690606603 0
4 -27 -18 27 -18 27 18 -27 18 24.227682365724181 1.7974212495452879 0.77293367224544673 0.63448683068222023 4 -4.5 -3 4.5 -3 4.5 3 -4.5 3 16.904284634628404 18.175784317236253 -0.99674468811232042 -0.08062274319243376 1 3.6319302322282372 -4.4244277989457954
4 -11 -7 11 -7 11 7 -11 7 26.344922486681025 32.478267705485898 0.77535471794476629 -0.63152597837364688 4 -4.5 -3 4.5 -3 4.5 3 -4.5 3 37.320547046069535 26.741372164588761 -0.60350848013753999 0.79735657920536185 1 -3.0626420550321858 2.4945202182290185
4 -2 -2 2 -2 2 2 -2 2 16.36173763372306 20.196719125674257 0.86637413977295719 0.49939548449367099 4 -85 -50 85 -50 85 50 -85 50 14.5674733769666 52.610413110119133 -0.96785187605169309 -0.25152086597977924 1 5.1904274433750315 -19.97275621253857
3 -10 -8 12 -6 0 14 56.145817980803912 24.156471700117429 0.99785173422044371 0.065512720240064368 4 -2 -2 2 -2 2 2 -2 2 58.441403222681835 15.590414012526617 0.79355434862773966 -0.60849938025769912 1 -0.16654262492564223 1.0573939364155227
3 -10 -8 12 -6 0 14 6.1344617265919847 14.977731969396164 -0.81296009733700336 -0.58231939701319424 4 -11 -7 11 -7 11 7 -11 7 49.394907010595475 57.298040740248666 -0.53887445197943518 -0.84238609022458544 0
4 -4.5 -3 4.5 -3 4.5 3 -4.5 3 34.080916466581137 9.1828832230141337 0.43345402317820431 0.90117568197917364 4 -11 -7 11 -7 11 7 -11 7 0.49741597987043473 43.387977787171209 0.9763387660552113 -0.2162466506047834 0
4 -4.5 -3 4.5 -3 4.5 3 -4.5 3 44.087720395553525 6.2601772109939962 0.15169650449579342 0.98842711948011508 4 -11 -7 11 -7 11 7 -11 7 52.501983351538598 47.313463410287326 -0.83832900184788073 0.54516463995818365 0
4 -2 -2 2 -2 2 2 -2 2 0.5302250586768964 50.915998278228471 -0.44440154444606761 0.89582769955720265 4 -11 -7 11 -7 11 7 -11 7 43.795428081986046 43.303149198465469 -0.80824707717923649 -0.58884349553274462 0
4 -85 -50 85 -50 85 50 -85 50 11.833311903303422 42.096521795178241 0.60101437620490628 -0.79923821204633816 4 -27 -18 27 -18 27 18 -27 18 6.5714496404641505 41.686351815773442 0.98424653356745728 -0.17680147386389114 1 61.629103376490598 46.344101875526547
4 -85 -50 85 -50 85 50 -85 50 38.486036731424058 47.77561831081799 0.98308479810424876 -0.18315097525355567 4 -16 -0.5 16 -0.5 16 0.5 -16 0.5 52.829333387397895 22.266561800831088 0.25752365008129724 0.96627199568693156 1 7.9745781418809365 42.804503397943968
4 -16 -0.5 16 -0.5 16 0.5 -16 0.5 43.417067763576583 48.913220663312927 -0.71566219308423606 -0.69844658019769956 3 -10 -8 12 -6 0 14 26.325155110241603 16.164427180260137 -0.62748580432057033 0.77862800192143544 0
4 -4.5 -3 4.5 -3 4.5 3 -4.5 3 24.324808667740875 3.7192377377450603 -0.59103438840010836 -0.80664636100865772 3 -10 -8 12 -6 0 14 2.5113915975053192 34.849469537016546 -0.22517055968188368 -0.97431936194070745 0
4 -11 -7 11 -7 11 7 -11 7 37.177895542006453 29.519654285517266 -0.98875232368736043 -0.14956216902293593 4 -11 -7 11 -7 11 7 -11 7 9.8020185259603583 21.598768397162726 0.87998960826754435 -0.47499293609603688 0
4 -85 -50 85 -50 85 50 -85 50 37.941917233656689 7.3043497594420899 -0.25153006231564506 -0.96784948610385058 5 -9 -12 11 -9 14 6 1 15 -11 5 11.050256762189406 10.859284469101997 -0.22079940993417874 -0.97531924033760276 1 36.877840748648545 -9.5840166417970245
4 -85 -50 85 -50 85 50 -85 50 53.509972694262565 53.49222038453874 0.68445635045632702 -0.72905384185257927 4 -2.5 -1 2.5 -1 2.5 1 -2.5 1 35.293524612185031 2.1867687540238911 0.91000542953532915 0.41459633164829263 1 3.1287509095649919 2.9373597752479794
3 -10 -8 12 -6 0 14 58.610815210616565 3.4007625541903175 0.068523182571762681 0.99764952435724485 4 -27 -18 27 -18 27 18 -27 18 27.62313590374993 54.955729885102905 0.70219318386952967 0.71198646934276288 0
3 -10 -8 12 -6 0 14 24.49729021392168 50.585007896387907 0.42135095125256911 -0.90689766560431451 4 -16 -0.5 16 -0.5 16 0.5 -16 0.5 20.736327351681268 54.848353196025954 -0.38533487024696711 -0.92277680821082242 1 7.5348419726878415 -3.1464134426032699
3 -10 -8 12 -6 0 14 28.241539151836722 14.202775609607254 -0.98992028736508431 -0.14162564973559336 3 -10 -8 12 -6 0 14 31.707432160029526 47.355651919907451 -0.58456653619294752 0.81134577386178541 0
4 -2.5 -1 2.5 -1 2.5 1 -2.5 1 54.121556672891877 42.845365799589516 -0.47913904905046878 -0.87773901113885355 4 -4.5 -3 4.5 -3 4.5 3 -4.5 3 58.413535371691623 7.3167182422718042 0.99465214161246363 -0.10328173694191776 0
4 -2 -2 2 -2 2 2 -2 2 38.101044455651156 2.6395643859796536 0.94680821115923308 -0.32179840161419859 5 -9 -12 11 -9 14 6 1 15 -11 5 46.924669358723214 1.1605097803351505 0.99629402598046546 -0.086012869941861428 1 -4.1396275325811906 -0.1283259161973167
4 -4.5 -3 4.5 -3 4.5 3 -4.5 3 7.3446205871328862 27.190518851476547 -0.31786992732867236 -0.94813433083085041 3 -10 -8 12 -6 0 14 57.577737349991715 4.0599969025120526 -0.15620416906157686 0.9877247883736554 0
3 -10 -8 12 -6 0 14 52.015924705095102 44.982991039305332 0.86535961075779033 -0.50115141830501242 4 -11 -7 11 -7 11 7 -11 7 32.306439181465919 10.682537542758981 -0.84560043323694556 -0.53381636103578722 0
3 -10 -8 12 -6 0 14 40.871429380384185 58.055228462356723 -0.90310237923353764 0.4294253050563317 4 -4.5 -3 4.5 -3 4.5 3 -4.5 3 43.611033942462463 29.506003550167009 -0.97383145440159391 -0.22727142015237253 0
5 -9 -12 11 -9 14 6 1 15 -11 5 40.767219100913934 52.556021744899759 -0.042146629909001351 0.9991114360206842 4 -4.5 -3 4.5 -3 4.5 3 -4.5 3 34.008752852762839 57.531031253484613 0.82500023879427997 0.56513237917268633 1 7.6656909901745234 -4.8422320487960722
3 -10 -8 12 -6 0 14 15.568378676529317 48.656600090923106 -0.12021098405096496 0.99274836656299703 4 -85 -50 85 -50 85 50 -85 50 49.804564188525148 11.736757941425502 -0.70855594915537667 -0.70565463713953103 1 -8.8112592126791647 8.8474868669493958
4 -16 -0.5 16 -0.5 16 0.5 -16 0.5 45.200592054533452 54.980306756297793 0.75040751252760374 -0.66097546485640013 4 -2.5 -1 2.5 -1 2.5 1 -2.5 1 44.286262111987028 4.4933444279767443 -0.27986993440914343 -0.96003792623719908 0
3 -10 -8 12 -6 0 14 20.068711304168559 27.944077523973149 -0.93585770622823972 -0.35237814020341529 4 -27 -18 27 -18 27 18 -27 18 45.349439890083666 51.354335693508133 0.042831640035128314 0.99908230422318123 0
3 -10 -8 12 -6 0 14 41.176460339087932 26.310519635262551 0.17694219588512133 -0.98422124510465192 4 -11 -7 11 -7 11 7 -11 7 6.8671044974123401 31.10206676967341 0.80111308556142813 0.59851301083789976 0
4 -2 -2 2 -2 2 2 -2 2 45.966770242964017 17.746920589352786 -0.94566615365114537 -0.32513924069335032 4 -2 -2 2 -2 2 2 -2 2 56.096444291894358 13.057986555897269 -0.61949457077955117 0.78500094062023884 0
5 -9 -12 11 -9 14 6 1 15 -11 5 23.389444219329818 8.8690385458968901 -0.9891041321235251 0.14721757984754505 4 -85 -50 85 -50 85 50 -85 50 32.389194522503296 5.2793736510360372 0.9889254460645972 0.14841314674225239 1 -8.7810928024398134 58.511299754788993
3 -10 -8 12 -6 0 14 44.49529895197356 15.371756003513603 -0.95577318484840335 -0.29410477575982996 4 -2 -2 2 -2 2 2 -2 2 29.558771151129967 45.829703188431587 -0.63710211931589744 0.77077940395627598 0
3 -10 -8 12 -6 0 14 48.546911471326133 35.76802179853108 0.95111877293587976 0.30882532242182853 3 -10 -8 12 -6 0 14 10.269876231179595 40.036071559962465 0.49628063215141544 0.86816215890315762 0
5 -9 -12 11 -9 14 6 1 15 -11 5 16.026675530486948 8.1502338464830331 -0.98182641748451216 0.18978115272473325 4 -2.5 -1 2.5 -1 2.5 1 -2.5 1 33.444197545577282 24.869219050169828 -0.26090424462114209 -0.96536468504843875 0
4 -11 -7 11 -7 11 7 -11 7 37.54163121390107 38.549491817328217 -0.69212485099549526 -0.72177779865722069 4 -4.5 -3 4.5 -3 4.5 3 -4.5 3 18.628567640293841 11.155328386938333 0.89583918481324054 -0.44437839163616927 0
4 -27 -18 27 -18 27 18 -27 18 43.454667007386824 38.796419543418615 0.70397789090482787 0.71022188724171986 4 -2.5 -1 2.5 -1 2.5 1 -2.5 1 26.785166900464684 19.154384685869388 0.53524968056315947 0.84469389689818153 1 2.7955998889598828 2.8203957180499768
4 -27 -18 27 -18 27 18 -27 18 51.473900230734898 46.330292977232169 -0.88721360455154685 -0.46135888405735886 4 -85 -50 85 -50 85 50 -85 50 40.43866093949282 41.298705026477748 0.099990931771304886 0.99498834845615469 1 71.61131885062801 -7.1965490936217122
3 -10 -8 12 -6 0 14 15.375990004255826 10.463282067891724 -0.6001937019643947 -0.79985468687898265 5 -9 -12 11 -9 14 6 1 15 -11 5 45.484422748764523 50.873744666222002 0.96817502308824399 -0.25027409907555009 0
4 -11 -7 11 -7 11 7 -11 7 30.693932431605731 36.871913543605807 -0.54013809513706101 0.84157640068012085 3 -10 -8 12 -6 0 14 26.657536401585304 39.080734439391797 0.43910646965819927 0.89843503287901283 1 14.494495733794466 -5.5211325154994126
5 -9 -12 11 -9 14 6 1 15 -11 5 37.628113219998355 10.847333317060031 0.59834754725531503 0.80123667707709723 4 -85 -50 85 -50 85 50 -85 50 56.609853578211201 14.856190279456779 0.29919381822034258 -0.95419235961033178 1 -42.819622895934593 -13.426398084157491
3 -10 -8 12 -6 0 14 0.89531539470774524 46.219899571751242 0.66351852618097906 -0.74815985284872211 3 -10 -8 12 -6 0 14 28.518373680282675 12.420024580769571 -0.76006191883173957 -0.64985065941477205 0
4 -85 -50 85 -50 85 50 -85 50 17.16533872369417 48.501427511570888 0.40874586378401129 0.91264824485639728 4 -85 -50 85 -50 85 50 -85 50 49.115328934893171 8.8894673737155898 -0.42558843304190314 0.90491683908574583 1 -92.816588602842245 41.569571733437655
4 -2 -2 2 -2 2 2 -2 2 35.042403594384375 42.323252673733712 -0.76759936093011494 0.64092996583065076 4 -27 -18 27 -18 27 18 -27 18 10.302330338801283 5.3967577621358114 -0.12222178143620514 0.99250281417362263 0
3 -10 -8 12 -6 0 14 15.928754166333434 53.910274696170518 -0.87002844372400812 -0.49300152850795548 4 -4.5 -3 4.5 -3 4.5 3 -4.5 3 16.699217965508534 14.21095399235632 0.82407324037962049 0.56648326938245253 0
4 -11 -7 11 -7 11 7 -11 7 49.476613781210936 12.045975718841628 -0.90527170708029503 -0.4248330688163629 3 -10 -8 12 -6 0 14 20.57767642922872 55.414977659232719 -0.40920741657279497 0.91244139002010372 0
4 -16 -0.5 16 -0.5 16 0.5 -16 0.5 36.90481988645179 19.727923255062475 0.24217572482516109 -0.97023240427508284 4 -2.5 -1 2.5 -1 2.5 1 -2.5 1 58.684132562045981 44.256603720583499 0.36261144727910616 0.93194041563940777 0
4 -27 -18 27 -18 27 18 -27 18 59.089420265893395 54.612563810310768 0.47219331579174167 -0.88149502126875368 3 -10 -8 12 -6 0 14 12.319076427085422 29.932226434156632 0.87044574526599139 0.4922643644916142 0
5 -9 -12 11 -9 14 6 1 15 -11 5 1.4688680383450081 18.126406016642648 -0.89060629586351003 0.45477513758810295 4 -16 -0.5 16 -0.5 16 0.5 -16 0.5 40.440570996722926 34.158208292728759 0.93621479335973656 -0.35142831515742395 0
5 -9 -12 11 -9 14 6 1 15 -11 5 36.043664423967975 50.465469422166365 -0.9894810559612921 0.14466250341303521 5 -9 -12 11 -9 14 6 1 15 -11 5 4.6405114198758701 57.796627297864362 0.51118468794594385 0.85947089235738983 0
4 -11 -7 11 -7 11 7 -11 7 41.574039148970414 39.184198055070944 -0.25286077978031368 -0.96750267495696962 5 -9 -12 11 -9 14 6 1 15 -11 5 53.423314559743389 6.8883318115927494 0.8961201422646774 -0.44381154855133531 0
4 -11 -7 11 -7 11 7 -11 7 20.369407068541761 39.059251962922374 0.95570236541576126 0.29433482420318319 4 -11 -7 11 -7 11 7 -11 7 46.399046091934615 0.6745541201734917 -0.86994596892938569 0.4931470481950716 0
4 -4.5 -3 4.5 -3 4.5 3 -4.5 3 34.873747475742725 50.653283145726888 0.98608248451754266 0.16625683061970786 4 -16 -0.5 16 -0.5 16 0.5 -16 0.5 42.703475959996602 44.212903502325098 0.97218073870156196 -0.23423196045306288 1 0.14021115001744633 0.58194696887008046
3 -10 -8 12 -6 0 14 59.175074924228056 30.447983951985087 -0.79712152532911174 -0.60381890816451766 4 -4.5 -3 4.5 -3 4.5 3 -4.5 3 47.178776406097228 21.105948961366988 0.91970015718128251 -0.39262147277081549 0
5 -9 -12 11 -9 14 6 1 15 -11 5 33.484236992153832 46.35335588085281 0.54535335398788765 -0.83820625104693758 5 -9 -12 11 -9 14 6 1 15 -11 5 14.09181160401381 49.067227239235592 -0.80337202705683874 -0.59547744385710022 1 6.00341202604411 -1.4576757111888128
4 -2 -2 2 -2 2 2 -2 2 58.66245984611416 43.824203421641158 -0.74122713060264167 -0.67125430416390952 3 -10 -8 12 -6 0 14 11.140379685858859 22.416002489297465 -0.079975878734385372 0.99679679916252883 0
5 -9 -12 11 -9 14 6 1 15 -11 5 49.009455740190731 20.091534377702274 0.88756741327509725 -0.46067785587344307 4 -2 -2 2 -2 2 2 -2 2 3.8137209333510036 16.363329226859584 -0.61959923917960869 -0.78491832875022738 0
4 -2 -2 2 -2 2 2 -2 2 0.84662450335875938 4.6808852577537934 -0.93515768249382891 0.35423171635635775 4 -16 -0.5 16 -0.5 16 0.5 -16 0.5 56.129646158718103 1.656637390837008 0.85245538376656949 -0.52279997961686142 0
4 -11 -7 11 -7 11 7 -11 7 54.558669044865191 31.505961349388009 -0.99814234406538949 0.060925043977412031 4 -11 -7 11 -7 11 7 -11 7 42.565804246545419 37.969854536165506 0.54133796092363451 -0.84080509754820199 1 10.766540729913695 -0.65717276834777538
4 -85 -50 85 -50 85 50 -85 50 0.94820855745815225 4.8013938568498515 -0.98783892686601793 0.15548072088909951 4 -2.5 -1 2.5 -1 2.5 1 -2.5 1 50.762737889698016 47.154419927046085 0.022498624111243995 -0.99974687392014427 1 -0.47495108910771211 -3.0175778160474294
4 -2 -2 2 -2 2 2 -2 2 6.3814381799336006 33.79565591172225 -0.88569149460748142 -0.46427424694889735 4 -4.5 -3 4.5 -3 4.5 3 -4.5 3 16.921975736038569 57.295779865174005 0.92625458347873924 -0.37689845659623922 0
4 -11 -7 11 -7 11 7 -11 7 16.656691980566684 11.375544691971074 -0.41082199978865708 0.91171557214388343 4 -2.5 -1 2.5 -1 2.5 1 -2.5 1 47.078520106260413 23.028443129851116 0.9453220115106219 -0.32613845917571826 0
4 -16 -0.5 16 -0.5 16 0.5 -16 0.5 36.189893160402157 6.8615639600771079 0.5735434102712712 0.81917516840685567 4 -16 -0.5 16 -0.5 16 0.5 -16 0.5 51.386140104253421 41.940268687633015 -0.41721888101536342 -0.90880603283884953 0
4 -27 -18 27 -18 27 18 -27 18 16.468209719499246 52.556366747465447 0.023142554446164174 0.99973217522179725 4 -2 -2 2 -2 2 2 -2 2 11.090816868865714 33.487215632894106 0.10133963476850204 0.99485188768227539 1 0.23054494777614878 9.9592809714593518
4 -16 -0.5 16 -0.5 16 0.5 -16 0.5 57.166555548977755 11.106947710749512 0.93400206811738462 0.35726759824037829 4 -16 -0.5 16 -0.5 16 0.5 -16 0.5 19.295794773972062 1.5239953932867278 -0.37750360540250316 -0.92600811438567388 0
4 -4.5 -3 4.5 -3 4.5 3 -4.5 3 54.670237444412521 33.606929672106382 0.53279661465001238 0.84624332636511002 4 -16 -0.5 16 -0.5 16 0.5 -16 0.5 37.003662287700088 13.022268054238811 0.32091706996067737 0.94710729814939854 0
4 -85 -50 85 -50 85 50 -85 50 39.108097010832026 37.867992391713265 -0.92460919688295951 -0.38091709470624791 4 -27 -18 27 -18 27 18 -27 18 7.078866318413839 36.647798376735409 -0.91941654393182604 -0.39328516212089237 1 21.822080946238657 -52.969260288978333
4 -16 -0.5 16 -0.5 16 0.5 -16 0.5 1.7741170771661396 56.499489141330187 -0.99508664223529197 -0.099007951422560359 4 -2 -2 2 -2 2 2 -2 2 21.881250635406158 30.716483530322158 0.99892594676713553 0.046335222837295922 0
4 -2.5 -1 2.5 -1 2.5 1 -2.5 1 7.2638978269947234 1.5112828413034052 -0.64151566310530828 -0.76710993605255606 4 -2.5 -1 2.5 -1 2.5 1 -2.5 1 28.079496677925228 32.379936287140538 -0.82441195022219227 0.56599022635628748 0
4 -11 -7 11 -7 11 7 -11 7 36.704642690937497 41.339436370145769 -0.9149413073827054 -0.40358692253940259 4 -85 -50 85 -50 85 50 -85 50 10.138776370547047 49.084507197737985 0.79282486564758159 -0.60944953229196441 1 32.276028985902272 41.987460796223203
4 -11 -7 11 -7 11 7 -11 7 9.1917836532137471 16.593486433625024 0.62729296047890348 0.77878337278964349 4 -85 -50 85 -50 85 50 -85 50 58.11269323901395 59.858341574089692 -0.97032261465783254 -0.24181402664772655 1 7.7553838943027911 -31.119883665631342
3 -10 -8 12 -6 0 14 52.762709079305324 4.4659175356839782 -0.29976933379675513 -0.95401171193809231 4 -85 -50 85 -50 85 50 -85 50 22.069161212548725 6.9781784236468418 0.84643480821649542 0.5324923618602474 1 23.48408822206105 -37.32964289090858
4 -16 -0.5 16 -0.5 16 0.5 -16 0.5 16.674212376229111 4.1521977004527377 0.94646284917629742 0.32281275552413563 4 -4.5 -3 4.5 -3 4.5 3 -4.5 3 20.344435827694053 41.012328920473195 -0.15722919238439201 0.98756214035479906 0
4 -16 -0.5 16 -0.5 16 0.5 -16 0.5 47.663778186893033 26.312219673940131 0.51226126944863759 0.85882966403290373 4 -27 -18 27 -18 27 18 -27 18 25.594115993853528 36.216919526309674 0.60071133144321665 -0.79946600695446579 1 7.1102763437069223 -4.2410262925179767
3 -10 -8 12 -6 0 14 11.05350798109102 14.127219088469495 -0.11847521014486427 -0.99295701043959106 4 -2 -2 2 -2 2 2 -2 2 58.443012730970537 3.067916950890972 -0.48759027499036223 -0.87307257644185743 0
4 -85 -50 85 -50 85 50 -85 50 41.385486568834914 23.624454171922558 -0.99837447622439202 -0.056994782424980156 4 -85 -50 85 -50 85 50 -85 50 44.512991446339186 52.003588459161122 -0.74963277275376561 0.66185399146148638 1 6.6785134022752164 -116.9871527929852
3 -10 -8 12 -6 0 14 8.693075316254042 1.0080220692546593 0.87733615502784956 0.47987630810548376 4 -16 -0.5 16 -0.5 16 0.5 -16 0.5 29.433791329653328 24.284473809290592 0.41627453262588016 0.90923897490544536 0
4 -11 -7 11 -7 11 7 -11 7 44.652676716049406 33.291431290167495 -0.81006168898258635 0.58634465977160521 3 -10 -8 12 -6 0 14 5.2312777528204002 51.202586678953146 -0.78767762087755655 0.61608762815745 0
4 -11 -7 11 -7 11 7 -11 7 30.263291013157023 9.22336928252866 0.40008901250005141 -0.9164762856052161 4 -2.5 -1 2.5 -1 2.5 1 -2.5 1 0.97450870389850452 26.185362539855742 -0.99697086327599882 0.077775946016166442 0
4 -16 -0.5 16 -0.5 16 0.5 -16 0.5 53.946059171259144 28.877368584462999 0.21559489870315809 0.97648289265771315 4 -85 -50 85 -50 85 50 -85 50 14.045509602408856 38.066959459912567 -0.21642006197559338 0.97630034148026412 1 19.756693126904008 4.3795383134604577
4 -4.5 -3 4.5 -3 4.5 3 -4.5 3 52.467900842564354 5.3051193626344322 -0.64228127573519112 0.76646902275302387 4 -4.5 -3 4.5 -3 4.5 3 -4.5 3 49.212730528597241 49.551928012756846 0.8922820292098409 0.45147843841004037 0
4 -4.5 -3 4.5 -3 4.5 3 -4.5 3 52.035967460306757 12.946494197603513 0.94579587390258935 -0.32476170480652011 5 -9 -12 11 -9 14 6 1 15 -11 5 46.587878821001802 30.235741861932347 0.9969563176017372 0.077962175405667647 0
4 -16 -0.5 16 -0.5 16 0.5 -16 0.5 40.850403660518751 33.902902351606507 0.99515630381186726 0.09830529478874786 4 -11 -7 11 -7 11 7 -11 7 0.88108220552760796 14.187551912704295 -0.48627340463526814 -0.87380671543793065 0
4 -16 -0.5 16 -0.5 16 0.5 -16 0.5 1.5440352370472299 29.932137394229596 0.78314616336555853 -0.62183766917565064 4 -2 -2 2 -2 2 2 -2 2 57.800439785461251 34.905436760739377 0.98641214979811265 0.16428959410341784 0
3 -10 -8 12 -6 0 14 42.293173137608271 9.3510035663234063 -0.99983444203606975 0.018195837942264387 4 -27 -18 27 -18 27 18 -27 18 55.093969976767326 18.434502357210626 -0.61781076082479014 0.78632681742968291 1 -11.89570006987808 -9.3463574531744804
5 -9 -12 11 -9 14 6 1 15 -11 5 5.6156266820048106 17.192158202215719 0.92657347915596722 -0.37611379624364538 4 -4.5 -3 4.5 -3 4.5 3 -4.5 3 6.9367026468251254 39.903346638363558 0.16123404087878662 -0.98691619910805894 0
3 -10 -8 12 -6 0 14 51.200031930559334 50.022992158805891 -0.034355132234319852 -0.99940968821057685 4 -4.5 -3 4.5 -3 4.5 3 -4.5 3 41.795226404208044 25.619036609418032 -0.95862676100016908 -0.28466600270198184 0
4 -11 -7 11 -7 11 7 -11 7 53.635453731641626 39.777179784645298 0.37596717969928134 0.92663298008918737 4 -16 -0.5 16 -0.5 16 0.5 -16 0.5 45.350660777244236 32.503597790115798 0.028131680521848005 0.99960422595696174 1 2.8271415296492917 -0.079563731561862014
4 -16 -0.5 16 -0.5 16 0.5 -16 0.5 47.051627350165802 29.232786658249019 0.97080811724406924 0.23985745661335089 3 -10 -8 12 -6 0 14 55.26987585565881 49.270674591266456 0.83954454727877459 -0.54329085500722119 0
3 -10 -8 12 -6 0 14 30.829986989685494 0.2147357594671484 -0.99995586152812077 -0.0093954773989312103 4 -2.5 -1 2.5 -1 2.5 1 -2.5 1 43.527818216366093 28.188716806929087 0.879080500100344 -0.47667334133904438 0
3 -10 -8 12 -6 0 14 47.107714555555503 21.366639866942997 0.99056853967151237 -0.13701813096465493 5 -9 -12 11 -9 14 6 1 15 -11 5 7.0078471183267999 5.3839780166431916 -0.95190680523618287 -0.3063877186589628 0
4 -2 -2 2 -2 2 2 -2 2 29.032467498832006 50.809555602331379 -0.99844351759280181 -0.055772234820853091 4 -2 -2 2 -2 2 2 -2 2 39.459393144724295 37.943438150279555 -0.73169251104229649 -0.68163485040351246 0
3 -10 -8 12 -6 0 14 23.828092538877055 34.258739982108274 -0.12416207013248626 0.99226195147270235 4 -16 -0.5 16 -0.5 16 0.5 -16 0.5 20.461216111848117 7.2754592389515516 -0.50693218404796914 0.86198594001083106 0
4 -2 -2 2 -2 2 2 -2 2 36.48534708377391 59.997806307799721 -0.93267497678528188 0.36071787823529611 4 -2.5 -1 2.5 -1 2.5 1 -2.5 1 22.445459928761643 49.749803883460714 -0.21850003637210177 -0.97583694032629764 0
3 -10 -8 12 -6 0 14 6.5164894613782032 2.2108094701503789 -0.9922231734463185 0.12447157939110855 4 -11 -7 11 -7 11 7 -11 7 40.613031634807335 58.656503885230663 0.99881359369886447 0.048697074268991905 0
4 -16 -0.5 16 -0.5 16 0.5 -16 0.5 1.7503142230474222 39.859740849844023 0.38053990863811998 -0.92476449863394483 5 -9 -12 11 -9 14 6 1 15 -11 5 22.953319856485017 12.643166953159756 0.008125924141894952 -0.99996698413339635 0
3 -10 -8 12 -6 0 14 18.72043493710726 2.940991508984625 -0.64086774588404793 0.76765130904955758 4 -85 -50 85 -50 85 50 -85 50 19.381866639107276 14.485779494759131 -0.27870639489325938 0.96037635614669448 1 -55.211272503060087 -16.022608864026211
3 -10 -8 12 -6 0 14 19.127308034414526 49.349947906290765 0.99963290593344867 0.027093419404884644 4 -85 -50 85 -50 85 50 -85 50 26.237339991179777 44.441173650848839 -0.44432724518260236 -0.89586455404175891 1 -49.14879339817962 24.376617956517659
4 -16 -0.5 16 -0.5 16 0.5 -16 0.5 50.342625944345592 12.03761275846694 0.53529091415119956 -0.84466776736606508 4 -27 -18 27 -18 27 18 -27 18 56.901187244016036 31.89459630490099 0.61968659295462047 0.78484936549142637 1 -8.1317581846571017 -10.299085576675058
4 -16 -0.5 16 -0.5 16 0.5 -16 0.5 43.960873272184507 54.877552641679216 -0.96155653923550122 0.27460703168973288 4 -16 -0.5 16 -0.5 16 0.5 -16 0.5 9.4533259448486557 5.8652588092878943 -0.68154592991945762 0.73177533807188522 0
5 -9 -12 11 -9 14 6 1 15 -11 5 11.002484811718105 6.8744466061155185 0.66518869352734789 0.74667529891069795 4 -16 -0.5 16 -0.5 16 0.5 -16 0.5 36.494899622089697 46.571769600095031 -0.038193949487791784 -0.99927034491298905 0
4 -2.5 -1 2.5 -1 2.5 1 -2.5 1 21.526753811793562 29.464962311639308 0.091543540258756134 -0.99580107463132084 5 -9 -12 11 -9 14 6 1 15 -11 5 32.090441742118081 46.940603579962044 0.98696963555264738 0.16090661421170488 0
4 -85 -50 85 -50 85 50 -85 50 2.1208313351088126 36.403474181622471 0.59054030953138048 -0.80700814296919043 4 -27 -18 27 -18 27 18 -27 18 34.69478436712695 6.0741335017046953 -0.42103213249635485 -0.90704572288588181 1 -41.394512957861522 56.568041998262252
4 -2.5 -1 2.5 -1 2.5 1 -2.5 1 8.5710103568851572 32.1328218947382 0.9654818333800459 -0.26047040026288071 4 -85 -50 85 -50 85 50 -85 50 51.402881179124947 37.574604754691755 -0.99943378354650292 0.03364687661465611 1 -1.5027850040351953 -44.638143374818348
5 -9 -12 11 -9 14 6 1 15 -11 5 51.216226829298456 52.193295064799742 -0.86662556912589173 -0.49895903933812458 4 -16 -0.5 16 -0.5 16 0.5 -16 0.5 27.831004276510679 55.743981566554609 -0.18423649567164374 0.98288194289173525 0
5 -9 -12 11 -9 14 6 1 15 -11 5 26.978956801338406 6.3956942359508222 -0.24931424517235987 -0.96842263870385459 4 -2 -2 2 -2 2 2 -2 2 3.1943003031077288 13.431629147493275 0.99996875408193364 0.0079051160538836599 0
4 -16 -0.5 16 -0.5 16 0.5 -16 0.5 57.675357042745219 58.828062745831687 0.94313497359199461 -0.33241002028763744 3 -10 -8 12 -6 0 14 22.071654613522462 32.353406186537846 -0.79366178859195013 0.60835924035805244 0
4 -85 -50 85 -50 85 50 -85 50 31.038959330232078 23.536092368102405 -0.70740680877384177 -0.70680662624257373 5 -9 -12 11 -9 14 6 1 15 -11 5 50.86318355478145 7.5601788950137561 -0.99924693219487792 -0.038801655881225999 1 -27.397531714940143 27.42079623924516
5 -9 -12 11 -9 14 6 1 15 -11 5 55.981166684261638 6.8846641533196618 -0.68757287053195448 -0.72611538181507229 3 -10 -8 12 -6 0 14 0.52587044469649014 50.255802898980221 -0.10434618221935048 0.99454103698954832 0
4 -85 -50 85 -50 85 50 -85 50 52.099269373780515 42.037277118429998 0.92414447994401527 0.38204316534785104 3 -10 -8 12 -6 0 14 3.8246512980746106 32.376087855825688 -0.024221022843271857 -0.99970662799264554 1 18.733447110853216 -45.315329020623047
4 -4.5 -3 4.5 -3 4.5 3 -4.5 3 16.035521920638388 35.023776113644573 -0.73600759157867934 -0.67697328244071198 4 -2 -2 2 -2 2 2 -2 2 13.079894654222496 41.412051108671832 -0.32695611369101146 -0.94503952283492909 0
4 -2 -2 2 -2 2 2 -2 2 12.944016400033531 56.855927410350141 -0.82118975937284511 0.57065521911323025 4 -2 -2 2 -2 2 2 -2 2 15.619682631500165 52.644989787629243 -0.65200353922080201 -0.75821592230943557 0
4 -16 -0.5 16 -0.5 16 0.5 -16 0.5 1.9589363348828193 14.295633766052322 0.10216481463489237 0.99476748572247675 4 -27 -18 27 -18 27 18 -27 18 41.322467446480019 35.253269656936212 0.92653667574782461 0.37620445039123401 0
4 -11 -7 11 -7 11 7 -11 7 18.339829068098418 53.345642717361656 0.93725448080645068 -0.3486460070160427 4 -2 -2 2 -2 2 2 -2 2 9.4604996851743692 17.598032631088572 -0.98329242799476257 -0.18203296692677579 0
4 -4.5 -3 4.5 -3 4.5 3 -4.5 3 26.319399105327804 31.67156956307797 0.92982604792478263 0.36799934864151584 3 -10 -8 12 -6 0 14 58.543523136840385 33.397032177648448 -0.70418674464916797 0.71001480876134371 0
4 -2.5 -1 2.5 -1 2.5 1 -2.5 1 33.931925856657124 39.662155577585906 -0.94789807813658555 -0.3185737488635364 3 -10 -8 12 -6 0 14 22.003303894796417 4.1811006348843449 -0.49358785161066776 0.8696959426962767 0
4 -16 -0.5 16 -0.5 16 0.5 -16 0.5 51.105234163467877 48.187506254291563 0.77156223063720786 -0.63615385265998048 4 -2.5 -1 2.5 -1 2.5 1 -2.5 1 27.720179727595642 53.723715481309895 -0.63386194880269853 -0.77344620359792648 0
3 -10 -8 12 -6 0 14 45.448935697467107 21.509345797671546 0.5425458081773854 -0.84002621746535255 3 -10 -8 12 -6 0 14 31.89121307178808 5.8101475002657406 -0.49743262423201612 -0.86750261345407476 0
4 -4.5 -3 4.5 -3 4.5 3 -4.5 3 30.469170917971113 19.606653677724122 0.14435538378587176 -0.98952590828741505 4 -27 -18 27 -18 27 18 -27 18 3.7948800589274678 35.284264595432361 0.99383408143513075 0.11087749355928807 1 0.58276172377312474 -3.994709507247205
4 -11 -7 11 -7 11 7 -11 7 48.657355718994907 7.1469323628917047 -0.54733656248549989 0.83691259242919536 4 -11 -7 11 -7 11 7 -11 7 38.431632095632949 37.164282793891864 -0.046525599129856363 0.99891709797440542 0
4 -27 -18 27 -18 27 18 -27 18 3.686406912701361 3.0324320997024379 0.73060400164171646 0.68280142998174131 4 -4.5 -3 4.5 -3 4.5 3 -4.5 3 17.369990747306232 7.711949503273809 0.68007809371529093 0.733139677311613 1 -10.507506603956491 11.243131655908599
4 -4.5 -3 4.5 -3 4.5 3 -4.5 3 4.6888074798177932 43.733918017492719 -0.96336180746585787 0.26820519740697696 3 -10 -8 12 -6 0 14 15.74017067040953 36.702055907708385 0.83769070042974225 -0.5461449353546437 0
3 -10 -8 12 -6 0 14 59.814341792166864 20.799576013288075 0.9813506790075599 0.19222602532279831 5 -9 -12 11 -9 14 6 1 15 -11 5 58.629607913476896 59.590570315173807 0.19097252366208897 -0.98159538263285084 0
4 -16 -0.5 16 -0.5 16 0.5 -16 0.5 10.227636114178651 13.461456439950972 -0.51079586654883691 0.85970203135541257 3 -10 -8 12 -6 0 14 12.831294701128053 34.503048227985552 -0.95016996696024347 -0.3117323112652422 0
4 -27 -18 27 -18 27 18 -27 18 53.127600997784356 24.50430500945188 0.26148995842048756 0.96520619643952332 3 -10 -8 12 -6 0 14 7.8235533150632186 53.720003592979943 0.55406618863474844 -0.83247261733450628 0
4 -4.5 -3 4.5 -3 4.5 3 -4.5 3 29.406864508098668 3.1251715335630492 0.13891167720669176 -0.99030477426680308 4 -16 -0.5 16 -0.5 16 0.5 -16 0.5 39.566337086007941 36.94742804779564 -0.94579692357730172 0.32475864784746189 0
4 -16 -0.5 16 -0.5 16 0.5 -16 0.5 53.60946982517514 35.260820335189038 -0.85435104974219411 -0.51969633807100368 4 -85 -50 85 -50 85 50 -85 50 0.68716974098421257 30.3108163361882 -0.80514915248733065 -0.59307237521986578 1 14.535568817548754 -19.733343523262171
4 -85 -50 85 -50 85 50 -85 50 15.441279958962571 40.736739240564638 -0.98298588211046911 -0.18368112470121373 4 -11 -7 11 -7 11 7 -11 7 2.7989341801688195 18.030697240624782 -0.42372522074613822 -0.90579078009418734 1 -7.902096270856295 42.288771292993921
4 -85 -50 85 -50 85 50 -85 50 44.167111306193817 30.119389865600471 -0.00021151501295488433 0.99999997763069937 4 -4.5 -3 4.5 -3 4.5 3 -4.5 3 45.107860022452428 6.2787033925846591 -0.79094900698025261 -0.61188207062877098 1 -54.459289879624222 -0.011518957662073545
4 -2 -2 2 -2 2 2 -2 2 30.857162768644894 22.336072101998504 0.98628681594050471 -0.16504034870885656 4 -16 -0.5 16 -0.5 16 0.5 -16 0.5 43.23840725402799 42.925960551660545 -0.99789770847146864 0.064808667841513998 0
4 -85 -50 85 -50 85 50 -85 50 18.061371720363965 2.4732028385619542 -0.37813641313740315 0.92574988688067317 4 -85 -50 85 -50 85 50 -85 50 16.803731641352716 7.5677486820252877 -0.48406084181318693 0.87503434299638139 1 -94.726619826756391 -52.401883083172933
3 -10 -8 12 -6 0 14 47.429623093345057 23.515365188529831 0.92226429998284309 0.38655990606522606 3 -10 -8 12 -6 0 14 51.154509960449658 23.627224481394084 -0.27841975024607435 0.9604594955920388 1 -10.970586433031944 10.18391659321958
4 -2.5 -1 2.5 -1 2.5 1 -2.5 1 29.670454245881633 51.439674534224423 0.11203839081038781 0.99370387892199497 4 -16 -0.5 16 -0.5 16 0.5 -16 0.5 36.866136309735367 45.680657859267349 0.96772461546580413 0.25201005658814807 0
4 -2 -2 2 -2 2 2 -2 2 33.890341682597523 25.214087807486489 -0.94054910689650395 0.33965773584034381 3 -10 -8 12 -6 0 14 55.213857345522534 28.810515782480323 -0.82546121344120937 0.56445884270172098 0
4 -27 -18 27 -18 27 18 -27 18 39.839800063833216 24.719331872722279 0.25400085881144779 -0.96720399281798197 5 -9 -12 11 -9 14 6 1 15 -11 5 46.806717282376432 34.496580457780006 -0.98087281796967563 0.19464972378153439 1 -23.205421474447874 -6.0940577451695876
4 -85 -50 85 -50 85 50 -85 50 57.340835487552923 50.513617548547629 -0.99175013983061167 0.12818603725040534 4 -4.5 -3 4.5 -3 4.5 3 -4.5 3 52.940998084110682 40.003880577363148 -0.93300066171749563 -0.35987465211475422 1 5.6138757541905138 43.433451752113641
4 -2 -2 2 -2 2 2 -2 2 22.512962781700455 11.110921797439881 -0.58228562232718162 0.8129842889201776 4 -4.5 -3 4.5 -3 4.5 3 -4.5 3 36.313772280694309 19.012403083360688 0.57491428997840877 -0.81821363908127454 0
3 -10 -8 12 -6 0 14 29.938753113203738 10.594424856891154 0.091967570497956494 0.99576200267769976 4 -16 -0.5 16 -0.5 16 0.5 -16 0.5 29.357232236761284 32.812368724613052 -0.99715728914197121 0.075348130109745601 0
4 -11 -7 11 -7 11 7 -11 7 45.42463694842349 56.925260213790509 0.1363300444505135 -0.99066347413242251 3 -10 -8 12 -6 0 14 25.037917147635504 29.563930901017759 -0.22547551333435026 0.97424883519900152 0
4 -27 -18 27 -18 27 18 -27 18 37.569527324296168 41.916524964789474 -0.78840619388059985 -0.61515499953321195 4 -27 -18 27 -18 27 18 -27 18 27.008899121351316 40.263407938936815 -0.95476641554840369 0.29735684243153537 1 27.836649291804576 -35.676515244441013
3 -10 -8 12 -6 0 14 5.00465209176153 26.443026729593591 0.29603120906470171 -0.95517826779072545 3 -10 -8 12 -6 0 14 8.7698683399221942 40.410961965978913 0.99785263220775167 0.065499041184290591 1 -0.15354069639846885 -1.2112221812543515
4 -27 -18 27 -18 27 18 -27 18 0.99912936126368423 2.5665008831713232 -0.94873498814862078 -0.31607265345587315 4 -4.5 -3 4.5 -3 4.5 3 -4.5 3 28.463749662507301 22.996064186870942 0.93751434518137922 -0.34794662317535102 0
4 -2 -2 2 -2 2 2 -2 2 41.071497114438557 2.93480103550122 0.92716615783033973 0.37465039139726736 4 -2.5 -1 2.5 -1 2.5 1 -2.5 1 17.952814827799994 3.7612983130386235 0.29273978694413005 -0.95619214446674128 0
4 -85 -50 85 -50 85 50 -85 50 34.791991950881112 59.035295655773623 -0.94715885721881932 0.3207648658939134 4 -85 -50 85 -50 85 50 -85 50 51.847243930494926 43.556193120533727 0.042477985643105474 -0.9990974030272044 1 -130.81259593262075 -5.5616755234543627
4 -27 -18 27 -18 27 18 -27 18 50.709796257306699 32.432789862645357 -0.95933060754853361 -0.28228493658103943 4 -2 -2 2 -2 2 2 -2 2 35.795056294982331 20.233931470822569 0.99577435561700389 0.091833723084390903 1 11.125036706903535 3.2735641462488441
4 -2.5 -1 2.5 -1 2.5 1 -2.5 1 56.428345958233912 18.163652475640873 0.8595383760972839 -0.51107120836146136 4 -85 -50 85 -50 85 50 -85 50 34.565336757461559 34.535907624002732 0.75021538224744755 -0.6611935270700372 1 32.578368920180267 36.964659349822249
3 -10 -8 12 -6 0 14 54.276489693450678 3.5804697872502733 -0.88372094329427442 -0.46801420318520015 4 -27 -18 27 -18 27 18 -27 18 27.41364698183785 24.176158342889323 -0.044125554878175544 0.99902599335887809 1 5.4802960314815437 0.24205686828302331
4 -4.5 -3 4.5 -3 4.5 3 -4.5 3 12.926081575873718 26.104031493597567 -0.86580939258715217 0.50037395586487765 4 -2 -2 2 -2 2 2 -2 2 35.049941416573532 19.001046563468268 -0.80873046864760245 -0.58817941912398575 0
4 -4.5 -3 4.5 -3 4.5 3 -4.5 3 53.574498488728416 41.096596311852444 0.57309303531874378 0.81949031285863849 3 -10 -8 12 -6 0 14 0.1813784821094 37.301424473069105 0.50359631007456607 -0.86393909303797656 0
4 -85 -50 85 -50 85 50 -85 50 31.689027124762124 54.556061416398116 -0.18220191846642692 -0.98326113566394635 5 -9 -12 11 -9 14 6 1 15 -11 5 26.290403646688542 13.763667495201094 -0.47747238620484983 0.87864675519337498 1 10.58944730319539 57.146445377917331
4 -11 -7 11 -7 11 7 -11 7 49.831133775653903 30.67573981393252 -0.75246360772612031 0.65863382774330026 3 -10 -8 12 -6 0 14 57.403354057248933 0.81627929013126543 -0.18257966589266139 0.98319106261322586 0
3 -10 -8 12 -6 0 14 15.59247663978317 17.352074595467862 -0.92376551924246741 -0.38295856885398799 4 -2.5 -1 2.5 -1 2.5 1 -2.5 1 38.929058394872627 17.066820087886786 -0.097461369323721431 0.99523930865372534 0
3 -10 -8 12 -6 0 14 45.206196319871836 54.294531172928735 0.99814865071059455 -0.060821633360338856 3 -10 -8 12 -6 0 14 53.137942267018936 53.32452798705053 0.37256051624814979 -0.92800789960695496 1 -6.8777279164692793 -3.5146725248023878
3 -10 -8 12 -6 0 14 46.110832318961521 30.779792433736258 -0.26972773422647545 -0.96293662791953849 4 -16 -0.5 16 -0.5 16 0.5 -16 0.5 18.206486262913934 4.7641875498266835 -0.71386112504959587 -0.7002872940036291 0
4 -85 -50 85 -50 85 50 -85 50 57.513040883755785 42.430458452395726 0.38152705326891773 -0.92435767299457006 3 -10 -8 12 -6 0 14 34.799232140525781 7.0262968763530935 -0.8260662242390262 -0.56357305930241108 1 21.848533573293679 9.0179449751965457
4 -2 -2 2 -2 2 2 -2 2 38.424483284958569 47.520321820068759 0.66936729595561639 0.74293164093681341 4 -16 -0.5 16 -0.5 16 0.5 -16 0.5 15.702865010484556 20.503281204970495 -0.066806427360402015 0.99776595515348154 0
5 -9 -12 11 -9 14 6 1 15 -11 5 19.865234547505782 46.695881966791738 0.31885357492263022 0.94780398699259472 4 -85 -50 85 -50 85 50 -85 50 0.52916061795236002 35.43739595365787 0.95076728421340173 0.3099057457832502 1 -18.492610078050763 56.733922817367748
4 -85 -50 85 -50 85 50 -85 50 7.3139160144223281 41.305670814558802 0.98963806916076913 -0.14358444229004999 3 -10 -8 12 -6 0 14 47.37989925065822 17.421707067116724 -0.83827017222540279 0.545255094755834 1 6.1159117139181767 42.153167593834354
4 -2.5 -1 2.5 -1 2.5 1 -2.5 1 43.883674105586785 9.860542613242238 0.676729834389031 0.73623143864398688 4 -2 -2 2 -2 2 2 -2 2 55.714010131426669 43.187545679189569 -0.64508511854962114 -0.76411071830319288 0
4 -2.5 -1 2.5 -1 2.5 1 -2.5 1 14.355269829707481 11.883553760262828 -0.92184411282215373 -0.38756087477341705 3 -10 -8 12 -6 0 14 9.4430630267003508 4.3543593793590123 -0.42181435553215918 -0.90668222077362315 0
4 -4.5 -3 4.5 -3 4.5 3 -4.5 3 33.460879956021131 26.964208564489073 -0.95783787047195112 0.28730926523479489 3 -10 -8 12 -6 0 14 29.843458118652929 31.197150396079113 -0.47664821131801488 0.87909412615904614 1 0.40092384790672503 -5.7009269260379316
3 -10 -8 12 -6 0 14 18.216532893572555 11.635689692687984 0.83492768625289027 -0.55035966306443207 4 -85 -50 85 -50 85 50 -85 50 18.340306408797726 50.923214300866597 0.41808952910089753 -0.90840582652038826 1 -41.194571848925357 -18.959608847735343
4 -11 -7 11 -7 11 7 -11 7 54.777446376648896 5.079536942604892 -0.81731938299549534 -0.57618488888538433 5 -9 -12 11 -9 14 6 1 15 -11 5 15.101469699865024 0.98511920973319622 -0.99098962127014811 0.13393868199608547 0
4 -2.5 -1 2.5 -1 2.5 1 -2.5 1 13.813277853531741 10.555388612788159 0.1060662798809552 0.99435906204560476 4 -4.5 -3 4.5 -3 4.5 3 -4.5 3 18.102062141229489 20.448123913380769 -0.75369595107980047 -0.65722325987895081 0
4 -11 -7 11 -7 11 7 -11 7 35.46399509089018 54.670999438250114 -0.88235506627348825 -0.47058425071554216 3 -10 -8 12 -6 0 14 47.221597050895845 23.022790019124116 0.12082926971358007 -0.99267330354980476 0
3 -10 -8 12 -6 0 14 33.252684999513477 32.499891549848726 0.7423645384391333 0.66999618809964323 4 -85 -50 85 -50 85 50 -85 50 59.785706707242483 11.048366015702708 0.77085864099758339 0.63700624455287636 1 -15.919053407252189 19.264080973171303
3 -10 -8 12 -6 0 14 8.7812825961407199 51.461012732288559 -0.71117299591486705 -0.70301704807314058 4 -85 -50 85 -50 85 50 -85 50 56.409925610950609 28.408679448884605 -0.92457353563453781 0.38100364460756797 1 -41.674320546724822 17.173396601654883
4 -11 -7 11 -7 11 7 -11 7 51.080786626426452 36.249646456343896 0.71416134809334486 -0.69998112038075444 4 -4.5 -3 4.5 -3 4.5 3 -4.5 3 10.769080218548277 39.996233382442341 0.14114626724424489 0.98998875308915313 0
4 -2 -2 2 -2 2 2 -2 2 24.768774625979656 26.647562171898244 0.80076810232227258 -0.59897449553648474 4 -27 -18 27 -18 27 18 -27 18 4.546442273628319 48.396284266745816 0.62995077315863501 -0.77663506449093456 0
4 -11 -7 11 -7 11 7 -11 7 55.743569950257722 47.185899950752592 0.36322047981472183 0.931703216181614 4 -11 -7 11 -7 11 7 -11 7 49.736228604278402 57.002487689484298 -0.79405571249219842 -0.60784498472760884 1 4.4046008202215718 -5.7539315621927551
3 -10 -8 12 -6 0 14 54.471934416632962 53.493906533853576 0.7731562891183098 0.63421554111895151 4 -27 -18 27 -18 27 18 -27 18 54.239975615450092 18.701211354005569 -0.38388500624483729 -0.9233809083906821 1 2.8299678907197037 6.8070861824246238
3 -10 -8 12 -6 0 14 35.733883671539729 29.425802176852581 -0.94643882090811671 0.32288319602923565 3 -10 -8 12 -6 0 14 32.79395250372049 19.032617524020829 -0.35110882316965869 -0.93633465934590787 1 6.3150477290978841 6.3152449186874069
3 -10 -8 12 -6 0 14 40.346366193286499 3.3941037644607497 0.39104885316207189 -0.92036992260755046 3 -10 -8 12 -6 0 14 50.07860604080448 51.61170349662013 -0.98992684471159442 0.14157980830382111 0
3 -10 -8 12 -6 0 14 23.588656368484497 29.90139322793102 0.16447322530314368 -0.98638154796122446 4 -27 -18 27 -18 27 18 -27 18 21.243560237438778 3.3868448495403869 0.1813487089261766 -0.98341885571246235 1 -2.4021113178924796 13.026183519715126
4 -27 -18 27 -18 27 18 -27 18 12.355276153866146 50.458879107364147 0.8196803752075571 0.57282116100891234 5 -9 -12 11 -9 14 6 1 15 -11 5 47.841430919152806 43.906238562097222 -0.99256575942298797 0.12170954449453465 1 -3.63633183446886 5.203421321249416
4 -16 -0.5 16 -0.5 16 0.5 -16 0.5 30.007773766624993 57.579393374828669 -0.93760911476596454 0.34769116742848721 4 -2 -2 2 -2 2 2 -2 2 44.617049982601074 8.3351399404225717 0.18879915400559708 -0.982015722606706 0
4 -11 -7 11 -7 11 7 -11 7 17.046905308899262 34.061151071175658 -0.77407969967694301 -0.63308816017048819 4 -27 -18 27 -18 27 18 -27 18 17.626390976523961 33.379906679497495 0.96972326104917572 -0.24420646383777828 1 7.4447998898696763 29.562672148836626
4 -2.5 -1 2.5 -1 2.5 1 -2.5 1 11.245328070196097 28.60686908162749 -0.86287576054621729 0.50541608785414327 4 -2.5 -1 2.5 -1 2.5 1 -2.5 1 57.319029193710669 50.1759969540119 -0.8178025753937731 0.57549886853000154 0
4 -27 -18 27 -18 27 18 -27 18 8.2630564234717383 11.724947697466217 -0.99646448996176884 0.084015000120406969 4 -11 -7 11 -7 11 7 -11 7 1.2310411916935204 51.284349124436588 0.80130944829609263 0.59825008823351766 0
4 -4.5 -3 4.5 -3 4.5 3 -4.5 3 22.739281183206717 47.609918016690358 0.38106949908987875 0.92454639519246895 4 -2.5 -1 2.5 -1 2.5 1 -2.5 1 42.518566992419871 19.369707262165811 -0.5460524069706979 -0.8377510184067265 0
4 -4.5 -3 4.5 -3 4.5 3 -4.5 3 35.3469270223978 37.699896735426378 0.89147951332302011 -0.45306100839219354 4 -2 -2 2 -2 2 2 -2 2 46.089738552567681 6.3289700372978235 0.47519196387964202 0.87988214975882362 0
3 -10 -8 12 -6 0 14 16.742821775132729 55.701410864865572 0.0073619420242002865 0.99997290053762578 4 -11 -7 11 -7 11 7 -11 7 10.828710531178594 42.447377447572762 0.55394213793123659 0.83255516803643159 1 1.3539624576958214 2.9214317567186199
3 -10 -8 12 -6 0 14 4.5102514758668866 2.0687165082558656 0.62262792888714702 -0.78251802673785209 4 -16 -0.5 16 -0.5 16 0.5 -16 0.5 30.648529928700128 10.173974022595583 -0.084435562009796142 0.99642894170537311 0
3 -10 -8 12 -6 0 14 4.5961686640929056 16.26758792965472 -0.3743409419924868 0.92729114044520966 4 -4.5 -3 4.5 -3 4.5 3 -4.5 3 14.964111576889351 9.7995557040350807 -0.95679733797634769 -0.29075566037718797 1 -0.88655883432109905 2.9174225930371391
3 -10 -8 12 -6 0 14 54.395858918882411 53.899102756974138 -0.77734525156018397 -0.62907420856114771 5 -9 -12 11 -9 14 6 1 15 -11 5 7.7673091302788988 17.845024812706036 -0.60225400290258391 -0.79830452584700684 0
5 -9 -12 11 -9 14 6 1 15 -11 5 1.0774435160339801 47.466109057466213 0.20626323559726917 -0.97849653941183945 3 -10 -8 12 -6 0 14 18.379830229163886 19.224587042890473 -0.85291111938064934 0.52205614873962336 0
4 -4.5 -3 4.5 -3 4.5 3 -4.5 3 32.237882722655776 1.8239862981714405 0.64007865197847935 0.76830939033791112 4 -11 -7 11 -7 11 7 -11 7 45.438292861162424 5.895560954423269 -0.87652429160089418 -0.48135762820750083 1 -2.4144597626947233 -1.3259400063522344
4 -16 -0.5 16 -0.5 16 0.5 -16 0.5 17.7527911056569 40.371385929878528 0.94477364674128628 0.32772359759890823 4 -4.5 -3 4.5 -3 4.5 3 -4.5 3 12.060465144019272 26.629644675446777 0.99939299606902909 0.034837327798921597 0
4 -2 -2 2 -2 2 2 -2 2 56.439225265610354 36.015122360188926 0.55075388463603969 0.83466769349143488 5 -9 -12 11 -9 14 6 1 15 -11 5 46.249212196911095 43.352009364690161 -0.98204110301308334 -0.18866709303120835 1 0.42234123746315955 -0.34592143055665009
4 -2 -2 2 -2 2 2 -2 2 50.484237112526955 33.034326106708896 -0.38880378399137477 0.92132058348545998 4 -4.5 -3 4.5 -3 4.5 3 -4.5 3 25.537531915402297 31.887390512557175 0.59227772347005658 0.80573388800591428 0
3 -10 -8 12 -6 0 14 24.322566653350961 45.544982951153223 0.94070808909047099 0.3392171739752492 4 -11 -7 11 -7 11 7 -11 7 1.6013722069531955 19.308112011094231 -0.77897623549852957 -0.62705344630943494 0
3 -10 -8 12 -6 0 14 14.637783006278475 48.057228467012735 -0.915324751743264 -0.40271652417815201 5 -9 -12 11 -9 14 6 1 15 -11 5 43.739858897612436 40.170951679385325 -0.99600836377743385 -0.089259953424809052 0
5 -9 -12 11 -9 14 6 1 15 -11 5 35.798030248177362 57.058697605380978 0.94932250999640067 0.31430363029105118 4 -85 -50 85 -50 85 50 -85 50 13.030732655625339 51.928361582387005 0.91290988642535487 0.40816116824956017 1 24.577118064097657 -54.970182873544609
4 -85 -50 85 -50 85 50 -85 50 43.800768861022448 40.517749226695379 -0.99130810105909795 0.13156081777871889 4 -2 -2 2 -2 2 2 -2 2 2.4910599348116724 51.616547562671954 0.81281607415060653 -0.58252041131826082 1 44.901305250909864 -5.9590478800994084
4 -27 -18 27 -18 27 18 -27 18 50.837731175872413 1.1671710055023765 -0.34325159708438563 -0.9392434940413581 3 -10 -8 12 -6 0 14 9.7828677772456292 30.54266795403872 -0.31599741012045757 0.94876005227726745 0
3 -10 -8 12 -6 0 14 7.4739482147395497 37.501516008733603 -0.083025719836902823 -0.99654740471568337 3 -10 -8 12 -6 0 14 25.670497463672572 22.308892313029055 -0.61230430181818651 0.79062218661946437 0
4 -27 -18 27 -18 27 18 -27 18 59.806705256434221 15.936828394493565 0.9286654352929149 0.37091846717603699 4 -16 -0.5 16 -0.5 16 0.5 -16 0.5 50.566600713010395 12.420276322323481 -0.73229191343168665 0.68099086155583544 1 16.163758494475147 17.381422137037568
4 -2.5 -1 2.5 -1 2.5 1 -2.5 1 37.257876109985347 33.057433662807945 0.89750267864248656 0.44100900424998291 5 -9 -12 11 -9 14 6 1 15 -11 5 1.0390329461875569 8.2609410544578221 -0.95503206168499277 0.29650254830896827 0
4 -16 -0.5 16 -0.5 16 0.5 -16 0.5 3.1571146978658504 22.910544403195161 0.89927071884899956 0.43739247160965594 4 -16 -0.5 16 -0.5 16 0.5 -16 0.5 20.782095420016166 34.432644864172744 -0.83683615667048106 -0.54745341983494633 1 0.15924207728807455 -0.32739872450674662
3 -10 -8 12 -6 0 14 36.959527656521772 40.09434037360105 -0.99843728330985515 -0.055883730162149814 5 -9 -12 11 -9 14 6 1 15 -11 5 28.898746585885743 32.563012635243979 -0.87173183236677931 0.48998327771308425 1 9.1497579739232808 6.2105446654703904
4 -4.5 -3 4.5 -3 4.5 3 -4.5 3 47.542896445413476 58.921048405368502 0.96922498997308804 -0.24617660086138854 3 -10 -8 12 -6 0 14 58.938079828546805 37.204246090821741 0.37793348858426251 0.92583274850619168 0
4 -4.5 -3 4.5 -3 4.5 3 -4.5 3 15.732014836258148 13.177506704891439 -0.74236703577452323 -0.6699934210090035 4 -85 -50 85 -50 85 50 -85 50 4.0178970067457325 3.9080443908975404 -0.53643420375315665 0.84394214555484592 1 33.825006622830443 21.500159211427967
4 -2.5 -1 2.5 -1 2.5 1 -2.5 1 58.725542067774121 56.806811108182153 -0.53707687368754298 0.84353330209898347 4 -2.5 -1 2.5 -1 2.5 1 -2.5 1 2.8676887115491612 1.9114356105724428 0.66303506671720158 -0.74858833834312166 0
4 -27 -18 27 -18 27 18 -27 18 31.968850654440917 30.285982642926744 -0.16831403086083657 -0.9857334259399837 4 -85 -50 85 -50 85 50 -85 50 50.296651498697074 5.3604943101346407 0.99439960432643126 -0.10568550948657526 1 5.8374976735044912 54.925272206088813
4 -2 -2 2 -2 2 2 -2 2 38.505029143479788 50.548597235625699 0.95085088756542491 0.3096491395370633 4 -27 -18 27 -18 27 18 -27 18 13.330469005089096 37.553592445005329 0.42262050774523524 0.90630673970414655 1 3.1746577928597635 -1.4803768189716162
3 -10 -8 12 -6 0 14 21.890100280388641 1.4268731317221994 -0.44860228680071818 -0.89373149674673891 4 -11 -7 11 -7 11 7 -11 7 55.568072542062673 8.622534920031466 0.66062684957172846 -0.75071443680332461 0
4 -4.5 -3 4.5 -3 4.5 3 -4.5 3 1.8770529302392314 49.162035032637455 -0.76923751658527606 -0.63896294343077287 4 -85 -50 85 -50 85 50 -85 50 45.268065763310076 17.442710853365288 0.89850375690908857 -0.43896582876148055 1 -32.950568472530314 16.09806691010829
4 -85 -50 85 -50 85 50 -85 50 5.7932738175093608 2.2913946825487375 0.22531475560065609 -0.97428602623080696 4 -85 -50 85 -50 85 50 -85 50 10.847497486351671 40.347952501763437 -0.706867334046413 0.70734614727028577 1 -75.641506578522112 -75.590303707391442
3 -10 -8 12 -6 0 14 4.321007743717324 42.069360790243763 -0.69534146523454343 -0.71867951600520674 4 -16 -0.5 16 -0.5 16 0.5 -16 0.5 51.649340390617283 32.293906533107531 -0.51413001995618723 -0.85771226094760389 0
4 -4.5 -3 4.5 -3 4.5 3 -4.5 3 51.502413289588844 24.084933916638896 0.65168492920927334 -0.75848978440154635 4 -11 -7 11 -7 11 7 -11 7 32.87089926396542 41.748618752912627 -0.99788671273725194 -0.064977754212047142 0
5 -9 -12 11 -9 14 6 1 15 -11 5 51.876590575112587 53.231708810633656 -0.32983222686376518 0.94403956597278793 4 -27 -18 27 -18 27 18 -27 18 28.460749670793646 39.574203650579975 0.99805825329431819 -0.06228742273601174 1 0.93361076968198486 14.959648242226001
4 -11 -7 11 -7 11 7 -11 7 53.318519806796552 43.450653238449974 0.5269090010379528 -0.8499217049971054 4 -4.5 -3 4.5 -3 4.5 3 -4.5 3 13.645633672582742 12.875150138529536 -0.013926286247383778 -0.99990302457356128 0
4 -4.5 -3 4.5 -3 4.5 3 -4.5 3 10.242760906403795 24.900760668502922 -0.99997667922012423 -0.0068294228081657729 4 -4.5 -3 4.5 -3 4.5 3 -4.5 3 52.120150419928187 2.3860031795124836 -0.97335179910166214 0.22931697535411028 0
5 -9 -12 11 -9 14 6 1 15 -11 5 34.84673399316177 51.967122847315132 0.6608889105923984 0.75048374256608175 3 -10 -8 12 -6 0 14 2.5668128522549627 58.063043969569868 -0.99120596099662517 0.13232816361136765 0
3 -10 -8 12 -6 0 14 12.045877735044986 55.098970524107131 0.78732614969948145 0.61653672558850026 5 -9 -12 11 -9 14 6 1 15 -11 5 29.759480293693244 28.014442398907573 0.93600955729223811 -0.3519745852438616 0
4 -4.5 -3 4.5 -3 4.5 3 -4.5 3 18.663876921380172 0.92858635678984003 -0.51756333646376029 0.85564489874509309 4 -27 -18 27 -18 27 18 -27 18 32.038890650818523 12.719915575404917 -0.99996134692971883 -0.0087923060969580663 1 0.10311190416923512 -11.727061983570998
3 -10 -8 12 -6 0 14 7.741757373097597 38.503516098730699 -0.99284726256706624 -0.11939142855784468 4 -2 -2 2 -2 2 2 -2 2 17.596957404035884 10.016356747546499 0.46737954705428492 0.8840567623152551 0
4 -16 -0.5 16 -0.5 16 0.5 -16 0.5 13.263722066951548 53.8097912009246 0.75716280790240587 -0.65322621068764875 5 -9 -12 11 -9 14 6 1 15 -11 5 49.179493925338292 20.175666579867592 -0.73404746847381785 -0.67909816229112219 0
4 -16 -0.5 16 -0.5 16 0.5 -16 0.5 44.920085593926359 33.211888130033991 -0.98977235548380271 0.14265582469722321 3 -10 -8 12 -6 0 14 6.6617801309923586 1.2443043561000855 0.83425651904967946 0.55137651421067235 0
3 -10 -8 12 -6 0 14 50.116902739818642 38.59213951159586 -0.66993795094596253 -0.74241709428213265 4 -2 -2 2 -2 2 2 -2 2 49.20900211031968 46.87031934585152 0.99831517837227879 -0.058024172820688516 1 3.3127529394772632 -2.4843794605694813
3 -10 -8 12 -6 0 14 22.17466350916883 23.879247303748514 0.035693159546318236 -0.99936279616643775 5 -9 -12 11 -9 14 6 1 15 -11 5 43.358575375783943 53.432844999921471 0.84460534412071819 0.53538940284873338 0
4 -2.5 -1 2.5 -1 2.5 1 -2.5 1 53.500140399618772 50.554706565968601 0.98524176987697187 0.17116849853197849 5 -9 -12 11 -9 14 6 1 15 -11 5 52.225683217626987 32.20766760104037 0.63499642753260688 0.77251507235835004 0
3 -10 -8 12 -6 0 14 6.4394129908397506 56.61397917516647 -0.55818717172637577 0.82971506031896847 4 -85 -50 85 -50 85 50 -85 50 33.91800761657607 26.245735644671381 -0.52467825785969691 0.85130060832194487 1 -43.359441942845706 -26.723528960215958
4 -16 -0.5 16 -0.5 16 0.5 -16 0.5 29.158893511776533 38.832428124748994 0.4741986981719189 -0.88041785230199487 4 -27 -18 27 -18 27 18 -27 18 3.7190797773306583 0.18916327430838598 -0.64762628853836424 -0.76195812902942606 0
4 -2.5 -1 2.5 -1 2.5 1 -2.5 1 39.22963155222137 13.722269219621303 0.96165668616450439 -0.27425611744335587 4 -27 -18 27 -18 27 18 -27 18 15.088973355122619 12.61395635334835 0.78366965593573157 -0.62117780897708519 1 2.4945722100322132 3.1471190974481478
4 -2 -2 2 -2 2 2 -2 2 41.139210441772356 51.501498873682252 -0.98119325677219604 0.19302795876445311 4 -2.5 -1 2.5 -1 2.5 1 -2.5 1 44.353857006701837 29.426890212901938 -0.62105141967017541 -0.78376982215804891 0
3 -10 -8 12 -6 0 14 23.122486526416932 50.024672863617738 -0.51742763161509464 -0.8557269693314532 4 -16 -0.5 16 -0.5 16 0.5 -16 0.5 58.193255261854077 52.190760083344635 -0.050532095948854848 0.9987224375566095 0
4 -2 -2 2 -2 2 2 -2 2 11.610707999914656 21.932015496206954 0.94566713830821825 0.32513637680817153 5 -9 -12 11 -9 14 6 1 15 -11 5 32.503627018265469 0.67680542298660384 0.96915616265219251 -0.24644742318246515 0
4 -85 -50 85 -50 85 50 -85 50 33.387914860304569 37.311917038207142 0.36021581435638195 -0.93286899781671839 4 -16 -0.5 16 -0.5 16 0.5 -16 0.5 16.724342232085181 9.9036224375423902 0.81269039841999025 0.58269573219301807 1 37.49766221117099 14.479258032445911
4 -85 -50 85 -50 85 50 -85 50 14.883850395079854 11.147120694250779 0.037182598783143797 -0.99930848807949779 5 -9 -12 11 -9 14 6 1 15 -11 5 56.97753920302781 49.272631441295658 0.8276963495226789 0.56117622275612444 1 -18.482974932967828 -0.68772060825002679
4 -2 -2 2 -2 2 2 -2 2 38.37021190693202 24.126030244067024 0.55181843184240154 0.83396427877876933 4 -11 -7 11 -7 11 7 -11 7 35.887543070683911 6.3857103608746861 -0.97127963389377536 0.2379409018709768 0
4 -2 -2 2 -2 2 2 -2 2 27.74874450995117 3.1583730239398555 -0.11064365065491724 0.99386014235895015 3 -10 -8 12 -6 0 14 56.540770784864151 41.870040464328177 0.74024600888700698 -0.67233611112810032 0
4 -16 -0.5 16 -0.5 16 0.5 -16 0.5 12.365321703672778 21.697485353476893 0.99999999060235611 -0.00013709590656562951 3 -10 -8 12 -6 0 14 6.4211328606258729 12.445420724544238 0.94795260219331068 -0.31841146963470218 1 0.00061954572165551529 4.5190679383024541
4 -4.5 -3 4.5 -3 4.5 3 -4.5 3 21.993646898690852 7.57715419492955 -0.97309710703655583 -0.23039535645729869 4 -11 -7 11 -7 11 7 -11 7 22.162490453162732 53.478737044430879 -0.93343142083642938 0.35875588161768812 0
4 -85 -50 85 -50 85 50 -85 50 5.0958459944754981 52.313583370418307 -0.7862660855111655 0.61788805035778815 5 -9 -12 11 -9 14 6 1 15 -11 5 26.175231130310678 50.171693478835643 -0.99963421905948568 -0.027044927164484738 1 -32.266097520743799 -41.058794028572649
4 -11 -7 11 -7 11 7 -11 7 35.392942447882881 27.425018135390413 0.98212027059291873 -0.18825454600219371 5 -9 -12 11 -9 14 6 1 15 -11 5 34.369799438578404 32.213783903477825 -0.85015810029053995 0.52652749644285446 1 -3.0391024489846337 -15.854937811284563
3 -10 -8 12 -6 0 14 19.979569102598418 11.430307237297564 0.96485513966406045 -0.2627823423745333 4 -16 -0.5 16 -0.5 16 0.5 -16 0.5 33.136134861542466 49.755262508482723 0.013718655791180605 -0.99990589481374847 0
4 -27 -18 27 -18 27 18 -27 18 19.268034094108447 44.01092626778771 0.90265304826462722 -0.43036899802213519 3 -10 -8 12 -6 0 14 38.107377252308446 38.711273625846324 -0.31587363366732846 -0.94880126873534398 1 -15.241252866571418 7.2667596230898175
3 -10 -8 12 -6 0 14 47.26808406191536 37.76163132153799 -0.095038678376248936 0.99547358056981905 4 -85 -50 85 -50 85 50 -85 50 3.1765951561942241 7.6984770928958017 0.86416198333139549 -0.50321373844992434 1 5.0301392122074242 8.6381883997126874
4 -85 -50 85 -50 85 50 -85 50 50.422838659353729 24.565545135324534 -0.91369146535376988 0.40640854584971597 4 -85 -50 85 -50 85 50 -85 50 6.8684410302871202 10.090539831686641 -0.56405761171414404 0.82573543624295054 1 76.845744414910072 52.4931172413878
3 -10 -8 12 -6 0 14 9.3319361211274057 34.374339001533734 0.81433273184378951 -0.58039831309871226 3 -10 -8 12 -6 0 14 37.219648418363576 53.661557278210026 -0.060002929746333228 0.99819820097105794 0
4 -27 -18 27 -18 27 18 -27 18 31.769210241240042 46.711665532011757 -0.25776053027726581 -0.9662088330330989 4 -2.5 -1 2.5 -1 2.5 1 -2.5 1 31.384824973280448 56.668711681090706 -0.38297111847895349 -0.92376031653832125 1 15.829527914488956 -4.2229250755956196
3 -10 -8 12 -6 0 14 47.436205934461441 13.326212949555574 -0.61724932354094653 0.78676761028161535 3 -10 -8 12 -6 0 14 35.335605591575266 15.281704434897577 0.33356527019519489 -0.94272700742028526 1 5.4759161152698264 -2.0933162793282865
3 -10 -8 12 -6 0 14 12.535098158080542 28.705439209548686 -0.16840851023751374 0.98571728892192068 3 -10 -8 12 -6 0 14 10.610932983682455 51.784414575288721 0.84289311493449504 -0.53808103181214639 1 -0.29446383012763377 -0.56908260266110833
4 -11 -7 11 -7 11 7 -11 7 28.305834888219451 57.059601854262134 0.0838557697281547 -0.99647790235574152 3 -10 -8 12 -6 0 14 46.326954520607124 9.1150681895721917 -0.99934538615912416 -0.036177329399377317 0
3 -10 -8 12 -6 0 14 9.6793882970789635 46.384735830948983 -0.83964164443939282 0.54314078186333248 4 -4.5 -3 4.5 -3 4.5 3 -4.5 3 6.9733684244429384 27.655290788377648 0.42937142085431546 0.90312799920805598 0
4 -16 -0.5 16 -0.5 16 0.5 -16 0.5 9.669368506299902 26.393613603930802 0.44284573130564037 -0.89659782414657496 5 -9 -12 11 -9 14 6 1 15 -11 5 42.634980078082222 25.727545678826388 -0.64790931757279235 0.76171747794202449 0
4 -85 -50 85 -50 85 50 -85 50 6.7979120583232566 21.787261621001754 -0.18807218674002404 0.98215520798640865 3 -10 -8 12 -6 0 14 44.635824421647271 9.6970858705355667 -0.99999796678871222 0.0020165362485035326 1 -25.292555643979497 -4.8432530923083874
3 -10 -8 12 -6 0 14 1.2544462969250048 23.97931768767284 -0.9642374570061425 0.26503985833517102 4 -2 -2 2 -2 2 2 -2 2 59.801026897847997 49.560495345737493 -0.88605145316363654 0.46358690916224982 0
4 -16 -0.5 16 -0.5 16 0.5 -16 0.5 6.6343116437571688 16.283606080587695 -0.68407835171765485 -0.72940853347850032 4 -2.5 -1 2.5 -1 2.5 1 -2.5 1 34.929815063757438 14.228883497158463 -0.91294288065983464 -0.40808736399516576 0
5 -9 -12 11 -9 14 6 1 15 -11 5 55.589570948701379 3.9257550526753504 0.47028040030579971 0.88251705087676169 3 -10 -8 12 -6 0 14 32.533324686129546 3.2983913626753769 -0.11323402346128224 -0.99356834487153911 1 1.4469145573842421 0.30103958676821113
4 -2 -2 2 -2 2 2 -2 2 15.119838203285607 39.100007048997583 0.73954204579848193 -0.67311036427631687 4 -2.5 -1 2.5 -1 2.5 1 -2.5 1 16.895364087790313 3.1169002646364885 -0.91039363714041566 -0.41374318780403535 0
4 -4.5 -3 4.5 -3 4.5 3 -4.5 3 56.088479107568617 36.049334682244741 0.47208701452849872 0.88155195576526801 4 -2 -2 2 -2 2 2 -2 2 43.828407878115677 1.4099037213750187 -0.95117687689703156 0.30864631677116983 0
4 -27 -18 27 -18 27 18 -27 18 52.458993286828189 50.731391412988486 0.31857760225458376 0.94789678306328284 3 -10 -8 12 -6 0 14 10.858943597855282 7.1818200940949684 -0.93756698960851348 0.34780474406832013 0
4 -2 -2 2 -2 2 2 -2 2 42.014756852414052 32.134339105487214 0.83323672500783885 0.55291641330151442 4 -2.5 -1 2.5 -1 2.5 1 -2.5 1 49.018886466012937 6.4955034824925146 -0.52572263436522482 0.8506560478337224 0
4 -2 -2 2 -2 2 2 -2 2 58.923794263280996 14.361099551210298 -0.45068777816346789 0.8926816490855386 4 -2.5 -1 2.5 -1 2.5 1 -2.5 1 2.8603712268192161 40.388358520293281 0.62547305258504404 -0.78024576928679767 0
4 -4.5 -3 4.5 -3 4.5 3 -4.5 3 3.5707811362315778 35.991745969593666 0.92790423040157877 0.37281864116867053 3 -10 -8 12 -6 0 14 11.723602408793957 9.5176445741343123 0.61965639820300555 -0.78487320515232151 0
4 -11 -7 11 -7 11 7 -11 7 48.382823679469233 38.406799398797467 0.54732542842905652 -0.83691987393952461 4 -16 -0.5 16 -0.5 16 0.5 -16 0.5 12.873104111582256 31.778010828001658 -0.99998950576140755 0.0045813062608733466 0
4 -16 -0.5 16 -0.5 16 0.5 -16 0.5 53.26848770761449 25.758905951688437 -0.97669202550038825 0.21464549220505205 3 -10 -8 12 -6 0 14 18.992261761350683 24.852396743870223 -0.43617855453028453 0.89986013833699263 0
4 -4.5 -3 4.5 -3 4.5 3 -4.5 3 49.960132702217628 55.927826432931127 -0.30952566960368122 0.95089108727361238 4 -2 -2 2 -2 2 2 -2 2 47.117406707597517 59.97628526127464 0.075855000131000175 0.99711885899080555 1 0.73708341297856628 -2.264387470273316
3 -10 -8 12 -6 0 14 49.277591265123917 45.882828284783677 -0.78670851376045503 -0.61732464261263365 4 -2 -2 2 -2 2 2 -2 2 47.822978401265374 30.103466994922176 -0.91625356665044511 0.40059880379294488 0
4 -85 -50 85 -50 85 50 -85 50 54.705689917952519 18.458999097079392 0.88364063901180023 0.46816580512337436 4 -4.5 -3 4.5 -3 4.5 3 -4.5 3 17.482004914270824 33.816133226658501 0.92274975543099835 -0.38539964822510236 1 11.415893801878768 -21.546955338450367
4 -2 -2 2 -2 2 2 -2 2 18.484166067735426 56.146821950160884 -0.030202264149822945 0.99954380756434302 4 -2 -2 2 -2 2 2 -2 2 57.235973726628728 40.872834275890014 0.21398910498401799 0.97683604711749805 0
3 -10 -8 12 -6 0 14 21.531146365271876 11.013897631182903 0.99997954961263347 -0.0063953386552094522 4 -85 -50 85 -50 85 50 -85 50 14.403884509429099 19.462784640791561 -0.75016093518134708 0.66125529965955421 1 -38.971847039513534 -44.211603651354537
4 -2 -2 2 -2 2 2 -2 2 34.06088540324604 11.017029378624333 -0.70188504711920707 0.71229023623131915 4 -85 -50 85 -50 85 50 -85 50 40.106218673013842 31.057420392144937 -0.091856809800595254 0.99577222621102324 1 -44.763805260402087 -4.1293181688763605
3 -10 -8 12 -6 0 14 29.907466297862268 5.0307886412615543 -0.73066626457897776 0.68273480195915248 4 -27 -18 27 -18 27 18 -27 18 51.270624190148133 52.644993197062533 -0.51507366156789169 0.85714591707540966 0
3 -10 -8 12 -6 0 14 25.312728224155659 52.761999558287542 0.97143843301095412 -0.23729174210077794 3 -10 -8 12 -6 0 14 29.514080090691991 1.4308068090536086 0.90473982893250005 -0.42596460174900747 0
4 -2 -2 2 -2 2 2 -2 2 46.332271805921593 46.759248494494969 0.95733791299817916 0.2889707949539031 3 -10 -8 12 -6 0 14 43.003471545338975 37.745215346628676 0.9887317425312786 -0.14969816736039726 1 2.6638150428332001 1.0954616466787519
3 -10 -8 12 -6 0 14 27.134035388156473 6.2850814350746909 -0.92581158280773079 0.37798533455551458 4 -11 -7 11 -7 11 7 -11 7 26.116888287637014 31.809458772471167 -0.95378565166503537 0.30048782118066586 0
4 -11 -7 11 -7 11 7 -11 7 16.288177559394008 32.746260852836286 -0.91923588831279734 -0.39370722832808436 3 -10 -8 12 -6 0 14 23.576801699580404 50.072178336274042 -0.80975013118098338 -0.58677485039185195 1 -0.46903730850016728 -1.0992295288358302
3 -10 -8 12 -6 0 14 22.474744924644753 58.369126088155191 -0.37598489047298561 0.92662579401612655 3 -10 -8 12 -6 0 14 27.241763489618691 28.920664957933202 -0.34551303597746624 0.93841395022113461 0
4 -2.5 -1 2.5 -1 2.5 1 -2.5 1 24.969083113076255 22.608538851064477 -0.99249996919815908 -0.12224488186281329 4 -2 -2 2 -2 2 2 -2 2 36.110439673423926 5.8647388279937189 -0.97778734429280401 -0.2095994020526433 0
3 -10 -8 12 -6 0 14 36.304726306820164 8.5210961485168433 -0.74662345464773228 0.66524688422410938 4 -11 -7 11 -7 11 7 -11 7 18.741412298484615 12.39256739787815 0.54742312126908599 0.83685597703548231 0
4 -11 -7 11 -7 11 7 -11 7 28.344535625412874 23.849944120306677 0.0012547365400593145 0.99999921281779769 4 -27 -18 27 -18 27 18 -27 18 6.6779721558385212 57.79669473347861 -0.067211928694990181 0.99773872163061783 1 0.21018494033200494 -3.1201255155841641
3 -10 -8 12 -6 0 14 4.5976979793687818 44.803336117802743 -0.2473046480128043 -0.96893777461262343 4 -16 -0.5 16 -0.5 16 0.5 -16 0.5 22.845240355714772 55.495335337183889 -0.87724784626693386 0.48003772374681752 0
3 -10 -8 12 -6 0 14 48.366702547225913 14.341416699383991 -0.076848890031599296 0.99704275139078724 4 -11 -7 11 -7 11 7 -11 7 26.542452939073527 13.497794775965746 0.99660680003940483 -0.082309696362079132 1 3.1312600125619872 -0.25861057826868811
4 -85 -50 85 -50 85 50 -85 50 29.630102105124649 23.79536778914796 -0.77646461761546437 0.63016085057013072 4 -11 -7 11 -7 11 7 -11 7 6.0316681906606302 5.7612264092083194 -0.12458983902583366 0.9922083309524854 1 21.293881573287877 26.237659160185942
4 -4.5 -3 4.5 -3 4.5 3 -4.5 3 15.552291323568861 54.758930016234025 0.99995174933101216 0.0098233909546851274 4 -16 -0.5 16 -0.5 16 0.5 -16 0.5 52.827561423803914 0.39955232065913115 0.46203358416606549 -0.88686242851000252 0
4 -2 -2 2 -2 2 2 -2 2 25.873047276068029 44.935595171669682 0.018547105264132044 -0.99982798764903613 4 -2.5 -1 2.5 -1 2.5 1 -2.5 1 49.013764463943858 39.866019945335353 -0.91766828613542017 -0.39734735008715066 0
4 -16 -0.5 16 -0.5 16 0.5 -16 0.5 13.881381298502095 14.329102203836047 0.5386465384013932 -0.84253184311822682 4 -2 -2 2 -2 2 2 -2 2 6.869241209803814 26.431604999051483 -0.11646188379423161 -0.99319516190077106 1 -2.2776344957146346 -1.4561347999854013
4 -27 -18 27 -18 27 18 -27 18 4.3353702381616639 59.984667324470621 0.32205149975987174 0.94672215116285163 4 -11 -7 11 -7 11 7 -11 7 19.644293481312026 19.502132805179212 0.33509943668484826 -0.94218276758466424 1 -0.023463117937904183 0.065970106108207333
4 -11 -7 11 -7 11 7 -11 7 2.1303297389087095 48.81626055170409 0.96170153176400186 0.27409882123564927 4 -27 -18 27 -18 27 18 -27 18 5.8479122205289169 20.548279118593811 -0.9963144217715959 0.085776296084236106 1 0.052236236625685446 0.60673773833897937
4 -27 -18 27 -18 27 18 -27 18 23.930717750400976 41.288891990111694 0.95030501517275723 -0.31132037860940881 4 -11 -7 11 -7 11 7 -11 7 22.524569960552579 17.890850153389476 0.93999423892480083 0.34119031461661453 1 2.3728869611391152 7.2432340911344211
4 -11 -7 11 -7 11 7 -11 7 48.769811360155281 11.177086985974093 -0.47362236591427453 -0.88072802527554728 4 -4.5 -3 4.5 -3 4.5 3 -4.5 3 16.64343591738243 33.053416293055463 -0.36937568171012147 -0.92928015461494873 0
4 -2.5 -1 2.5 -1 2.5 1 -2.5 1 35.976463997124313 12.884660798758665 -0.93470664823533112 0.3554201481974158 5 -9 -12 11 -9 14 6 1 15 -11 5 59.412555039029762 56.801390291992959 -0.91178116392306086 0.41067640438075881 0
4 -11 -7 11 -7 11 7 -11 7 54.743075518238051 45.650784523596947 -0.95639248862436632 0.29208458997847059 5 -9 -12 11 -9 14 6 1 15 -11 5 30.971943618306618 3.8668778355810396 0.89173645779828181 -0.45255506828823955 0
4 -4.5 -3 4.5 -3 4.5 3 -4.5 3 35.553295494616336 52.88121456164837 -0.54874060380881684 -0.83599267325230497 4 -27 -18 27 -18 27 18 -27 18 9.1817144643964266 13.78306901213724 -0.98421150701488325 0.17699635436780151 0
3 -10 -8 12 -6 0 14 48.160285308437089 26.628783646435693 0.27246201849419982 0.96216653884764991 4 -2.5 -1 2.5 -1 2.5 1 -2.5 1 42.578773010251389 10.789135425027016 -0.19717235577768946 0.98036883983380263 0
4 -27 -18 27 -18 27 18 -27 18 52.278934518223181 8.6803786891374308 0.940835668474713 -0.3388631654897592 4 -2.5 -1 2.5 -1 2.5 1 -2.5 1 0.38261829088730659 52.849944597647479 0.97077413613933428 -0.23999495120299799 0
4 -16 -0.5 16 -0.5 16 0.5 -16 0.5 44.236271274798803 17.605452415964542 0.2733241596839372 -0.96192198422380881 4 -85 -50 85 -50 85 50 -85 50 5.9670203880933297 59.759860010981335 0.99790987699984224 -0.064621028977878345 1 -1.6575383545476925 -25.596526729332123
4 -11 -7 11 -7 11 7 -11 7 57.970430365954918 30.702310794704701 -0.9375616011311857 -0.34781926928266549 4 -11 -7 11 -7 11 7 -11 7 55.939154123992111 46.919675835175312 0.9800686440227212 0.19865913772959071 0
4 -11 -7 11 -7 11 7 -11 7 58.939445985382449 51.629221511338784 -0.62133881408270342 0.78354200788107065 4 -2 -2 2 -2 2 2 -2 2 23.364366350437351 3.1662498716073562 0.16691793331118177 0.98597079243714103 0
4 -27 -18 27 -18 27 18 -27 18 32.990167063299076 34.597709233931312 0.83797131366254496 -0.54571428190827909 4 -2 -2 2 -2 2 2 -2 2 16.727777059598118 1.6852835707025737 -0.99884881766926659 0.047969150927529999 0
4 -2.5 -1 2.5 -1 2.5 1 -2.5 1 3.3492368539070783 54.912713956181832 -0.16223185145817026 -0.98675266727405109 4 -85 -50 85 -50 85 50 -85 50 5.9336031313572164 13.119853099174357 -0.38405597786667284 0.92330981033717696 1 35.553005689783674 14.788475345347972
4 -11 -7 11 -7 11 7 -11 7 25.173923557277266 10.687281199217367 -0.91635295279224038 0.40037140995448461 4 -2.5 -1 2.5 -1 2.5 1 -2.5 1 1.6633129396903112 55.68645910663853 -0.73915517140826503 -0.67353517545887553 0
3 -10 -8 12 -6 0 14 44.794075417176863 47.226535751617462 -0.94430113406088201 -0.32908261608801548 4 -4.5 -3 4.5 -3 4.5 3 -4.5 3 28.539051563895601 51.600305274387253 0.99952533637453855 0.030807498200365786 1 0.35665438451986153 -0.78596555581356808
4 -85 -50 85 -50 85 50 -85 50 31.575447446609523 39.740880775057008 -0.94713103523688724 -0.32084700729647198 3 -10 -8 12 -6 0 14 43.59313982317255 45.635928350463011 -0.79696918903387837 -0.60401995971216238 1 19.749195178691199 -58.29904985651028
5 -9 -12 11 -9 14 6 1 15 -11 5 4.5954565678567683 57.806061467873249 -0.9920198433066505 -0.12608184042854265 4 -2.5 -1 2.5 -1 2.5 1 -2.5 1 43.917382277373932 53.303722402909351 -0.44923577962921496 0.89341323826151775 0
4 -85 -50 85 -50 85 50 -85 50 19.672515252674067 35.46314401473316 -0.0015185230153473546 -0.99999884704326125 4 -11 -7 11 -7 11 7 -11 7 41.342759191836109 50.913545116421666 -0.67308771587154115 -0.73956265910525221 1 -40.928885851362836 0.062151526815840831
4 -4.5 -3 4.5 -3 4.5 3 -4.5 3 22.317860957302031 3.7114385387511173 -0.93382404933265295 -0.35773264442592739 4 -85 -50 85 -50 85 50 -85 50 11.107204920149885 41.871022602202096 -0.9549704079718585 0.29670106150477799 1 -6.535123357377782 -21.034132426388307
4 -27 -18 27 -18 27 18 -27 18 58.39549530307287 33.843018106554503 -0.94503818027540942 -0.32695999422214145 4 -27 -18 27 -18 27 18 -27 18 47.996419724080781 55.039347577498944 -0.9949933121524912 -0.099941526763479518 1 5.9885638451524725 -17.30921696444889
5 -9 -12 11 -9 14 6 1 15 -11 5 0.22114142615420995 54.038021972562142 0.83720960558490742 -0.54688214115690759 4 -85 -50 85 -50 85 50 -85 50 29.676137334875399 49.287318935385187 -0.98338258662199374 -0.18154527900399092 1 -9.8188022144275227 53.185845273019943
4 -2 -2 2 -2 2 2 -2 2 8.3823784963508103 24.135456535903614 0.072922242010334523 -0.99733762920095725 4 -85 -50 85 -50 85 50 -85 50 15.680418675210099 54.419814572094033 0.93139265191820331 0.36401610946876606 1 9.810651573449146 -25.102100012484016
4 -2.5 -1 2.5 -1 2.5 1 -2.5 1 23.631457199887699 55.375314813019294 0.5394863813791636 0.84199432557851339 3 -10 -8 12 -6 0 14 41.45113790316524 51.838966866981217 -0.99564684506508816 0.093206007917603459 0
4 -2 -2 2 -2 2 2 -2 2 10.791486950831908 30.560823332371765 0.81384636264562726 0.58108011324470765 5 -9 -12 11 -9 14 6 1 15 -11 5 23.301343335049594 45.498213389638721 0.49208891993885356 -0.87054494132894289 0
4 -27 -18 27 -18 27 18 -27 18 44.178545172593914 37.128441887201923 -0.82436350088121524 -0.56606079038815849 4 -4.5 -3 4.5 -3 4.5 3 -4.5 3 8.344396117492634 43.137532835349504 -0.95325998451488669 -0.30215128979151806 0
4 -85 -50 85 -50 85 50 -85 50 15.816020895592938 24.378205052688923 0.43613746499522082 0.89988005402250282 4 -2 -2 2 -2 2 2 -2 2 13.705328001585428 18.388849020321913 -0.91012051531356086 0.41434363468669155 1 -46.195130385608095 22.389013926292666
3 -10 -8 12 -6 0 14 26.417478839907535 36.867752781540048 -0.26824758823630929 -0.96335000462210174 4 -4.5 -3 4.5 -3 4.5 3 -4.5 3 49.699114120261356 58.007452498701738 -0.88711657447719794 -0.46154542927846443 0
4 -27 -18 27 -18 27 18 -27 18 10.674897162889463 34.410475457310966 0.96844890371523196 0.24921220052951928 4 -16 -0.5 16 -0.5 16 0.5 -16 0.5 50.787746313834013 1.7254260541665967 -0.93066173788316164 -0.36588075877298248 0
4 -2 -2 2 -2 2 2 -2 2 42.134207581364045 43.179600254310081 -0.79635742178647262 -0.60482630297102824 4 -11 -7 11 -7 11 7 -11 7 8.3952183544677759 21.476210098714819 0.021181341836730233 0.99977565021258419 0
5 -9 -12 11 -9 14 6 1 15 -11 5 31.996485182850716 22.190463805513556 0.88068440236668488 -0.47370347626762788 4 -11 -7 11 -7 11 7 -11 7 19.247083796055154 9.0682589188783389 0.95408855499852063 -0.29952467214043477 1 0.44357269662597404 1.2358455390738179
4 -4.5 -3 4.5 -3 4.5 3 -4.5 3 35.91158673407962 20.733649395571092 0.68252287571334291 0.73086423098136954 4 -85 -50 85 -50 85 50 -85 50 11.963129152073005 59.66903909787613 -0.24128273310388049 -0.97045486381692248 1 21.518456694123692 -5.3501015213780621
4 -2 -2 2 -2 2 2 -2 2 23.888631849226666 37.411185064083497 -0.76942208812283241 -0.63874067532035272 3 -10 -8 12 -6 0 14 48.494893701337212 10.862481836344873 0.99968682525301422 -0.025025015795189839 0
5 -9 -12 11 -9 14 6 1 15 -11 5 58.127454534436851 11.288433730728462 -0.12637659224093845 0.9919823370068479 4 -4.5 -3 4.5 -3 4.5 3 -4.5 3 10.895999240103533 36.101398405265329 0.83348278245913332 0.55254542921300231 0
4 -4.5 -3 4.5 -3 4.5 3 -4.5 3 39.414260861443829 6.6827805558417852 -0.9070598667156019 -0.42100166055952143 4 -11 -7 11 -7 11 7 -11 7 51.500317052667413 56.332783630087583 -0.1076828678031781 0.99418529459134697 0
5 -9 -12 11 -9 14 6 1 15 -11 5 14.299562352881052 9.1931529683917201 0.25016491229212645 0.96820324140020964 3 -10 -8 12 -6 0 14 27.562009267208236 29.068627796243501 0.93195904276211905 -0.36256357044512183 0
4 -85 -50 85 -50 85 50 -85 50 16.321256967411323 5.170557720203024 -0.446148214619629 -0.89495908878099972 4 -4.5 -3 4.5 -3 4.5 3 -4.5 3 27.462457016455506 5.1918649576183569 -0.747279170199041 0.66451022699927853 1 -40.421873501825061 20.150805685412475
4 -4.5 -3 4.5 -3 4.5 3 -4.5 3 31.471762272943153 44.441525856726585 0.92697705801437236 -0.37511802664630628 4 -11 -7 11 -7 11 7 -11 7 1.8496794561127561 26.742350056189082 -0.51388095898711506 -0.85786150396814231 0
3 -10 -8 12 -6 0 14 13.693550082227166 6.1529715147941548 0.78971187394914688 0.61347791822014819 4 -27 -18 27 -18 27 18 -27 18 4.4740498990167188 7.4156095265933342 -0.1532012370608852 0.98819501160601619 1 15.688867981746151 2.4322668650008299
4 -4.5 -3 4.5 -3 4.5 3 -4.5 3 37.954091859366031 24.231764394488337 -0.80460529225702093 0.59381000637577164 5 -9 -12 11 -9 14 6 1 15 -11 5 54.450691154513244 22.969758360891454 0.9007577836783992 0.43432178755247608 1 -0.33529650862417559 0.15246631362338151
4 -11 -7 11 -7 11 7 -11 7 20.360646284190214 0.15272511989327331 0.92570206534837185 -0.37825346820585626 4 -4.5 -3 4.5 -3 4.5 3 -4.5 3 57.5317750989581 59.661250918754092 -0.66905097440035122 -0.74321651869017313 0
4 -11 -7 11 -7 11 7 -11 7 7.1187948126165246 37.650607764788532 -0.66751687519117975 0.74459466915564398 5 -9 -12 11 -9 14 6 1 15 -11 5 46.402523795895306 0.30915833186222708 0.73132665730499691 -0.68202736038600353 0
3 -10 -8 12 -6 0 14 32.78059327238438 44.747416123835478 -0.36767828972064021 0.92995305003430417 3 -10 -8 12 -6 0 14 1.1507154365548522 50.923974325838813 -0.99426001627419758 0.10699074744309561 0
4 -16 -0.5 16 -0.5 16 0.5 -16 0.5 16.184399299544165 27.625292586331959 -0.09153886293752922 0.99580150460425809 5 -9 -12 11 -9 14 6 1 15 -11 5 47.390198654656288 49.760512473198546 -0.9449566129258925 -0.32719565964056585 0
4 -85 -50 85 -50 85 50 -85 50 9.8750636555962252 21.234060117627269 0.9016676573057707 0.43242968881509891 4 -11 -7 11 -7 11 7 -11 7 14.925287866856493 41.508474696286548 0.90589938073175602 -0.42349298930421614 1 20.258627146329331 -42.241662290380773
4 -27 -18 27 -18 27 18 -27 18 27.395340434035262 25.218394573948849 -0.88752262459676956 0.46076413795874094 4 -85 -50 85 -50 85 50 -85 50 37.609553174292763 54.322684376860195 0.47098449740199411 -0.88214148706825424 1 -50.636591706214965 -27.035401967276883
4 -2 -2 2 -2 2 2 -2 2 42.053921971290727 7.2554983564273856 -0.86002733102325934 0.51024796902389435 4 -2.5 -1 2.5 -1 2.5 1 -2.5 1 2.1389385463043653 14.928687785360912 0.92972066335159465 0.36826551309764372 0
4 -2.5 -1 2.5 -1 2.5 1 -2.5 1 42.411547450195748 38.956060683394895 0.19966193458609985 -0.97986484367862492 4 -85 -50 85 -50 85 50 -85 50 6.3444202066295929 14.807903275261269 0.99724762750782381 -0.074142898716038352 1 1.9219217889370339 25.850512691897897
4 -16 -0.5 16 -0.5 16 0.5 -16 0.5 32.078618424163608 45.956349196624906 -0.91036576158658589 0.41380451922480915 5 -9 -12 11 -9 14 6 1 15 -11 5 7.4701909278382361 14.082463892088864 0.99739288513582658 0.072162543472578292 0
4 -27 -18 27 -18 27 18 -27 18 18.437798321784321 36.065182778533995 0.52939232135341341 0.84837713906731615 5 -9 -12 11 -9 14 6 1 15 -11 5 15.798798910993506 31.226396499000931 0.52466371412837998 0.85130957182273803 1 -25.76745361956155 16.079042514067229
4 -27 -18 27 -18 27 18 -27 18 3.2766024184265752 5.0357974815184932 0.67725901112333531 0.73574467843963498 4 -4.5 -3 4.5 -3 4.5 3 -4.5 3 46.615905557124947 11.734224930994397 0.11305476904160937 -0.9935887575838146 0
4 -2.5 -1 2.5 -1 2.5 1 -2.5 1 50.367454870494207 19.552797685201398 0.62123955084133242 -0.78362071212446882 4 -16 -0.5 16 -0.5 16 0.5 -16 0.5 50.157011832253993 47.730616044221726 -0.96637636679739403 -0.25713171273778834 0
3 -10 -8 12 -6 0 14 26.670046632861364 57.637726494043868 0.41878386947187629 0.90808593793217751 4 -16 -0.5 16 -0.5 16 0.5 -16 0.5 33.469254676905877 20.33382324330168 -0.9975459607574646 0.070014685434320739 0
5 -9 -12 11 -9 14 6 1 15 -11 5 59.728273434122414 55.462447534110503 -0.20530912364842058 -0.97869717673380341 4 -2.5 -1 2.5 -1 2.5 1 -2.5 1 15.867507399649428 7.9449964555707009 0.072344757001249649 0.99737968504197549 0
3 -10 -8 12 -6 0 14 28.814234638910147 25.678017185047135 0.99152153524616038 -0.12994246858936101 4 -11 -7 11 -7 11 7 -11 7 6.2469642322499901 23.41843526816281 0.94708876589756075 -0.32097175811998679 0
4 -4.5 -3 4.5 -3 4.5 3 -4.5 3 3.1921945442599897 4.8442577719996516 0.97632870577621222 0.21629206706984525 4 -2.5 -1 2.5 -1 2.5 1 -2.5 1 55.470517367772572 42.94798569228147 -0.981068042219158 0.19366335878598287 0
4 -27 -18 27 -18 27 18 -27 18 6.666131302606459 56.25382050310882 0.37400526379777149 0.9274265807337847 4 -27 -18 27 -18 27 18 -27 18 30.981032291913667 1.3468606876937406 0.98216943959912573 -0.187997850832235 0
4 -11 -7 11 -7 11 7 -11 7 36.82676647227003 30.334245524000821 -0.21738908991927966 -0.97608502886995829 3 -10 -8 12 -6 0 14 22.316322959054318 35.158413602568722 0.91108901721714575 0.41220965867661996 1 4.8673576644470362 -1.0840351216233453
4 -4.5 -3 4.5 -3 4.5 3 -4.5 3 8.5580507825447665 12.310801466450609 -0.82146326891620702 0.57026142936507584 4 -2.5 -1 2.5 -1 2.5 1 -2.5 1 25.270956443922596 28.914166386020369 -0.27441545560309377 -0.96161123003329496 0
5 -9 -12 11 -9 14 6 1 15 -11 5 56.746836425699136 28.106171369714023 0.32845644823895598 0.94451911659333287 4 -85 -50 85 -50 85 50 -85 50 19.496574649056949 50.585826507217817 -0.99584202319856097 -0.09109700780923978 1 3.5936507843689562 -39.284588526431222
4 -27 -18 27 -18 27 18 -27 18 54.219543059532505 24.590690057924672 0.89249394698509721 -0.45105936925748752 5 -9 -12 11 -9 14 6 1 15 -11 5 35.885707941623046 15.554982569977893 -0.94219978679096794 -0.33505158076190966 1 7.4242419192567866 14.690063937253447
4 -2 -2 2 -2 2 2 -2 2 47.266936181355248 54.392202482312861 0.99763259626103007 0.068769200064248609 3 -10 -8 12 -6 0 14 20.317280549110837 27.914980308309524 0.9786105059678939 0.20572184524075884 0
4 -2.5 -1 2.5 -1 2.5 1 -2.5 1 26.134442292901024 51.156145273853355 0.90075298750918054 -0.43433173438431366 4 -85 -50 85 -50 85 50 -85 50 14.50246231262593 3.0369589419149001 -0.47455182768471926 -0.88022756310007277 1 18.144976531332944 33.656404933908348
4 -85 -50 85 -50 85 50 -85 50 46.241846225026599 45.802495530990363 0.99827334057920825 0.058739573447788185 4 -27 -18 27 -18 27 18 -27 18 16.916874054723262 46.625067048429543 0.74023413221533862 0.67234918718133696 1 4.6061516889730596 -78.281100182875804
4 -85 -50 85 -50 85 50 -85 50 34.504087074070227 26.159108650718871 -0.35881242504434202 0.93340968691877124 4 -2.5 -1 2.5 -1 2.5 1 -2.5 1 32.895209382497441 22.723027076213619 0.99999877251905878 0.0015668313169229066 1 46.630931627192439 17.925416774344967
3 -10 -8 12 -6 0 14 28.102038330589632 38.6742224348625 0.99932861160962461 0.03663776765006508 4 -4.5 -3 4.5 -3 4.5 3 -4.5 3 48.237017181015943 0.69520630733429289 0.99441339598567391 -0.10555566249254117 0
4 -4.5 -3 4.5 -3 4.5 3 -4.5 3 19.833478667863947 37.557865471708958 -0.66874654933651734 -0.74349045236001587 4 -16 -0.5 16 -0.5 16 0.5 -16 0.5 2.8130078747713716 2.127576319702047 0.58952358422633766 0.80775116443180206 0
4 -27 -18 27 -18 27 18 -27 18 45.64991277228112 41.849637083720353 0.26743802559914437 -0.96357506322218167 4 -85 -50 85 -50 85 50 -85 50 10.246616526187067 7.0465691117577434 0.9655959880042575 0.26004689567476452 1 -13.714338805565582 50.923547825571326
4 -4.5 -3 4.5 -3 4.5 3 -4.5 3 41.71776239315016 34.588385437078976 0.99107874383643701 0.13327761820947329 4 -2.5 -1 2.5 -1 2.5 1 -2.5 1 1.0139103527893134 12.253770754011057 0.99993518121212033 -0.011385665298261854 0
4 -85 -50 85 -50 85 50 -85 50 58.536892105740705 9.592657191787259 0.40761740111058692 0.91315280994576742 4 -16 -0.5 16 -0.5 16 0.5 -16 0.5 27.703974792528903 48.135924933599803 0.43142499372043608 0.90214880967239641 1 6.4407978689386889 -2.8750733281665291
4 -11 -7 11 -7 11 7 -11 7 43.845321454218634 5.980730055929337 0.76547225200361513 -0.64346890477513674 4 -2.5 -1 2.5 -1 2.5 1 -2.5 1 25.488598241512619 38.108571939725984 0.99997367395728443 -0.0072561279185669033 0
4 -85 -50 85 -50 85 50 -85 50 0.3853598377412748 10.556467658734647 0.71310084318100475 0.70106147195131185 4 -2.5 -1 2.5 -1 2.5 1 -2.5 1 35.513625643009547 37.949784103775201 0.65062038695695878 0.75940312882946248 1 -30.89286699270108 -30.371298833539264
5 -9 -12 11 -9 14 6 1 15 -11 5 58.225832339477002 19.116375124301989 -0.35973306220739887 -0.93305526307657027 4 -4.5 -3 4.5 -3 4.5 3 -4.5 3 58.069025342285812 31.261949661373912 0.79324406043617557 0.60890381882751321 1 -0.99454026332742052 -3.8807981327848036
4 -4.5 -3 4.5 -3 4.5 3 -4.5 3 43.310551637171812 20.188867778883704 0.47758982128432492 -0.87858292870144394 4 -16 -0.5 16 -0.5 16 0.5 -16 0.5 31.709442739826944 14.692101904838214 0.053329067152951125 0.99857699282358592 0
4 -27 -18 27 -18 27 18 -27 18 8.909591107709824 37.211863747145514 0.31205599791722738 -0.95006371058149741 4 -2.5 -1 2.5 -1 2.5 1 -2.5 1 56.768200541469277 56.888981619692309 0.78788711646203491 0.61581969091052935 0
3 -10 -8 12 -6 0 14 23.846162940277761 29.720209898028497 -0.96837509688612555 0.24949884114117024 4 -4.5 -3 4.5 -3 4.5 3 -4.5 3 12.494486816009447 16.304917065102433 -0.53721904216796201 0.84344276671991048 0
4 -2.5 -1 2.5 -1 2.5 1 -2.5 1 54.206304371371189 16.09288696840958 -0.40325593376848273 0.9150872373060992 4 -16 -0.5 16 -0.5 16 0.5 -16 0.5 55.030935081284397 23.396594137298216 0.84383561570763432 0.53660176449888575 0
4 -4.5 -3 4.5 -3 4.5 3 -4.5 3 15.210529755435068 38.19225406333554 -0.7330026022857784 -0.68022583385393187 4 -4.5 -3 4.5 -3 4.5 3 -4.5 3 36.563557341412171 55.377924252786158 0.40082037515207292 -0.91615666065523504 0
4 -2 -2 2 -2 2 2 -2 2 24.329811150771349 19.421919271450029 -0.0020608912394862928 -0.99999787636139459 5 -9 -12 11 -9 14 6 1 15 -11 5 12.050253712660673 11.423162525990486 -0.34023805825406517 0.94033933434452444 0
4 -16 -0.5 16 -0.5 16 0.5 -16 0.5 39.114208933743143 55.131900423914843 0.63603406041430588 0.77166098384775883 4 -11 -7 11 -7 11 7 -11 7 56.020005134115642 32.33717502805581 -0.99940148445772115 0.03459295974188159 0
3 -10 -8 12 -6 0 14 5.156583116773672 37.856474382149315 -0.5173856884312712 0.85575232947769386 4 -85 -50 85 -50 85 50 -85 50 41.219277093557743 37.414893928191582 0.83198977847033673 0.55479095929987909 1 -22.174975966711251 33.254603437322373
5 -9 -12 11 -9 14 6 1 15 -11 5 8.5831145578723618 26.839290205647028 0.99486885716456086 -0.10117290667011949 3 -10 -8 12 -6 0 14 22.449852146493374 49.592373638300359 -0.37472355897309007 -0.92713658883173256 0
4 -11 -7 11 -7 11 7 -11 7 20.003480730903828 17.975680447842009 -0.89299430137235924 0.45006797010728511 3 -10 -8 12 -6 0 14 33.096767910304244 40.985180226143022 0.99821269510100785 -0.059761319757703164 0
4 -16 -0.5 16 -0.5 16 0.5 -16 0.5 54.059684168952046 0.66097304242944466 0.99526643737809883 -0.097183942236909071 4 -16 -0.5 16 -0.5 16 0.5 -16 0.5 17.06204467008126 41.36649048269728 -0.78787950209219326 -0.61582943270272295 0
3 -10 -8 12 -6 0 14 42.748231033114294 40.820880581206524 -0.44194022662489585 0.89704450061896912 4 -85 -50 85 -50 85 50 -85 50 39.112009697927071 11.88680889989026 0.936282529983682 0.35124781002499578 1 -11.713537462588935 31.223484325072235
4 -4.5 -3 4.5 -3 4.5 3 -4.5 3 32.769033202509128 41.54582580010689 0.91274642958229124 -0.40852656619218725 4 -16 -0.5 16 -0.5 16 0.5 -16 0.5 25.476622535818322 58.95890155551885 -0.50270544921805538 -0.86445776723127032 0
3 -10 -8 12 -6 0 14 5.3958914973261196 1.9808845160500854 0.82611899556018054 0.56349570111460345 5 -9 -12 11 -9 14 6 1 15 -11 5 14.939313619085521 13.539763470765322 0.50787349748676536 -0.8614316633085648 1 -2.6678691250643194 -5.7901522097036757
3 -10 -8 12 -6 0 14 54.768357716317382 24.813115852629782 -0.54843230395350318 0.83619495811697664 4 -85 -50 85 -50 85 50 -85 50 45.30164588061384 49.7434094275185 -0.51247180603921672 -0.85870405147227735 1 32.00089863003992 -19.09803300414951
3 -10 -8 12 -6 0 14 47.385655399965586 16.123581043772919 0.86398782407592012 -0.50351270078177468 3 -10 -8 12 -6 0 14 19.40206947729957 3.230996061161775 -0.70325096500834561 -0.71094168552338421 0
4 -2 -2 2 -2 2 2 -2 2 50.165410063625984 16.616125722238461 -0.99781053428373434 -0.066137263871501706 4 -85 -50 85 -50 85 50 -85 50 50.988669984173484 57.329385676093061 -0.29613534584876017 -0.95514598723914201 1 39.460855283425758 -12.234521406118176
4 -4.5 -3 4.5 -3 4.5 3 -4.5 3 51.407708814240408 51.251361833068422 0.44013061701805262 0.89793376145643855 3 -10 -8 12 -6 0 14 21.379516828904425 7.4460494375188642 0.81657689334450645 0.57723667351947983 0
4 -11 -7 11 -7 11 7 -11 7 59.483231143925011 15.353904739490474 0.98527062371408014 0.17100233345211269 4 -2.5 -1 2.5 -1 2.5 1 -2.5 1 54.890593550265585 50.000895968627923 -0.68920036997410727 0.72457080401266072 0
4 -11 -7 11 -7 11 7 -11 7 30.628543836391422 19.990471885821748 -0.81760114775573112 -0.57578499736317479 3 -10 -8 12 -6 0 14 27.355529357652191 40.570183482661797 0.95227442227971426 -0.30524322215544186 1 -0.11696647613101968 -0.52420749436203151
3 -10 -8 12 -6 0 14 26.934067937347731 3.5107715069466816 -0.98095534914951132 -0.19423337245427319 3 -10 -8 12 -6 0 14 27.131783371420649 42.270264541653994 -0.23006895418253415 -0.973174329871763 0
4 -11 -7 11 -7 11 7 -11 7 29.48536832915536 27.136156943744588 -0.38588141741633064 0.92254838989223953 4 -27 -18 27 -18 27 18 -27 18 40.665533795695566 22.641504366121524 0.83045550294024295 -0.55708496446795985 1 -15.268532527175271 -22.761046640568711
4 -85 -50 85 -50 85 50 -85 50 25.560530030618803 45.144016160824933 0.95972984140581141 -0.28092460112132578 4 -16 -0.5 16 -0.5 16 0.5 -16 0.5 44.107422181735586 6.6835464792586352 -0.89900141292412439 0.43794572672926946 1 6.0330410592272976 20.610831218965892
3 -10 -8 12 -6 0 14 54.025786300791296 33.736798282401189 0.27157592690753812 0.962417017682206 5 -9 -12 11 -9 14 6 1 15 -11 5 17.936391292759058 9.3429612579838555 -0.11453771140090821 0.99341890090084473 0
3 -10 -8 12 -6 0 14 25.991196711244989 11.660872318432503 0.14738186996194563 -0.98907966534881309 4 -2 -2 2 -2 2 2 -2 2 44.950190426822267 13.719000921856665 0.69162830956522758 -0.72225361294211998 0
4 -2.5 -1 2.5 -1 2.5 1 -2.5 1 13.989163664251096 35.239756535979922 -0.21996529057821473 0.97550769906794765 4 -2.5 -1 2.5 -1 2.5 1 -2.5 1 10.836327360604603 35.262232691894006 -0.96379358087306188 -0.26664945803035256 1 0.46292674954065921 0.10438443189780183
4 -16 -0.5 16 -0.5 16 0.5 -16 0.5 34.320011466576233 43.333081564967259 0.14915464224320271 0.98881388172764961 4 -11 -7 11 -7 11 7 -11 7 35.060516549401406 13.079384172702522 -0.65165810181514006 0.75851283333816344 0
4 -2 -2 2 -2 2 2 -2 2 50.601097781963816 23.650537670200357 0.63563365212454725 -0.77199084210035163 3 -10 -8 12 -6 0 14 49.6489849459537 48.186201433912473 0.9481128132808031 0.31793410212300433 0
4 -85 -50 85 -50 85 50 -85 50 2.9844761051901769 4.1197192200178083 0.49907701719837305 0.86655763276563136 4 -2 -2 2 -2 2 2 -2 2 22.516179252959407 42.570717466494401 -0.68624044284913543 -0.72737476901403619 1 -22.129608727364538 -38.424092258274371
4 -4.5 -3 4.5 -3 4.5 3 -4.5 3 27.895195017534707 55.693682765751888 -0.90026454318303961 -0.43534325800158308 3 -10 -8 12 -6 0 14 45.886976250632763 5.4502320442424868 -0.99973840769980771 -0.022871732987536232 0
4 -27 -18 27 -18 27 18 -27 18 49.376360064358245 39.118566857997784 0.63417981932589962 -0.77318559011389321 4 -85 -50 85 -50 85 50 -85 50 57.384041207755487 49.593495070639442 0.99917891560876404 0.04051536255415248 1 2.9273448674071054 -72.193387540818918
4 -11 -7 11 -7 11 7 -11 7 5.6311482581294126 17.623271380100569 0.75157730003156253 0.65964502732702124 4 -4.5 -3 4.5 -3 4.5 3 -4.5 3 49.421062908210317 45.96252677585786 0.89919382862246111 -0.43755052115987714 0
4 -4.5 -3 4.5 -3 4.5 3 -4.5 3 41.210750314618487 48.994247546133842 -0.53893833081091125 0.84234522351750096 4 -4.5 -3 4.5 -3 4.5 3 -4.5 3 18.611347743277761 43.801209122418889 0.50784181709963427 0.86145034030113521 0
3 -10 -8 12 -6 0 14 5.0758752156544045 44.354175973346159 0.59119465021747142 -0.80652891179066954 3 -10 -8 12 -6 0 14 41.123628886795309 21.591938962295771 -0.73217399827336382 0.68111763760190214 0
4 -16 -0.5 16 -0.5 16 0.5 -16 0.5 56.02912162938911 49.195673182369084 0.19637255162885126 -0.98052935752417636 4 -16 -0.5 16 -0.5 16 0.5 -16 0.5 19.675394580374626 8.6152511835861816 0.4228350825107296 -0.90620665027252167 0
4 -16 -0.5 16 -0.5 16 0.5 -16 0.5 20.11489326842409 3.5900829296793479 -0.94304788693762231 0.33265700495027239 4 -11 -7 11 -7 11 7 -11 7 50.688985728473831 44.824619789600021 -0.020653302770807454 0.999786697793413 0
4 -4.5 -3 4.5 -3 4.5 3 -4.5 3 32.953467949911698 25.728008877587861 0.8752215362487723 0.48372229893435653 4 -2 -2 2 -2 2 2 -2 2 13.860421221508826 53.561888086813944 -0.98754860406714373 0.15731419073000277 0
4 -27 -18 27 -18 27 18 -27 18 58.157686998886845 28.782745160898735 0.55088468110122091 0.83458137298169199 4 -11 -7 11 -7 11 7 -11 7 55.678254016241702 11.304854985926397 0.29871658303546444 0.95434186904883123 1 -16.86601007299706 11.132798887325256
4 -2.5 -1 2.5 -1 2.5 1 -2.5 1 12.310718874667916 59.062607202094959 -0.90109199278091567 -0.43362797481956605 4 -85 -50 85 -50 85 50 -85 50 58.542895540121229 52.021905098067251 0.13259094299019086 -0.99117084391994292 1 -7.7276126086097143 -1.0337384812352377
3 -10 -8 12 -6 0 14 37.594103836177922 31.320921582987797 0.20987649818745782 0.97772790463838666 4 -2.5 -1 2.5 -1 2.5 1 -2.5 1 48.699205644557708 3.3250788968550959 0.93494650854085415 -0.3547887063693918 0
4 -11 -7 11 -7 11 7 -11 7 54.72121102429108 34.734024377017107 -0.81637383775075767 -0.57752381512462281 4 -85 -50 85 -50 85 50 -85 50 18.637278651405367 9.4628336928905394 0.86971817972139454 -0.49354866817985049 1 11.422738585906231 20.128842505046578
4 -2 -2 2 -2 2 2 -2 2 10.005493874927538 16.824285777458762 -0.90157746368610592 0.43261770302812197 4 -2.5 -1 2.5 -1 2.5 1 -2.5 1 4.1014874208632524 34.382347103701782 -0.4051562968992139 -0.91424743646505024 0
4 -27 -18 27 -18 27 18 -27 18 51.221866006622825 26.819500718513602 0.15092422385298249 0.98854533464802452 4 -11 -7 11 -7 11 7 -11 7 40.532118807300456 32.952873631230823 -0.32016690022428174 -0.94736115394329679 1 15.13418985829038 -2.3105828108727282
5 -9 -12 11 -9 14 6 1 15 -11 5 58.508092738370053 24.958717734942194 -0.19602842570183149 0.9805982134987099 3 -10 -8 12 -6 0 14 15.713719122082356 14.686088792057308 -0.2765507754692012 -0.96099930727726512 0
4 -4.5 -3 4.5 -3 4.5 3 -4.5 3 3.1292643437892331 26.529856832076714 -0.87815433139920673 0.47837743492436191 5 -9 -12 11 -9 14 6 1 15 -11 5 40.394557161547674 1.2488841246993809 0.66555612548886467 0.74634780352343144 0
4 -2.5 -1 2.5 -1 2.5 1 -2.5 1 20.665444811890858 10.299126002220909 0.99504358121254777 -0.099439788252528985 4 -2.5 -1 2.5 -1 2.5 1 -2.5 1 12.701105489515163 41.101837224383843 -0.92630818069879639 0.37676671080455865 0
4 -27 -18 27 -18 27 18 -27 18 22.407172235338816 31.551493681325528 0.99697382975096882 0.077737910903793811 5 -9 -12 11 -9 14 6 1 15 -11 5 33.42866696927674 17.326395422199695 0.28461311103917553 -0.95864246569020817 1 -1.1477100480073108 14.719161715338497
3 -10 -8 12 -6 0 14 51.112986259953672 34.428074356611084 0.1084132142233161 0.99410591738595411 3 -10 -8 12 -6 0 14 13.446837750175195 1.138788232485004 0.44314116923633923 -0.89645184149950308 0
4 -16 -0.5 16 -0.5 16 0.5 -16 0.5 58.442536603276196 38.124311377522446 -0.31553548867772918 0.94891377658083698 4 -27 -18 27 -18 27 18 -27 18 46.067039595220734 5.1238513761423077 0.78102746014307278 0.62449668253919555 1 2.1347311908856414 1.7068958709554447
3 -10 -8 12 -6 0 14 55.683139121662116 32.235793809502049 0.79195831825749996 0.61057515683390884 4 -16 -0.5 16 -0.5 16 0.5 -16 0.5 5.5951861172978168 1.6758621830759823 0.96678520157518844 -0.25559024632255106 0
4 -27 -18 27 -18 27 18 -27 18 39.499992105229936 32.853652621529008 -0.50324994930639799 0.86414089622185331 4 -27 -18 27 -18 27 18 -27 18 28.670884950585737 32.293074575110531 0.36960968352440199 -0.92918710809233218 1 27.442260523193493 10.915912563612373
4 -16 -0.5 16 -0.5 16 0.5 -16 0.5 17.798841685565648 50.335107573780014 -0.79235055742567795 0.6100660571997244 4 -27 -18 27 -18 27 18 -27 18 49.040176731088216 14.80718178795204 -0.35794047522202588 0.93374440624714339 0
4 -2 -2 2 -2 2 2 -2 2 59.101817657201941 54.154799678807031 -0.5572838423952311 -0.83032205740014353 4 -2.5 -1 2.5 -1 2.5 1 -2.5 1 1.8702756949873001 45.72832356936101 -0.23434747665556699 0.97215289959201812 0
4 -4.5 -3 4.5 -3 4.5 3 -4.5 3 40.563099768166367 27.270089134562866 0.80519130672220163 -0.59301514279063172 4 -85 -50 85 -50 85 50 -85 50 7.6951399121832509 58.620911695804359 0.40741763472224818 -0.91324195639344596 1 34.326123873212012 15.313650560730306
4 -16 -0.5 16 -0.5 16 0.5 -16 0.5 9.337993558576084 29.353977643904329 -0.63408585219720548 -0.77326265398203708 4 -11 -7 11 -7 11 7 -11 7 12.899937226781088 18.353492538211778 -0.55424152528075354 0.83235589242490726 1 -2.5793986639652373 2.1151418493757035
4 -2 -2 2 -2 2 2 -2 2 26.977502882602654 7.7524351955755222 -0.21836869663962691 -0.97586633937640799 4 -4.5 -3 4.5 -3 4.5 3 -4.5 3 38.543818936083255 26.546977515319231 -0.6888336880286261 -0.72491940947727518 0
4 -11 -7 11 -7 11 7 -11 7 36.099046882825021 53.981856830673465 0.88633825821060463 -0.46303832674217321 4 -27 -18 27 -18 27 18 -27 18 40.151179317178688 3.0057971742217027 -0.50820963570464239 -0.86123339820106526 0
4 -16 -0.5 16 -0.5 16 0.5 -16 0.5 16.863547357813289 33.619862452729549 0.35357901722441443 0.93540466033616554 4 -2 -2 2 -2 2 2 -2 2 52.871217303240911 16.002450729715612 0.32180458270881368 -0.94680611032439277 0
3 -10 -8 12 -6 0 14 7.1981285121475436 55.319963557714431 -0.4740840945408612 0.88047956893012103 4 -85 -50 85 -50 85 50 -85 50 9.1408138736417595 28.838093595742098 0.92161668511463501 0.38810138587527843 1 -13.208182162356545 31.365208947677424
3 -10 -8 12 -6 0 14 29.800988301845383 26.365720300731194 0.10915920294544075 -0.99402427958894246 4 -85 -50 85 -50 85 50 -85 50 56.001084069829915 21.419555178182577 -0.67272683089095486 -0.73989094534222588 1 -27.04735109752092 24.592109016030982
4 -11 -7 11 -7 11 7 -11 7 2.5739741764281088 17.026413195589374 0.77704170060811095 0.62944912067303338 4 -2 -2 2 -2 2 2 -2 2 23.212961087004256 10.65537296579873 0.9780297454100878 -0.20846538583918139 0
3 -10 -8 12 -6 0 14 35.747810070654978 9.2077042618313847 0.25779121912920561 0.96620064548719786 4 -2.5 -1 2.5 -1 2.5 1 -2.5 1 53.16990871080796 58.349099316095767 0.99625120155852742 0.086507475938154277 0
4 -4.5 -3 4.5 -3 4.5 3 -4.5 3 42.294229642837848 42.630154099322169 0.50656881961254274 0.86219953084906931 4 -85 -50 85 -50 85 50 -85 50 4.0519223727146469 25.923356163614997 -0.48279533689062526 -0.87573321432766704 1 24.255946901215093 -13.372403677487517
4 -27 -18 27 -18 27 18 -27 18 15.724264366632106 25.861002969456038 0.98205890000017837 0.18857443339551513 3 -10 -8 12 -6 0 14 57.628852984705738 34.33601967531402 0.37212365558672161 0.9281831634719383 0
3 -10 -8 12 -6 0 14 33.076505577319317 22.225499937367108 0.99207952899488083 0.12561133766223273 3 -10 -8 12 -6 0 14 50.3013869058571 20.804502411607078 -0.76819666227539485 0.64021393929603165 1 -3.1183967411528815 0.48520675024395898
3 -10 -8 12 -6 0 14 1.5866950561075543 6.457023752170632 0.7907685776437029 0.61211523148125879 4 -2.5 -1 2.5 -1 2.5 1 -2.5 1 57.225629211842758 5.0742375084738622 -0.70303330413296905 -0.71115692591711444 0
4 -27 -18 27 -18 27 18 -27 18 29.529876586940528 17.442294087762178 0.73311309819733461 0.68010674548301986 5 -9 -12 11 -9 14 6 1 15 -11 5 59.525863349642904 54.109580173954654 -0.3630982365803922 -0.93175086294148912 0
3 -10 -8 12 -6 0 14 16.98011819907487 19.618730479307565 0.54347725001855396 0.83942389691518204 4 -2 -2 2 -2 2 2 -2 2 22.239171619914881 34.854696131738692 -0.93839788477570341 -0.34555666662428264 0
3 -10 -8 12 -6 0 14 10.474800919637969 39.792556359767957 -0.9495220942144762 0.31370016352969199 3 -10 -8 12 -6 0 14 44.513848972991475 25.20767499543776 -0.98099130278288604 0.19405170410057188 0
4 -2 -2 2 -2 2 2 -2 2 50.12947179464377 4.8090044560376022 -0.26989848881503026 -0.96288878160219682 4 -2.5 -1 2.5 -1 2.5 1 -2.5 1 12.326019522779454 13.644301168437345 -0.63596899775657034 -0.77171460650457013 0
5 -9 -12 11 -9 14 6 1 15 -11 5 59.274927329678988 49.466420775796195 -0.80360031851273506 -0.59516932723908977 4 -2.5 -1 2.5 -1 2.5 1 -2.5 1 50.459314208896757 17.42590106448727 0.66158248674700781 -0.74987239796491056 0
5 -9 -12 11 -9 14 6 1 15 -11 5 41.756505702357479 39.261969762452104 0.73347906741325264 -0.6797120402542427 5 -9 -12 11 -9 14 6 1 15 -11 5 56.967147014088241 0.047677795738609863 -0.86684163770137812 0.49858356887004679 0
4 -4.5 -3 4.5 -3 4.5 3 -4.5 3 40.483036294289178 50.486039938840996 0.57919585960170739 0.81518841761904293 4 -11 -7 11 -7 11 7 -11 7 20.022185050437095 44.59523490145272 -0.66949618846047321 0.74281549097800759 0
3 -10 -8 12 -6 0 14 53.625968691769117 40.389366201436822 0.95431533202365304 0.29880135050662832 5 -9 -12 11 -9 14 6 1 15 -11 5 56.080795033606641 32.25905996157239 -0.97469767640182869 -0.22352726817298144 1 -3.5828385792235573 8.6156701278004544
4 -2.5 -1 2.5 -1 2.5 1 -2.5 1 25.851784102583959 45.925743748304662 0.88198130296421684 -0.47128439526632154 4 -4.5 -3 4.5 -3 4.5 3 -4.5 3 31.185948801897926 13.5846393573401 0.80132883413652012 0.59822412153089022 0
5 -9 -12 11 -9 14 6 1 15 -11 5 31.96513474338618 48.158702850544515 -0.60935585392803193 0.79289686799964032 4 -85 -50 85 -50 85 50 -85 50 7.8057451521666632 18.61117299777327 0.46210533329195169 -0.88682504528409334 1 26.485897403241875 13.801227775587559
4 -4.5 -3 4.5 -3 4.5 3 -4.5 3 4.1684381241412076 25.465062523452783 -0.49299003231488592 -0.87003495794029317 4 -11 -7 11 -7 11 7 -11 7 39.253655352866055 43.688406037236497 0.55583384581967088 -0.83129341140256507 0
5 -9 -12 11 -9 14 6 1 15 -11 5 52.690704538174536 42.98691877099288 -0.44787053651585335 -0.89409841881137542 4 -85 -50 85 -50 85 50 -85 50 9.5706319757539742 27.555965947796452 -0.72564695332032603 -0.68806721992617004 1 31.565755765706349 -33.289762740181267
5 -9 -12 11 -9 14 6 1 15 -11 5 37.780740877730437 37.203684816406422 0.99501338210202961 -0.099741513112045446 4 -2 -2 2 -2 2 2 -2 2 56.31125244226925 51.379937959432809 0.8160471974786464 -0.57798526926492433 0
4 -16 -0.5 16 -0.5 16 0.5 -16 0.5 19.223272783272613 23.198638953533287 0.40750920619391184 -0.91320109880968048 4 -11 -7 11 -7 11 7 -11 7 19.053889937385776 20.010942657478797 -0.17486046569228958 -0.98459322440177066 1 10.055689850815714 4.487276892438457
4 -2.5 -1 2.5 -1 2.5 1 -2.5 1 0.93169317701083498 2.619059757946256 -0.99014387219813216 -0.14005396227343589 4 -16 -0.5 16 -0.5 16 0.5 -16 0.5 6.9809701338824919 45.812746888438625 0.87839839885464188 -0.47792912956797429 0
4 -85 -50 85 -50 85 50 -85 50 44.326010010708139 34.702833926383732 -0.48936784008301082 -0.87207747195561058 3 -10 -8 12 -6 0 14 26.301742153975916 9.1066358392463371 -0.52381207228197624 0.85183385289131452 1 51.83303459120976 -29.086200479376018
4 -11 -7 11 -7 11 7 -11 7 56.213736969634077 49.0274223680399 -0.99090623941694789 -0.13455417007496423 3 -10 -8 12 -6 0 14 22.447184202165293 6.4016790528049938 0.60387674786824885 -0.79707770849777715 0
4 -4.5 -3 4.5 -3 4.5 3 -4.5 3 26.489992096190505 45.884223175861763 -0.71190730503523503 0.70227344320960117 4 -27 -18 27 -18 27 18 -27 18 51.241593362006078 51.058388376811713 -0.18553451149114986 0.98263774863666842 0
4 -16 -0.5 16 -0.5 16 0.5 -16 0.5 55.122307688454782 25.48527214748492 0.16808962665568203 0.98577171668229224 4 -27 -18 27 -18 27 18 -27 18 32.203122013338444 14.300780443033943 0.67769229288784771 -0.73534560321009035 1 4.8082634828107711 4.4312811421597225
4 -11 -7 11 -7 11 7 -11 7 55.438794839611504 21.799426272951855 0.26355014621219924 0.96464569683979229 4 -27 -18 27 -18 27 18 -27 18 13.447845942923056 0.96003286717700087 -0.31245436820612349 0.94993277014160971 0
4 -27 -18 27 -18 27 18 -27 18 6.0166419283058215 38.135829313169346 -0.32844262014899822 0.94452392519705974 4 -4.5 -3 4.5 -3 4.5 3 -4.5 3 13.901603343667574 3.3849006112889124 0.44507342952168788 -0.89549407721871788 0
4 -11 -7 11 -7 11 7 -11 7 14.326175918509367 50.620105187836785 0.93256757124219403 0.36099546405382338 4 -4.5 -3 4.5 -3 4.5 3 -4.5 3 24.03652309168978 11.31838099786545 -0.94970810595604616 0.31313657320948535 0
4 -2.5 -1 2.5 -1 2.5 1 -2.5 1 22.452122694507718 28.043577501219495 -0.49530663778848516 -0.8687182135552739 4 -16 -0.5 16 -0.5 16 0.5 -16 0.5 6.7766395435687166 59.572989053485138 0.32616537184282879 0.94531272614443795 0
4 -2 -2 2 -2 2 2 -2 2 29.385028183225796 20.439971053107236 0.94993175449395895 -0.31245745599045799 5 -9 -12 11 -9 14 6 1 15 -11 5 56.488702879263656 25.107686364956429 -0.60457018273988972 -0.79655187787228043 0
4 -27 -18 27 -18 27 18 -27 18 33.524980617068664 55.706311297855009 0.24034717209603579 0.97068699222016908 4 -11 -7 11 -7 11 7 -11 7 6.270525693494557 31.541974360727952 -0.68231312341929351 -0.73106005335390056 1 4.834209487344034 5.1795829868127807
4 -27 -18 27 -18 27 18 -27 18 15.302206468030839 59.03794487832085 0.97211034077042624 0.23452395478331367 4 -27 -18 27 -18 27 18 -27 18 12.077949619722766 43.853378114148768 0.99319985208965589 0.11642187856707041 1 -2.8404485807496376 24.231984099479757
3 -10 -8 12 -6 0 14 47.475170801106216 8.894626243337667 -0.4135094282778537 0.91049983675194723 3 -10 -8 12 -6 0 14 35.495409941216053 54.931756980716592 -0.99954497191123326 0.030163705458246877 0
4 -85 -50 85 -50 85 50 -85 50 46.67754977400277 44.271047643076329 0.86041761287405594 0.50958957157315454 4 -85 -50 85 -50 85 50 -85 50 6.7336540680177315 6.4276513273058882 -0.07501435447814038 -0.99718245402846306 1 111.00884149869968 -8.3507853078945864
3 -10 -8 12 -6 0 14 26.719398977360676 25.322168627588887 0.43857703242251095 -0.89869359997246212 5 -9 -12 11 -9 14 6 1 15 -11 5 34.000129286587182 49.25658525312177 0.24544606308153299 0.96941024861395808 0
3 -10 -8 12 -6 0 14 50.739289566064294 38.286265400572077 -0.7943120115586435 -0.60751002320427716 4 -27 -18 27 -18 27 18 -27 18 14.053246835874585 37.761417607829742 -0.86103257329723215 -0.50854980849583109 1 3.9594252205456288 -4.3052231213267378
5 -9 -12 11 -9 14 6 1 15 -11 5 53.941571789696326 46.590791587858455 -0.74495809835883964 -0.66711125885385969 4 -11 -7 11 -7 11 7 -11 7 21.113242056372226 12.586293010334309 -0.94710615235757922 -0.32092045146176329 0
4 -11 -7 11 -7 11 7 -11 7 49.172084394376412 27.903488010734506 -0.71821877853051153 -0.69581735115340437 4 -11 -7 11 -7 11 7 -11 7 34.428823549638942 4.6868556759623221 0.99643165013036616 0.084403593634842566 0
3 -10 -8 12 -6 0 14 33.058088927879567 8.6722480013021315 0.85967645328128328 0.51083891362514033 5 -9 -12 11 -9 14 6 1 15 -11 5 25.992068005430276 12.589785006171425 0.09502211248157115 0.99547516199026265 1 10.167161806248398 0.54674932488653682
5 -9 -12 11 -9 14 6 1 15 -11 5 3.7730516255436242 49.642392990121373 -0.59185984437486738 -0.80604089512664168 4 -4.5 -3 4.5 -3 4.5 3 -4.5 3 25.994354041880563 6.3594168819122903 -0.98741497641170228 0.15815076464525077 0
4 -11 -7 11 -7 11 7 -11 7 2.4576890182809197 10.249599595380875 -0.90334185397585587 0.42892131545944828 4 -4.5 -3 4.5 -3 4.5 3 -4.5 3 11.663381270889468 48.298040782361895 -0.45583537624660814 0.89006410429929883 0
3 -10 -8 12 -6 0 14 32.837478562452311 11.173312606554951 0.94895403816944113 0.31541438369533964 5 -9 -12 11 -9 14 6 1 15 -11 5 31.072353373766425 33.450935490376473 -0.11085123907275228 -0.99383701017623383 1 -0.96512146905325902 -3.0288113459991024
4 -11 -7 11 -7 11 7 -11 7 22.939152624260181 33.80912598884116 -0.10132803805040563 0.99485306890256686 4 -2 -2 2 -2 2 2 -2 2 21.708399774345875 52.47946567974541 0.92327725503555946 0.38413423478518877 0
4 -16 -0.5 16 -0.5 16 0.5 -16 0.5 26.267459102581064 38.730613750103139 -0.91179024121432606 0.41065625044107268 4 -2 -2 2 -2 2 2 -2 2 7.4842017697713725 31.913944378260368 0.75201481411651971 0.6591462048356922 0
4 -11 -7 11 -7 11 7 -11 7 18.584382696371332 2.0307601360704375 -0.1320171219481111 0.99124743606858201 4 -27 -18 27 -18 27 18 -27 18 54.647515759522058 14.253941553360933 0.87727658329373981 -0.47998520435994907 1 -2.0379028658116627 -0.27141363635834848
4 -27 -18 27 -18 27 18 -27 18 46.960518147022121 39.572887420014638 0.94427960461348992 0.32914438824168218 3 -10 -8 12 -6 0 14 52.448080531341454 45.266532335303658 0.94087280890242642 -0.33876002932468013 1 8.7704768678664671 -25.161548320184661
3 -10 -8 12 -6 0 14 10.018570325510094 46.880937350352013 -0.3445957572046649 0.93875117263124819 4 -16 -0.5 16 -0.5 16 0.5 -16 0.5 6.6662464120050258 9.5762786954923413 0.95970041906727777 -0.2810250978864548 0
5 -9 -12 11 -9 14 6 1 15 -11 5 8.7633815068673186 18.07045187308502 0.45132523003111591 -0.89235953333696183 4 -2.5 -1 2.5 -1 2.5 1 -2.5 1 5.7297503391468236 49.254517239656536 0.334770373659668 -0.94229973836341807 0
5 -9 -12 11 -9 14 6 1 15 -11 5 50.92969905746687 17.154631934621282 0.55830928836987148 0.8296328938270997 3 -10 -8 12 -6 0 14 24.464006616762195 27.088147468627024 0.70534392850821537 -0.70886524990056998 0
4 -4.5 -3 4.5 -3 4.5 3 -4.5 3 43.806393444379111 10.736962576735444 -0.83473756302329882 -0.55064798272392157 4 -2.5 -1 2.5 -1 2.5 1 -2.5 1 41.872594319295665 56.204821869603386 0.78394653990325269 -0.62082833583343944 0
3 -10 -8 12 -6 0 14 25.232254149824232 17.940934618148784 -0.91471456148102959 -0.40410057042098779 4 -85 -50 85 -50 85 50 -85 50 16.291006476245084 44.438852610349592 -0.8477002356185559 0.53047555130490676 1 -23.89634636332676 -38.186375211421257
3 -10 -8 12 -6 0 14 7.2928382973381485 20.423988585965013 0.63916988435816235 0.76906557518170926 4 -4.5 -3 4.5 -3 4.5 3 -4.5 3 25.315700527776404 17.776650141312395 0.86002825205598876 -0.51024641661213122 0
4 -4.5 -3 4.5 -3 4.5 3 -4.5 3 48.320306947903234 45.830445239627366 0.74629698625106833 -0.66561310707690602 3 -10 -8 12 -6 0 14 0.20046744496339475 29.037000320078562 -0.53765837866127941 -0.84316277660682115 0
4 -85 -50 85 -50 85 50 -85 50 39.84521920028304 1.4831279034914213 -0.61051626567474515 0.79200371801309366 4 -2 -2 2 -2 2 2 -2 2 38.087716901218229 26.063355723475901 -0.048771403935971958 -0.99880996698977442 1 -31.050287274715735 -23.935121772716364
3 -10 -8 12 -6 0 14 26.511682159652608 44.359015477347882 -0.089366422527570794 0.99599881652772249 5 -9 -12 11 -9 14 6 1 15 -11 5 26.93332197510998 17.713164640307703 0.97199919540992641 -0.23498417845134961 0
4 -4.5 -3 4.5 -3 4.5 3 -4.5 3 57.577457933869198 27.196214521549415 0.97907770537820293 0.2034867239683045 3 -10 -8 12 -6 0 14 55.170446357196653 42.642975163594123 0.092723727645899701 -0.99569187519606139 0
4 -4.5 -3 4.5 -3 4.5 3 -4.5 3 59.815521888573706 39.383772764240646 -0.60226999641621803 0.79829245982710417 3 -10 -8 12 -6 0 14 3.60117482794996 15.231314668701403 -0.082685363788412722 -0.99657570240056415 0
4 -4.5 -3 4.5 -3 4.5 3 -4.5 3 54.400583271972295 30.169765866899695 0.99995200210060475 0.0097976270082196868 3 -10 -8 12 -6 0 14 42.07790182868311 50.674006667937192 0.93481305993880559 -0.35514017368899153 0
4 -16 -0.5 16 -0.5 16 0.5 -16 0.5 57.863478339367887 22.438044022336509 0.073739713285410971 -0.99727752139742198 5 -9 -12 11 -9 14 6 1 15 -11 5 16.996966103645448 20.705858961196203 0.38002996196545769 0.92497417694146078 0
4 -2 -2 2 -2 2 2 -2 2 15.66843539752125 14.525873421543283 0.99990170663274547 -0.014020594599479406 4 -16 -0.5 16 -0.5 16 0.5 -16 0.5 13.319934337472358 16.809976101447702 0.86278652582587934 -0.50556840373317369 1 -1.2351334156070095 -2.1078383473217412
4 -16 -0.5 16 -0.5 16 0.5 -16 0.5 54.814140632536152 51.620883559254239 -0.99906499355686418 -0.04323353616375844 4 -85 -50 85 -50 85 50 -85 50 45.839833510474229 47.164487786980409 0.97761123226754498 0.21041929223417744 1 -10.670773318610257 49.576575144281435
4 -27 -18 27 -18 27 18 -27 18 50.196071479029868 30.052373131527464 0.91750421487627642 -0.39772605607914058 4 -4.5 -3 4.5 -3 4.5 3 -4.5 3 10.618084884949205 32.336092824009228 -0.79542758570271321 0.60604864153230542 0
5 -9 -12 11 -9 14 6 1 15 -11 5 13.658287953133058 9.934022300085223 -0.12829841913642517 -0.99173560773378211 4 -4.5 -3 4.5 -3 4.5 3 -4.5 3 20.843110499411928 13.810679263800518 -0.9996501770953613 0.026448505311507515 1 -6.8771295411146172 -4.3701356272073806
4 -11 -7 11 -7 11 7 -11 7 38.6234902009314 30.95545712024488 0.9980480062786925 0.062451398408098414 4 -27 -18 27 -18 27 18 -27 18 5.3669042352105496 8.0941595484445514 -0.98697180322021782 -0.16089331759968056 1 2.1092313380926404 0.34384085387616548
4 -85 -50 85 -50 85 50 -85 50 14.679829068441562 38.836803109532276 0.92267269891516102 -0.38558409027942603 4 -4.5 -3 4.5 -3 4.5 3 -4.5 3 0.86080768764712934 20.330066915584272 -0.38064862174334102 0.92471975579896359 1 12.685040341439015 30.35431363156464
4 -11 -7 11 -7 11 7 -11 7 12.396037986349327 59.350964417071452 -0.269235150860057 0.96307446936431784 5 -9 -12 11 -9 14 6 1 15 -11 5 37.832684000818695 40.511219472262781 -0.87243001576453694 -0.48873905879629664 0
4 -27 -18 27 -18 27 18 -27 18 35.57449792520331 20.967075348405817 0.71164398839186804 -0.70254027200276203 4 -2.5 -1 2.5 -1 2.5 1 -2.5 1 18.711327470813796 26.361849488779555 -0.93384625679855915 0.35767466874706072 1 8.3684968012125704 8.476938159690425
3 -10 -8 12 -6 0 14 11.986276377966764 1.467650399175735 -0.8979752295562784 -0.44004600566684959 5 -9 -12 11 -9 14 6 1 15 -11 5 45.297911377374241 30.636412243972789 -0.56511964146043425 -0.82500896409410618 0
3 -10 -8 12 -6 0 14 34.869320214102473 27.004662537120069 0.74373598513143235 0.6684734732362817 3 -10 -8 12 -6 0 14 1.2708024049885935 17.803492974086623 0.82815212209191125 0.56050340112675867 0
4 -11 -7 11 -7 11 7 -11 7 5.5084604588962378 32.453162532148632 -0.65088721964400298 -0.75917443799439099 4 -4.5 -3 4.5 -3 4.5 3 -4.5 3 26.680267472522882 1.2206084251862181 -0.99765298866461949 -0.068472726019581084 0
5 -9 -12 11 -9 14 6 1 15 -11 5 58.493043144383343 26.560651174544272 0.044461762956039083 -0.99901108684280426 4 -2.5 -1 2.5 -1 2.5 1 -2.5 1 33.333122234550181 44.056546381445116 -0.30419727808561187 0.95260905727654344 0
5 -9 -12 11 -9 14 6 1 15 -11 5 54.379248726815767 41.143609360964383 0.26311603718873022 0.964764194492156 4 -4.5 -3 4.5 -3 4.5 3 -4.5 3 50.728428919068001 36.95427944300198 -0.81169719648904848 0.58407847179280548 1 5.561215255293555 7.7284526819457913
4 -4.5 -3 4.5 -3 4.5 3 -4.5 3 45.782438021400139 51.457515938598185 0.32822374425269157 -0.94460000725637505 5 -9 -12 11 -9 14 6 1 15 -11 5 23.319407723268391 9.4362250376487093 0.91144165919122144 0.41142934009469151 0
4 -85 -50 85 -50 85 50 -85 50 19.100166178730383 39.736807958534101 -0.24967785057999345 -0.96832895801465857 4 -16 -0.5 16 -0.5 16 0.5 -16 0.5 13.681449261074487 22.894345597641461 -0.8817570900649303 0.47170375673745313 1 62.575423992743801 -16.134700126776039
5 -9 -12 11 -9 14 6 1 15 -11 5 8.8656737676331758 8.8439952482534352 0.60273146072816541 0.79794409970153424 3 -10 -8 12 -6 0 14 33.62540124404488 4.9933197291467879 0.93310334326080946 -0.35960832970817014 0
3 -10 -8 12 -6 0 14 28.211895096793729 44.917025508998933 0.95036726263071969 0.31113030408462744 4 -16 -0.5 16 -0.5 16 0.5 -16 0.5 22.968693576662179 18.065592677896497 0.18368766233521214 0.98298466046313515 0
4 -27 -18 27 -18 27 18 -27 18 30.377695601293965 13.239980916672689 -0.956073474444461 0.29312712509028654 4 -27 -18 27 -18 27 18 -27 18 24.574372507927315 18.085871482337307 0.87853026697246861 -0.47768668603309744 1 -11.163844859074137 -36.412378892899781
4 -4.5 -3 4.5 -3 4.5 3 -4.5 3 51.070334444020823 3.0482321484161679 0.92634340494698053 -0.3766800978432952 4 -4.5 -3 4.5 -3 4.5 3 -4.5 3 28.472295205422835 29.598202424857266 0.98195429304893567 -0.18911839244971651 0
5 -9 -12 11 -9 14 6 1 15 -11 5 39.747665784133432 4.2032827958335339 -0.58970039343532876 0.80762209354512982 3 -10 -8 12 -6 0 14 41.068718586621031 22.223173096682519 0.053673305155727213 -0.99855854926672183 1 2.3822826647815862 -5.1496367106907153
4 -11 -7 11 -7 11 7 -11 7 33.703076489476409 18.796119886996312 0.81638989754110491 -0.57750111271998794 4 -2.5 -1 2.5 -1 2.5 1 -2.5 1 57.418704037232324 35.62105320799737 -0.52511807766322527 0.85102937934672906 0
4 -2.5 -1 2.5 -1 2.5 1 -2.5 1 9.979060777456894 42.982081641752373 -0.60096221796791138 -0.79927743154369657 5 -9 -12 11 -9 14 6 1 15 -11 5 11.158885957183646 39.655016105524879 0.97304337957633347 -0.23062216169021438 1 -4.1866522915979898 8.4074608373191033
4 -2 -2 2 -2 2 2 -2 2 27.404357542558294 11.480378719412705 0.99801429792514873 -0.06298778561731222 4 -85 -50 85 -50 85 50 -85 50 34.335878406014999 24.435132035372781 -0.28324734657077683 -0.95904689179445979 1 -47.392516841938239 13.99702637862968
4 -2.5 -1 2.5 -1 2.5 1 -2.5 1 4.6724388194139843 10.340018279269072 0.85680601771604736 0.51563887363693628 3 -10 -8 12 -6 0 14 54.861661741523058 34.09393395820765 -0.99996997142859123 -0.0077495961896423653 0
4 -4.5 -3 4.5 -3 4.5 3 -4.5 3 24.508651248433519 36.096737680094286 -0.33653370957357631 -0.94167141950929345 4 -27 -18 27 -18 27 18 -27 18 5.2940662604666429 10.856351163678333 0.87929302945115562 0.47628118623205057 1 3.0214654085476602 1.6366183749238132
5 -9 -12 11 -9 14 6 1 15 -11 5 47.082439549444118 16.765297102261698 -0.55690539244251902 -0.83057593504052585 4 -85 -50 85 -50 85 50 -85 50 28.212642218806398 13.506626580958176 -0.52997510960281435 -0.8480131975396874 1 40.221515574173317 -25.136875447998193
5 -9 -12 11 -9 14 6 1 15 -11 5 31.28663824637124 13.391290591386831 -0.16574075967162324 0.98616935694812236 4 -2.5 -1 2.5 -1 2.5 1 -2.5 1 30.39141048151788 15.959474310052501 0.24117896851301102 0.97048065676086503 1 11.284301306730695 -5.2991401414212405
4 -27 -18 27 -18 27 18 -27 18 40.644878830225004 18.132759296983728 -0.8940132568427861 -0.44804050775499604 5 -9 -12 11 -9 14 6 1 15 -11 5 55.655646339253401 34.32333800734672 0.18065770173552309 0.98354603085144865 1 -15.419917460849982 -8.6877904226248699
3 -10 -8 12 -6 0 14 14.957781593145203 47.098750652237904 0.99111676721551223 0.13299456283725319 4 -2.5 -1 2.5 -1 2.5 1 -2.5 1 52.381384978877136 21.196661294097151 0.40619589103232645 -0.91378602424662547 0
5 -9 -12 11 -9 14 6 1 15 -11 5 2.3460718564839644 7.1198814842384506 -0.35365940073321683 -0.93537427176132115 4 -16 -0.5 16 -0.5 16 0.5 -16 0.5 48.480078119811424 55.226396901018788 -0.93049834652482466 -0.36629609213663111 0
5 -9 -12 11 -9 14 6 1 15 -11 5 19.993184899222936 17.7028737593835 -0.14907748771135917 0.98882551679134456 3 -10 -8 12 -6 0 14 21.546671387941569 27.161769150994648 -0.81690229826216199 -0.57677607014680987 1 -4.8576507598028416 -11.007452986777098
4 -2.5 -1 2.5 -1 2.5 1 -2.5 1 10.426357125637347 51.647063276017377 0.54642492103379403 -0.83750809290012951 4 -4.5 -3 4.5 -3 4.5 3 -4.5 3 45.721338322186092 15.937408257932564 0.66530290452002949 -0.74657353638955926 0
3 -10 -8 12 -6 0 14 48.206595165521293 57.1248928145477 0.99449333498449854 -0.10479984098943088 4 -4.5 -3 4.5 -3 4.5 3 -4.5 3 37.252913175171884 37.984675778329205 -0.17897218969383086 0.98385413314992753 0
4 -4.5 -3 4.5 -3 4.5 3 -4.5 3 13.568681434590733 34.813250059222682 0.2015746164681885 0.9794731614473684 3 -10 -8 12 -6 0 14 53.857769141257641 1.5651136371343766 0.65914042982927468 0.75201987591052333 0
3 -10 -8 12 -6 0 14 9.4734241400103834 14.467675386495456 0.3299867877101334 -0.94398555070337142 4 -27 -18 27 -18 27 18 -27 18 5.214506913618453 22.83513720935121 0.69635445249072925 0.71769803991395764 1 15.5310779967829 -15.069200016677149
4 -2 -2 2 -2 2 2 -2 2 0.15370499184096831 47.87852552448873 0.87240779731852613 -0.48877871800830014 3 -10 -8 12 -6 0 14 11.212183757114708 18.731445076247006 0.97446137264837307 0.22455518968896848 0
4 -11 -7 11 -7 11 7 -11 7 4.2926939339974179 52.284192534031313 -0.38744701404152143 -0.92189197377475252 4 -16 -0.5 16 -0.5 16 0.5 -16 0.5 38.350942448356328 3.9142333350442082 -0.89111877741440559 0.45377012301324443 0
4 -27 -18 27 -18 27 18 -27 18 24.481192601345359 24.760288650803098 0.92914057620850909 -0.36972664178135667 4 -27 -18 27 -18 27 18 -27 18 53.377082024877446 57.685135477862509 0.93819639960342005 -0.34610333106050811 0
4 -16 -0.5 16 -0.5 16 0.5 -16 0.5 10.854934620928148 56.446303897495781 0.99609283203609555 -0.088312343227380602 3 -10 -8 12 -6 0 14 27.047588348626743 29.105279917781374 0.78549311371364161 0.61887039702061042 0
4 -2 -2 2 -2 2 2 -2 2 51.663582709946482 53.744979818357983 -0.98917211199932653 -0.14676012006942449 4 -2.5 -1 2.5 -1 2.5 1 -2.5 1 10.736224395132293 48.048804126682413 0.86432788763630819 -0.50292872522272714 0
4 -11 -7 11 -7 11 7 -11 7 58.779962072496055 15.694537931071071 -0.93623655411633988 0.35137033844131149 4 -85 -50 85 -50 85 50 -85 50 2.6453638958669412 48.234208178978065 0.77517080928772186 0.63175170472917475 1 1.4793554059010545 -1.8151959363656764
4 -2 -2 2 -2 2 2 -2 2 24.009087397287082 35.65567982737646 -0.69669643480672894 -0.71736606954022664 4 -85 -50 85 -50 85 50 -85 50 23.255988686518499 54.250004963997704 0.99714780521592183 0.075473535448328133 1 2.5830854598220432 -34.127432637763988
3 -10 -8 12 -6 0 14 13.707392166215303 51.606445664556659 -0.71200387148300925 0.70217553858932347 3 -10 -8 12 -6 0 14 31.171635093387618 41.168795154576657 -0.077998290274935031 -0.99695349275389322 1 -0.8105597593611964 2.1166320311403388
4 -4.5 -3 4.5 -3 4.5 3 -4.5 3 25.886191453877011 44.82440306470842 -0.88040820869337488 0.47421660247752073 4 -2.5 -1 2.5 -1 2.5 1 -2.5 1 35.772460927921266 31.668791980049498 0.078019158981529779 -0.99695185983667978 0
3 -10 -8 12 -6 0 14 48.117984223533 7.0598252795503864 0.61068042868583516 0.79187714578720136 4 -27 -18 27 -18 27 18 -27 18 32.961502635709692 44.572781479727517 -0.7668291755928186 -0.64185124091150447 0
4 -11 -7 11 -7 11 7 -11 7 36.833291299753128 51.654785343493621 0.61942531281301605 0.7850555915643791 4 -11 -7 11 -7 11 7 -11 7 34.931360336497193 55.425865078314409 -0.68757274368744214 0.72611550192660324 1 11.826935001062195 -9.3316995527079083
4 -2 -2 2 -2 2 2 -2 2 37.523286389860779 15.407242955164641 0.96059355497435583 -0.27795687101010697 4 -4.5 -3 4.5 -3 4.5 3 -4.5 3 53.081100161756574 23.587925248260021 0.71148451191201756 0.7027017783592967 0
5 -9 -12 11 -9 14 6 1 15 -11 5 51.808130925711332 32.31716014961313 0.93045153405276904 -0.36641498711003723 4 -2 -2 2 -2 2 2 -2 2 51.372300630162457 23.552190159822725 0.73931830050816694 -0.6733561097470756 1 1.0356707298918637 4.4989047893289049
3 -10 -8 12 -6 0 14 30.341571312219969 44.852819329453375 -0.90440420330493287 -0.42667673600088574 4 -2.5 -1 2.5 -1 2.5 1 -2.5 1 33.340678962910147 46.650672080324945 0.93466781514623787 0.35552225715102287 1 -5.4596498078844897 -0.077464257439219517
3 -10 -8 12 -6 0 14 2.5769450641956837 48.312668673791528 0.8675306645384776 -0.49738370106531171 4 -85 -50 85 -50 85 50 -85 50 4.7827665329924196 21.149928573380077 0.75801436554881996 0.65223785663024803 1 -26.927630697387681 31.294612373878962
5 -9 -12 11 -9 14 6 1 15 -11 5 39.877758940331255 56.506071018231857 -0.057119831997433243 -0.99836732958995855 4 -2 -2 2 -2 2 2 -2 2 12.689841172479825 9.4418095527678876 -0.99473225639145024 0.10250725873992614 0
4 -16 -0.5 16 -0.5 16 0.5 -16 0.5 8.0932755452354108 24.954548311015333 -0.87187702633628461 0.48972487270609155 4 -4.5 -3 4.5 -3 4.5 3 -4.5 3 20.445772898795916 11.328689092318864 0.55299244181368934 -0.83318626926812311 0
3 -10 -8 12 -6 0 14 3.6428457315156981 28.981252874525605 0.84930205838104877 0.52790720172177386 4 -2.5 -1 2.5 -1 2.5 1 -2.5 1 16.401834149733293 11.047667273656545 0.3801081394597764 0.924942053491151 0
5 -9 -12 11 -9 14 6 1 15 -11 5 27.11376078677926 28.522267704321827 0.21868721803059388 0.97579500955376863 4 -16 -0.5 16 -0.5 16 0.5 -16 0.5 1.2201044693593355 18.514921475428253 0.38795426632519997 -0.92167862470607176 0
4 -11 -7 11 -7 11 7 -11 7 30.817666983423468 55.138440845812354 -0.91798621656605883 -0.3966122869941538 5 -9 -12 11 -9 14 6 1 15 -11 5 41.075104600487421 53.543315348094254 -0.97654596469214516 0.21530903103095234 1 -13.85401065502392 6.094060834675
4 -27 -18 27 -18 27 18 -27 18 2.5953147646586916 49.853262664145817 0.93881963510243305 0.34440919375959539 4 -2.5 -1 2.5 -1 2.5 1 -2.5 1 23.191756477305614 39.214512885151457 0.91487954365935398 0.40372691338781491 1 -0.71510288395808119 1.9492877679881013
4 -2 -2 2 -2 2 2 -2 2 24.965445245442556 20.548214587428507 0.77330367433849478 0.63403582489839105 4 -2.5 -1 2.5 -1 2.5 1 -2.5 1 14.04944962219526 57.557835288147857 0.84840255407668985 -0.52935159037840762 0
4 -11 -7 11 -7 11 7 -11 7 18.194329486728329 29.825158344304175 0.50030827168165237 0.86584734987578371 4 -27 -18 27 -18 27 18 -27 18 48.243866569023169 39.245297789437153 -0.61013191482216556 0.79229984634318695 1 -1.0148991582233198 -0.78155053243564576
3 -10 -8 12 -6 0 14 30.662767275914856 59.49100235361027 0.6523639602354504 -0.75790584071236689 3 -10 -8 12 -6 0 14 21.180733356787258 20.680723377046199 0.52935899828695443 0.84839793194740409 0
4 -16 -0.5 16 -0.5 16 0.5 -16 0.5 29.92811962843362 24.318897265218325 0.44852764142157281 -0.89376896057135535 4 -4.5 -3 4.5 -3 4.5 3 -4.5 3 33.315759023570607 12.121725159091898 0.72578839661305028 0.68791802080034048 1 2.8890877881942076 1.4498553750067957
4 -2.5 -1 2.5 -1 2.5 1 -2.5 1 34.489935090591722 41.621321683464579 -0.98832032182174434 0.15239075258743129 4 -2 -2 2 -2 2 2 -2 2 20.412528334998207 50.951525692316274 -0.95393199188444044 -0.30002292388979857 0
4 -2.5 -1 2.5 -1 2.5 1 -2.5 1 11.44279784426498 49.985699333471636 -0.71955972235785715 0.69443056237487377 4 -4.5 -3 4.5 -3 4.5 3 -4.5 3 13.738495243951887 48.256909412656547 -0.97539774259066614 -0.22045236163178802 1 -0.7597570942502696 3.3615668671616508
4 -85 -50 85 -50 85 50 -85 50 37.88205441514603 27.259776732220196 0.64970565833410465 0.76018587038213725 4 -4.5 -3 4.5 -3 4.5 3 -4.5 3 1.9120105610132065 26.660607046353153 0.38481481884350688 0.92299380019501698 1 20.739771200015319 -17.725594787010508
4 -11 -7 11 -7 11 7 -11 7 5.1570482173618153 15.756330915276603 -0.94344841045088779 0.33151937623266176 3 -10 -8 12 -6 0 14 27.208406845129865 11.496109637899979 0.99814678828828562 -0.060852190016303362 0
3 -10 -8 12 -6 0 14 50.736117496435348 47.0301115020387 -0.97963393725676617 0.20079180504892713 4 -27 -18 27 -18 27 18 -27 18 16.02861813038864 21.161505264038031 -0.15684644620023344 -0.98762300110637224 0
3 -10 -8 12 -6 0 14 59.602091821594996 56.330127970559268 0.057098997713647681 0.9983685213687864 4 -85 -50 85 -50 85 50 -85 50 56.957603765887491 49.886163215447844 0.48276732063937866 0.87574865921831435 1 -53.192805344363606 29.323194324170547
4 -2.5 -1 2.5 -1 2.5 1 -2.5 1 57.457943011297509 57.013548042339423 0.082008897908031939 0.99663159726345718 3 -10 -8 12 -6 0 14 5.3209517388620942 48.218495904684666 0.90368555610459411 0.42819670209838206 0
4 -16 -0.5 16 -0.5 16 0.5 -16 0.5 36.114125340137086 50.084876510262603 0.98150097284206161 0.1914571500625836 4 -2 -2 2 -2 2 2 -2 2 6.3717451322478684 22.239549338633079 0.57734042660328266 0.81650354059828767 0
4 -16 -0.5 16 -0.5 16 0.5 -16 0.5 26.564686220065109 53.379786846288923 -0.72670510517712605 0.68694955426836268 4 -27 -18 27 -18 27 18 -27 18 30.614442146242752 0.078011582295427484 -0.65472069227313057 0.7558708984405953 0
4 -27 -18 27 -18 27 18 -27 18 19.96735796386519 32.096160971184638 -0.85238398832633933 -0.52291637614907716 4 -85 -50 85 -50 85 50 -85 50 56.13197486690121 1.86033292335408 -0.81078936169805982 0.58533803136072815 1 -52.69145047501074 38.039855167796155
3 -10 -8 12 -6 0 14 51.840135087083198 14.893394531168301 -0.47723551999629699 -0.87877543118470491 3 -10 -8 12 -6 0 14 22.287924609288162 48.951589645542178 0.49808928124955221 0.86712575091753819 0
4 -2 -2 2 -2 2 2 -2 2 14.532237726223265 10.549777162396868 -0.25588797304668898 -0.96670644212711077 3 -10 -8 12 -6 0 14 58.935975435702282 44.370482597015318 -0.089624457262603735 0.99597563055547889 0
3 -10 -8 12 -6 0 14 21.45364580419557 25.862933340031645 -0.67930050553729393 0.73386022046216459 4 -16 -0.5 16 -0.5 16 0.5 -16 0.5 22.236747936383264 27.409839749746073 -0.010357579316592107 -0.99994635883666305 1 -11.441413406920306 0.11851170396176694
4 -4.5 -3 4.5 -3 4.5 3 -4.5 3 58.163081528810636 1.9754676326365894 0.97005913997677884 0.24286882251024372 4 -27 -18 27 -18 27 18 -27 18 24.228004348392108 38.317790535559141 0.79246320000303638 -0.60991972967018171 0
4 -2 -2 2 -2 2 2 -2 2 48.084396393098139 7.0430342911454469 0.99522772389993241 0.097579596130337634 3 -10 -8 12 -6 0 14 24.550057844388874 48.538322421499565 0.076711073198482096 0.99705336429337477 0
3 -10 -8 12 -6 0 14 58.401361682096535 21.578864119434403 -0.51958409718324028 0.85441931506390767 4 -85 -50 85 -50 85 50 -85 50 43.236747507725077 37.965905088626691 -0.35873082526647915 0.93344105063128158 1 51.804518291330439 19.908999702352062
4 -85 -50 85 -50 85 50 -85 50 37.693506731617958 48.43993890169142 0.35158888923596426 -0.93615450272154377 3 -10 -8 12 -6 0 14 6.1051140761797695 52.474432416165278 0.99993353122837636 0.011529662837641572 1 29.099414374800251 10.928784455674686
4 -4.5 -3 4.5 -3 4.5 3 -4.5 3 40.089035603156788 17.160948775524041 -0.93315687735937303 0.35946938984690202 4 -85 -50 85 -50 85 50 -85 50 5.0349732332676407 17.134349322375577 0.4068843346138179 -0.91347968682717329 1 21.256559163919931 9.4681480675630638
5 -9 -12 11 -9 14 6 1 15 -11 5 52.317239601440541 41.295960771483692 -0.84005476772315912 -0.54250160112721257 3 -10 -8 12 -6 0 14 25.830135737313395 41.241841357188868 0.99936668781938764 -0.035584031206520844 0
3 -10 -8 12 -6 0 14 47.57013584685405 56.633096780449328 0.84474190449369491 0.53517391079196419 3 -10 -8 12 -6 0 14 13.21634605664916 45.980999864277635 0.53006307920359352 0.84795821363154733 0
4 -27 -18 27 -18 27 18 -27 18 26.573602001432256 2.4833529658386966 -0.61679490363622225 -0.78712390819259415 4 -2.5 -1 2.5 -1 2.5 1 -2.5 1 38.264209878747835 22.854019203088367 -0.61014597017812289 -0.79228902243777 1 -3.8632239240374204 -4.9300600497583069
5 -9 -12 11 -9 14 6 1 15 -11 5 48.073047451369618 6.3917033258462723 -0.32572186008733395 -0.94546563653114712 3 -10 -8 12 -6 0 14 43.13446408157423 52.024463050233997 -0.98917281023350379 0.14675541385159413 0
4 -4.5 -3 4.5 -3 4.5 3 -4.5 3 55.519561685888746 42.745980677041338 -0.98350250858805599 0.18089448748096471 4 -2.5 -1 2.5 -1 2.5 1 -2.5 1 58.091873740629332 45.279311732833669 -0.76374339706094752 0.64551996363071829 1 -0.38943758734294687 -2.1173273405060082
4 -16 -0.5 16 -0.5 16 0.5 -16 0.5 5.5452962216438699 59.251468429799289 0.87757692055242764 0.47943586485964734 4 -16 -0.5 16 -0.5 16 0.5 -16 0.5 31.500055559849983 49.336691102531631 0.3357026826598733 0.94196799778706097 0
4 -16 -0.5 16 -0.5 16 0.5 -16 0.5 21.431811090549743 4.1013132087357285 -0.96116478615317824 0.27597509644733381 4 -85 -50 85 -50 85 50 -85 50 46.003624973416265 31.674243235514805 0.61041004087794315 0.79208559006927259 1 -33.276887164703354 -43.181043954670471
4 -27 -18 27 -18 27 18 -27 18 8.3409142666344813 30.531514562154548 0.078228101203412961 0.99693548646946484 4 -85 -50 85 -50 85 50 -85 50 8.546524521680487 5.7779770118549623 -0.22274600968940522 0.97487651277864285 1 68.165169831718529 15.574813200226854
4 -16 -0.5 16 -0.5 16 0.5 -16 0.5 15.912756365884977 2.1327201977850074 -0.22380883759990869 -0.97463306131701566 4 -27 -18 27 -18 27 18 -27 18 59.891922989101957 46.61440509236418 0.57341356155416301 -0.81926606632141796 0
3 -10 -8 12 -6 0 14 56.465536870648108 19.428981668862072 0.68449791292365303 -0.72901481960462444 4 -16 -0.5 16 -0.5 16 0.5 -16 0.5 44.563360588456575 43.265396828364523 -0.9843814804405947 0.17604857558521461 0
4 -27 -18 27 -18 27 18 -27 18 7.6897007419874424 28.310240212218694 -0.37521514621409324 -0.92693775090430786 4 -16 -0.5 16 -0.5 16 0.5 -16 0.5 39.318119747775086 25.173912103721602 0.19779796821509185 -0.98024280857855906 0
4 -2.5 -1 2.5 -1 2.5 1 -2.5 1 50.648793526749671 49.400282681475467 -0.34137759762600273 -0.93992623957366939 4 -2.5 -1 2.5 -1 2.5 1 -2.5 1 32.31210252211509 14.36612797417634 0.41807206042292178 0.90841386619411135 0
4 -27 -18 27 -18 27 18 -27 18 18.598468576317458 45.523496665164117 -0.90383014970366571 0.42789141202722136 4 -2 -2 2 -2 2 2 -2 2 25.090337976882335 40.731471619024887 -0.82514028312876364 -0.56492788314809161 1 8.2078536252588012 17.337355605518649
4 -4.5 -3 4.5 -3 4.5 3 -4.5 3 53.164479085529109 15.246266462973246 -0.96830310556452148 0.24977809302279333 4 -2.5 -1 2.5 -1 2.5 1 -2.5 1 24.731707856555278 18.403126229185254 -0.80020506923921109 0.59972647695751224 0
4 -2 -2 2 -2 2 2 -2 2 37.153695533779413 0.76270594199982611 0.83975425729491016 0.54296665399918798 4 -2.5 -1 2.5 -1 2.5 1 -2.5 1 56.554233450503467 32.677116221731417 0.64504385122059471 0.76414555550791718 0
3 -10 -8 12 -6 0 14 58.070652212963779 14.912414713235854 0.76778233598075596 -0.64071076513192249 4 -11 -7 11 -7 11 7 -11 7 19.726832066057135 43.294964864302408 0.98324101098924077 0.18231048875162306 0
3 -10 -8 12 -6 0 14 13.467318375784412 48.246755127989388 0.68608711727102223 -0.72751939322243397 5 -9 -12 11 -9 14 6 1 15 -11 5 25.260468723093513 0.0060137955600469972 0.68381858099883708 0.72965207344373173 0
4 -2.5 -1 2.5 -1 2.5 1 -2.5 1 54.669854700275529 50.316394887852859 -0.6194899277704925 0.78500460469408073 4 -2.5 -1 2.5 -1 2.5 1 -2.5 1 53.76011544572998 21.147844095930314 -0.57780311946069207 0.81617617898434969 0
5 -9 -12 11 -9 14 6 1 15 -11 5 17.129463034743754 49.467024526730619 0.30181723115914388 0.95336580543641691 4 -85 -50 85 -50 85 50 -85 50 4.9731914744728751 43.498080510996083 -0.6895427382677235 0.7242449945303383 1 35.580381303624272 33.875544516011239
3 -10 -8 12 -6 0 14 16.081595100801319 12.50229350718765 0.71310953079858497 0.7010526350312235 4 -11 -7 11 -7 11 7 -11 7 35.805580448764239 37.825171000859491 0.82780161315554612 0.56102093477612369 0
4 -85 -50 85 -50 85 50 -85 50 36.360973964738825 21.168429143768201 0.58224277689686699 -0.81301497449396654 3 -10 -8 12 -6 0 14 0.69794524010309944 9.3768747270011783 0.88582378094101433 0.46402179810798322 1 20.482420663772384 14.668538537395788
5 -9 -12 11 -9 14 6 1 15 -11 5 43.587240997566688 11.978849492633916 -0.51378114061810087 0.85792128983092808 5 -9 -12 11 -9 14 6 1 15 -11 5 31.376801146412504 42.837249878209612 -0.63073870843885682 0.77599528457129352 0
5 -9 -12 11 -9 14 6 1 15 -11 5 50.24422872598128 51.999426428866983 0.05992693692914744 -0.99820276609028191 4 -4.5 -3 4.5 -3 4.5 3 -4.5 3 12.187593486615928 47.165739965436863 0.89998873159759352 0.43591315992678498 0
4 -27 -18 27 -18 27 18 -27 18 31.70664568579728 0.49606120848429303 0.17289488545061585 -0.98494028173540471 3 -10 -8 12 -6 0 14 25.234757580086328 54.556153783093635 0.38330493053435449 0.92362185456389767 0
4 -27 -18 27 -18 27 18 -27 18 10.211061904011272 58.739910099878259 -0.25659666887620414 -0.9665185717417103 4 -85 -50 85 -50 85 50 -85 50 27.231969640723566 2.450240814217477 -0.46226967061824331 0.88673939329799756 1 -27.409383064334971 52.577491568147046
4 -27 -18 27 -18 27 18 -27 18 4.4023649744435689 46.181800381003363 0.71010772916864273 0.70409304283947693 3 -10 -8 12 -6 0 14 35.957060103623469 37.141883318258735 0.42654986004610773 0.90446404953134862 1 -1.7738698156508612 1.7890230267760383
5 -9 -12 11 -9 14 6 1 15 -11 5 16.732565504013792 31.151584655308532 -0.23418971616856815 -0.97219091583952044 4 -2 -2 2 -2 2 2 -2 2 28.396086947806516 13.38433320643002 0.4016635343006022 -0.91578731439846284 0
4 -2 -2 2 -2 2 2 -2 2 37.699890029196418 4.4069429185039244 0.88539792760680625 -0.46483385181113118 4 -27 -18 27 -18 27 18 -27 18 30.640060896714534 12.566810399120186 -0.8921065032979012 -0.45182517279761192 1 4.6627746115567748 -9.2064183335031071
4 -85 -50 85 -50 85 50 -85 50 5.8587921549292599 1.6522339810437914 -0.7148198269996251 -0.69930866927861413 4 -4.5 -3 4.5 -3 4.5 3 -4.5 3 12.700169730257223 53.940913567046159 -0.9851510679263199 -0.17168975905286668 1 15.684057900135183 -16.031941326270061
3 -10 -8 12 -6 0 14 26.312788319570235 34.541818674426004 -0.53599358207748726 -0.84422205607988232 4 -27 -18 27 -18 27 18 -27 18 39.789574139803442 42.010861990462601 -0.29555789945142574 0.95532482856453638 1 -11.455305078601379 -3.5440363375607107
4 -11 -7 11 -7 11 7 -11 7 58.973561777863594 50.229161294622081 0.62075011932629298 -0.78400847530903195 4 -2.5 -1 2.5 -1 2.5 1 -2.5 1 57.29040988622193 43.869171259284848 0.00082992080833170587 0.99999965561566662 1 3.1904633262324102 2.526095766610541
3 -10 -8 12 -6 0 14 57.657334133162344 21.846577920904917 0.044467876156793811 0.99901081475132392 4 -16 -0.5 16 -0.5 16 0.5 -16 0.5 21.928133103273719 59.386562146188425 -0.20270917284925932 0.97923898576535906 0
5 -9 -12 11 -9 14 6 1 15 -11 5 55.821652971695137 4.3306488298535335 0.37651894606189035 -0.92640891794954316 4 -4.5 -3 4.5 -3 4.5 3 -4.5 3 8.3353457378885327 14.628984906741165 0.74102623805669687 0.67147607143630939 0
4 -16 -0.5 16 -0.5 16 0.5 -16 0.5 0.098715381206315733 21.190067470996901 -0.44579764958912682 -0.89513376409384204 4 -27 -18 27 -18 27 18 -27 18 3.079456448867457 26.655741550823016 -0.12258460284992147 -0.99245806719686003 1 -21.344355001228482 2.6363726261034386
5 -9 -12 11 -9 14 6 1 15 -11 5 9.7876558423938675 40.82303454262393 -0.80247081859907554 0.59669136519387433 3 -10 -8 12 -6 0 14 7.6283396687009724 10.537760528590063 -0.99952974873153388 0.03066400822914082 0
4 -4.5 -3 4.5 -3 4.5 3 -4.5 3 16.878894979090184 29.382181223908649 0.59992511532145809 0.80005615803300656 3 -10 -8 12 -6 0 14 22.628429735519148 5.3532303355207063 -0.90321645248964466 -0.42918532122152259 0
4 -11 -7 11 -7 11 7 -11 7 57.528433483702003 31.107076414414081 -0.69772025832266171 -0.71637032401276801 4 -16 -0.5 16 -0.5 16 0.5 -16 0.5 29.780130507534423 48.837876634261349 -0.87218456818918577 -0.48917694039339549 0
4 -85 -50 85 -50 85 50 -85 50 42.264682534081942 7.6619450771210644 -0.54924457310756147 0.83566165336928833 4 -85 -50 85 -50 85 50 -85 50 1.5239101909637176 7.9736574066997656 0.89427606230967549 -0.44751572528783995 1 85.247532352216183 56.029547755944421
4 -85 -50 85 -50 85 50 -85 50 41.038125014017574 26.883376163840062 0.39396255815506787 0.91912648899480354 4 -4.5 -3 4.5 -3 4.5 3 -4.5 3 41.557696009542909 37.764775418555971 -0.93153626259126554 -0.36364844489904907 1 47.337391580164876 -20.290090761833504
5 -9 -12 11 -9 14 6 1 15 -11 5 5.3356969345976974 50.886854595090391 -0.1481373200747387 0.98896680146558735 4 -11 -7 11 -7 11 7 -11 7 59.280790669168447 21.650716264215294 -0.52275080048895883 -0.85248554274436394 0
4 -2 -2 2 -2 2 2 -2 2 35.933405879468303 44.669978807750901 0.84391016621885162 0.53648451175450551 3 -10 -8 12 -6 0 14 54.01822850517803 1.7455169454828412 0.34665873188953888 -0.93799132384299633 0
3 -10 -8 12 -6 0 14 39.61947700730606 5.6201513121212994 -0.44943482104851984 0.89331312630515225 4 -11 -7 11 -7 11 7 -11 7 12.928374095731701 7.1732233951275397 0.96086229358584652 -0.27702644777159191 0
4 -2 -2 2 -2 2 2 -2 2 44.61424333418941 24.668336831976404 0.99528876601342808 0.096955001147272624 5 -9 -12 11 -9 14 6 1 15 -11 5 34.859693895561165 3.0539247305312256 -0.87700990186942585 -0.48047230099453198 0
3 -10 -8 12 -6 0 14 37.300374786474464 6.4446743723912592 -0.20943252631069267 -0.97782310103777004 4 -16 -0.5 16 -0.5 16 0.5 -16 0.5 8.3439381428642996 13.449605846936057 0.967875727315479 0.25142906847366026 0
3 -10 -8 12 -6 0 14 10.660705512359378 17.373967944195176 0.9577884684650525 0.28747391129521493 3 -10 -8 12 -6 0 14 9.4242802348523576 51.411742639901789 0.90430641947906099 -0.42688394170893884 0
5 -9 -12 11 -9 14 6 1 15 -11 5 28.760274532587985 53.803412601392978 0.52631358367813497 -0.85029054542308002 4 -16 -0.5 16 -0.5 16 0.5 -16 0.5 20.787405411843711 7.3386624115201471 -0.68640904767930067 -0.72721566214156552 0
4 -2.5 -1 2.5 -1 2.5 1 -2.5 1 38.028523667196211 51.111534438942883 -0.82560926478281316 -0.56424227234830837 5 -9 -12 11 -9 14 6 1 15 -11 5 29.717589672263223 39.372325365462608 -0.7106296270873983 0.7035662961694692 0
5 -9 -12 11 -9 14 6 1 15 -11 5 27.362878762898021 41.083402575677454 -0.23727132043305812 -0.97144342115223214 4 -11 -7 11 -7 11 7 -11 7 5.4124881258854085 48.099903239621099 -0.42103573687167206 0.90704404979963793 0
3 -10 -8 12 -6 0 14 14.479608516327264 28.961560174317526 -0.91560633303386663 -0.40207591684690103 4 -4.5 -3 4.5 -3 4.5 3 -4.5 3 27.517440690899466 39.377282630074376 0.53360750448878314 0.84573224554421078 0
4 -11 -7 11 -7 11 7 -11 7 57.555834349724996 51.501738341346659 -0.89030540896623855 0.45536389708172814 4 -85 -50 85 -50 85 50 -85 50 28.565550381410592 31.804255082104518 -0.48783344495409653 -0.87293672736586037 1 39.764596935890332 -22.22211496242419
4 -2 -2 2 -2 2 2 -2 2 31.492049666941369 21.715151340272381 -0.67785453590210654 -0.73519604743016653 4 -85 -50 85 -50 85 50 -85 50 18.443598461943495 13.53679188314314 0.63998915890157759 0.76838393820306472 1 36.349152076836418 -30.275311739132455
4 -2.5 -1 2.5 -1 2.5 1 -2.5 1 46.713354876062049 12.950758921155971 0.99798258529325545 0.063488262311942836 4 -2.5 -1 2.5 -1 2.5 1 -2.5 1 46.260246507813619 58.563849291442423 -0.078222588920643543 -0.99693591899507361 0
4 -85 -50 85 -50 85 50 -85 50 50.113613517825485 50.064471391727906 -0.77881288046649888 0.62725632497367045 4 -11 -7 11 -7 11 7 -11 7 43.862702212304413 30.371486876599704 -0.88492095667848125 0.46574123763227315 1 24.919032158343324 30.939924303658977
4 -11 -7 11 -7 11 7 -11 7 19.341786543847242 25.016381595767768 0.7188375114407396 -0.69517812979529536 4 -16 -0.5 16 -0.5 16 0.5 -16 0.5 56.760100640096724 50.151090164267153 0.99532437141315289 -0.096588796819362624 0
4 -85 -50 85 -50 85 50 -85 50 29.239250144896967 11.883454538336039 -0.5141822915392652 0.85768092614178504 4 -85 -50 85 -50 85 50 -85 50 33.013052522664651 22.961093267174867 0.91046225843276307 -0.41359216139756866 1 -52.855492688208727 -116.35358629832537
3 -10 -8 12 -6 0 14 20.662703242734516 16.525601127782345 0.45969317068259147 0.88807780561603156 3 -10 -8 12 -6 0 14 56.79127425982913 58.722449190342587 -0.6329090908594257 0.77422611859036072 0
5 -9 -12 11 -9 14 6 1 15 -11 5 7.1756852812543181 14.700074356010376 0.28264300412170473 0.95922517284580167 4 -85 -50 85 -50 85 50 -85 50 49.964313173745744 42.93347306753676 0.72836992613171225 0.68518409986432405 1 -35.346560383465587 -33.250825289106331
5 -9 -12 11 -9 14 6 1 15 -11 5 48.773912399377302 23.852412352808155 -0.89290524854653419 -0.45024461919944364 4 -2 -2 2 -2 2 2 -2 2 23.596792857622734 18.039389593444255 0.14807898724033011 -0.98897553738091937 0
4 -85 -50 85 -50 85 50 -85 50 56.915640756783411 35.590344611436208 -0.58945017176648373 -0.80780473816663323 4 -2.5 -1 2.5 -1 2.5 1 -2.5 1 49.128850825235808 29.373000881757257 -0.35106609044289694 0.93635068224524709 1 40.400636087590058 -29.480096805761487
4 -2.5 -1 2.5 -1 2.5 1 -2.5 1 38.085283570038328 18.320609264967484 0.07634172841563544 -0.99708171204897411 3 -10 -8 12 -6 0 14 53.742564130341741 7.11820656966756 -0.66558569586023208 0.74632143307441645 0
3 -10 -8 12 -6 0 14 12.774673604197426 24.299448969277229 -0.94187891032258875 0.33595255362853366 4 -16 -0.5 16 -0.5 16 0.5 -16 0.5 38.355716986865168 27.143441120633703 -0.2050666111518627 -0.97874801915032794 0
5 -9 -12 11 -9 14 6 1 15 -11 5 52.700659541050769 48.440989458111915 0.99997084703096717 0.0076357768543878464 5 -9 -12 11 -9 14 6 1 15 -11 5 13.299218726674107 30.944021106483902 -0.22659811425685039 0.97398834418859415 0
4 -85 -50 85 -50 85 50 -85 50 25.372349740626497 0.54983510043623562 -0.062613219092930841 -0.99803786741527034 5 -9 -12 11 -9 14 6 1 15 -11 5 43.927223386764751 13.426495639751309 -0.53607488694236716 -0.84417043041658846 1 -45.387101821107194 2.8474195650290857
4 -4.5 -3 4.5 -3 4.5 3 -4.5 3 12.091252330641842 50.357458628162284 -0.16661957302599931 -0.98602125630466697 4 -2.5 -1 2.5 -1 2.5 1 -2.5 1 37.781784739034684 33.365444127144016 0.30366997225277836 -0.95277728140001161 0
3 -10 -8 12 -6 0 14 23.534323302725852 32.88583685264274 0.31370940987215085 -0.94951903938660798 4 -2.5 -1 2.5 -1 2.5 1 -2.5 1 56.087705157700746 31.129901277959139 -0.99980067942686679 -0.01996500482282814 0
3 -10 -8 12 -6 0 14 17.523591043879719 59.549554767024219 0.82479599890689026 0.56543042028810686 5 -9 -12 11 -9 14 6 1 15 -11 5 5.2103184281777848 30.489503403381846 0.73165322668237287 0.6816770172781772 0
4 -27 -18 27 -18 27 18 -27 18 59.86905163139874 48.179313485298074 -0.94609513920069588 -0.32388885065839462 4 -11 -7 11 -7 11 7 -11 7 34.453906980194532 44.835180307421439 0.15860860790813885 0.98734153639834388 1 12.506701513680021 4.281579104418304
4 -16 -0.5 16 -0.5 16 0.5 -16 0.5 31.975501863927796 17.699002645911925 0.59829357659175331 -0.8012769784594137 3 -10 -8 12 -6 0 14 33.09974345302841 48.978588294295008 0.44434728502313287 0.89585461448416437 0
4 -2.5 -1 2.5 -1 2.5 1 -2.5 1 39.006952498368669 20.803409283451398 -0.99999484750886358 -0.0032101332876728651 4 -16 -0.5 16 -0.5 16 0.5 -16 0.5 44.839964725097147 44.609955333722517 0.28448622501306686 0.95868012797690483 0
4 -4.5 -3 4.5 -3 4.5 3 -4.5 3 54.970803207390652 19.371549842514277 -0.93891462002793447 -0.34415016533164633 5 -9 -12 11 -9 14 6 1 15 -11 5 24.509143513373363 22.666896043029571 -0.41994296884186216 -0.907550496071862 0
4 -4.5 -3 4.5 -3 4.5 3 -4.5 3 10.756385718640642 36.116636957604449 0.097502507711640082 -0.99523527921288113 4 -4.5 -3 4.5 -3 4.5 3 -4.5 3 25.151913351877212 52.736909990571675 -0.99490987182571777 -0.10076877960823948 0
5 -9 -12 11 -9 14 6 1 15 -11 5 2.3082566756685652 54.148019079006893 -0.5829519390344543 0.8125066379888658 3 -10 -8 12 -6 0 14 18.766999589996853 22.982985373787351 -0.96673263488380967 -0.25578900025334711 0
4 -4.5 -3 4.5 -3 4.5 3 -4.5 3 50.768267261035469 5.588145506118618 -0.56905681149266019 -0.82229820946771315 4 -85 -50 85 -50 85 50 -85 50 39.513935270061864 27.742526585874433 0.99999881814571345 0.0015374352592422038 1 0.051097743160924088 -33.235664697857366
3 -10 -8 12 -6 0 14 9.0638053774320468 32.335591181723117 -0.40992148855531718 -0.91212081064987927 4 -2.5 -1 2.5 -1 2.5 1 -2.5 1 49.976738985108803 28.73867058570519 0.9345224503874483 -0.35590418615385705 0
4 -4.5 -3 4.5 -3 4.5 3 -4.5 3 30.551207494431523 46.804055480893801 -0.23810402400365452 0.97123965824778136 4 -2.5 -1 2.5 -1 2.5 1 -2.5 1 1.5714926444009403 56.487637696964875 0.88654668758440203 -0.46263913662067613 0
4 -85 -50 85 -50 85 50 -85 50 37.488218357430291 29.153862256922316 -0.23169213045933806 0.97278916353093337 3 -10 -8 12 -6 0 14 49.546613242665849 20.943108403695778 -0.92836542802708999 0.37166871275919622 1 -46.932402713176842 -11.178031972234018
4 -2 -2 2 -2 2 2 -2 2 30.340256387109331 45.043274261372432 0.79433940008549675 -0.60747421136358803 4 -2 -2 2 -2 2 2 -2 2 16.219578888859608 43.106775382840425 0.78922126339747589 0.61410894587303633 0
3 -10 -8 12 -6 0 14 46.472098006643257 20.990931551406039 -0.21482506484407843 0.97665254390429834 4 -2 -2 2 -2 2 2 -2 2 44.797223097813699 28.406314042153564 0.91249803751487313 0.40908108185481429 1 2.2037307879500374 -2.3329053556584194
4 -85 -50 85 -50 85 50 -85 50 45.44250665686004 8.2220580239324992 0.37661687132432498 -0.92636911230560626 3 -10 -8 12 -6 0 14 38.81716108010815 24.59515608683644 0.99990182463938948 0.014012176234245031 1 -54.679805250930094 -22.23016387817021
5 -9 -12 11 -9 14 6 1 15 -11 5 21.726117092304133 6.5618706408395733 0.42803227183541309 0.9037634503936387 3 -10 -8 12 -6 0 14 36.902239676946905 34.748166055674389 -0.81954993975783408 -0.57300776281210242 0
4 -2 -2 2 -2 2 2 -2 2 48.059801278806134 37.582854079719219 0.71111263972997718 -0.7030780992295691 4 -2 -2 2 -2 2 2 -2 2 49.428514535903872 15.426809087212854 0.35014266874001221 -0.93669638172015057 0
4 -16 -0.5 16 -0.5 16 0.5 -16 0.5 46.436971732966079 1.5748150510269365 0.080881852269401214 -0.99672369590246557 4 -16 -0.5 16 -0.5 16 0.5 -16 0.5 31.511323403448742 57.681969780137081 0.9939487898157231 -0.10984445012771285 0
3 -10 -8 12 -6 0 14 0.93465018969035807 15.895200112013315 0.99765983511493861 0.068372899590652986 3 -10 -8 12 -6 0 14 16.336976765749903 44.595217167848851 -0.50604521123371349 -0.86250695312410453 0
4 -85 -50 85 -50 85 50 -85 50 31.955974389974557 35.635726745050711 0.092375124873428791 -0.99572427724979085 4 -85 -50 85 -50 85 50 -85 50 44.821475666616614 23.165808348220747 -0.70183375855367869 -0.71234077193041301 1 -92.106186043755869 90.747621481714674
4 -27 -18 27 -18 27 18 -27 18 3.9415564063517183 57.886872306822127 -0.67066888662138224 0.74175686347888659 3 -10 -8 12 -6 0 14 16.010507733626586 7.6978858362206948 0.66525111598383901 0.74661968409777191 0
3 -10 -8 12 -6 0 14 48.138933306326152 16.740368337218122 0.98114632666120305 -0.1932663594090494 4 -4.5 -3 4.5 -3 4.5 3 -4.5 3 6.1809858779595217 14.016313720985957 -0.78754420689652449 -0.61625816196114136 0
4 -2 -2 2 -2 2 2 -2 2 31.680433746910811 19.440783961259694 0.69453417389654548 -0.71945971484847093 4 -4.5 -3 4.5 -3 4.5 3 -4.5 3 55.863807760334787 20.062978560186792 -0.51484891598564164 -0.85728093044719578 0
4 -27 -18 27 -18 27 18 -27 18 15.329167778632764 6.0248656415890451 0.77490421579611923 -0.63207867891695368 4 -27 -18 27 -18 27 18 -27 18 27.786711487751067 3.7755920904430118 0.42085030724196892 0.90713010031325736 1 -32.98785432103216 15.304253074024915
5 -9 -12 11 -9 14 6 1 15 -11 5 13.697145270240227 44.04397031688994 0.9333263580547756 0.35902912049053742 4 -2.5 -1 2.5 -1 2.5 1 -2.5 1 12.528092416310164 56.231230499996748 0.9983276036648101 -0.057809997066924614 1 -0.65337940342306433 -2.6895360167729465
4 -85 -50 85 -50 85 50 -85 50 5.0964916681080519 31.004752886401739 0.61289334232777803 0.79016564777917608 4 -16 -0.5 16 -0.5 16 0.5 -16 0.5 54.036997608343768 45.03537329275251 -0.27046391937345005 -0.96273011187827295 1 -20.870519937282758 16.188254648162726
4 -85 -50 85 -50 85 50 -85 50 51.20660262353551 30.902516531956522 0.99584159745739576 0.091101661749400709 3 -10 -8 12 -6 0 14 18.08406485617413 35.591104850192906 0.68197876048725647 0.73137197802777842 1 5.0052691514835441 -54.713109857739624
4 -2 -2 2 -2 2 2 -2 2 25.783670799299479 37.889010611434827 0.75924752804248752 -0.65080196001654156 4 -4.5 -3 4.5 -3 4.5 3 -4.5 3 22.685061110304162 36.465414968567181 0.26266174174349272 -0.96488797765557988 1 2.3295418330467896 0.6341477244012379
4 -2 -2 2 -2 2 2 -2 2 29.962015340090854 34.001501409106929 0.77254448497010586 -0.63496064345932013 4 -27 -18 27 -18 27 18 -27 18 30.199101343857173 10.658861847462909 -0.86923659056978098 0.49439634870680732 1 0.068130806689881224 0.11978605884689003
4 -27 -18 27 -18 27 18 -27 18 18.719526581335433 6.3116348993756111 0.22368752241094744 0.97466091145467193 4 -27 -18 27 -18 27 18 -27 18 40.116933940770217 27.063062785056278 -0.67184862248340127 0.74068848274234433 1 -15.297079699328053 -13.875363480692085
5 -9 -12 11 -9 14 6 1 15 -11 5 31.712229793151806 13.705784819988461 0.93781397316680093 0.34713823144836514 4 -11 -7 11 -7 11 7 -11 7 51.119907391907191 19.304652712188183 0.99358847721694332 -0.11305723303582001 1 -4.9156326179983214 -0.77877463270675074
4 -2.5 -1 2.5 -1 2.5 1 -2.5 1 52.871855193205228 29.842802761346256 0.86490907739555933 0.50192856846244804 4 -16 -0.5 16 -0.5 16 0.5 -16 0.5 48.059124701112765 53.279348860216615 0.92901616131252285 0.37003914930740028 0
3 -10 -8 12 -6 0 14 57.58090581050002 39.646697046346958 0.94030167828326761 -0.34034211290651395 4 -16 -0.5 16 -0.5 16 0.5 -16 0.5 2.5737308874060738 29.330632895845767 -0.92470557790748886 0.38068306264762702 0
4 -2.5 -1 2.5 -1 2.5 1 -2.5 1 47.166801029396758 23.023107139062464 0.41063681493587656 -0.91179899441670731 4 -27 -18 27 -18 27 18 -27 18 59.227804901201459 55.299101587618729 0.84384634021706573 -0.53658489924919062 0
5 -9 -12 11 -9 14 6 1 15 -11 5 0.21408716415947326 37.84044456805924 0.4097345168807075 -0.91220481563985023 3 -10 -8 12 -6 0 14 58.162989611095391 40.299652843390838 0.99976031335845517 0.02189328283751811 0
4 -85 -50 85 -50 85 50 -85 50 33.631311761192585 45.097209787615022 -0.91170708123888589 -0.41084084268591342 4 -11 -7 11 -7 11 7 -11 7 6.5362101811813584 25.339854533741441 -0.95664829697181109 -0.29124566245857386 1 -21.143602777686109 46.92029217274203
3 -10 -8 12 -6 0 14 20.599547779239145 42.399601869903307 0.021877401552483501 -0.99976066100907945 4 -2 -2 2 -2 2 2 -2 2 8.4015018092524976 46.175946770042501 0.15463136132775471 -0.98797223751172547 0
4 -2 -2 2 -2 2 2 -2 2 48.484165276421294 58.807144151636592 0.76968993436357758 0.63841789208902322 3 -10 -8 12 -6 0 14 6.3822954748239313 1.7678154917743938 0.71893035769194902 0.69508211082499183 0
4 -2.5 -1 2.5 -1 2.5 1 -2.5 1 16.188350790968947 1.8330724635309403 0.84677353606235062 0.531953549310899 4 -11 -7 11 -7 11 7 -11 7 38.898940570783303 39.112128111350827 0.99971144085035257 0.024021553507467288 0
4 -27 -18 27 -18 27 18 -27 18 24.195252239268573 5.9768886828851686 -0.99994748149497126 0.010248621949515034 4 -27 -18 27 -18 27 18 -27 18 18.326123139389033 56.400569837913643 -0.45891146624293805 0.88848200102802122 0
5 -9 -12 11 -9 14 6 1 15 -11 5 29.05707824545199 34.644469952945499 0.045578986063386749 0.99896073798194573 4 -4.5 -3 4.5 -3 4.5 3 -4.5 3 30.99781338339081 3.0595954099163802 -0.99196598253457491 -0.12650489909175588 0
4 -16 -0.5 16 -0.5 16 0.5 -16 0.5 7.999905646635983 59.949633598800112 0.86637213928612644 -0.49939895501370518 5 -9 -12 11 -9 14 6 1 15 -11 5 11.48236140089625 25.608284128024572 -0.49228228415831893 -0.87043561088909283 0
4 -11 -7 11 -7 11 7 -11 7 22.587269932402588 48.976954172667106 0.81239133562001908 0.58311261160218564 4 -11 -7 11 -7 11 7 -11 7 6.9320872326997662 19.245614385145153 -0.97563984070351772 -0.21937844295193312 0
4 -2.5 -1 2.5 -1 2.5 1 -2.5 1 57.901544884209031 46.584714173744054 0.36487411242683149 -0.93105686296849344 4 -27 -18 27 -18 27 18 -27 18 41.233214063855435 14.993754025690327 0.86396031934661566 0.50355989375097565 0
4 -2 -2 2 -2 2 2 -2 2 5.2650075774256466 47.642813952731025 -0.11727556213699573 -0.99309941220677989 4 -2.5 -1 2.5 -1 2.5 1 -2.5 1 19.986911069371349 6.8966352753486726 -0.27879161534200564 0.96035162061351009 0
3 -10 -8 12 -6 0 14 44.095210643506171 12.131362783006592 0.0005649657784636674 0.99999984040682188 3 -10 -8 12 -6 0 14 1.7000804439561423 19.493089022588766 -0.74825179287875077 -0.66341484340775425 0
3 -10 -8 12 -6 0 14 16.752565623839633 46.840979884331453 0.70821373525731313 -0.70599809149379744 4 -4.5 -3 4.5 -3 4.5 3 -4.5 3 2.1085954790873607 55.87151444920385 -0.55845047387542923 -0.8295378642523249 0
4 -11 -7 11 -7 11 7 -11 7 22.119729539903464 49.253007262594672 -0.44423356462746205 -0.89591101123849259 4 -11 -7 11 -7 11 7 -11 7 32.012359157736277 0.12555547640362041 0.74802849091428347 0.66366661568930807 0
4 -2.5 -1 2.5 -1 2.5 1 -2.5 1 1.5408797551650011 47.413425873836644 -0.73834861146406461 -0.67441925235649058 4 -27 -18 27 -18 27 18 -27 18 18.009414105151532 19.078847117278169 0.9874048958790923 -0.15821368965421082 0
4 -27 -18 27 -18 27 18 -27 18 2.6695697916338545 31.068447514109032 0.086565661199020413 -0.99624614744608997 4 -4.5 -3 4.5 -3 4.5 3 -4.5 3 28.872150486729023 58.530218976148184 -0.94377538872366284 0.33058737973416219 0
4 -2.5 -1 2.5 -1 2.5 1 -2.5 1 39.460887393823569 35.571084382088273 0.95723188121146896 0.28932183739281114 4 -16 -0.5 16 -0.5 16 0.5 -16 0.5 16.994090641256555 8.5995526643400044 -0.96643870292695422 0.2568973208985767 0
4 -2.5 -1 2.5 -1 2.5 1 -2.5 1 38.451579912920678 43.523748701815954 0.79174419656599682 -0.6108527868513528 4 -27 -18 27 -18 27 18 -27 18 24.019197636369341 1.1505855823212063 0.42656546246321836 -0.90445669118733407 0
4 -4.5 -3 4.5 -3 4.5 3 -4.5 3 11.80525401457472 57.773078482807975 -0.71884942771529847 -0.69516580775624159 4 -4.5 -3 4.5 -3 4.5 3 -4.5 3 33.552932045985067 24.0294644277697 0.73250389127966242 0.68076284362482098 0
4 -27 -18 27 -18 27 18 -27 18 4.7271418573172781 46.838116167659919 0.23919683146396112 -0.97097109937299442 4 -16 -0.5 16 -0.5 16 0.5 -16 0.5 28.139537854902581 16.034313388265904 -0.18522050195757339 0.98269698567492536 1 -2.6154786351423183 -0.49297013496754655
4 -2.5 -1 2.5 -1 2.5 1 -2.5 1 2.212407190607415 33.595453226713595 -0.02218214175569912 -0.99975394602228507 5 -9 -12 11 -9 14 6 1 15 -11 5 45.901531708487468 20.798128342386487 -0.71372473742599063 -0.70042629818290003 0
4 -16 -0.5 16 -0.5 16 0.5 -16 0.5 19.947728900264472 32.510902521959181 0.097592126780278954 -0.9952264952213149 4 -11 -7 11 -7 11 7 -11 7 10.288132357776892 16.116883449425444 0.18073099054430436 0.98353256634281028 0
3 -10 -8 12 -6 0 14 3.7018373450897246 40.451840141321625 0.11967864943878705 -0.9928126816618067 4 -2.5 -1 2.5 -1 2.5 1 -2.5 1 36.060104431012434 50.98183546422176 0.11398471059037379 -0.99348250399875127 0
3 -10 -8 12 -6 0 14 10.600338007103765 49.409739581073758 -0.98921842708434726 0.14644761355778355 3 -10 -8 12 -6 0 14 16.033118743874148 36.824213361519938 0.88971243240279652 0.45652139887183729 1 -5.4832384270898125 3.5425261856995931
4 -2 -2 2 -2 2 2 -2 2 33.100477937498141 8.5629482121814888 -0.29090803042535296 0.95675102186203176 3 -10 -8 12 -6 0 14 45.426259936266533 50.42084058886892 -0.80666874365682251 0.59100383924905564 0
3 -10 -8 12 -6 0 14 20.500177410659639 25.773983287789203 0.91048944018099709 0.41353231955784864 4 -11 -7 11 -7 11 7 -11 7 25.487161659164858 2.7067088723104393 -0.37500735516917055 -0.9270218355405786 0
4 -11 -7 11 -7 11 7 -11 7 42.001174125520862 33.755588282085213 -0.99918807982519642 -0.04028872218421678 3 -10 -8 12 -6 0 14 15.535679281790031 56.924077728698983 -0.99989299716235924 -0.01462854147460462 0
3 -10 -8 12 -6 0 14 30.393732417892526 28.441215291672915 -0.89173882949530492 0.45255039495104127 4 -4.5 -3 4.5 -3 4.5 3 -4.5 3 21.876199652981761 45.180575234876862 0.27971365693928346 -0.96008347039288877 0
4 -2.5 -1 2.5 -1 2.5 1 -2.5 1 16.482752963812963 18.090901792484008 0.39302501513291582 0.91952777961286802 4 -16 -0.5 16 -0.5 16 0.5 -16 0.5 1.619297284798753 53.76372787415086 0.20482120039321516 0.97879940532750753 0
4 -11 -7 11 -7 11 7 -11 7 39.210121259676896 44.492759981161221 -0.77046816563876797 -0.63747847472462316 4 -27 -18 27 -18 27 18 -27 18 53.353223898212129 20.029383901352027 0.20432901511932217 -0.97890226967781002 1 -7.2769905911664772 8.7951041712719427
3 -10 -8 12 -6 0 14 32.967244972013653 24.260380583714902 -0.85343195961277951 0.52120426927596353 4 -2.5 -1 2.5 -1 2.5 1 -2.5 1 26.557912479313789 30.534203923063991 -0.54789362786156404 0.8365480097093615 1 2.9628336084777507 -0.023234820006247117
4 -2.5 -1 2.5 -1 2.5 1 -2.5 1 40.005695903423657 53.083058503738826 -0.9433169448278973 -0.33189326838693445 4 -2 -2 2 -2 2 2 -2 2 29.4787499128539 15.589134358511572 -0.18820787557830093 -0.98212921531247754 0
4 -27 -18 27 -18 27 18 -27 18 26.645514148818691 38.880353511236628 0.71458186386567923 -0.69955182783997627 3 -10 -8 12 -6 0 14 15.826680321389512 44.315546839778094 0.090989730678498873 -0.99585183080167816 1 17.534679087708255 -17.165866399177812
3 -10 -8 12 -6 0 14 5.5671494293640151 30.391864942173047 -0.60443292769919621 0.7966560336261681 5 -9 -12 11 -9 14 6 1 15 -11 5 44.627184977910453 42.115232332388921 0.0032479942036932122 -0.99999472525291488 0
4 -27 -18 27 -18 27 18 -27 18 52.714438411489503 26.160078410533131 0.98564872140153748 0.16880935400478983 4 -16 -0.5 16 -0.5 16 0.5 -16 0.5 50.724547304251018 1.174897990285122 -0.20100686348621835 -0.97958983295634139 1 -1.4849548087146855 8.6703951755372799
4 -2 -2 2 -2 2 2 -2 2 40.897291451001124 15.730291472311626 0.73886644998582585 0.6738518895761465 3 -10 -8 12 -6 0 14 29.240522591919749 21.653564091721847 0.82146792660557955 0.57025471989132215 0
4 -2 -2 2 -2 2 2 -2 2 28.236152638460204 19.627901228892078 0.0050899361409350924 0.99998704619113998 4 -11 -7 11 -7 11 7 -11 7 57.729636702751762 29.990187351690409 0.87925272042741964 0.47635559576956987 0
3 -10 -8 12 -6 0 14 5.325480643569092 14.692167095517689 -0.88940450703928919 -0.45712101555080464 4 -2 -2 2 -2 2 2 -2 2 47.265388734744235 54.773622957264493 0.97952507156882829 -0.20132221479032536 0
4 -85 -50 85 -50 85 50 -85 50 5.6653223042718999 0.76508100816339963 0.65310795204997352 -0.75726481693598402 4 -11 -7 11 -7 11 7 -11 7 25.615147954279585 46.694744895199364 -0.17044961410255527 -0.98536639330367359 1 -13.508534080884537 -11.650522817712778
4 -2 -2 2 -2 2 2 -2 2 57.135256596083288 15.510783457141812 0.99966011549810974 -0.026070164600668098 3 -10 -8 12 -6 0 14 50.294864681899618 21.4754759236688 0.82437086894020029 0.56605006001481806 1 0.5911176459377796 -0.71277203157075264
4 -4.5 -3 4.5 -3 4.5 3 -4.5 3 53.761064912260395 44.931265716966209 -0.40026337133962092 -0.91640014926004931 4 -2 -2 2 -2 2 2 -2 2 45.683756284505016 31.918799620048084 0.74873088843878755 0.66287408811754278 0
4 -2 -2 2 -2 2 2 -2 2 31.724660563554085 43.949805732880165 0.99573864796289524 -0.092220089747437159 4 -27 -18 27 -18 27 18 -27 18 14.540575125466049 14.695721725908491 -0.14474086337800565 0.98946959653573463 0
4 -27 -18 27 -18 27 18 -27 18 26.48828262408491 11.805136212647493 -0.74377970953889916 0.66842482275737691 4 -85 -50 85 -50 85 50 -85 50 31.676012625232495 51.204706848017082 -0.079576800588137195 -0.9968287379525913 1 -6.0484529309213695 -75.766701565466136
4 -2 -2 2 -2 2 2 -2 2 42.545212809250529 31.828556154600825 -0.98528353632223808 -0.17092791770902971 4 -16 -0.5 16 -0.5 16 0.5 -16 0.5 37.818917861612526 47.100121291736777 0.44145113494598398 0.89728529212001606 0
4 -85 -50 85 -50 85 50 -85 50 17.996472231953291 34.027986100892214 -0.46745163272574669 0.88401864859404045 4 -4.5 -3 4.5 -3 4.5 3 -4.5 3 36.256610358846125 45.193947470505762 0.98037320771773007 0.19715063679645681 1 -29.884114967979404 -15.802130822198214
3 -10 -8 12 -6 0 14 10.182356406957478 51.581257812336176 0.30321171925057389 0.95292321480227937 4 -85 -50 85 -50 85 50 -85 50 55.732413342791865 38.193381161990466 -0.88530826223441539 0.46500460300891605 1 -42.558996943086058 22.353941923042051
4 -85 -50 85 -50 85 50 -85 50 36.815718633496836 5.0284089951240807 0.84015644209907847 -0.54234412765274576 5 -9 -12 11 -9 14 6 1 15 -11 5 46.287011859167663 32.436764004361542 0.71725099382096913 -0.69681490502344456 1 -17.800518324849438 -27.575149025860831
3 -10 -8 12 -6 0 14 14.58096487383289 46.218575058347362 -0.82251794068495498 0.56873916451338291 4 -85 -50 85 -50 85 50 -85 50 13.408987777493282 56.895631850838789 -0.071667113901024954 -0.99742860635992259 1 55.207494956178969 -3.9667619356277131
4 -2.5 -1 2.5 -1 2.5 1 -2.5 1 19.259778103284553 1.4761518072434865 -0.59366175217282557 -0.80471468484618236 4 -16 -0.5 16 -0.5 16 0.5 -16 0.5 21.27876653145659 48.759202114722079 0.94387712872769491 0.33029678452077377 0
4 -16 -0.5 16 -0.5 16 0.5 -16 0.5 56.694284052700283 54.803308979769326 0.93555772298790851 0.35317381975123791 4 -11 -7 11 -7 11 7 -11 7 1.8029284761539688 56.225692029719262 0.91940273826001628 -0.3933174352606098 0
4 -27 -18 27 -18 27 18 -27 18 35.157737367797147 40.84082276212964 0.67086449369803292 -0.7415799559692009 4 -2 -2 2 -2 2 2 -2 2 37.946524720142591 2.2428641355064904 0.99897461951815503 0.045273718187900512 0
4 -4.5 -3 4.5 -3 4.5 3 -4.5 3 17.852106211376693 58.610735025112369 0.88110445234316825 0.47292171028727953 3 -10 -8 12 -6 0 14 2.9034929112911101 31.304064461329865 -0.83536020181938853 0.54970294997959623 0
4 -4.5 -3 4.5 -3 4.5 3 -4.5 3 7.8172922659646744 54.768029842321567 -0.92463386168445583 0.38085721973790981 4 -2.5 -1 2.5 -1 2.5 1 -2.5 1 35.748562405670398 43.058815831510216 0.88875351965473259 -0.45838540694629976 0
4 -2.5 -1 2.5 -1 2.5 1 -2.5 1 7.0571350885166018 59.863937815593715 -0.9099357265564415 -0.41474928997672911 4 -2 -2 2 -2 2 2 -2 2 37.745414843207804 49.048442217042641 -0.97816000679361392 0.20785331633033233 0
4 -16 -0.5 16 -0.5 16 0.5 -16 0.5 39.090783668485486 25.651631654808153 0.91957533435971328 -0.39291373663594586 4 -2.5 -1 2.5 -1 2.5 1 -2.5 1 21.230397735362438 12.44075570130798 0.61298809678301169 -0.79009214222288093 0
4 -2.5 -1 2.5 -1 2.5 1 -2.5 1 46.586925581187181 26.360019413726548 0.81085965582367214 0.58524065012396054 4 -27 -18 27 -18 27 18 -27 18 32.652894566972712 11.630102872805153 -0.87403256306557542 -0.48586734681497273 1 8.971624808890466 4.9872507349453938
4 -4.5 -3 4.5 -3 4.5 3 -4.5 3 14.702550945840635 29.944825420313087 0.96716010969866839 -0.2541679016076967 4 -16 -0.5 16 -0.5 16 0.5 -16 0.5 54.412867981552665 17.889787236771753 -0.22937184616889991 0.97333887017064646 0
3 -10 -8 12 -6 0 14 26.194401396782887 1.5946020013936923 0.7405348001646791 0.67201801296175001 4 -4.5 -3 4.5 -3 4.5 3 -4.5 3 42.094737458705609 27.977581030998046 0.99628052155222024 -0.086169149790606553 0
4 -11 -7 11 -7 11 7 -11 7 41.305682856294489 12.730292029782186 -0.17644108310140733 0.98431120292009389 4 -2 -2 2 -2 2 2 -2 2 56.17892190571628 56.370387271429543 0.66526004259561689 0.74661173023578864 0
4 -2 -2 2 -2 2 2 -2 2 11.687482207384182 24.54835196222723 -0.99705687868792769 -0.076665381112253211 4 -2.5 -1 2.5 -1 2.5 1 -2.5 1 4.0910982816369712 32.594636547654432 0.79259582745906398 0.60974736923949224 0
4 -4.5 -3 4.5 -3 4.5 3 -4.5 3 31.078727414650043 19.799683890812226 -0.35900425637968436 -0.93333592232447038 5 -9 -12 11 -9 14 6 1 15 -11 5 34.925488996023063 9.7080498771192385 -0.94822268802273235 -0.31760625610800536 1 -2.2890039204365262 4.4829433777195806
4 -16 -0.5 16 -0.5 16 0.5 -16 0.5 24.016516935966386 54.348064029901778 -0.14630411410563998 0.98923966064637936 4 -11 -7 11 -7 11 7 -11 7 35.77209032996543 45.625946958453291 -0.81462998102330741 -0.57998102901557547 1 -3.0931492978460451 -0.45746292412311224
4 -4.5 -3 4.5 -3 4.5 3 -4.5 3 54.627809805235785 5.0390925646482039 -0.32646692177828013 -0.94520862722713994 3 -10 -8 12 -6 0 14 9.0452373192112994 36.876321027929578 -0.97722628501489139 -0.21219987718185457 0
4 -4.5 -3 4.5 -3 4.5 3 -4.5 3 51.77533072678871 48.997707198425864 -0.9970210537934967 0.07712987937566898 4 -4.5 -3 4.5 -3 4.5 3 -4.5 3 41.747143434934316 41.611619054905674 0.66857539959999879 0.74364436059833194 0
4 -11 -7 11 -7 11 7 -11 7 33.911023332078685 28.42225249600045 -0.17914716108402329 0.98382228815753869 3 -10 -8 12 -6 0 14 40.48418405455007 9.3216132972801464 -0.094584159776104612 -0.99551686912851878 1 -0.50638785683005472 2.7809296948226478
5 -9 -12 11 -9 14 6 1 15 -11 5 10.648391459070885 44.8869468951942 -0.22867140486759557 -0.97350366645220199 4 -27 -18 27 -18 27 18 -27 18 32.486114016649296 33.764103642805921 0.45638563419508726 -0.88978208169211181 1 -12.973093385668852 -6.6541387763518722
4 -85 -50 85 -50 85 50 -85 50 31.535481087411998 12.455019042042624 0.64884217414006629 -0.76092301388326533 4 -2.5 -1 2.5 -1 2.5 1 -2.5 1 1.858072549772658 36.882350548231614 -0.83572265193524164 -0.54915175411021588 1 34.90523791858886 29.763839503805507
4 -4.5 -3 4.5 -3 4.5 3 -4.5 3 48.800316736200223 54.290729601260736 -0.99771685704871682 0.067535717667248862 4 -4.5 -3 4.5 -3 4.5 3 -4.5 3 3.2547209118057463 26.878421773426794 -0.88578267956926227 0.46410025272035532 0
5 -9 -12 11 -9 14 6 1 15 -11 5 34.401476254445086 3.2478675040369476 -0.99828388770032239 0.05856005087028348 4 -2 -2 2 -2 2 2 -2 2 40.518310545799459 12.875476954067622 0.82305418475085612 -0.56796285878929054 1 0.38883522481719007 -4.2945009496361468
3 -10 -8 12 -6 0 14 12.412762466046306 45.54575561477364 -0.63470545113631471 0.77275415902979594 4 -2 -2 2 -2 2 2 -2 2 1.9888776799590646 36.716647805202186 0.2814345271165179 -0.95958043276564464 1 -0.51634739445912026 1.9332164957890461
4 -2 -2 2 -2 2 2 -2 2 36.960040848377659 7.9085330323665808 0.88954738700460834 0.4568429120313387 3 -10 -8 12 -6 0 14 3.4596794086587579 40.783137335576534 -0.9860108065587857 -0.16668140072993426 0
4 -85 -50 85 -50 85 50 -85 50 38.301778528707636 47.282374940831382 0.9945688192479234 -0.10408104428661126 4 -85 -50 85 -50 85 50 -85 50 39.234792852047455 12.382915968349725 0.43908097731666679 -0.89844749170924887 1 11.861736007355262 113.3473713290123
4 -2.5 -1 2.5 -1 2.5 1 -2.5 1 53.655217364364717 32.136348946535492 0.2515670712475595 -0.96783986726313631 4 -85 -50 85 -50 85 50 -85 50 33.594001401605745 58.301498787092775 -0.86249094621130995 -0.50607249253789655 1 10.100371500036594 -17.213895441076485
4 -2 -2 2 -2 2 2 -2 2 1.0512868457658708 46.627025422174796 0.31419825463059681 0.94935739149547183 4 -16 -0.5 16 -0.5 16 0.5 -16 0.5 51.170004300019919 13.426396174772448 0.35624171125479881 0.93439383728824565 0
3 -10 -8 12 -6 0 14 30.24705554089914 5.5860060342349023 0.030491860783155713 -0.99953501510751519 4 -11 -7 11 -7 11 7 -11 7 29.266147371739638 0.32373192365540815 -0.59710535084478289 0.80216282635916802 1 -7.9772037168729204 12.420486697531457
4 -85 -50 85 -50 85 50 -85 50 39.541878776702745 1.465600748150544 0.13011476861883833 0.99149893947863921 4 -2 -2 2 -2 2 2 -2 2 12.164173657437329 47.666699948633351 0.78514587811684056 0.61931086707414995 1 19.50454800769575 -2.5595889717953972
3 -10 -8 12 -6 0 14 33.558972223817598 8.2055052645118387 0.28833238449975934 0.95753038387754719 4 -11 -7 11 -7 11 7 -11 7 22.746741890655223 51.588532604640363 0.99982804119617041 -0.018544218447509503 0
4 -11 -7 11 -7 11 7 -11 7 3.9096712480382356 4.3021991382631857 0.97113116077858086 -0.23854615604709756 5 -9 -12 11 -9 14 6 1 15 -11 5 29.28699508495486 3.6750251943953915 0.31143178801194132 0.95026851016735536 1 -0.51102152187128569 -0.20294736207797676
4 -2 -2 2 -2 2 2 -2 2 51.325311324751155 1.8289609609278035 -0.86923918491908314 -0.49439178735210393 4 -11 -7 11 -7 11 7 -11 7 1.5864867028903951 34.331028153554328 -0.43707949603442819 -0.89942287837606749 0
4 -85 -50 85 -50 85 50 -85 50 4.4101258764719198 35.505050902184252 0.8967096495349185 -0.44261925447382389 3 -10 -8 12 -6 0 14 2.7475729641694602 53.571210434887156 -0.69851651921884672 -0.71559392980823033 1 -19.514319568571963 -39.534381941988975
4 -2 -2 2 -2 2 2 -2 2 42.941213525779126 23.175755934860927 0.5461431921319897 0.837691836947144 4 -27 -18 27 -18 27 18 -27 18 14.142229904140834 40.343215159195807 0.82323770794650075 0.56769681716123088 0
4 -2.5 -1 2.5 -1 2.5 1 -2.5 1 1.1410447567841264 14.665524661841975 -0.98889306685146361 0.14862873992975464 4 -16 -0.5 16 -0.5 16 0.5 -16 0.5 48.010194484388037 36.958387152176137 0.94676031819900475 -0.32193927980866099 0
4 -85 -50 85 -50 85 50 -85 50 53.229730630467905 0.27639951037342625 -0.67880925771311873 -0.73431464076577202 4 -85 -50 85 -50 85 50 -85 50 23.01438334592039 45.732653287530276 -0.20433268456619327 0.97890150373670004 1 69.904882663362301 -64.620911632314375
5 -9 -12 11 -9 14 6 1 15 -11 5 11.263614231474588 27.483748757974286 0.39806330834844522 -0.91735794679432014 4 -4.5 -3 4.5 -3 4.5 3 -4.5 3 36.771567634100322 13.813115102182023 0.45034266714257126 -0.89285580143207632 0
4 -2 -2 2 -2 2 2 -2 2 36.969701265854226 9.2808340207397535 0.9912184636689455 -0.13223447841533395 4 -16 -0.5 16 -0.5 16 0.5 -16 0.5 59.841530879926779 14.072756800962306 0.63791280833415331 0.77010859556508893 0
4 -2 -2 2 -2 2 2 -2 2 43.259145490757447 18.316746553184238 -0.18751045824614901 -0.98226260645935171 4 -85 -50 85 -50 85 50 -85 50 21.47684813726751 12.955354106809621 0.88780085535406195 -0.46022781449255767 1 17.35207034230832 33.472950584376939
3 -10 -8 12 -6 0 14 31.213541926663716 34.005865092780731 -0.45895413128231749 -0.88845996273264516 4 -27 -18 27 -18 27 18 -27 18 25.872726350463871 58.816694579693134 0.99878167958378594 0.049347305172537853 1 0.2773832603350827 -5.6141934737315351
4 -16 -0.5 16 -0.5 16 0.5 -16 0.5 12.337983158378997 56.286715917793515 -0.64014893173338638 -0.76825083481933443 4 -16 -0.5 16 -0.5 16 0.5 -16 0.5 38.012217492726222 35.88243729044126 -0.50906335972282057 -0.86072904899725222 0
4 -27 -18 27 -18 27 18 -27 18 12.476454687607404 48.91536635367315 0.19159844024465617 0.98147340142044348 4 -2.5 -1 2.5 -1 2.5 1 -2.5 1 6.3173487933796091 34.165049140563603 0.41269870153433147 -0.91086759836535891 1 2.6746671406753459 13.70112748764582
4 -2 -2 2 -2 2 2 -2 2 44.468566043984332 17.772792400883915 0.92965191469530106 0.36843902820325725 4 -27 -18 27 -18 27 18 -27 18 16.563119073128085 32.029783197217739 -0.12505090686277207 0.99215032666063174 0
4 -2 -2 2 -2 2 2 -2 2 16.19763467814067 4.5527598377867751 0.45961298354036817 0.88811930806683925 4 -16 -0.5 16 -0.5 16 0.5 -16 0.5 23.7455470302252 49.213681559034541 0.38959396141249625 -0.92098672369959733 0
4 -2.5 -1 2.5 -1 2.5 1 -2.5 1 12.144460220113999 58.707140524925769 0.47699109623130587 -0.87890812609513236 4 -2.5 -1 2.5 -1 2.5 1 -2.5 1 3.8850570543800056 54.2377291569288 0.99965535474665101 -0.026252080419411603 0
4 -27 -18 27 -18 27 18 -27 18 19.017724393807903 27.098864487944695 0.88425427037634352 -0.46700576583292885 4 -11 -7 11 -7 11 7 -11 7 21.468054308345316 8.2672202550089793 -0.84719918301314523 0.53127539403012003 1 4.8048287507754512 9.0977256645267897
4 -27 -18 27 -18 27 18 -27 18 33.601145607826091 51.216974068217873 0.38463486288773135 0.92306880688892101 4 -27 -18 27 -18 27 18 -27 18 12.256951844559808 6.368583833785662 -0.70409576538027829 0.71010502967769507 1 2.2100223491387023 2.1913200335035068
4 -2.5 -1 2.5 -1 2.5 1 -2.5 1 41.270227685519458 24.955445992626952 0.64792126062723787 0.76170731913722012 4 -2.5 -1 2.5 -1 2.5 1 -2.5 1 30.796815335975939 4.3050083785466287 -0.068008226878064182 0.99768476037118148 0
4 -4.5 -3 4.5 -3 4.5 3 -4.5 3 14.386619219861954 39.640301992680683 -0.72545016889375091 0.68827469258431129 4 -4.5 -3 4.5 -3 4.5 3 -4.5 3 45.375122407725996 51.453502459893855 -0.71166817311279018 0.70251577304591795 0
4 -2.5 -1 2.5 -1 2.5 1 -2.5 1 24.555441547816276 6.2868798417335237 -0.98739376097267306 -0.15828316648412064 4 -16 -0.5 16 -0.5 16 0.5 -16 0.5 7.1029258278957581 54.388639029826493 0.60049651486342226 0.79962737299124753 0
4 -11 -7 11 -7 11 7 -11 7 36.091634915981906 42.55645497636845 0.42329069178816642 -0.9059939239561684 4 -27 -18 27 -18 27 18 -27 18 32.479033623089343 30.048208672087078 -0.79950418833075976 0.60066051380257468 1 10.318741678632952 13.734675412810292
4 -85 -50 85 -50 85 50 -85 50 7.6598655571371204 58.768553955227247 -0.63035664798766122 -0.77630567197319889 5 -9 -12 11 -9 14 6 1 15 -11 5 52.899170510828363 39.759245257319108 -0.60363282812576013 -0.79726244663153201 1 -11.797138164573704 9.5792221256947396
4 -85 -50 85 -50 85 50 -85 50 39.635016417434066 53.234452666871128 0.88575366441101 0.46415562689950013 3 -10 -8 12 -6 0 14 4.8760865641380065 24.388478521952248 -0.96528884265575743 -0.26118470522660481 1 -22.762629972891709 43.438195600042256
4 -11 -7 11 -7 11 7 -11 7 47.97226895790341 26.271085564100694 -0.37453643001232512 -0.92721219933390797 4 -16 -0.5 16 -0.5 16 0.5 -16 0.5 24.678487853752522 1.6031522802245268 -0.4904919208931407 -0.87144573872304698 0
4 -4.5 -3 4.5 -3 4.5 3 -4.5 3 44.925142904939243 32.456261549747673 0.87350599788806516 0.48681338483404035 4 -27 -18 27 -18 27 18 -27 18 28.158577617917679 17.237959547562188 -0.16116772704694754 0.98692703061498954 1 4.1958048932982379 0.68518575011969751
5 -9 -12 11 -9 14 6 1 15 -11 5 1.4911026756981527 13.929014582691073 -0.03808066976421301 0.999274668242075 4 -27 -18 27 -18 27 18 -27 18 20.334001604605408 39.797266130497718 0.99751545389997942 0.070447989543478334 1 -1.2212897987731339 -7.6013664700052246
4 -27 -18 27 -18 27 18 -27 18 41.247555021471477 0.12084441613097852 -0.9999001494987696 0.014131207745206778 4 -85 -50 85 -50 85 50 -85 50 37.665717274233806 43.63613778987137 -0.20936143237871813 0.9778383254057551 1 13.665133702050792 -63.824035324174574
4 -16 -0.5 16 -0.5 16 0.5 -16 0.5 23.897385263516682 14.45197419710558 0.24020251707262563 -0.97072279812105733 4 -16 -0.5 16 -0.5 16 0.5 -16 0.5 3.2287135539445289 21.731026698903513 0.22110493969879097 0.97525002211781264 0
5 -9 -12 11 -9 14 6 1 15 -11 5 43.869447154065455 29.318574114830405 0.10345775048777714 0.99463384914450248 4 -27 -18 27 -18 27 18 -27 18 5.4896379370508601 11.509883879405505 0.33045997045052494 0.94382000822711853 1 1.2388453868301763 0.83144216973385954
4 -27 -18 27 -18 27 18 -27 18 30.41735215787353 40.627771990912834 0.99952541745913281 -0.030804867361282993 4 -2.5 -1 2.5 -1 2.5 1 -2.5 1 6.6026834779765275 28.01167082993728 -0.3859196734934251 -0.92253238729636378 1 5.4099798291250734 -0.16673283955805776
4 -85 -50 85 -50 85 50 -85 50 40.272241352230004 0.24426316760926436 0.30073243977595809 0.95370855069376392 4 -2.5 -1 2.5 -1 2.5 1 -2.5 1 19.401282603083189 18.57486133356527 0.29669320592786647 -0.95497284859635911 1 25.587522202495215 -8.0685005646434096
4 -16 -0.5 16 -0.5 16 0.5 -16 0.5 44.359107085485789 51.006335431516796 -0.53419583283267191 0.84536075860203497 4 -2 -2 2 -2 2 2 -2 2 57.938169868699752 30.281777259941286 0.9930051091318095 0.11807139043021023 0
4 -16 -0.5 16 -0.5 16 0.5 -16 0.5 5.7781077967415833 57.612315923627136 0.41156778577300646 -0.91137915145887816 4 -2 -2 2 -2 2 2 -2 2 50.65530819075412 9.4490982986521299 -0.99937115076520511 0.035458468921115753 0
3 -10 -8 12 -6 0 14 41.568392719752403 37.393980195976887 -0.15108033654430039 -0.98852148783405869 4 -2.5 -1 2.5 -1 2.5 1 -2.5 1 59.609779429858058 10.792884151580006 0.34390171654579815 0.93900564926780583 0
4 -4.5 -3 4.5 -3 4.5 3 -4.5 3 57.079194156224595 9.4249789062367775 0.81477859403002795 -0.579772233476605 5 -9 -12 11 -9 14 6 1 15 -11 5 1.2698585344598046 18.389545336980355 0.99713604670062206 0.075628727149509425 0
4 -4.5 -3 4.5 -3 4.5 3 -4.5 3 23.38578848666603 44.971347998117203 0.47398007571543671 0.8805355687448343 5 -9 -12 11 -9 14 6 1 15 -11 5 34.692523161569063 39.997820433015491 -0.95514188918084775 -0.29614856327870503 1 -4.2401308609892041 2.2824035937580782
3 -10 -8 12 -6 0 14 56.470673840605642 34.117564484239459 -0.69252956278300815 0.72138949581455347 4 -85 -50 85 -50 85 50 -85 50 2.7135954160115094 47.605346299887444 -0.51448713351861408 -0.85749809879894179 1 5.9769526178837591 -3.5860898395678009
4 -4.5 -3 4.5 -3 4.5 3 -4.5 3 27.361957994648385 22.464296430789044 -0.9048884336297669 0.42564882553939581 4 -2 -2 2 -2 2 2 -2 2 33.361099245472673 10.600579172287581 -0.05315699491027108 0.99858616748486428 0
4 -2.5 -1 2.5 -1 2.5 1 -2.5 1 46.177317823890853 12.4194951334654 0.98136497267471934 -0.19215303902657216 4 -11 -7 11 -7 11 7 -11 7 31.07909568899321 37.926538136431134 -0.80280416588389325 -0.59624279554512549 0
4 -16 -0.5 16 -0.5 16 0.5 -16 0.5 18.788979932626187 28.934274027614137 -0.68366421503311059 0.72979671216247655 3 -10 -8 12 -6 0 14 49.865155802324942 59.131033793842782 0.99999329357050559 0.0036623508860719103 0
5 -9 -12 11 -9 14 6 1 15 -11 5 39.971875791191266 28.988279532982478 -0.03747601748681198 -0.99929752732273291 4 -85 -50 85 -50 85 50 -85 50 32.738979148860878 42.55953963989613 -0.9995749804636701 -0.029152331485722157 1 1.3662612034218344 -46.846356573144611
4 -2 -2 2 -2 2 2 -2 2 48.082739070862374 23.101496430027424 0.12220810238466111 0.99250449858503931 4 -85 -50 85 -50 85 50 -85 50 37.065733624378062 7.8237106833905408 -0.95919868800023067 0.28273287205175884 1 9.7629369777949933 33.121710511311015
4 -16 -0.5 16 -0.5 16 0.5 -16 0.5 48.507408203028788 19.604543672212667 -0.38415280779838101 -0.9232695274190631 4 -2.5 -1 2.5 -1 2.5 1 -2.5 1 57.880533854917083 29.473001651245497 -0.54879447122829372 0.83595731251617 0
4 -11 -7 11 -7 11 7 -11 7 4.3992134099970297 32.418314904075736 0.66086514067817415 0.75050467409365085 4 -11 -7 11 -7 11 7 -11 7 20.733744673822969 55.448436144339603 -0.91419019066310492 -0.40528544915325521 0
4 -16 -0.5 16 -0.5 16 0.5 -16 0.5 58.053831515299926 29.789305728639249 0.16038558483819804 -0.98705443830424533 5 -9 -12 11 -9 14 6 1 15 -11 5 43.814871087164299 16.78196020935513 0.88233717085948116 -0.47061780344530812 0
4 -11 -7 11 -7 11 7 -11 7 11.669169360069215 55.165278398599213 0.57873203534739259 -0.81551776882092786 4 -2 -2 2 -2 2 2 -2 2 31.443057498613278 39.256773666636128 0.36889774274982501 0.92946998627932254 0
4 -4.5 -3 4.5 -3 4.5 3 -4.5 3 10.897026447128933 47.213937061536001 -0.52654532056859804 -0.8501470610355083 4 -2.5 -1 2.5 -1 2.5 1 -2.5 1 56.88462061647337 17.467330626008774 -0.94159644384968721 -0.33674342893310161 0
4 -11 -7 11 -7 11 7 -11 7 32.161039415588419 0.23675033125332368 -0.40378335562036205 0.91485463420368607 3 -10 -8 12 -6 0 14 4.9359773338181245 40.988166552917725 -0.99518026312814645 0.098062448879238401 0
5 -9 -12 11 -9 14 6 1 15 -11 5 22.684436060648888 12.433908133371672 -0.39891735937154565 -0.91698688125405214 5 -9 -12 11 -9 14 6 1 15 -11 5 32.727603217131744 51.917698725381648 0.95881801706283476 -0.28402114385322369 0
3 -10 -8 12 -6 0 14 14.859228812002101 4.4271388553918172 -0.97797354649975554 -0.2087288728151678 3 -10 -8 12 -6 0 14 52.435477056684007 50.465483035765587 -0.18961494647486143 0.98185852956183839 0
4 -16 -0.5 16 -0.5 16 0.5 -16 0.5 44.676646306730319 53.403981189516358 0.93059425012169361 -0.36605237554268483 4 -27 -18 27 -18 27 18 -27 18 3.9471870922082841 48.209132885347465 0.36096252896319858 -0.93258031969610644 0
4 -2 -2 2 -2 2 2 -2 2 36.093707675925636 5.6655480386073309 -0.19942654436091992 0.97991277846768687 4 -2 -2 2 -2 2 2 -2 2 20.16169758311591 53.338100519497942 0.26838149674386758 0.96331270738297714 0
4 -11 -7 11 -7 11 7 -11 7 25.653083635388128 13.603173405607635 0.34809156449266782 0.93746053929167972 5 -9 -12 11 -9 14 6 1 15 -11 5 53.260863709488518 23.407376272797979 -0.41212407043669774 0.91112773559292326 0
4 -85 -50 85 -50 85 50 -85 50 14.637893602311834 44.743266539658627 -0.6615944621161578 -0.74986183240463167 4 -27 -18 27 -18 27 18 -27 18 2.8191980327082145 44.585402906313107 -0.65284603622857762 -0.75749062897215746 1 44.657449249687936 -39.400753364233253
4 -2.5 -1 2.5 -1 2.5 1 -2.5 1 47.176302129976079 9.7004398261889868 -0.96522486195233426 -0.26142105092952511 3 -10 -8 12 -6 0 14 57.433369794953066 29.368189072618645 -0.38652609201866855 0.9222784721486107 0
4 -2.5 -1 2.5 -1 2.5 1 -2.5 1 19.259833292990955 29.428387306472082 0.34785948188034604 0.93754668196625668 3 -10 -8 12 -6 0 14 23.78741185426485 34.95657839913742 -0.084978870102476373 -0.99638275358222983 1 -4.3216762491915972 -0.024108312384685436
4 -2 -2 2 -2 2 2 -2 2 26.247957863634795 31.58866954248175 0.33816247939573491 -0.9410877416739255 4 -11 -7 11 -7 11 7 -11 7 48.492705731729274 30.18115110981233 0.65406662087331913 0.75643694744463519 0
4 -2 -2 2 -2 2 2 -2 2 23.803444018847227 25.396360506441688 0.61291430775591671 -0.79014938546333469 5 -9 -12 11 -9 14 6 1 15 -11 5 7.6706238274326655 11.478995263397419 0.29719100241952939 -0.95481804972511664 0
4 -2 -2 2 -2 2 2 -2 2 27.268343064680806 13.545614855304764 -0.1026421314298159 0.99471834850652296 4 -85 -50 85 -50 85 50 -85 50 0.27369058389155487 44.764054677844598 -0.71449080233280648 -0.6996448337419654 1 8.12870345717924 -8.3011887960105302
3 -10 -8 12 -6 0 14 41.465285794213266 31.019494922912699 0.98876507218942322 0.14947786464304549 5 -9 -12 11 -9 14 6 1 15 -11 5 20.687703194673265 2.2201295795721876 0.43685589873036956 -0.89953150236358093 0
4 -16 -0.5 16 -0.5 16 0.5 -16 0.5 24.434629709018914 37.774782245803692 -0.18511908833288662 0.98271609487928957 4 -27 -18 27 -18 27 18 -27 18 34.527783530999493 24.881466320594868 -0.96522331621633051 0.26142675806494953 1 -20.565723830619014 5.5701415599587651
4 -2 -2 2 -2 2 2 -2 2 54.786543578936616 12.975228169751169 -0.98185470873580616 -0.18963473029306968 4 -16 -0.5 16 -0.5 16 0.5 -16 0.5 35.336240534721306 12.998358071435071 -0.98558173358237411 0.16920001899752285 0
4 -16 -0.5 16 -0.5 16 0.5 -16 0.5 18.297355418551614 24.483492606199547 0.60697903736679559 -0.79471784187677463 3 -10 -8 12 -6 0 14 37.692192070831091 0.2933445481462349 -0.95127208387296158 -0.30835275650461302 0
3 -10 -8 12 -6 0 14 59.816022087057149 58.51200695144329 -0.64361290723366515 -0.76535117798447894 4 -4.5 -3 4.5 -3 4.5 3 -4.5 3 25.112054400273944 6.2453149213463188 0.51775197353935398 0.85553076735796241 0
4 -2 -2 2 -2 2 2 -2 2 45.198667213269736 54.400442233769496 -0.55451925766962085 -0.83217089162835578 3 -10 -8 12 -6 0 14 2.9970241849977541 35.628058366378013 0.7271203180775031 -0.68651004583973185 0
3 -10 -8 12 -6 0 14 43.653178699030939 5.1496163579159848 0.039596142818859557 -0.99921576522484301 4 -27 -18 27 -18 27 18 -27 18 41.949047253260844 24.81593136313348 0.67767586084761711 -0.73536074658934647 1 -6.0376927400195566 -14.81363169393752
4 -2.5 -1 2.5 -1 2.5 1 -2.5 1 21.744772416768768 36.634572886253515 -0.91862624791801617 -0.39512759538668957 4 -4.5 -3 4.5 -3 4.5 3 -4.5 3 34.744982687590507 20.936049410091279 -0.0042330556029437257 0.99999104057999555 0
4 -11 -7 11 -7 11 7 -11 7 3.4684102175612841 4.579349002023136 0.46530423038253937 -0.88515081945853313 5 -9 -12 11 -9 14 6 1 15 -11 5 40.491429952175892 26.417940929923279 0.28435019291963071 0.95872048470165105 0
3 -10 -8 12 -6 0 14 15.991810989371649 43.274242554910352 0.83000457795692961 0.55775657824048941 4 -16 -0.5 16 -0.5 16 0.5 -16 0.5 54.368850238459721 52.126157861843581 -0.95729372320164818 -0.28911715189301052 0
4 -2.5 -1 2.5 -1 2.5 1 -2.5 1 8.9744801393400238 5.6398560878835946 -0.94385620902748746 0.330356559917099 4 -11 -7 11 -7 11 7 -11 7 47.89584363457854 36.108960614484957 -0.5373417546750755 0.8433645941600294 0
3 -10 -8 12 -6 0 14 49.664894066881494 14.642535737891942 0.95379460803059812 0.30045939108597974 3 -10 -8 12 -6 0 14 36.558298027956141 48.756171565182377 -0.60464306372910281 -0.79649655710761491 0
4 -4.5 -3 4.5 -3 4.5 3 -4.5 3 13.318798436015049 21.837904412678682 0.98867013201236387 0.15010453046678815 4 -2 -2 2 -2 2 2 -2 2 40.794432483982703 28.088613964116931 -0.27747042401209621 -0.96073417957234541 0
4 -16 -0.5 16 -0.5 16 0.5 -16 0.5 26.847945792743456 9.0759804593466509 0.63502146921100422 0.77249448777392427 4 -2.5 -1 2.5 -1 2.5 1 -2.5 1 41.293696848372434 31.970099234598536 0.99101825761429196 -0.13372663562332274 0
5 -9 -12 11 -9 14 6 1 15 -11 5 6.179718037461102 30.403729062569457 -0.57549022452536935 0.81780865822986981 4 -85 -50 85 -50 85 50 -85 50 45.857377058828476 2.4619762910544152 -0.87453597701040497 0.48496064264479904 1 -43.798679064231351 24.287892212958358
4 -27 -18 27 -18 27 18 -27 18 49.069312105443402 40.431863745000875 -0.10296821343563389 0.99468464702229809 4 -2.5 -1 2.5 -1 2.5 1 -2.5 1 24.620895265804176 12.918113511825641 -0.85139660767468228 0.524522465143337 0
3 -10 -8 12 -6 0 14 24.008984177895407 41.915507791678792 -0.92711206698144377 -0.37478422493135288 4 -85 -50 85 -50 85 50 -85 50 41.583422282303573 27.505817141167238 -0.91011399103415791 0.41435796519902535 1 22.295113331267622 48.969963844504768
4 -85 -50 85 -50 85 50 -85 50 40.856898562823503 43.777711785737182 -0.99999868044476226 0.0016245333896952397 3 -10 -8 12 -6 0 14 25.12077261021367 20.716806898133655 0.451106568309531 -0.89247009139130173 1 0.054014668161317753 33.249299293326644
4 -85 -50 85 -50 85 50 -85 50 26.620761728707123 21.551532451071598 0.17143109938711182 0.98519611152446507 4 -4.5 -3 4.5 -3 4.5 3 -4.5 3 53.68401549853111 32.341101921989242 0.99703931678210311 -0.07689343789086972 1 -29.508727917110733 5.1347276031345048
4 -11 -7 11 -7 11 7 -11 7 11.14149926871676 9.9705357604670724 0.99018195328825587 -0.13978447475400918 3 -10 -8 12 -6 0 14 33.680239811744023 47.933572303993614 0.19090469267598209 -0.98160857693598458 0
4 -11 -7 11 -7 11 7 -11 7 46.327019964702778 40.619203476347685 0.92229099746045495 0.38649620438420745 4 -4.5 -3 4.5 -3 4.5 3 -4.5 3 49.628730626545291 54.973172759576194 0.98943858985200372 0.14495267128162298 0
4 -2 -2 2 -2 2 2 -2 2 14.915653411440317 23.298091576130357 0.57250015275613908 0.81990461341194898 4 -2 -2 2 -2 2 2 -2 2 0.28821675970490679 2.6577258016986027 -0.97042515128293161 -0.2414022074412312 0
4 -4.5 -3 4.5 -3 4.5 3 -4.5 3 50.54608428253686 19.434174773069408 -0.27122661515593943 -0.96251551843648309 4 -2 -2 2 -2 2 2 -2 2 23.921248614866258 55.120598510386365 -0.91502195487430449 -0.40340404323457935 0
4 -11 -7 11 -7 11 7 -11 7 15.416250355577377 1.4167661027104406 -0.5083291255049277 -0.86116287667513591 5 -9 -12 11 -9 14 6 1 15 -11 5 16.654425477995673 43.148403466682815 0.99591871127616727 -0.090254753503724666 0
4 -2.5 -1 2.5 -1 2.5 1 -2.5 1 45.864931183231896 7.7469626902996636 -0.98955415712702555 -0.14416161109193396 4 -4.5 -3 4.5 -3 4.5 3 -4.5 3 59.992343604820583 43.21494175999937 -0.60202106031837654 0.7984802082288186 0
4 -4.5 -3 4.5 -3 4.5 3 -4.5 3 24.004052797359353 50.594442761485595 0.7231552298887598 0.6906855387834141 3 -10 -8 12 -6 0 14 55.726125386908613 39.009797850635387 0.10802213408937474 0.99414848918397358 0
4 -27 -18 27 -18 27 18 -27 18 4.9917298466308146 52.067225832564979 0.99949594679092668 -0.031746690355202618 4 -27 -18 27 -18 27 18 -27 18 35.12460148369388 47.002452478660231 0.60097779361104153 0.79926572026229448 1 -18.632369476789211 14.009909363098636
4 -27 -18 27 -18 27 18 -27 18 40.854471798491446 57.434485361243169 0.99268386569496148 -0.12074246472930551 3 -10 -8 12 -6 0 14 58.291131716979876 3.9790819399788235 -0.79427703478881972 0.60755575218006141 0
3 -10 -8 12 -6 0 14 30.49463523871313 38.398089973339708 -0.59687206521867364 -0.80233642430192298 4 -16 -0.5 16 -0.5 16 0.5 -16 0.5 22.725522564290902 0.87382662468070915 0.44460437954498 0.89572704865345187 0
4 -2 -2 2 -2 2 2 -2 2 8.6291640334532893 5.7537181704542846 0.70043665276489275 -0.71371457562775975 3 -10 -8 12 -6 0 14 16.945573210679555 53.472895537776878 -0.91434636192366603 -0.40493299499664931 0
4 -4.5 -3 4.5 -3 4.5 3 -4.5 3 16.530645455718691 29.033420909817753 -0.76313512377926507 -0.64623895182386348 4 -85 -50 85 -50 85 50 -85 50 21.734341274823905 22.829764570117426 -0.99838966776887172 -0.05672804678782721 1 -2.7578577335781285 48.537131494746149
4 -85 -50 85 -50 85 50 -85 50 36.108076045350387 53.652975590666038 -0.9675296930649866 0.25275737978854901 3 -10 -8 12 -6 0 14 57.134289348204682 19.557780801882334 0.34536514533902191 0.93846838859119608 1 8.5149450424956576 32.594348660850812
4 -85 -50 85 -50 85 50 -85 50 30.402102556135631 27.388440977713067 0.99749579111573439 -0.070725855996199696 4 -2 -2 2 -2 2 2 -2 2 51.704541513918983 13.074244456844394 -0.61853418384480074 0.7857578910933356 1 2.8328171816795904 39.953185096516364
3 -10 -8 12 -6 0 14 22.274402308829576 3.7455184174937073 -0.18291557203437314 -0.9831286251083009 4 -4.5 -3 4.5 -3 4.5 3 -4.5 3 44.089773297499008 58.57858390568606 -0.93046315433758575 -0.36638547790564796 0
4 -11 -7 11 -7 11 7 -11 7 30.211102769409028 55.33742637337339 -0.99888033559659062 0.047308299044061988 3 -10 -8 12 -6 0 14 51.889467513281041 7.1176125389166174 0.71406325406823545 -0.70008118757004367 0
4 -27 -18 27 -18 27 18 -27 18 57.404023954793097 3.7181137834693101 0.74888838511450218 0.66269614955920264 4 -11 -7 11 -7 11 7 -11 7 2.4665573120698348 48.314983832584524 0.98305413620537818 -0.18331548022329663 0
4 -27 -18 27 -18 27 18 -27 18 54.966790193801003 49.397682545185297 -0.99992056489477632 0.012604122361803317 4 -16 -0.5 16 -0.5 16 0.5 -16 0.5 8.742022708012346 59.075160746789088 0.030531031145340171 0.99953381940642827 0
4 -2.5 -1 2.5 -1 2.5 1 -2.5 1 53.147575405776507 54.311442638440951 -0.99931005978375298 0.037140334072164251 4 -2.5 -1 2.5 -1 2.5 1 -2.5 1 37.293284523627229 53.138101248143968 0.018269751304578336 -0.99983309416485555 0
4 -85 -50 85 -50 85 50 -85 50 3.9263365444239495 36.295794907359522 -0.96906210609252796 -0.24681700617160507 3 -10 -8 12 -6 0 14 43.80005570613087 51.856130147227709 -0.89046530356665887 0.45505114343767789 1 -50.168249846852902 -12.7776921151089
4 -4.5 -3 4.5 -3 4.5 3 -4.5 3 27.10961925023712 19.11769103290348 0.58315252773522341 -0.81236268340933748 5 -9 -12 11 -9 14 6 1 15 -11 5 8.9714571839421016 53.892487309579458 0.55367624114181346 0.83273202171831517 0
4 -85 -50 85 -50 85 50 -85 50 24.313425429608987 34.699543626358313 -0.013920797093635818 0.99990310100943169 5 -9 -12 11 -9 14 6 1 15 -11 5 33.464316556913111 31.746056870129188 0.98881651943318227 0.14913715464647642 1 -52.461579388302916 -0.73037777474533827
4 -27 -18 27 -18 27 18 -27 18 33.117466675979472 22.701929894351778 0.98410577317678938 0.17758329651212559 4 -85 -50 85 -50 85 50 -85 50 53.111426598447295 24.444964121754232 -0.66111965927851102 -0.75028047829825972 1 -50.288486293957305 44.312371021169675
3 -10 -8 12 -6 0 14 23.55756945960303 30.195577910886197 0.99898198485097245 -0.045110907142414516 3 -10 -8 12 -6 0 14 38.568757757321457 44.979096779843815 -0.94810106503888636 -0.31796913446454117 0
4 -2 -2 2 -2 2 2 -2 2 11.722515443964273 21.177231420756343 -0.20983599668148384 0.97773659770752586 4 -2 -2 2 -2 2 2 -2 2 40.688312946357414 44.383248702919239 0.9984339152426206 0.055943872705521529 0
5 -9 -12 11 -9 14 6 1 15 -11 5 47.263900270339491 29.363987446531311 0.95500331088756285 0.29659513852016012 3 -10 -8 12 -6 0 14 26.312075640368889 49.209224550187841 0.99959566021886403 -0.028434417026086956 0
4 -2.5 -1 2.5 -1 2.5 1 -2.5 1 1.0749747579307201 34.262080787962681 0.98663274562377645 -0.16295958168481059 4 -16 -0.5 16 -0.5 16 0.5 -16 0.5 27.877569745740352 41.271453321312308 0.99819163929655064 0.060111989140810923 0
4 -85 -50 85 -50 85 50 -85 50 34.949612028004736 47.058669341628317 -0.97357447513260009 0.22836974705569515 3 -10 -8 12 -6 0 14 46.673587864819261 45.038701883155369 0.96646912062920132 0.25678286327210048 1 -13.943020977056081 -59.441189143978953
3 -10 -8 12 -6 0 14 18.844877411587614 28.100102105255367 0.70335257246623573 -0.71084116285224275 4 -27 -18 27 -18 27 18 -27 18 23.204636399582906 14.525620181351773 -0.23754976619970844 0.97137536955518067 1 -6.2132272540216551 25.406785350955289
3 -10 -8 12 -6 0 14 10.367892887266754 3.6166457817692477 0.99783346069598433 -0.065790460672315948 4 -16 -0.5 16 -0.5 16 0.5 -16 0.5 28.108712714466673 26.130880976160288 0.45422906467922819 0.89088492904562799 0
4 -16 -0.5 16 -0.5 16 0.5 -16 0.5 52.145846500972823 8.7826870586284294 0.60475250219129106 0.79641346742340591 5 -9 -12 11 -9 14 6 1 15 -11 5 46.4502044721443 43.224243680143601 -0.87570908523642277 -0.48283910160051002 0
4 -2 -2 2 -2 2 2 -2 2 4.599440534981647 12.158247423592268 0.072820534875759749 0.99734506049832539 4 -16 -0.5 16 -0.5 16 0.5 -16 0.5 15.18455241430047 33.126416588607441 -0.91382025705618775 0.4061188715065614 0
3 -10 -8 12 -6 0 14 41.405705611451836 29.83834931059528 -0.2656748001120075 -0.96406270573310993 4 -2 -2 2 -2 2 2 -2 2 13.215993064893908 18.182637751079575 0.89295617811197625 0.45014360372180395 0
3 -10 -8 12 -6 0 14 54.041414049236977 10.87532873452888 0.7204898765578196 -0.69346545536003301 3 -10 -8 12 -6 0 14 54.597254330268726 8.39826141804458 0.99997272903519874 0.007385200464240735 1 -12.350100782566596 5.5039948012345725
4 -85 -50 85 -50 85 50 -85 50 12.172390259241382 0.61570722598859096 -0.21724438587786185 0.97611724541908929 4 -2 -2 2 -2 2 2 -2 2 43.73076395701581 51.066597516455978 -0.15862019527319704 -0.98733967491005492 1 -10.573698511555278 -2.3532794348021731
4 -11 -7 11 -7 11 7 -11 7 44.662393723053817 15.306190068848746 0.33212831392128406 -0.94323421433480925 4 -11 -7 11 -7 11 7 -11 7 7.0813781491987138 13.642047337352087 0.69834235953407398 0.71576389185288058 0
4 -16 -0.5 16 -0.5 16 0.5 -16 0.5 1.4409455084349077 2.250943336388902 0.97425705965886711 0.22543997361794263 3 -10 -8 12 -6 0 14 49.722810090652956 28.691713944594035 -0.9931921414612046 -0.11648763942885325 0
4 -4.5 -3 4.5 -3 4.5 3 -4.5 3 25.210998888004458 35.520205798191689 0.8308641362394128 -0.55647532479988215 3 -10 -8 12 -6 0 14 59.542660738751323 26.889453814773251 0.4991005101011749 0.86654410206102439 0
4 -16 -0.5 16 -0.5 16 0.5 -16 0.5 26.525273914225291 50.530736694752932 -0.96088472453620011 0.27694863450284574 4 -85 -50 85 -50 85 50 -85 50 9.2615138567198017 10.461203722203134 -0.13143980479601261 0.99132415370310945 1 42.109513849636564 5.5833061867559914
4 -27 -18 27 -18 27 18 -27 18 5.2747870081103727 2.9362597524426448 -0.031205723470967586 0.99951298281845924 5 -9 -12 11 -9 14 6 1 15 -11 5 13.342171177678395 23.833560148998277 -0.68481249277340417 -0.72871932164687125 1 0.63990024670525558 -20.495874895696062
4 -2.5 -1 2.5 -1 2.5 1 -2.5 1 43.989567842847201 25.38095048577393 0.55576047271096563 0.83134246671999379 3 -10 -8 12 -6 0 14 9.9513120162762654 10.985122580307028 0.27965083281009234 0.96010177153707088 0
4 -27 -18 27 -18 27 18 -27 18 0.85849838859353378 5.1362697168214915 0.99794113070005319 0.064136570356539704 4 -85 -50 85 -50 85 50 -85 50 10.614127622425791 39.093063624522145 -0.83342063692941726 0.55263916070087216 1 -25.960120246522013 -39.149777086339029
4 -11 -7 11 -7 11 7 -11 7 54.345409514649056 28.693856831307556 -0.41216738460235286 0.91110814235745696 4 -4.5 -3 4.5 -3 4.5 3 -4.5 3 24.405998735383971 37.573667392817072 -0.95281203745635912 0.30356090209093428 0
4 -85 -50 85 -50 85 50 -85 50 8.0709927719925378 1.5955246023773828 -0.96056242357995836 0.2780644357090577 4 -2 -2 2 -2 2 2 -2 2 42.013427149121021 16.339625972969657 -0.73479276366020407 -0.67829167359816489 1 -8.1042769324681565 -27.995899122316935
4 -85 -50 85 -50 85 50 -85 50 12.631918339198847 35.24253307557084 0.6082440258002475 0.79375008981310224 4 -2 -2 2 -2 2 2 -2 2 51.700324873375976 38.824413872302458 -0.57432624648733488 -0.81862650982958585 1 -18.455041613799157 14.141943354149912
4 -2 -2 2 -2 2 2 -2 2 28.313219409139624 14.746730160130419 -0.23109352032881536 -0.97293154171402796 3 -10 -8 12 -6 0 14 43.768471532295834 36.661318612179862 -0.27003229322958999 -0.96285126609106597 0
4 -85 -50 85 -50 85 50 -85 50 4.5272262154669329 13.099891853969446 0.070273048224963219 0.99752779344395814 4 -16 -0.5 16 -0.5 16 0.5 -16 0.5 37.501885993625109 15.290639079182748 -0.22109563971559928 -0.97525213052766513 1 -20.137334621365611 1.4186190061770436
4 -2.5 -1 2.5 -1 2.5 1 -2.5 1 33.349973735605275 5.0113461267339288 0.67436899370291292 0.7383945153724536 4 -27 -18 27 -18 27 18 -27 18 25.284341501863608 4.1508016923796909 0.94096230433748784 0.33851136142806926 1 6.1372929217356402 -17.05987434415152
5 -9 -12 11 -9 14 6 1 15 -11 5 18.172221835745837 11.486316814161999 -0.47119129506106799 -0.88203104449824987 4 -85 -50 85 -50 85 50 -85 50 30.964987842590709 2.7295353815141277 0.24541839775777957 0.96941725280810032 1 -48.247420881131504 12.214353204766475
5 -9 -12 11 -9 14 6 1 15 -11 5 26.471552059156437 38.024521049409202 -0.76488307865109639 -0.64416913616939209 4 -2 -2 2 -2 2 2 -2 2 45.586860199619387 28.931477303554566 0.12501040539511304 0.99215543063723111 0
4 -11 -7 11 -7 11 7 -11 7 40.112401077499101 17.687555099711286 0.65335078674182634 0.75705531466586806 4 -2 -2 2 -2 2 2 -2 2 13.541677206598646 46.739960733292186 -0.85597226442897578 0.5170217428003695 0
4 -2 -2 2 -2 2 2 -2 2 34.977662142893273 36.455116988152156 0.99278135283049418 -0.11993825691602272 3 -10 -8 12 -6 0 14 49.390565551245501 39.842952871679827 0.042752227610167802 0.99908570555001353 0
4 -2.5 -1 2.5 -1 2.5 1 -2.5 1 1.6124634507877156 29.306947730191514 0.98320250445051771 -0.18251804086782658 4 -11 -7 11 -7 11 7 -11 7 23.601448543756536 17.68002101299383 -0.91058862670159024 0.4133138673232632 0
4 -2 -2 2 -2 2 2 -2 2 40.954868565533566 16.497172398002963 0.58757718813811832 -0.8091681209610907 3 -10 -8 12 -6 0 14 19.8163920352792 14.828871081339026 0.17392326522967955 0.98475920803607953 0
3 -10 -8 12 -6 0 14 12.052262460548913 26.911513774402408 -0.69810093969248588 0.71599935614528887 4 -2.5 -1 2.5 -1 2.5 1 -2.5 1 52.256415847061284 48.353815502447986 0.9900798786846422 0.14050563627059304 0
4 -2.5 -1 2.5 -1 2.5 1 -2.5 1 43.443405521995565 6.6228479749839941 -0.87468944954418792 -0.48468378026924486 4 -27 -18 27 -18 27 18 -27 18 29.26699771748433 31.416981263867637 0.93756434096978458 0.34781188384224804 0
4 -2 -2 2 -2 2 2 -2 2 27.057736277044452 53.835927390848518 -0.96570312216400611 -0.25964876245168345 4 -85 -50 85 -50 85 50 -85 50 8.4728331926852718 51.207064510649261 -0.8691432342087505 0.49456044972192537 1 20.451147450923607 35.940958175628595
4 -27 -18 27 -18 27 18 -27 18 8.1956750341261326 10.575764761777993 -0.98056864592930981 0.19617627435640592 3 -10 -8 12 -6 0 14 18.811663547865049 5.4162269364832945 0.64376570679827061 0.76522265697672798 1 4.4446158244929324 22.21599393197317
4 -2.5 -1 2.5 -1 2.5 1 -2.5 1 13.182885311385927 44.879938999395826 0.41771575076466677 -0.90857776307980964 3 -10 -8 12 -6 0 14 53.419310456839625 7.092302436506877 -0.95850481896559969 -0.28507632665607829 0
3 -10 -8 12 -6 0 14 23.927739352182321 40.69945773474285 -0.96568726012972217 0.25970775041024552 4 -2.5 -1 2.5 -1 2.5 1 -2.5 1 47.582878936604118 16.172273651501243 0.99953949223883831 -0.030344743448006809 0
4 -27 -18 27 -18 27 18 -27 18 22.005980682553059 36.040223375455312 -0.96220883271366131 -0.27231261859820827 4 -16 -0.5 16 -0.5 16 0.5 -16 0.5 30.003842566622385 40.327549619841662 -0.99948815436581817 -0.031991081294797566 1 5.5552012886443505 -19.629144528637269
4 -4.5 -3 4.5 -3 4.5 3 -4.5 3 24.282664079468326 21.296673633127611 -0.84204568010532477 -0.53940622226292589 4 -27 -18 27 -18 27 18 -27 18 8.3414972882694105 31.108814903300463 0.35188479543269652 -0.9360433167024319 1 10.8187274352491 4.067061451606901
3 -10 -8 12 -6 0 14 9.8247696807631808 17.244985883130205 -0.9999641593660622 0.0084664032106044861 3 -10 -8 12 -6 0 14 49.079702132139857 58.367446987051125 0.83538580698357123 0.54966403692656429 0
4 -85 -50 85 -50 85 50 -85 50 52.893196376353615 1.7650289507119798 0.99935146524978369 0.036009011415343017 4 -85 -50 85 -50 85 50 -85 50 54.836168497708435 22.148854389750873 -0.69296878061613809 0.7209675922615264 1 4.5512069470983967 -126.30880861394098
4 -11 -7 11 -7 11 7 -11 7 50.212649980327157 17.302481726018136 0.89929924698689601 0.43733381342951494 4 -2 -2 2 -2 2 2 -2 2 12.337661577467156 2.0645257254959293 -0.38778899130868555 0.92174817505639373 0
4 -16 -0.5 16 -0.5 16 0.5 -16 0.5 55.226318428763975 58.065035026461977 0.307832897161959 0.95144043819089108 4 -2.5 -1 2.5 -1 2.5 1 -2.5 1 8.4978223333488518 32.255602146547119 0.75885744688420476 0.65125676603655058 0
4 -2 -2 2 -2 2 2 -2 2 51.160574210513388 39.958833244283944 0.96498051888737391 0.26232155490514814 3 -10 -8 12 -6 0 14 0.4072691705785414 13.208022882188867 0.88795484552441195 -0.45993063858555633 0
4 -27 -18 27 -18 27 18 -27 18 44.868538943941054 9.666118514725607 0.96534689630769077 0.26097005534947593 4 -27 -18 27 -18 27 18 -27 18 48.248279886593416 59.796203442841048 0.41221467347613938 0.91108674832364878 1 0.72392615061998344 -2.6778545979964221
3 -10 -8 12 -6 0 14 53.442098419525216 53.656561278279419 0.47294663302319506 -0.88109107492473404 4 -2.5 -1 2.5 -1 2.5 1 -2.5 1 31.001587837376118 6.6935869429798007 0.092434311272715189 -0.99571878464732144 0
4 -85 -50 85 -50 85 50 -85 50 45.499894132681675 36.30638271284068 -0.99988900903560174 -0.014898644562590373 4 -27 -18 27 -18 27 18 -27 18 14.073694516095856 57.458419469208401 -0.99997328746642933 0.0073091965072748476 1 0.69989725272628323 -46.97202940275718
4 -16 -0.5 16 -0.5 16 0.5 -16 0.5 8.0407015918521356 40.971978612425232 0.99835870046049047 0.057270456736791216 4 -4.5 -3 4.5 -3 4.5 3 -4.5 3 43.997435499328482 27.568588896968762 0.98549419679212391 -0.16970912788959375 0
4 -11 -7 11 -7 11 7 -11 7 48.449078125802309 31.157997090163587 0.98813980934564682 -0.15355688583176161 4 -27 -18 27 -18 27 18 -27 18 58.504208853064313 22.776341585194405 -0.97401947947011691 -0.22646424356344325 1 -4.112505898050836 17.687829173858468
4 -2.5 -1 2.5 -1 2.5 1 -2.5 1 58.379645310156178 27.643816970683485 0.99173682434548982 -0.12828901448340368 4 -4.5 -3 4.5 -3 4.5 3 -4.5 3 46.938306090604485 50.04381644033046 -0.23319367151746265 0.97243031193202001 0
3 -10 -8 12 -6 0 14 5.0380123050297936 11.114687218644924 -0.26710268131803566 -0.96366807440773705 3 -10 -8 12 -6 0 14 28.060329009534502 38.842784606315938 -0.80118083938949558 -0.59842231124444489 0
5 -9 -12 11 -9 14 6 1 15 -11 5 43.079195848309858 44.196347017234601 -0.16628527465386009 0.98607768833560483 4 -2.5 -1 2.5 -1 2.5 1 -2.5 1 40.326176682641446 56.071549403595142 -0.16215526505226138 -0.98676525578063945 1 -0.1023751214417485 -3.3738645574060753
4 -2 -2 2 -2 2 2 -2 2 7.4656445491443542 34.592624691035681 0.89767825651523092 0.44065150377568818 4 -16 -0.5 16 -0.5 16 0.5 -16 0.5 58.504592297466672 45.281444292231825 -0.96794845809721153 0.25114892487771207 0
4 -2.5 -1 2.5 -1 2.5 1 -2.5 1 52.360750751761564 28.841277861841363 -0.95635501362869468 -0.29220726874473735 4 -2.5 -1 2.5 -1 2.5 1 -2.5 1 31.697585068500008 59.925389736852516 0.3106847216923414 0.95051302132424909 0
3 -10 -8 12 -6 0 14 9.6928787246431813 51.377311716443437 0.99943596731369477 0.033581948123050737 4 -4.5 -3 4.5 -3 4.5 3 -4.5 3 47.709481820064809 53.108134789527099 0.95434802961090992 -0.29869690051584713 0
4 -2.5 -1 2.5 -1 2.5 1 -2.5 1 18.255481211015837 28.448610561005999 -0.59131680261360331 0.80643935850553883 4 -11 -7 11 -7 11 7 -11 7 45.143362984569798 45.346153513089824 0.29520887216383285 0.9554327405923233 0
4 -2 -2 2 -2 2 2 -2 2 23.375109172551429 37.605853572091867 -0.30422038343535801 -0.95260167872119761 3 -10 -8 12 -6 0 14 33.462773716817132 47.260870394015349 0.85437255663769396 0.51966098031733199 0
4 -2 -2 2 -2 2 2 -2 2 42.795345469055931 38.742854039163113 -0.083850744345073919 -0.99647832523983026 4 -4.5 -3 4.5 -3 4.5 3 -4.5 3 40.245421637651681 39.48602759592476 -0.25670817001496826 -0.96648896292071862 1 2.5742391023309348 -0.68374108188812988
4 -11 -7 11 -7 11 7 -11 7 41.583606173458328 30.050630069400082 -0.057779222155263481 -0.99832938526677295 4 -85 -50 85 -50 85 50 -85 50 28.325039498715721 4.5975532760587008 -0.86547850367891899 0.50094606463141256 1 17.183725305362984 29.688115976832353
4 -16 -0.5 16 -0.5 16 0.5 -16 0.5 30.016904898363499 53.106942675926774 0.97513001451595227 -0.22163360483040195 4 -27 -18 27 -18 27 18 -27 18 36.249162162935285 51.935429182584365 -0.91014794004167321 0.4142833900096633 1 -8.3727371441258231 -18.394243283706764
3 -10 -8 12 -6 0 14 10.138074759378743 47.321280201332925 0.31550353009803894 -0.94892440294033742 4 -27 -18 27 -18 27 18 -27 18 20.483649296399747 46.298984204781434 -0.52882558531308754 0.8487305227916988 1 -19.835847062681626 -12.359286194397834
4 -16 -0.5 16 -0.5 16 0.5 -16 0.5 20.697768390995329 57.695488914463304 0.8231394825673567 0.56783923097893141 4 -11 -7 11 -7 11 7 -11 7 7.2806089449471241 29.28735405109548 -0.072279078686858261 -0.9973844468329045 0
4 -11 -7 11 -7 11 7 -11 7 52.922944657388278 31.029921703678788 0.86448235201095991 0.5026631705840392 3 -10 -8 12 -6 0 14 38.502339185251572 50.148020589052862 0.62412024383736131 0.78132830566439393 0
4 -4.5 -3 4.5 -3 4.5 3 -4.5 3 51.66635184768478 37.261433147451243 0.43942274620551081 0.89828038502307683 5 -9 -12 11 -9 14 6 1 15 -11 5 13.17912268311774 57.593678957726006 -0.91975280454734587 0.39249812550799762 0
4 -27 -18 27 -18 27 18 -27 18 27.446199950540368 23.661912269807701 -0.82069158812762821 0.57137143538730684 4 -2 -2 2 -2 2 2 -2 2 52.79814813190923 31.288817056580317 0.79303308609773127 -0.60917856524528868 0
5 -9 -12 11 -9 14 6 1 15 -11 5 37.229831847035769 45.121204369006144 0.62338246036908096 0.78191707239591024 3 -10 -8 12 -6 0 14 48.338816562370702 19.236458239907652 -0.98467099396423297 -0.17442199874296122 0
4 -2 -2 2 -2 2 2 -2 2 13.678516336351148 58.067923289617582 -0.9406172990172974 -0.33946884509392622 4 -2 -2 2 -2 2 2 -2 2 30.931169924142861 36.269765749605789 0.055355933404763302 0.99846668479067813 0
4 -16 -0.5 16 -0.5 16 0.5 -16 0.5 10.286010667270233 49.382033712540931 0.89205355305675516 -0.45192970524055942 4 -2.5 -1 2.5 -1 2.5 1 -2.5 1 26.12772853894462 9.794941678982978 -0.92247014576949282 -0.38606842678987696 0
4 -2.5 -1 2.5 -1 2.5 1 -2.5 1 54.737127711966544 53.802721550119408 -0.99962344810522263 0.027440153028458328 4 -85 -50 85 -50 85 50 -85 50 25.027935328694557 49.253747732985943 -0.72820283299941757 -0.68536168116668328 1 24.277477591472245 -25.795034134524897
4 -2.5 -1 2.5 -1 2.5 1 -2.5 1 9.6604181314741808 16.778554514223803 -0.065791257518036064 -0.99783340815699062 3 -10 -8 12 -6 0 14 33.048219702483351 0.74027719954786075 0.84814818369794476 0.52975905701542969 0
4 -16 -0.5 16 -0.5 16 0.5 -16 0.5 29.353182528094823 49.692118645205717 -0.80246117697439945 0.59670433168266968 4 -85 -50 85 -50 85 50 -85 50 56.475074006207848 33.138266195333713 0.94007732578577574 0.34096131971744897 1 -13.235759373822722 36.492811815716692
4 -11 -7 11 -7 11 7 -11 7 50.308290421949003 34.957709550755247 -0.69632935277276242 0.71772239234056623 4 -16 -0.5 16 -0.5 16 0.5 -16 0.5 55.379092781592064 24.691069792434522 -0.74123958825547487 -0.67124054764507046 1 -0.48356559087856338 0.53399330647538856
4 -2 -2 2 -2 2 2 -2 2 6.6051315494655061 39.484211454193726 0.022834564106797278 -0.99973925734766089 4 -2 -2 2 -2 2 2 -2 2 18.870843500578584 0.99853034522659812 -0.12981092562988489 0.99153876554934173 0
3 -10 -8 12 -6 0 14 52.104635099532075 17.35020615901983 0.96596090621898933 -0.25868808951435884 4 -27 -18 27 -18 27 18 -27 18 38.72530095483107 56.002334385865623 0.19550412666983721 -0.98070287878391804 0
4 -27 -18 27 -18 27 18 -27 18 16.276228296126028 51.345666762349687 0.25746586906399471 -0.96628739320510748 3 -10 -8 12 -6 0 14 49.299820301978201 36.278035369587357 -0.99763856849866261 0.068682506098272589 0
4 -16 -0.5 16 -0.5 16 0.5 -16 0.5 48.563023737332038 25.154098433587102 -0.30170545596441534 -0.95340118409896268 4 -4.5 -3 4.5 -3 4.5 3 -4.5 3 15.176172177683558 55.568618526265595 0.9848403275397265 -0.17346333690853599 0
3 -10 -8 12 -6 0 14 47.931755441108677 28.675131623933257 0.21975599620624006 0.9755548688471618 4 -2 -2 2 -2 2 2 -2 2 4.7093510412060375 23.276860919516146 -0.85934311128312102 -0.51139946919237744 0
4 -16 -0.5 16 -0.5 16 0.5 -16 0.5 35.249288916895203 35.369692110053123 -0.61480209794843543 -0.78868141879861886 4 -11 -7 11 -7 11 7 -11 7 6.4296669770084813 36.027544463366134 -0.075429995989032661 0.99715109973619065 0
4 -16 -0.5 16 -0.5 16 0.5 -16 0.5 29.94678993248441 27.1968053814151 -0.99989561165279173 -0.014448729961126503 4 -85 -50 85 -50 85 50 -85 50 22.331472450050565 1.1664033770023052 0.14464268183912848 -0.98948395368009112 1 54.053878561103545 7.9015914606861601
4 -16 -0.5 16 -0.5 16 0.5 -16 0.5 58.388408087885217 34.628263157130107 -0.12763486397551366 -0.99182122456516941 4 -27 -18 27 -18 27 18 -27 18 31.848324595487533 51.882672855294906 0.88079483401444181 0.47349811021108834 1 1.6748796756862416 -3.1155887090712162
4 -11 -7 11 -7 11 7 -11 7 58.970240496175386 44.431418096815008 0.99975484357257371 0.022141651997505743 4 -2 -2 2 -2 2 2 -2 2 42.36367515704962 7.2625370773404141 -0.1119175786052842 -0.99371749285152977 0
5 -9 -12 11 -9 14 6 1 15 -11 5 23.988482559742341 7.4505870254940332 0.3736563950280386 0.92756719349848205 5 -9 -12 11 -9 14 6 1 15 -11 5 56.502806466623412 48.386403308560148 -0.99627278803130981 -0.086258517424778761 0
5 -9 -12 11 -9 14 6 1 15 -11 5 13.641018902578599 54.137553508850594 -0.72381306329240236 -0.68999612274799682 4 -16 -0.5 16 -0.5 16 0.5 -16 0.5 1.9486030565094614 17.196216328542171 -0.6687354080415272 0.7435004734575037 0
4 -16 -0.5 16 -0.5 16 0.5 -16 0.5 32.612099333239335 41.429642302237319 -0.027658255846658281 -0.99961743726463714 3 -10 -8 12 -6 0 14 46.914083444443946 40.732420810187655 -0.82604287996307113 -0.56360727502607277 0
4 -4.5 -3 4.5 -3 4.5 3 -4.5 3 1.2598331589963752 16.280784498880109 0.090321002156803568 -0.99591270529569542 4 -27 -18 27 -18 27 18 -27 18 53.620467031745029 55.256212338514601 -0.55340458482037169 0.83291257974639332 0
4 -85 -50 85 -50 85 50 -85 50 17.589760752673037 9.5185621859596754 -0.98275075636798825 -0.18493499089719856 5 -9 -12 11 -9 14 6 1 15 -11 5 48.423499157036552 59.584906443891235 -0.50479739750254871 0.86323785104376294 1 3.4287799914709076 -18.220652098826275
4 -85 -50 85 -50 85 50 -85 50 26.66536521234406 28.925027364023691 0.85466074375939238 -0.51918687683399922 4 -2.5 -1 2.5 -1 2.5 1 -2.5 1 27.728167768271366 30.988811957807787 -0.99719656924830768 0.074826481137396289 1 -25.808745985364826 -42.485130159408286
3 -10 -8 12 -6 0 14 42.134222782727015 44.766416624425119 0.99649216074541458 -0.08368616117934162 3 -10 -8 12 -6 0 14 38.938452141038788 45.012541264618797 -0.84539143513745307 -0.53414728436662251 1 14.036919999751312 1.9333390447441241
4 -2.5 -1 2.5 -1 2.5 1 -2.5 1 53.84445766306618 28.825662913437526 0.2944800449715152 -0.95565762860638248 3 -10 -8 12 -6 0 14 34.243502710034043 12.708434977448126 0.788632069017557 -0.61486539967466625 0
4 -2 -2 2 -2 2 2 -2 2 59.785000510359097 40.120950837510414 -0.74361411984901993 0.66860903431016205 4 -16 -0.5 16 -0.5 16 0.5 -16 0.5 29.427539774165595 16.337029508688499 0.73560624419127452 0.6774093692198293 0
4 -16 -0.5 16 -0.5 16 0.5 -16 0.5 2.1713578802965583 38.199318654305145 0.40282544992735198 -0.9152768198150909 3 -10 -8 12 -6 0 14 34.144961828030773 50.99979227765494 0.86543422170725881 -0.50102256226436659 0
4 -2.5 -1 2.5 -1 2.5 1 -2.5 1 42.894996855821233 54.335170624922156 -0.90670073528874495 -0.4217745566376061 3 -10 -8 12 -6 0 14 34.193818061585461 41.115075586865011 0.45745527678504383 -0.88923262971031314 0
4 -85 -50 85 -50 85 50 -85 50 37.144042434288629 35.867892966505359 -0.017360219889231587 0.99984930002745787 5 -9 -12 11 -9 14 6 1 15 -11 5 53.803043175719694 51.225462717066776 -0.94078884091308168 0.33899315157303744 1 -48.287936050733393 -0.83841553703629512
4 -2 -2 2 -2 2 2 -2 2 11.741236978163226 26.048923965052989 -0.15758827487984817 -0.98750490409941427 3 -10 -8 12 -6 0 14 58.951940913260785 51.054668314884992 -0.092283097743907777 -0.99573281048220375 0
4 -27 -18 27 -18 27 18 -27 18 52.188986760316261 28.6377954037618 0.81101195852250785 -0.58502957458019667 4 -4.5 -3 4.5 -3 4.5 3 -4.5 3 37.608568253826085 48.08855790120402 -0.97430697799247723 -0.22522413866006116 1 7.3126205048514246 -5.2750137874827923
3 -10 -8 12 -6 0 14 36.301131305477988 11.684465373183727 0.87633236837963502 -0.48170694424114308 4 -16 -0.5 16 -0.5 16 0.5 -16 0.5 4.8274029992381422 12.92589563752524 -0.91094419581692787 -0.41252960149236639 0
3 -10 -8 12 -6 0 14 1.5754652547346581 41.567314150587521 -0.26383678667052829 -0.96456733823998531 5 -9 -12 11 -9 14 6 1 15 -11 5 24.358485827294356 54.953204112679373 -0.38038941166117202 0.92482641371019858 0
4 -85 -50 85 -50 85 50 -85 50 50.599052638218758 47.34134872417544 0.530842498271482 0.84747049625865534 4 -2 -2 2 -2 2 2 -2 2 29.48909515097538 49.064076151619844 0.93485039072071618 0.35504189466783248 1 28.811710577419912 -18.047212840934655
3 -10 -8 12 -6 0 14 49.362642566646237 26.282837310788288 0.59360759010727615 0.80475463898447452 4 -4.5 -3 4.5 -3 4.5 3 -4.5 3 38.663295581298073 28.13996480069255 -0.98687482638524049 0.16148708012439109 1 2.395327677182773 1.3355565508522489
4 -11 -7 11 -7 11 7 -11 7 40.074165825483938 19.907904495162953 0.25183751129503856 0.96776953243255248 4 -4.5 -3 4.5 -3 4.5 3 -4.5 3 7.3813024728395078 23.361721514916898 0.57168602431330562 -0.82047247949266799 0
4 -11 -7 11 -7 11 7 -11 7 50.640767304867502 34.922499305891876 -0.99999981068052402 -0.00061533642507269923 3 -10 -8 12 -6 0 14 15.352039537565542 29.709918956615123 0.74674058191320269 -0.66511540601908437 0
5 -9 -12 11 -9 14 6 1 15 -11 5 43.081694915013045 0.12397346858070479 0.94430242344983439 -0.32907891616870527 4 -85 -50 85 -50 85 50 -85 50 17.283041753140846 14.17205640979552 0.84832032374661215 0.52948335981260375 1 19.128983198805141 -30.647809642020036
4 -27 -18 27 -18 27 18 -27 18 8.5026929033984615 9.5451392038186338 0.96655676149362024 0.25645277696091529 4 -4.5 -3 4.5 -3 4.5 3 -4.5 3 6.146879656551536 14.266945238205775 0.51759299125957947 -0.85562696042081388 1 4.6144555287811793 -17.391635391161373
4 -2.5 -1 2.5 -1 2.5 1 -2.5 1 54.720588186576407 58.026651388781389 0.81741505187559449 0.57604915846411864 4 -11 -7 11 -7 11 7 -11 7 46.372961935408377 35.88827132084797 -0.47633446479524522 -0.87926416829541465 0
4 -11 -7 11 -7 11 7 -11 7 9.0556665351778403 57.831593105904787 -0.87433168107330239 -0.48532886939840392 4 -85 -50 85 -50 85 50 -85 50 59.426974641252336 25.086847442133461 -0.83755316667993018 0.54635583000863197 1 -30.360356200559895 19.804781679792196
4 -2 -2 2 -2 2 2 -2 2 21.162651753503361 31.144457967672686 -0.78613066919462238 -0.61806032954042212 4 -2 -2 2 -2 2 2 -2 2 48.769746227432165 6.8181983288579655 -0.40502205836775251 0.91430691358840155 0
4 -2 -2 2 -2 2 2 -2 2 18.529866411194774 35.699822586968224 -0.73041167919545602 0.68300715874350415 4 -16 -0.5 16 -0.5 16 0.5 -16 0.5 12.969927128257764 58.582889541837368 -0.97233181040240535 -0.23360404636816728 0
4 -2.5 -1 2.5 -1 2.5 1 -2.5 1 36.800091951231636 53.892237020714809 0.22246163732998056 -0.97494144435266683 4 -4.5 -3 4.5 -3 4.5 3 -4.5 3 1.3866384000583709 37.403310217004424 -0.36054101624642376 0.93274335998922875 0
4 -2.5 -1 2.5 -1 2.5 1 -2.5 1 6.5086951848643038 43.052452813311504 0.15005181744329055 -0.98867813371287083 5 -9 -12 11 -9 14 6 1 15 -11 5 32.500702354208919 34.427373877015505 0.9371111070628394 -0.34903119204371907 0
4 -4.5 -3 4.5 -3 4.5 3 -4.5 3 51.005258075302336 57.628113850684059 0.83797155864131334 0.54571390573105971 4 -85 -50 85 -50 85 50 -85 50 56.089715596530667 42.677875942303331 -0.82106593782767023 -0.57083336074476976 1 -21.667323567252609 31.16548991066453
5 -9 -12 11 -9 14 6 1 15 -11 5 4.2481915712771929 27.024474177037987 0.47715051486309129 -0.87882158949691658 4 -2.5 -1 2.5 -1 2.5 1 -2.5 1 28.143261610792834 53.970056433597811 0.5699951448118038 -0.82164806023684545 0
3 -10 -8 12 -6 0 14 4.1817016540616248 30.39952795599827 0.38372678570061425 0.92344667086728671 4 -2.5 -1 2.5 -1 2.5 1 -2.5 1 2.400958546447145 45.651698958561369 -0.08809943011989968 -0.99611168571227438 0
4 -2 -2 2 -2 2 2 -2 2 20.554567670097704 52.569654857814328 0.98956012097566692 -0.14412066810358418 4 -85 -50 85 -50 85 50 -85 50 9.2812143934259428 56.299006047300345 -0.56848844159458445 0.82269124935990456 1 37.574109075790147 25.964110751658513
3 -10 -8 12 -6 0 14 14.531692129372306 18.523097577000485 -0.9498820813231128 0.31260843171813402 4 -4.5 -3 4.5 -3 4.5 3 -4.5 3 51.787891233263032 46.173382866647586 0.82279857131069511 -0.56833309867460569 0
4 -2.5 -1 2.5 -1 2.5 1 -2.5 1 27.313628172958481 55.221044294134003 0.31800293714597078 0.94808972780351108 4 -85 -50 85 -50 85 50 -85 50 13.726050914243302 23.917776108533925 0.70025958615185568 0.71388830499065592 1 -28.392294145604133 27.850261741663829
4 -4.5 -3 4.5 -3 4.5 3 -4.5 3 43.636853257780125 32.840643623701538 0.9581880857736389 0.28613911351202881 4 -11 -7 11 -7 11 7 -11 7 51.687011840940798 37.107279144287901 -0.7999972915120156 0.60000361130033142 1 -2.49504887206602 -3.326700543546917
3 -10 -8 12 -6 0 14 42.242065855376239 16.395122562477301 0.92464855838961468 0.38082153755795828 4 -11 -7 11 -7 11 7 -11 7 38.197586722964324 11.362248463896531 0.60592490085979656 0.79552185043406931 1 13.987075828349937 -0.50295229176376988
4 -2.5 -1 2.5 -1 2.5 1 -2.5 1 37.144403635812687 9.7936212895447454 -0.36747267901539576 -0.9300343166664593 4 -4.5 -3 4.5 -3 4.5 3 -4.5 3 47.767023408915669 40.965508863632706 0.51501057679353057 -0.85718382263712545 0
4 -85 -50 85 -50 85 50 -85 50 16.046222030896061 5.491385593248939 -0.99803806509370374 -0.062610068072284045 3 -10 -8 12 -6 0 14 13.744942157512259 44.335002098219817 0.094440898876288926 0.99553046996033157 1 1.3910604197927856 -22.174249167012288
4 -2 -2 2 -2 2 2 -2 2 7.1425029817971115 34.762478717475844 -0.012143280617343705 0.9999262676496945 4 -85 -50 85 -50 85 50 -85 50 8.3268819390687447 53.02670288970095 0.46972732127747197 -0.88281155613499451 1 -38.022744379844049 -20.231182681110141
3 -10 -8 12 -6 0 14 24.935902972558019 14.576173318178522 -0.39797675052413645 -0.91739550142904525 4 -4.5 -3 4.5 -3 4.5 3 -4.5 3 31.202691628925852 53.925806582916728 -0.81580335743471699 0.57832938884189811 0
3 -10 -8 12 -6 0 14 45.757469981412626 9.9218261066044171 -0.98030578862237572 0.19748559642025029 4 -16 -0.5 16 -0.5 16 0.5 -16 0.5 13.948373908250337 27.577749574886475 -0.96478799014266736 -0.26302877043485645 0
3 -10 -8 12 -6 0 14 7.984357218756168 34.800647122445753 -0.9994357967661176 0.033587023423869704 5 -9 -12 11 -9 14 6 1 15 -11 5 28.023641441878585 24.762924760271023 0.92361052482028017 -0.38333222984926102 0
3 -10 -8 12 -6 0 14 23.708923024668298 12.340796833703154 0.89196077794724749 -0.45211278526905319 4 -85 -50 85 -50 85 50 -85 50 2.9956385379882278 49.258140752484771 -0.070474742209071836 -0.99751356417372339 1 38.9604418704522 -2.752571188789831
4 -85 -50 85 -50 85 50 -85 50 25.227548281573135 11.702796409528421 -0.53649008769871553 0.84390662149376727 4 -2 -2 2 -2 2 2 -2 2 26.431933740520911 27.070276303501242 0.16347506457809591 -0.98654746629910683 1 -36.593693591471293 -23.26341965341879
4 -11 -7 11 -7 11 7 -11 7 43.088120271365739 40.279014470741259 -0.99388307800157627 -0.11043743596314029 4 -11 -7 11 -7 11 7 -11 7 34.995588083564087 20.133797205212723 0.77393185725207225 0.63326888470092868 0
3 -10 -8 12 -6 0 14 42.082874322628726 14.787515297532481 -0.99071556341084122 -0.13595099269788188 4 -2 -2 2 -2 2 2 -2 2 50.743893638556997 31.930251217306139 0.39514209980058218 -0.91862000901634333 0
4 -4.5 -3 4.5 -3 4.5 3 -4.5 3 37.659130706904818 16.781056557279811 0.33822909933630746 0.94106380036751502 4 -2 -2 2 -2 2 2 -2 2 53.779960186213401 25.93272825080696 0.9526275602334463 -0.3041393290642822 0
4 -27 -18 27 -18 27 18 -27 18 25.411010665454572 47.83713590859449 0.039871690817328297 -0.99920480797050182 4 -85 -50 85 -50 85 50 -85 50 9.5079427818848252 33.972941551512797 0.9685059726392935 -0.24899032302886001 1 15.847463342122941 61.642407268371343
3 -10 -8 12 -6 0 14 51.44842992482716 50.891148124654272 0.011110668832207994 -0.99993827461403884 4 -11 -7 11 -7 11 7 -11 7 15.479056473981485 48.574110791853471 -0.075999730815855079 -0.99710783815789827 0
4 -2 -2 2 -2 2 2 -2 2 10.399396701634123 30.794953603494456 -0.99903922186558081 0.043825029084015261 4 -27 -18 27 -18 27 18 -27 18 58.015328957938578 29.916999426778411 0.72569408256440981 -0.68801751324439375 0
4 -2.5 -1 2.5 -1 2.5 1 -2.5 1 20.07658380104769 11.163347180023219 -0.24252162314557058 -0.97014600051066424 3 -10 -8 12 -6 0 14 1.1996893622095506 37.811679561455676 0.43425940569698224 0.90078785991136878 0
4 -2 -2 2 -2 2 2 -2 2 55.573269780196888 25.568405968406779 0.05632162277381049 -0.998412677607874 5 -9 -12 11 -9 14 6 1 15 -11 5 24.686177215274181 19.105434455894816 0.10430163260016112 -0.99454571007920045 0
5 -9 -12 11 -9 14 6 1 15 -11 5 6.8169907142683517 8.3302276794376588 -0.53409304617367903 0.84542570225237446 4 -2 -2 2 -2 2 2 -2 2 50.310223720849628 23.282949920766359 0.9991064947677315 -0.042263602697083132 0
4 -27 -18 27 -18 27 18 -27 18 37.698590231745392 5.2733497804152574 0.35766463180001634 -0.93385010101159105 4 -85 -50 85 -50 85 50 -85 50 37.177645602007907 14.454255406294527 -0.062161515753221937 0.99806610300082932 1 -75.051734531739697 -4.6743693272162865
3 -10 -8 12 -6 0 14 23.676303289587462 11.257740362147974 -0.29627545722157378 -0.95510253556785585 3 -10 -8 12 -6 0 14 47.735580150324388 46.993092549969496 0.11463682334162452 -0.99340746863215257 0
3 -10 -8 12 -6 0 14 19.417796723451527 52.372492757848214 -0.081632023987910529 0.99666253700018104 4 -2.5 -1 2.5 -1 2.5 1 -2.5 1 47.543207366107943 44.579175922526993 0.8772129927253649 -0.48010141157239772 0
5 -9 -12 11 -9 14 6 1 15 -11 5 12.3015844908053 54.895937070324997 -0.29355145422163215 -0.955943274323516 4 -27 -18 27 -18 27 18 -27 18 7.6671535242091267 32.525425025466525 -0.77772434276881397 -0.62860547775597397 1 -10.379702475807953 12.841993224353276
4 -16 -0.5 16 -0.5 16 0.5 -16 0.5 9.4436488796106151 14.570725694540947 0.95803832967959357 0.28664012082179713 4 -85 -50 85 -50 85 50 -85 50 50.522844531791151 32.153914662423418 -0.7862216392215301 -0.61794460432939313 1 -27.666137940757785 35.200107210770113
4 -4.5 -3 4.5 -3 4.5 3 -4.5 3 21.628661977053142 16.211521866121537 -0.16972616814628924 0.98549126218672156 4 -4.5 -3 4.5 -3 4.5 3 -4.5 3 56.623267394648465 14.750286904538967 0.96199897478097574 -0.27305305806811891 0
4 -11 -7 11 -7 11 7 -11 7 32.903059412836463 39.922951626524927 0.65938191235629096 -0.75180814950182639 4 -27 -18 27 -18 27 18 -27 18 58.128571396597842 37.888564928004797 -0.40195787624980645 0.9156581598613891 1 -5.2295054602242583 -2.2956611984397246
4 -16 -0.5 16 -0.5 16 0.5 -16 0.5 38.063717207945928 44.9710981132177 -0.89285863461295822 -0.4503370499937619 4 -4.5 -3 4.5 -3 4.5 3 -4.5 3 26.666922865087329 21.803045335670667 0.90478340888621434 -0.42587202655755813 0
3 -10 -8 12 -6 0 14 17.44571458232026 47.086574717811438 0.8032120886502524 -0.59569315981140758 4 -27 -18 27 -18 27 18 -27 18 25.33837462531659 23.176173282078366 0.99188442828882506 -0.12714275802479105 1 0.81200530326007891 6.3347329293782719
4 -2 -2 2 -2 2 2 -2 2 9.9439518339617798 24.202441755771314 -0.40688052769090016 -0.91348138250649347 5 -9 -12 11 -9 14 6 1 15 -11 5 26.698468947782363 34.4968914866662 -0.66981989715618084 0.74252360593699862 0
4 -4.5 -3 4.5 -3 4.5 3 -4.5 3 23.46542592267912 22.659335081632562 0.22581454490441724 -0.97417030919116543 5 -9 -12 11 -9 14 6 1 15 -11 5 48.51252454956262 28.531166648085765 0.84694707127707425 -0.53167721265367995 0
3 -10 -8 12 -6 0 14 20.951686592422028 55.625379932481231 -0.08003055053159959 0.99679241117777828 4 -27 -18 27 -18 27 18 -27 18 25.273295535633768 31.417962188443457 -0.9934331338036424 -0.11441419781248452 1 -0.42647500217151607 3.702987968246144
3 -10 -8 12 -6 0 14 25.247429085698908 7.5667936493128618 0.63856662025571898 0.76956654780154543 4 -11 -7 11 -7 11 7 -11 7 35.329227712961661 47.998435439014742 0.33732476757947549 0.94138833707320424 0
4 -11 -7 11 -7 11 7 -11 7 24.710945926693462 27.844663683671651 -0.013592282499689346 0.99990762066125316 4 -11 -7 11 -7 11 7 -11 7 50.756291945494326 10.367102744217432 -0.40982226497580498 -0.91216539680591979 0
3 -10 -8 12 -6 0 14 15.486722235828736 28.623062859010542 -0.79412038642989891 -0.60776048889050693 4 -2 -2 2 -2 2 2 -2 2 9.6098203904466715 10.121746526952313 0.95767103742763393 -0.28786487120223503 0
4 -27 -18 27 -18 27 18 -27 18 38.656728818421549 46.594898668206284 -0.94211219801352619 0.33529778757713619 5 -9 -12 11 -9 14 6 1 15 -11 5 42.52544654691787 49.794357333140091 0.99188642955575446 0.12712714447802759 1 -9.5431788883092548 -26.814209850498838
3 -10 -8 12 -6 0 14 1.6580959944671791 59.929489788511404 -0.086022395262317822 -0.99629320358684248 3 -10 -8 12 -6 0 14 45.963731225832674 22.366281925786105 0.99994189443500492 -0.010779970024702313 0
5 -9 -12 11 -9 14 6 1 15 -11 5 45.794457627687663 56.6321068871991 0.23574308020101506 -0.97181541464278998 4 -2 -2 2 -2 2 2 -2 2 52.219329033479397 22.802575796770203 0.95955259183155683 0.28152943631055988 0
4 -16 -0.5 16 -0.5 16 0.5 -16 0.5 23.494691989417969 15.228712761513805 -0.98453097605380702 -0.17521060809933303 4 -11 -7 11 -7 11 7 -11 7 23.026996769965574 54.127494714257764 0.033012779628710728 0.99945492963974425 0
4 -11 -7 11 -7 11 7 -11 7 9.2323808632365107 28.299671890148591 0.97192450696939525 0.23529290841905545 4 -2.5 -1 2.5 -1 2.5 1 -2.5 1 50.725396985564593 0.8657696653906588 0.9587916739646406 -0.28411005954749702 0
4 -16 -0.5 16 -0.5 16 0.5 -16 0.5 33.011634039081187 33.864267474034705 -0.62969351955032249 -0.77684365958429991 4 -11 -7 11 -7 11 7 -11 7 22.318824359429446 21.167390732156402 0.43939223258607879 0.89829531109931837 1 6.3328504393671539 -3.0976509159131194
3 -10 -8 12 -6 0 14 16.449800686836006 44.50636785133527 0.99920035897568593 0.03998302918564707 4 -2 -2 2 -2 2 2 -2 2 17.392833274827314 18.692217782072529 0.88102944065671018 -0.47306143860615441 0
4 -2.5 -1 2.5 -1 2.5 1 -2.5 1 27.27770079447393 41.534354646607852 -0.93534936334171259 0.35372527262870684 5 -9 -12 11 -9 14 6 1 15 -11 5 10.127447006849247 44.581212280994009 -0.60340866240400215 0.79743212008033193 0
4 -11 -7 11 -7 11 7 -11 7 55.321432228782726 50.552046429713151 -0.43248967084825446 0.90163888814179283 3 -10 -8 12 -6 0 14 3.6260043456595192 9.5274626047757422 0.47576384130738153 -0.87957305967409249 0
4 -16 -0.5 16 -0.5 16 0.5 -16 0.5 24.088192597401839 19.828340443625425 -0.80667415702031597 0.59099645040859805 4 -85 -50 85 -50 85 50 -85 50 20.243164283635902 32.479601805543155 0.40273675841333778 -0.91531584899569873 1 -52.047358517695045 -22.900711788605584
4 -2 -2 2 -2 2 2 -2 2 17.208509311874252 40.202753583380861 -0.89346707968790207 -0.44912868703075742 4 -2.5 -1 2.5 -1 2.5 1 -2.5 1 22.969169204796756 18.276685535922049 0.97965812915136086 0.20067374015464881 0
4 -2 -2 2 -2 2 2 -2 2 35.762988663049256 52.661344749416081 -0.99999937649082227 0.0011166995865537353 5 -9 -12 11 -9 14 6 1 15 -11 5 48.458907774506287 47.454803186124693 -0.57433350330459287 0.81862141859462312 1 -2.2535616751134904 -0.014073860558940346
5 -9 -12 11 -9 14 6 1 15 -11 5 18.650889376221492 28.12663998393079 0.70414921691002907 -0.71005202649171617 5 -9 -12 11 -9 14 6 1 15 -11 5 0.39078265360480202 39.737227656231376 0.31393231747882977 0.94944536443250449 1 2.4997455504177521 -1.9904762189808904
4 -27 -18 27 -18 27 18 -27 18 34.347358782598157 22.147658927869681 -0.52482599632677773 0.85120953564889368 3 -10 -8 12 -6 0 14 39.312725461294292 2.1725021672162836 0.67230254866572803 0.74027649095291848 1 4.0324853179874118 20.215007506698942
4 -2.5 -1 2.5 -1 2.5 1 -2.5 1 39.462546425859998 13.125300628278724 0.79227383420686837 -0.61016569194862769 3 -10 -8 12 -6 0 14 15.521443028304265 48.806205301617325 0.76397599833265184 -0.6452446621023904 0
4 -2 -2 2 -2 2 2 -2 2 25.352661307392811 19.770106133040489 -0.71681661704538013 -0.69726174248098316 4 -2 -2 2 -2 2 2 -2 2 13.264447801343671 38.134949072106615 0.96792480549762683 0.25124006627602485 0
4 -2.5 -1 2.5 -1 2.5 1 -2.5 1 30.450643218636635 42.775250815677815 -0.9995858063021591 0.028778739361941068 3 -10 -8 12 -6 0 14 13.242689030524637 19.331621225729261 0.95293617503078198 0.3031709852833922 0
3 -10 -8 12 -6 0 14 56.140717621339796 32.982419610042854 -0.41981994157280272 0.90760741328936301 3 -10 -8 12 -6 0 14 56.597166966133848 42.211000872643034 0.41045650252120353 -0.9118801782789564 1 -7.9908071817255433 -4.6167771876459209
4 -11 -7 11 -7 11 7 -11 7 43.191707789089072 58.847569081409922 0.81091135495280686 0.58516901354104767 4 -16 -0.5 16 -0.5 16 0.5 -16 0.5 51.489886300124823 40.169599085331598 -0.88385665354733101 -0.46775786041510109 0
4 -2 -2 2 -2 2 2 -2 2 55.735976021097414 57.39272957415826 -0.99705910104117368 0.076636473241965819 3 -10 -8 12 -6 0 14 33.692401104932614 39.383540471803904 -0.10883118303151736 -0.99406024646394564 0
4 -85 -50 85 -50 85 50 -85 50 27.84227981351469 46.745224580761672 -0.99250069392500495 0.12223899769870326 4 -2.5 -1 2.5 -1 2.5 1 -2.5 1 53.480819554803617 32.957431044949963 0.095753653806650227 -0.99540506216448199 1 5.1471096643020244 41.791163292416705
4 -11 -7 11 -7 11 7 -11 7 7.2825532160336737 45.309978880466844 -0.97919857404506017 -0.20290429415889835 4 -11 -7 11 -7 11 7 -11 7 56.149869397133735 41.705856593525887 -0.21322934304824911 -0.9770021736225627 0
3 -10 -8 12 -6 0 14 56.260875197354579 27.626205798679234 -0.97502301381757472 0.22210385527066731 4 -16 -0.5 16 -0.5 16 0.5 -16 0.5 18.896546841256015 16.396980259328934 0.41837939505599447 -0.90827236101985409 0
5 -9 -12 11 -9 14 6 1 15 -11 5 9.4476152175897639 3.178812802637192 0.98431768112007922 -0.17640493937072771 5 -9 -12 11 -9 14 6 1 15 -11 5 51.715558040369153 47.084333444672367 -0.68792215183124938 0.72578448110982874 0
5 -9 -12 11 -9 14 6 1 15 -11 5 51.754686616190284 56.846722206096899 -0.49897128185694417 0.86661852038947218 4 -16 -0.5 16 -0.5 16 0.5 -16 0.5 24.93902444959464 31.056626929901118 0.80163813377638404 0.59780958713917942 0
4 -85 -50 85 -50 85 50 -85 50 35.111053312511977 39.836135279213011 -0.3038946085763245 -0.9527056559495396 4 -2 -2 2 -2 2 2 -2 2 54.038649507069344 36.428729420717403 0.93256864316011667 -0.36099269493232 1 -31.486396502824672 10.043549212655936
4 -4.5 -3 4.5 -3 4.5 3 -4.5 3 21.921936820711224 26.92543368279722 0.96962321759133052 0.24460338490674119 4 -27 -18 27 -18 27 18 -27 18 17.229337327574289 9.4000529084281759 -0.97359540179905779 0.22828051514689401 1 1.0497244530735754 4.4769782476214521
4 -2.5 -1 2.5 -1 2.5 1 -2.5 1 15.217891585135703 48.760082829719536 -0.040451672395004253 0.99918149612592766 4 -27 -18 27 -18 27 18 -27 18 20.542533081443043 24.311659069842815 -0.9104170888962333 -0.41369158106699244 0
4 -27 -18 27 -18 27 18 -27 18 5.6152329637639342 53.14396166172515 -0.092188503701489455 0.99574157279149511 4 -4.5 -3 4.5 -3 4.5 3 -4.5 3 39.26466671711021 18.502424013310343 -0.89251446225996656 -0.45101877417331843 0
3 -10 -8 12 -6 0 14 51.896604493096945 23.705060723563179 -0.39299338076646795 0.91954130014575308 4 -16 -0.5 16 -0.5 16 0.5 -16 0.5 38.899002350843702 28.93393222750365 0.38866875091829306 0.92137755673752653 0
4 -16 -0.5 16 -0.5 16 0.5 -16 0.5 19.399235486756897 57.659313630555012 -0.74734193752136935 -0.66443963489680957 3 -10 -8 12 -6 0 14 28.625650468196 11.829581717348267 -0.2057635202013329 0.97860174420157031 0
3 -10 -8 12 -6 0 14 21.177607000902732 49.871783011769516 0.94896184174597398 0.31539090492607574 4 -16 -0.5 16 -0.5 16 0.5 -16 0.5 57.033375950910482 3.0608228526161807 0.3401498505626892 -0.94037124539310546 0
4 -11 -7 11 -7 11 7 -11 7 22.926205991897213 57.982298524811384 0.83253474749253653 -0.55397282804984072 4 -27 -18 27 -18 27 18 -27 18 27.9323984935323 4.6240868985670724 -0.57885772172101002 0.81542856094446536 0
4 -85 -50 85 -50 85 50 -85 50 14.707789232028496 7.2366624848099921 -0.76888185290457589 0.63939087909824466 3 -10 -8 12 -6 0 14 25.639601694250185 35.601041884496482 -0.90746827306896305 -0.42012061764835346 1 -18.840135199168735 -22.655684549863242
4 -85 -50 85 -50 85 50 -85 50 22.614512931934506 3.1163724377811586 -0.87010039520104387 -0.49287452994751851 3 -10 -8 12 -6 0 14 58.470448529679942 59.630072800731213 -0.46039891028595209 0.88771213994600062 1 14.189147793373865 -25.048937107574265
3 -10 -8 12 -6 0 14 36.471574903278011 12.31404331023149 -0.98637841872138599 -0.16449199093177186 4 -27 -18 27 -18 27 18 -27 18 44.755966046620401 57.125598063620473 0.932228207758103 -0.36187092817759647 0
4 -4.5 -3 4.5 -3 4.5 3 -4.5 3 15.573827321427069 15.42265054431966 -0.55609430633061607 0.83111919871139472 4 -4.5 -3 4.5 -3 4.5 3 -4.5 3 31.432521358661546 52.395822550923775 -0.6506233499747287 0.75940059024711171 0
3 -10 -8 12 -6 0 14 40.170420756394073 7.9349884307664205 0.68777219510974508 0.7259265855676611 4 -16 -0.5 16 -0.5 16 0.5 -16 0.5 58.949365241240734 46.544660096564705 -0.47333792718199053 0.8808809265111015 0
4 -16 -0.5 16 -0.5 16 0.5 -16 0.5 52.575580011892598 52.321292877508476 -0.26726767448174071 -0.96362232756257904 3 -10 -8 12 -6 0 14 17.547974257191349 43.11987882030747 0.96907328106763102 -0.24677312641537005 0
4 -27 -18 27 -18 27 18 -27 18 46.975806430333741 16.249021044226456 0.13452865183996526 0.99090970417799495 4 -16 -0.5 16 -0.5 16 0.5 -16 0.5 17.500787030020032 44.97644078444047 0.91851725668425821 -0.39538089125958603 1 0.47176187967923389 -0.064047702222658903
4 -2.5 -1 2.5 -1 2.5 1 -2.5 1 2.8910572260234613 54.365235111334833 0.96181463503568265 0.27370167670508827 4 -85 -50 85 -50 85 50 -85 50 29.83572831741283 40.161318929295327 -0.25846302828585521 0.9660211503943924 1 -29.13284150139685 -7.7946144698268087
4 -2 -2 2 -2 2 2 -2 2 18.484133393743292 56.084058399664734 -0.84209365521708845 -0.53933132288336771 4 -11 -7 11 -7 11 7 -11 7 39.453899213299181 28.319527378077815 0.87671183192986812 0.48101597037330757 0
4 -11 -7 11 -7 11 7 -11 7 53.889261237218186 22.099894131596475 -0.28375708384115939 0.95889619739050025 3 -10 -8 12 -6 0 14 46.054737303710716 39.614907047165211 0.6327211332388597 -0.77437973085104261 1 1.5234221420434184 -5.1480783466313333
4 -85 -50 85 -50 85 50 -85 50 54.752910758663091 36.210085199581115 0.43723344993871388 -0.8993480473402331 4 -27 -18 27 -18 27 18 -27 18 25.131533601739438 27.65732141757406 0.99077728377407448 -0.13550045740611785 1 46.829481159508042 22.766953980460062
3 -10 -8 12 -6 0 14 23.630045715244865 34.177305020321427 -0.81359148503468204 -0.58143692304416017 4 -11 -7 11 -7 11 7 -11 7 26.357355986124446 59.990360578866259 0.94422742563861373 -0.32929404591015043 0
5 -9 -12 11 -9 14 6 1 15 -11 5 3.3012477077783386 39.920412715084964 -0.98808153896222239 0.15393138848865817 4 -16 -0.5 16 -0.5 16 0.5 -16 0.5 42.656417097376028 11.969150768622461 -0.45346339359028121 0.89127490185328662 0
4 -2 -2 2 -2 2 2 -2 2 12.863832383930005 35.07614222982216 0.92969419713705748 -0.36833232251552683 4 -11 -7 11 -7 11 7 -11 7 35.003209941200545 20.52620266210959 0.42445820891275221 0.90544752961537112 0
4 -27 -18 27 -18 27 18 -27 18 48.157708020812372 26.197706816430244 0.80297402554194763 -0.5960140219029747 4 -2 -2 2 -2 2 2 -2 2 50.965292430342757 34.234585565790319 -0.99235222349299668 -0.12343850504808314 1 -7.5699186080699947 -10.198498347974056
4 -2 -2 2 -2 2 2 -2 2 32.288379013838188 42.513586895148038 0.90330528723100212 -0.42899831941455979 4 -2 -2 2 -2 2 2 -2 2 25.127986495624807 33.65809363213269 -0.94668491287469925 -0.32216094694332997 0
3 -10 -8 12 -6 0 14 59.155918631126148 48.786001190153108 0.4471194521685582 -0.89447425647275525 4 -11 -7 11 -7 11 7 -11 7 14.300433809597282 41.021910244758118 0.93831911871283469 0.34577048957071116 0
3 -10 -8 12 -6 0 14 25.414778160710675 25.092738421315527 0.78618025387658619 0.61799725599273214 4 -4.5 -3 4.5 -3 4.5 3 -4.5 3 15.591739646646353 16.834228578069535 0.88950336450086998 -0.45692862083878311 0
3 -10 -8 12 -6 0 14 36.080157741810766 4.4011160290920088 0.58770395501165884 -0.80907605406639871 3 -10 -8 12 -6 0 14 42.902795436982998 33.097503056478907 0.84007042114354646 -0.54247736129695268 0
4 -11 -7 11 -7 11 7 -11 7 29.565514554901302 30.421481714402468 -0.0046346252127731566 0.99998926006689548 5 -9 -12 11 -9 14 6 1 15 -11 5 52.251512196079759 29.060148260316396 -0.44026400108823932 -0.89786836972118289 0
4 -27 -18 27 -18 27 18 -27 18 37.591274667317514 29.951566095230984 0.3155998059878955 0.94889238718645152 4 -2.5 -1 2.5 -1 2.5 1 -2.5 1 4.2846762458121956 12.464762843515016 -0.7355262054679288 0.67749627384211508 0
3 -10 -8 12 -6 0 14 33.484868952711366 32.994184315761572 0.12450194525506482 -0.99221936366294772 4 -85 -50 85 -50 85 50 -85 50 21.565798838120902 55.898620325800557 -0.95753526078671225 0.28831618815134707 1 -10.784248907619256 -35.815882057671324
4 -4.5 -3 4.5 -3 4.5 3 -4.5 3 12.422043727579521 47.510072677537458 0.94000943806536796 0.34114843741109419 4 -27 -18 27 -18 27 18 -27 18 9.6535497686607847 7.7239178474596448 0.29379651037114818 0.95586798800552775 0
5 -9 -12 11 -9 14 6 1 15 -11 5 23.718027476318039 52.319477505299673 0.64937346188933676 -0.76046966211273548 5 -9 -12 11 -9 14 6 1 15 -11 5 4.2941925239384782 29.774722701530838 0.9186910866851673 0.39497681861753159 0
4 -2.5 -1 2.5 -1 2.5 1 -2.5 1 58.795610854556763 49.285602232603999 -0.062919259083579482 0.99801862048579704 4 -85 -50 85 -50 85 50 -85 50 32.896214786236726 4.5347337202487381 -0.58739015715727216 -0.8093039004445457 1 21.224697126826904 29.243306107861791
4 -2 -2 2 -2 2 2 -2 2 7.3251383873843317 27.363711538880068 -0.27788183431038599 0.96061526438022793 4 -4.5 -3 4.5 -3 4.5 3 -4.5 3 38.066620856336705 48.673616566700474 0.29383655097196876 -0.95585568016981393 0
3 -10 -8 12 -6 0 14 14.722875151453342 6.8758027718986376 -0.8194713906974973 -0.57312009197751024 4 -11 -7 11 -7 11 7 -11 7 29.911579629042041 59.172847975158675 0.99996251558975346 0.0086583725614028106 0
4 -85 -50 85 -50 85 50 -85 50 12.895804435921388 19.736021959167495 -0.09350753898724154 0.99561857161894562 4 -2 -2 2 -2 2 2 -2 2 13.633016853396622 32.15416228648359 0.98174444000146399 0.19020476998806271 1 -50.070082925536347 -4.7025340473921258
4 -2 -2 2 -2 2 2 -2 2 31.557772847113174 48.17705742942055 0.87634985431804457 -0.48167513205140872 4 -16 -0.5 16 -0.5 16 0.5 -16 0.5 58.697728966278696 44.80988708921052 -0.054395485861284468 -0.9985194695737859 0
4 -2 -2 2 -2 2 2 -2 2 35.785455491592025 30.748974222738397 -0.3258720701286687 0.94541387440107738 3 -10 -8 12 -6 0 14 26.072425961769298 9.0166251680098988 0.56414463887094235 -0.8256759815043514 0
3 -10 -8 12 -6 0 14 34.613374096423286 4.7399798929265646 -0.62795445794336113 0.7782500875355296 4 -85 -50 85 -50 85 50 -85 50 32.865053162556471 43.225797734194217 -0.96268453454818215 -0.27062610173771096 1 7.0012062914513269 -24.905036789444438
3 -10 -8 12 -6 0 14 17.7544351069077 54.313624990452233 0.96245614897391429 -0.27143721429145007 5 -9 -12 11 -9 14 6 1 15 -11 5 43.582631866222258 13.995675540801136 0.99015378151837041 -0.13998388816171375 0
4 -85 -50 85 -50 85 50 -85 50 16.265675680148068 20.197852199507309 0.89014923263236678 -0.45566911640356822 4 -2 -2 2 -2 2 2 -2 2 33.779792565660983 57.195573743999894 0.50874492789222958 -0.86091730052539317 1 -5.3975009779923857 -10.544013585149676
4 -85 -50 85 -50 85 50 -85 50 5.3597732368014377 40.726974696014537 -0.99998200074986732 -0.0059998480224386606 3 -10 -8 12 -6 0 14 30.931065234996488 58.18266784576565 0.14403433820975625 0.98957269031460116 1 0.26270157032569824 -43.78391601120083
4 -16 -0.5 16 -0.5 16 0.5 -16 0.5 28.0578177702881 34.23292082840166 -0.33428359654345108 -0.94247253386078855 4 -85 -50 85 -50 85 50 -85 50 4.566188411810284 5.1718529214383135 0.86179640237177924 -0.50725433547586196 1 14.630543894614229 24.856465901454929
4 -27 -18 27 -18 27 18 -27 18 2.7653350334802607 50.85434736545534 -0.031207392251557411 -0.99951293071618508 4 -85 -50 85 -50 85 50 -85 50 36.754126101203411 38.925022123987191 0.32518015269801148 0.94565208628295105 1 -37.026195976927426 12.732149842686631
4 -11 -7 11 -7 11 7 -11 7 15.986970036167843 5.1834875845167439 0.26652107478908788 -0.96382909101835545 4 -4.5 -3 4.5 -3 4.5 3 -4.5 3 53.251836225486535 21.313181134063512 -0.28330880259110541 0.95902873907636055 0
3 -10 -8 12 -6 0 14 37.479397219760756 47.809351664463371 -0.95251956833916296 -0.30447737507239281 4 -2 -2 2 -2 2 2 -2 2 35.780418317075373 7.3868676774726039 -0.85758246613404465 -0.51434649194822957 0
4 -85 -50 85 -50 85 50 -85 50 19.682810271196495 36.366678786908793 -0.23817297118135006 -0.97122275292470772 4 -85 -50 85 -50 85 50 -85 50 32.259141951326022 54.176717986826432 0.92991713885381588 -0.3677691053717439 1 -44.063106837939124 -111.41511791298637
3 -10 -8 12 -6 0 14 11.415547106695996 44.580759823973516 0.11190517756038791 0.99371888944267239 5 -9 -12 11 -9 14 6 1 15 -11 5 20.676840433315927 59.79267698534737 -0.39876715148568609 -0.91705221165209116 1 -4.6722882670570316 -6.7197729931558285
4 -4.5 -3 4.5 -3 4.5 3 -4.5 3 31.146410846947777 30.170833365355151 -0.84742491711597168 0.53091525675100781 5 -9 -12 11 -9 14 6 1 15 -11 5 14.952340796457806 26.02896599769657 -0.47875399622899628 -0.87794909368070206 0
4 -11 -7 11 -7 11 7 -11 7 22.236276602894957 10.620130144951439 0.9402505893311246 0.34048322904729511 4 -11 -7 11 -7 11 7 -11 7 25.33692996751034 24.800930836984637 0.55029929125557042 -0.83496747843470942 1 2.4007512337425774 -6.6297179120394487
4 -27 -18 27 -18 27 18 -27 18 43.612477797993179 37.298390455617245 0.98639275327853204 -0.16440601047284406 4 -85 -50 85 -50 85 50 -85 50 22.74030180364818 18.716839641268542 -0.98665410247228547 0.16283022469618103 1 7.5408175074280503 45.692859194790636
4 -2 -2 2 -2 2 2 -2 2 41.890444608843289 10.112232581136062 -0.34954110522709431 0.93692102962662838 3 -10 -8 12 -6 0 14 17.972905583991594 33.743721471319482 -0.61424531363967971 -0.78911513397709687 0
4 -27 -18 27 -18 27 18 -27 18 29.207488252083184 36.642765327351349 0.14001153233536673 -0.99014987290465406 5 -9 -12 11 -9 14 6 1 15 -11 5 26.55521712558847 1.3321193892561012 0.94356715287311177 0.33118126157578687 1 -1.0240383471736811 7.2419137366114636
4 -27 -18 27 -18 27 18 -27 18 26.820031202091712 58.311176604134921 0.78299386727350917 -0.62202942359029478 4 -11 -7 11 -7 11 7 -11 7 53.016973183609949 59.019424266919792 -0.9369229399249408 -0.34953598476037601 1 -8.823313392972139 -11.106549005115575
5 -9 -12 11 -9 14 6 1 15 -11 5 37.821734048262023 12.842325883145513 0.99704534435429903 0.076815241335410331 4 -4.5 -3 4.5 -3 4.5 3 -4.5 3 24.122284625522671 24.879855374443945 -0.80798116163676914 0.58920831837313459 0
4 -4.5 -3 4.5 -3 4.5 3 -4.5 3 12.102064043544454 35.864117549540758 0.29144835418812864 -0.95658656526266928 5 -9 -12 11 -9 14 6 1 15 -11 5 20.038127570532328 33.671198192171879 -0.96205646474307449 -0.27285043273936255 1 -8.6836048637246606 -0.68707796843765589
4 -4.5 -3 4.5 -3 4.5 3 -4.5 3 25.15269917932493 34.591790608208925 0.32049950939662653 -0.94724868143298135 4 -16 -0.5 16 -0.5 16 0.5 -16 0.5 16.849289907376146 42.351334223370628 0.97473994842675982 0.22334285961498226 0
3 -10 -8 12 -6 0 14 28.52297031311689 16.460984614206918 -0.8949272780469425 0.44621202024092804 5 -9 -12 11 -9 14 6 1 15 -11 5 32.591901612425502 5.7212092665953085 -0.99742915356168138 0.071659497801951452 1 -5.6575395366498764 6.9727492461974832
4 -85 -50 85 -50 85 50 -85 50 43.772836191108524 32.026392119063885 -0.76028605276472649 0.64958842198074285 4 -2 -2 2 -2 2 2 -2 2 56.07846753228916 40.339036828185321 -0.88885668179033694 0.45818533284760621 1 -24.743686396806556 -28.960306287654259
3 -10 -8 12 -6 0 14 21.80065093965943 56.833610096692581 -0.70594545539992815 0.70826620277985031 4 -2.5 -1 2.5 -1 2.5 1 -2.5 1 18.478361821947288 38.821773964965288 -0.70066370351712026 0.71349167799889091 0
5 -9 -12 11 -9 14 6 1 15 -11 5 23.059752957132996 28.321823058124561 0.84300105660013624 0.53791190595770777 4 -85 -50 85 -50 85 50 -85 50 45.374927535720353 25.484918795098881 -0.58311360613503771 0.81239062177021226 1 -38.85840012629393 -27.891584687311425
3 -10 -8 12 -6 0 14 15.183553092741793 34.855789801775344 -0.53990289480198483 0.84172730987204925 5 -9 -12 11 -9 14 6 1 15 -11 5 59.018973305796656 44.080979237699957 0.9952350605768423 0.097504739364858831 0
3 -10 -8 12 -6 0 14 4.7795929626625444 12.650206613501926 -0.56751443093607901 -0.82336344992919042 4 -85 -50 85 -50 85 50 -85 50 30.767779039760462 29.504274950896825 -0.79477671645095005 -0.60690194511753393 1 -36.980607664592611 48.428458943781713
4 -16 -0.5 16 -0.5 16 0.5 -16 0.5 44.246936607036893 20.190785789494807 -0.99772799131801337 0.067371027456334553 4 -4.5 -3 4.5 -3 4.5 3 -4.5 3 25.420715962034176 39.661840483268534 0.965739933678055 -0.25951181186895111 0
4 -2 -2 2 -2 2 2 -2 2 42.256675827130032 55.254657730401561 -0.78064624432840313 -0.62497315239613227 4 -16 -0.5 16 -0.5 16 0.5 -16 0.5 35.521279570321283 51.719748420464228 0.99921219726785626 -0.039686078555870231 0
4 -27 -18 27 -18 27 18 -27 18 9.4719414089013902 30.149511310681778 -0.13524966552976994 -0.99081155018201383 4 -2.5 -1 2.5 -1 2.5 1 -2.5 1 18.651344479970721 39.782763039977063 -0.20108451350278145 -0.97957389635971293 1 -11.267984313761788 1.5381240856053975
4 -27 -18 27 -18 27 18 -27 18 18.935678828627701 5.8518822153291712 0.0277359890493672 0.99961528345231565 4 -27 -18 27 -18 27 18 -27 18 58.794832020346767 59.534910357835706 0.36259309547821572 0.93194755598774204 0
4 -4.5 -3 4.5 -3 4.5 3 -4.5 3 15.087170238873128 33.344126997778929 -0.89448907376574127 0.44708980855495495 4 -2 -2 2 -2 2 2 -2 2 52.127603492507781 57.356228331479137 0.78233100428728197 -0.62286290604823535 0
3 -10 -8 12 -6 0 14 52.266628419016541 5.3157330731459407 -0.86952519391229743 -0.49388858779261291 4 -2.5 -1 2.5 -1 2.5 1 -2.5 1 37.343901662770747 14.954594999290709 -0.98784273004571488 -0.15545655565407623 0
5 -9 -12 11 -9 14 6 1 15 -11 5 59.937664808193936 12.481473695607804 -0.96842242243431331 0.24931508523644624 4 -4.5 -3 4.5 -3 4.5 3 -4.5 3 15.808663356412257 13.793554901571072 -0.52133924469845261 -0.853349513351503 0
4 -4.5 -3 4.5 -3 4.5 3 -4.5 3 50.120632356427805 59.808515013327813 -0.26395434434947906 -0.96453517514864984 4 -16 -0.5 16 -0.5 16 0.5 -16 0.5 20.90502105147127 12.859818659170298 -0.56610471918854988 0.8243333348303058 0
4 -85 -50 85 -50 85 50 -85 50 55.105657258400328 24.444707278312684 -0.78103332523711033 0.62448934728229133 3 -10 -8 12 -6 0 14 36.370857846820684 45.923441481902202 -0.52476617488601307 -0.85124641655369238 1 -35.94887579043575 -44.96036660886061
4 -2.5 -1 2.5 -1 2.5 1 -2.5 1 4.6042226229312622 35.864295011252153 -0.95917550420490405 -0.28281151343831107 4 -2.5 -1 2.5 -1 2.5 1 -2.5 1 22.739960451186423 25.359382325287335 0.84552698854495956 0.53393268456060239 0
4 -4.5 -3 4.5 -3 4.5 3 -4.5 3 39.125551006724066 40.944800936818105 0.95919743456519435 -0.2827371244169215 5 -9 -12 11 -9 14 6 1 15 -11 5 41.740924360963156 28.315127008166982 0.87282953062155699 0.48802521499913565 1 0.41857427723748414 4.3595920216680675
4 -16 -0.5 16 -0.5 16 0.5 -16 0.5 51.476678014650922 53.307186037188025 0.98247313314470419 0.18640424525430846 4 -2 -2 2 -2 2 2 -2 2 52.236479387320458 47.520333254056737 -0.74594427938421104 -0.66600835734543906 0
4 -2.5 -1 2.5 -1 2.5 1 -2.5 1 40.769849700783801 32.564727347873848 -0.83388061212392106 0.55194485659695636 4 -85 -50 85 -50 85 50 -85 50 7.8548393301069179 38.279122951517678 -0.68628252755787222 -0.72733506196853892 1 18.017653020114103 -17.000693493089841
4 -85 -50 85 -50 85 50 -85 50 23.694019049985418 45.141074283011086 0.014237080500251765 0.99989864763326353 4 -16 -0.5 16 -0.5 16 0.5 -16 0.5 25.679926534042487 14.843292530651107 0.99712040700921989 0.075834648583399625 1 0.80684241809915291 56.666157271234695
4 -16 -0.5 16 -0.5 16 0.5 -16 0.5 0.82192642844031161 15.315819917038922 0.96102659992704498 -0.27645591734065578 4 -11 -7 11 -7 11 7 -11 7 4.4888053621761266 48.399115390921523 -0.95517338211607994 0.2960469727879837 0
3 -10 -8 12 -6 0 14 34.60410048012168 28.499711447285257 0.9346397860482174 -0.35559593689431046 4 -2.5 -1 2.5 -1 2.5 1 -2.5 1 14.618908559203195 15.84717803392846 0.74750249174924444 0.66425900432637786 0
4 -85 -50 85 -50 85 50 -85 50 59.45060004634248 50.767815924848421 0.83324276332108427 -0.5529073135463517 4 -85 -50 85 -50 85 50 -85 50 57.267703655242293 22.174969121691028 0.99551174407095222 0.094638086502269403 1 -10.797250087353103 113.57783808713603
4 -11 -7 11 -7 11 7 -11 7 34.804465411843935 14.06016171523985 -0.52419598407930756 -0.85159765750918215 4 -4.5 -3 4.5 -3 4.5 3 -4.5 3 41.337398605326428 45.093931662190016 -0.24621880585603201 -0.96921426921131826 0
4 -85 -50 85 -50 85 50 -85 50 0.37137021755800914 20.413526890611749 -0.3065243319339086 -0.95186282306457948 3 -10 -8 12 -6 0 14 43.625076290033967 35.500914321390432 0.37280986787790593 0.92790775533608849 1 -26.098444507331934 8.4043709590088245
3 -10 -8 12 -6 0 14 15.309444284733988 54.98023012299511 -0.99986960492781196 -0.016148471800801603 4 -2 -2 2 -2 2 2 -2 2 19.075050231913671 42.929790749074691 -0.35173774951206832 -0.93609858218468922 0
4 -4.5 -3 4.5 -3 4.5 3 -4.5 3 49.860550712069418 45.6426310820707 -0.17575438430071441 -0.98443404878086005 4 -27 -18 27 -18 27 18 -27 18 24.168774858414128 38.921698049871509 -0.95835137706637652 -0.28559173320490178 1 4.9466653482432976 1.4741218765855493
4 -16 -0.5 16 -0.5 16 0.5 -16 0.5 23.262579671722211 5.0882947806888978 0.042471672658582406 0.99909767141235106 4 -27 -18 27 -18 27 18 -27 18 51.117165495107237 54.622732587546643 0.79335921985498692 -0.60875376653544133 0
3 -10 -8 12 -6 0 14 28.453600056369343 31.808853860509497 0.35562596231556659 -0.93462836193169696 4 -11 -7 11 -7 11 7 -11 7 26.073330705576325 52.654929447293902 0.97894051487215883 0.20414570370652574 0
5 -9 -12 11 -9 14 6 1 15 -11 5 11.471643733818187 6.3773563730153686 -0.063353777211013748 0.99799113168058629 3 -10 -8 12 -6 0 14 45.336639262581315 33.444528927429708 -0.73328196237083498 -0.67992467499097087 0
3 -10 -8 12 -6 0 14 12.055413932861519 54.955995549970766 -0.75053899078473585 0.66082616724205934 4 -27 -18 27 -18 27 18 -27 18 45.09637600878515 53.448356004560374 0.69373401604647078 -0.72023129269703012 1 -2.9118833613210753 -2.8047553042907323
4 -2.5 -1 2.5 -1 2.5 1 -2.5 1 52.66002338464137 15.671647838670008 -0.98820939495324001 -0.15310843127062349 3 -10 -8 12 -6 0 14 41.757417398646467 7.6358946930686367 -0.48483976383695515 0.87460299759520921 0
4 -2 -2 2 -2 2 2 -2 2 50.523484226342866 34.134567909640339 0.96409488198719118 0.2655580134850084 4 -2 -2 2 -2 2 2 -2 2 53.295078372591931 8.0945865541307942 0.94743256716658109 -0.31995551358296953 0
4 -2 -2 2 -2 2 2 -2 2 56.897680904131796 14.857227637894557 -0.98503754501116758 0.17233988197272254 4 -27 -18 27 -18 27 18 -27 18 48.220902093596642 34.000649351690498 -0.37766896431485109 0.92594068567773158 1 3.3063271080336305 -8.1062069663084184
4 -4.5 -3 4.5 -3 4.5 3 -4.5 3 44.483112527719065 41.444663994969837 -0.36958589939927533 -0.92919656852854804 4 -4.5 -3 4.5 -3 4.5 3 -4.5 3 19.833688998299756 44.100141859016837 0.94884959674625924 -0.31572843197035855 0
4 -2 -2 2 -2 2 2 -2 2 29.126686363420507 54.203675107290294 -0.23118071068505225 0.97291082788051764 4 -27 -18 27 -18 27 18 -27 18 46.704515596938485 30.741589818324698 0.63859360777304475 -0.76954415345151361 1 -0.2549511672967707 0.30723166943850222
4 -85 -50 85 -50 85 50 -85 50 54.004593984764227 50.630419042968981 -0.94608758263726012 -0.32391092290873047 4 -11 -7 11 -7 11 7 -11 7 50.063135862799058 58.576158113519242 -0.12769652518404884 -0.99181328759798315 1 17.545358002206616 -51.246945270475642
4 -85 -50 85 -50 85 50 -85 50 21.35837542051117 26.038227712469158 -0.38520143082291247 0.92283251876598982 4 -11 -7 11 -7 11 7 -11 7 25.328714015240642 46.477933820926111 0.10500558965193378 0.99447163164257713 1 -46.033963449008347 -19.215131918757415
3 -10 -8 12 -6 0 14 8.2888230657557429 6.2827686122426796 0.22192556846911851 -0.9750636092377043 4 -16 -0.5 16 -0.5 16 0.5 -16 0.5 21.811729488273116 13.045795513021918 0.24600270242934955 -0.96926914239413242 0
4 -85 -50 85 -50 85 50 -85 50 46.076034204517534 31.609535171229428 -0.67498222770798677 0.73783398693633206 4 -4.5 -3 4.5 -3 4.5 3 -4.5 3 54.734801199745299 31.069800943522367 -0.92248365379798591 0.38603614918232415 1 -35.85015485853696 -32.796289976514267
4 -27 -18 27 -18 27 18 -27 18 57.550037263288054 39.560962606105491 0.97259281012731369 0.23251500099704348 4 -2 -2 2 -2 2 2 -2 2 9.0396929730300624 47.083258161458652 -0.13003149751161203 0.99150986361956461 0
4 -4.5 -3 4.5 -3 4.5 3 -4.5 3 38.498687572698536 46.486998736085553 0.90618758203105076 0.42287594655255301 4 -2.5 -1 2.5 -1 2.5 1 -2.5 1 13.591719769134055 38.730280772273865 0.6545720647980916 -0.75599961110172731 0
4 -2.5 -1 2.5 -1 2.5 1 -2.5 1 35.593296261749458 50.840121136892968 0.87152704017142724 -0.49034744646019263 4 -11 -7 11 -7 11 7 -11 7 0.97546455635197926 50.21494067221353 0.94878622240802157 -0.31591882528383158 0
3 -10 -8 12 -6 0 14 28.829303848228246 11.121763139403724 0.98342759925562939 -0.18130128797752443 4 -16 -0.5 16 -0.5 16 0.5 -16 0.5 52.898912030748356 4.8364509928245791 -0.79817349148586447 0.60242765332383652 0
4 -27 -18 27 -18 27 18 -27 18 8.3312056035193649 28.9904959450575 -0.62046853653156986 0.78423134034184827 4 -2 -2 2 -2 2 2 -2 2 47.07772194909542 23.36289783074826 0.047230304442215071 -0.99888402647269103 0
4 -11 -7 11 -7 11 7 -11 7 41.860688262235371 10.827851968857157 -0.36635338642904497 -0.93047579025570082 4 -11 -7 11 -7 11 7 -11 7 47.035269007259323 10.019168280498679 0.72746155808359125 0.6861484398514609 1 -12.007064026384327 4.7275045876555639
4 -4.5 -3 4.5 -3 4.5 3 -4.5 3 52.115415802983804 58.562442492712051 -0.64903200436676267 0.76076110396606278 3 -10 -8 12 -6 0 14 4.6033028739430781 14.240995085556838 0.65629769389954817 -0.75450204571103385 0
3 -10 -8 12 -6 0 14 44.168704613623376 14.670799466898645 0.89397821024514745 0.44811043237898734 4 -4.5 -3 4.5 -3 4.5 3 -4.5 3 5.004338651420448 24.275016742784391 -0.69470116031304385 -0.71929847619726717 0
4 -4.5 -3 4.5 -3 4.5 3 -4.5 3 24.790307209246578 56.098430391687685 -0.60908831680984765 0.79310240342956129 3 -10 -8 12 -6 0 14 7.98131824149932 32.835649126514113 -0.86738222278492161 0.49764252189366687 0
4 -16 -0.5 16 -0.5 16 0.5 -16 0.5 59.315425515910029 53.990664876688186 0.97022516452602581 -0.24220472770044382 4 -2.5 -1 2.5 -1 2.5 1 -2.5 1 6.7321315962495953 49.064620059234571 0.96142177239144444 -0.2750784898382525 0
3 -10 -8 12 -6 0 14 27.582657840866627 34.495319061222816 -0.9128538670867572 -0.40828644031458228 3 -10 -8 12 -6 0 14 5.9238707347360675 21.896382835357329 0.58291780848319719 0.81253112466732413 0
5 -9 -12 11 -9 14 6 1 15 -11 5 14.999690802775596 13.71211615698083 -0.99977983033929074 -0.020983108605235164 4 -85 -50 85 -50 85 50 -85 50 40.694810359333061 50.06588370650806 -0.92004581192963708 0.3918108012175453 1 -8.2766014526258402 -19.43502445526293
4 -85 -50 85 -50 85 50 -85 50 50.523646911980109 17.562801780631325 0.48726410210725796 0.87325465632747001 3 -10 -8 12 -6 0 14 25.680060332180588 29.061856700116323 -0.21012880265513126 0.97767371156982685 1 30.836296331595864 -17.206229746908864
3 -10 -8 12 -6 0 14 23.328905867687091 25.064004181875003 -0.90528988917056086 -0.4247943226616307 4 -11 -7 11 -7 11 7 -11 7 59.622103218573713 1.0942465361084608 0.758024769776385 0.65222576490465212 0
3 -10 -8 12 -6 0 14 20.704326461374784 14.113505839251371 0.92043351805362861 -0.39089914152300276 4 -16 -0.5 16 -0.5 16 0.5 -16 0.5 12.425147161178147 56.81888665480087 0.98884196540656577 -0.14896834378779969 0
4 -2.5 -1 2.5 -1 2.5 1 -2.5 1 48.070761271322034 52.272268730381136 -0.89341148213043098 -0.44923927210063308 4 -85 -50 85 -50 85 50 -85 50 39.612432481858214 40.971065416670612 -0.99990987350529648 -0.013425530403748236 1 -0.54783877905773892 40.802067985037219
4 -11 -7 11 -7 11 7 -11 7 48.892474555707047 35.837945735114701 -0.48133841005066164 0.87653484529133308 4 -2.5 -1 2.5 -1 2.5 1 -2.5 1 42.882493060397906 53.835744291933572 0.98023920792220143 0.19781581143087418 0
4 -27 -18 27 -18 27 18 -27 18 59.968707965729429 54.186322412300363 0.94382590311498393 0.33044313369955958 3 -10 -8 12 -6 0 14 22.70964054479672 5.651542405817005 -0.34874725800443684 0.93721681058034101 0
4 -16 -0.5 16 -0.5 16 0.5 -16 0.5 6.2975944635803138 14.009076670397846 0.8212421225973664 -0.57057985950414714 3 -10 -8 12 -6 0 14 42.059793166701951 56.267308545523434 -0.033408283225704903 0.99944178750536095 0
4 -85 -50 85 -50 85 50 -85 50 27.607598295912915 18.910156501498538 -0.2209091090747444 -0.97529439941373741 4 -11 -7 11 -7 11 7 -11 7 21.429528229282599 44.721142942222819 0.99940565599148312 0.034472231900955407 1 49.439198622033636 -11.198228276024023
3 -10 -8 12 -6 0 14 31.417231401647449 24.883195018790609 0.54629664666658129 -0.83759177039942823 3 -10 -8 12 -6 0 14 18.646169029512858 43.449642848779376 -0.070171592341808184 -0.99753493554271822 0
5 -9 -12 11 -9 14 6 1 15 -11 5 14.190435814103155 50.753890101285407 0.49295074487041962 -0.87005721830905958 3 -10 -8 12 -6 0 14 35.53471413619566 54.106475527654688 -0.98878917851144532 -0.14931831923331129 1 -2.4734893413117329 -2.0427009240132583
5 -9 -12 11 -9 14 6 1 15 -11 5 59.860170645134737 37.047679296876765 -0.62263744393311327 0.78251045578473855 5 -9 -12 11 -9 14 6 1 15 -11 5 53.229413005617815 16.712973134002553 -0.64968872791874821 -0.76020033992054925 1 0.66801726134828998 3.2298671863346691
4 -27 -18 27 -18 27 18 -27 18 21.824337463862388 39.642365847504955 -0.50343131577832789 -0.86403524829355283 3 -10 -8 12 -6 0 14 49.809978627679996 35.399502846258287 -0.54154976780796482 0.84066869157066826 0
3 -10 -8 12 -6 0 14 42.343340149924622 11.688009998972548 -0.56657651787603769 0.82400913186169478 3 -10 -8 12 -6 0 14 52.410840530353077 19.39146491472863 0.26432422562600855 -0.96443387733281694 1 -3.7031839382575753 -3.075126973228941
4 -16 -0.5 16 -0.5 16 0.5 -16 0.5 57.153956764112429 17.508717433034239 0.84086762522497771 0.54124083072926632 3 -10 -8 12 -6 0 14 51.119833133882715 41.41607754843352 0.43893593760977317 -0.89851835967587734 0
3 -10 -8 12 -6 0 14 56.054017340515145 50.949999312378004 0.99743108305736838 0.071632636074662762 4 -2 -2 2 -2 2 2 -2 2 5.2081811613185458 46.221075703336638 0.086422041938494176 0.99625861635781154 0
4 -16 -0.5 16 -0.5 16 0.5 -16 0.5 47.277146326888172 17.763376628848619 0.12254196989590163 -0.99246333212569215 4 -2 -2 2 -2 2 2 -2 2 10.075294283954355 52.573645001301905 0.21364049356741593 0.97691234996199683 0
4 -4.5 -3 4.5 -3 4.5 3 -4.5 3 40.65898730639114 32.85740084204685 -0.99791061866655273 0.064609574774471989 4 -2.5 -1 2.5 -1 2.5 1 -2.5 1 26.633223577464193 14.412693302536844 -0.97776937301188671 -0.20968322107393814 0
4 -2 -2 2 -2 2 2 -2 2 56.626194049340342 45.109662193123334 0.77331834084105733 -0.63401793643305893 4 -27 -18 27 -18 27 18 -27 18 2.9508048355086736 48.877583764760729 0.024958011051814725 0.99968850032614531 0
4 -16 -0.5 16 -0.5 16 0.5 -16 0.5 12.698076642269903 14.327918608379484 0.41306875311403912 -0.91069984363719581 3 -10 -8 12 -6 0 14 22.101784065582265 58.76117566664734 0.22550825141427272 0.97424125787408389 0
4 -27 -18 27 -18 27 18 -27 18 38.320974563566729 0.21409899370621543 0.79905892829771497 -0.60125271650754919 4 -4.5 -3 4.5 -3 4.5 3 -4.5 3 43.323709204733383 47.495850209598572 -0.88688283984844374 0.46199440297730859 0
3 -10 -8 12 -6 0 14 32.138910455329039 55.563945518523525 0.22124149413235036 0.97521905296917022 4 -4.5 -3 4.5 -3 4.5 3 -4.5 3 4.0220649343218557 56.180718458043273 -0.99550618441725369 -0.094696551082924657 0
4 -2.5 -1 2.5 -1 2.5 1 -2.5 1 45.205535209398008 24.755942765297959 0.79593387360075951 0.60538357167575185 4 -4.5 -3 4.5 -3 4.5 3 -4.5 3 27.119404227066951 39.154086481934826 -0.7377875791785522 -0.67503295327698754 0
4 -2 -2 2 -2 2 2 -2 2 46.272054006651068 45.356011222271491 0.93666628927993922 0.35022316103671547 4 -85 -50 85 -50 85 50 -85 50 59.21578499175812 8.7985793803491337 0.84397045015071215 0.53638967110898417 1 -7.8174256417193106 12.300155266265454
5 -9 -12 11 -9 14 6 1 15 -11 5 39.363900017750694 13.705394403727734 -0.81709218618708401 -0.57650703315051732 4 -16 -0.5 16 -0.5 16 0.5 -16 0.5 2.0166906424086806 14.316224409287148 -0.95578886501212201 -0.29405381398451458 0
4 -4.5 -3 4.5 -3 4.5 3 -4.5 3 1.3333116916425958 59.213745479122906 0.18085023017799781 0.98351064775352848 4 -27 -18 27 -18 27 18 -27 18 29.395981817648988 44.313500393905841 -0.96612228818019918 -0.25808472306871644 1 -0.44222253417318635 1.655429432320525
4 -16 -0.5 16 -0.5 16 0.5 -16 0.5 4.7712637893397725 34.570200167234333 0.66004794235420361 -0.75122347793049038 4 -4.5 -3 4.5 -3 4.5 3 -4.5 3 17.199724919390601 34.419805397387528 -0.35863521641877588 -0.93347778845790319 0
3 -10 -8 12 -6 0 14 25.123970298930708 32.263105340006376 0.22796075609910479 0.9736703208369476 5 -9 -12 11 -9 14 6 1 15 -11 5 41.003402080286989 37.781880765643869 -0.72168057654935547 0.69222622417197532 1 -6.5685546494006868 -1.336179011843418
4 -2 -2 2 -2 2 2 -2 2 2.5241403956816155 11.333819121536004 0.9773005668791388 0.21185750394478328 4 -16 -0.5 16 -0.5 16 0.5 -16 0.5 38.99261947214567 30.061436465805219 -0.59784562715294809 -0.80161125621718798 0
4 -27 -18 27 -18 27 18 -27 18 15.955118707998858 19.112818161605905 -0.67142808296573941 0.74106971966539836 4 -2 -2 2 -2 2 2 -2 2 22.366022235363651 58.717387671538575 0.7995227980558457 0.60063574268349318 0
4 -16 -0.5 16 -0.5 16 0.5 -16 0.5 30.260587253122083 19.301000055494715 -0.10063050283922649 0.99492386738801497 4 -2.5 -1 2.5 -1 2.5 1 -2.5 1 19.937805964445477 50.577633678647175 -0.020735599129939757 0.99978499435064661 0
4 -11 -7 11 -7 11 7 -11 7 59.180417558229692 21.841846110512126 -0.74020185933159277 -0.67238471684152146 4 -11 -7 11 -7 11 7 -11 7 13.984451864088099 34.452939457264534 -0.3608840528057129 -0.93261069071211244 0
4 -2 -2 2 -2 2 2 -2 2 27.034482909552274 24.703073403358268 -0.99259832534753956 -0.12144366808220221 3 -10 -8 12 -6 0 14 7.6788813152152935 41.533501012818533 -0.42124736019803355 0.90694578753428712 0
4 -27 -18 27 -18 27 18 -27 18 1.0076276694466335 54.125887338853133 0.63195649609236471 0.77500386260112342 3 -10 -8 12 -6 0 14 53.871854405431861 54.009962899448745 -0.56945101686330857 0.82202526688255995 0
4 -4.5 -3 4.5 -3 4.5 3 -4.5 3 34.110581446723785 27.737676202925222 0.98551375626303617 0.16959550765371403 4 -27 -18 27 -18 27 18 -27 18 51.800336276753576 36.52155315641275 0.88502870958734592 -0.46553644670010241 1 -3.31022434160211 -6.2930488004948995
4 -4.5 -3 4.5 -3 4.5 3 -4.5 3 46.441526689137071 29.916095357177777 -0.99961616207668524 -0.027704304991790264 4 -85 -50 85 -50 85 50 -85 50 48.185734097386671 59.349214946375305 -0.034641709351626471 -0.99939979586409633 1 -53.922271594240271 1.8690814905881274
4 -2.5 -1 2.5 -1 2.5 1 -2.5 1 0.057196324309436442 6.7783151363450322 0.99767531419304545 -0.068146661325468594 3 -10 -8 12 -6 0 14 38.294844881278898 47.725011265572931 0.58461850728641918 -0.81130832667870423 0
4 -16 -0.5 16 -0.5 16 0.5 -16 0.5 43.582566691351765 40.592580859174056 0.98344426975308363 -0.18121083932762971 4 -11 -7 11 -7 11 7 -11 7 17.536133189885966 55.157882531343986 -0.5977992863506566 0.80164581533158741 0
3 -10 -8 12 -6 0 14 16.508236384275669 56.386776342862873 -0.99845024660707238 -0.055651640140038823 3 -10 -8 12 -6 0 14 49.155407694660759 29.866021426997513 0.89645980236716349 0.44312506444549737 0
4 -11 -7 11 -7 11 7 -11 7 55.681237394338744 57.226978248084265 -0.95433154072430648 0.29874957803948682 5 -9 -12 11 -9 14 6 1 15 -11 5 32.502836782222637 48.80543414877355 -0.044526266304215738 0.99900821398475304 0
4 -2.5 -1 2.5 -1 2.5 1 -2.5 1 44.813263983244646 56.843906182754999 0.027746926000878667 -0.99961497992852311 4 -2.5 -1 2.5 -1 2.5 1 -2.5 1 46.337016089333488 49.528468858567166 -0.98757311379135881 0.15716025234275921 0
4 -27 -18 27 -18 27 18 -27 18 13.436355146035259 14.83071161501506 -0.67739163219290044 0.73562257757292782 4 -16 -0.5 16 -0.5 16 0.5 -16 0.5 44.417135155102144 19.545768465781933 0.3320721881803988 -0.94325397525644272 0
4 -2.5 -1 2.5 -1 2.5 1 -2.5 1 9.8124549315581095 35.701618473947228 0.052232315056939982 0.99863496096611426 3 -10 -8 12 -6 0 14 40.948099856275718 32.077689412566222 0.18741826481564772 0.9822802013750922 0
3 -10 -8 12 -6 0 14 32.122351717213455 12.096750447277033 0.49169972657763017 -0.87076482409631351 4 -11 -7 11 -7 11 7 -11 7 38.535518742469911 8.1169429105978388 0.71499631306473133 0.69912822307774181 1 -8.2013035200676399 4.6559377399492812
5 -9 -12 11 -9 14 6 1 15 -11 5 5.2727644535313818 11.228554614283055 0.8440100082482459 0.53632742422590696 4 -85 -50 85 -50 85 50 -85 50 46.295607250083357 31.955654870798519 -0.56297834456350082 -0.82647164715587196 1 -33.374715923146191 22.734285423279999
4 -2 -2 2 -2 2 2 -2 2 56.340983885937128 48.243109033041186 -0.98381569235153443 0.1791833794827831 4 -85 -50 85 -50 85 50 -85 50 32.132644055121808 35.100038525679693 0.97686785055116887 -0.21384387426236728 1 7.2821518566703354 33.265858356479647
5 -9 -12 11 -9 14 6 1 15 -11 5 49.73318604966196 23.963093576799363 -0.77337945796326579 0.6339433839077786 4 -27 -18 27 -18 27 18 -27 18 19.022425846389453 41.996265747610991 0.87451482419244619 -0.48499878584142347 1 5.4620946027954007 -3.0292330984246383
4 -85 -50 85 -50 85 50 -85 50 26.40965522828964 27.405951498104113 -0.9732130338352164 -0.22990517778696057 4 -16 -0.5 16 -0.5 16 0.5 -16 0.5 53.207046043785311 10.290800786518634 -0.0041604330716558929 0.99999134536087675 1 -9.8587842491283482 41.733280743732877
4 -11 -7 11 -7 11 7 -11 7 37.435154370132885 25.819861885892276 0.73503653607176989 -0.67802749991398858 4 -4.5 -3 4.5 -3 4.5 3 -4.5 3 2.0659779558174463 15.590457516062957 0.72672984798691309 -0.68692337858375307 0
4 -2 -2 2 -2 2 2 -2 2 19.473432893585759 32.129078630759096 0.073127485049252094 0.99732260123310723 4 -85 -50 85 -50 85 50 -85 50 15.108131473830731 56.606057181910927 0.31848854502187324 -0.94792670955609759 1 -46.410924046933204 -15.593344426121664
4 -4.5 -3 4.5 -3 4.5 3 -4.5 3 47.012323130653215 10.749767519798684 -0.91404341534627875 -0.40561636414487773 3 -10 -8 12 -6 0 14 6.86960707612851 33.412913228616247 0.84009217255199797 0.54244367598568621 0
4 -11 -7 11 -7 11 7 -11 7 51.392912910072482 19.081719910480494 0.16897469927368375 -0.98562038889491732 3 -10 -8 12 -6 0 14 20.947000792050424 51.119963612244923 0.1183952486431236 0.9929665478246148 0
3 -10 -8 12 -6 0 14 59.749956034582986 4.4900087749916517 0.83784816510368587 -0.54590333597843754 4 -85 -50 85 -50 85 50 -85 50 40.586295141989524 45.16711268236525 -0.45296543752054175 0.89152807718648108 1 21.312205569517538 -41.946753721432273
4 -2.5 -1 2.5 -1 2.5 1 -2.5 1 49.406268627687602 21.450282622860044 0.19579868961933636 0.98064411135913665 4 -85 -50 85 -50 85 50 -85 50 23.45402135799117 57.060315613693412 -0.68383200178754 -0.72963949545734286 1 6.4804236080455189 -6.0735761645458801
5 -9 -12 11 -9 14 6 1 15 -11 5 52.893848759365923 20.944893341403585 0.089196814065008984 -0.99601402016269436 5 -9 -12 11 -9 14 6 1 15 -11 5 23.472741307994696 13.613286340691744 0.3828622215530621 0.92380545533540448 0
3 -10 -8 12 -6 0 14 5.4316405749533896 59.399346838581152 0.96903947200947249 0.24690585592003034 4 -4.5 -3 4.5 -3 4.5 3 -4.5 3 5.8859638914622376 23.228196895362274 0.80801835703107727 -0.58915730895983842 0
4 -11 -7 11 -7 11 7 -11 7 51.186631175304825 19.591399644811425 -0.37065344376263032 -0.92877124450905701 4 -2 -2 2 -2 2 2 -2 2 42.272026616854518 11.154991651634452 -0.39500621539320668 0.91867844744542448 1 0.99657772319627014 2.497191777923315
4 -2.5 -1 2.5 -1 2.5 1 -2.5 1 8.8974606957539919 50.50298174466613 0.94988547743674545 -0.31259811220601796 4 -27 -18 27 -18 27 18 -27 18 29.517400464529103 35.100515526905347 0.048456104854110518 -0.9988253130064173 1 -0.84195012192779761 -0.040845604190051579
4 -27 -18 27 -18 27 18 -27 18 46.919109406629666 6.4457590696612304 -0.98741877451635929 0.15812704933885013 4 -2 -2 2 -2 2 2 -2 2 22.890797356930857 40.563840418041003 0.60952272993956624 -0.7927685927728334 0
4 -2.5 -1 2.5 -1 2.5 1 -2.5 1 49.536179920188403 5.6274533942598826 0.87885572105853649 -0.47708764557749755 5 -9 -12 11 -9 14 6 1 15 -11 5 3.1035969378388573 15.214302316521666 0.53587493201992586 0.84429737488200196 0
4 -85 -50 85 -50 85 50 -85 50 22.430810072281115 34.780443797465807 0.54009511251804498 0.8416039861087401 4 -2.5 -1 2.5 -1 2.5 1 -2.5 1 42.304804074174868 37.883504709697398 0.13652008212204525 -0.99063730354625246 1 -31.42106723563197 20.164311391311582
4 -4.5 -3 4.5 -3 4.5 3 -4.5 3 15.297843442505352 10.914852500474364 0.98361357537977678 -0.18028958463708378 4 -2 -2 2 -2 2 2 -2 2 49.592967251160204 8.3547812248986446 -0.59103912965916716 -0.806642887039695 0
3 -10 -8 12 -6 0 14 47.572964808131495 28.010956750543055 -0.86587253290556054 -0.50026468670065949 4 -85 -50 85 -50 85 50 -85 50 25.523164738002787 15.255960670040963 0.76318974052693367 -0.64617445009411489 1 22.80202227609567 26.931224937550823
3 -10 -8 12 -6 0 14 6.2931341642562311 22.678601124656254 0.96337220205127627 -0.2681678584671825 4 -16 -0.5 16 -0.5 16 0.5 -16 0.5 2.8767554834773867 10.20049660060115 -0.46010472501380834 0.8878646529848836 1 3.9917173682377611 2.0685675636161935
4 -2 -2 2 -2 2 2 -2 2 21.235667702596011 20.242997822331063 0.92094989359563295 -0.3896810150446034 4 -27 -18 27 -18 27 18 -27 18 54.217937917538819 43.090615608142826 0.76822170369568754 -0.64018389074616311 0
3 -10 -8 12 -6 0 14 25.829567049474001 30.528524485468729 -0.59995461158967267 0.80003403929600714 4 -2 -2 2 -2 2 2 -2 2 33.272571411420543 30.4757178344693 -0.95476364001413527 -0.29736575409242849 1 -3.136809226175719 -2.8304561758357418
4 -85 -50 85 -50 85 50 -85 50 9.5381977432287677 32.846778238715068 -0.96099832995417001 -0.27655417159264861 5 -9 -12 11 -9 14 6 1 15 -11 5 23.385016498981877 48.754817843491807 -0.94785374407280698 0.31870563196649299 1 13.914708347726535 -48.352232067071832
3 -10 -8 12 -6 0 14 51.104134074194548 54.606584885531369 0.9997252133053478 -0.023441371153938996 4 -85 -50 85 -50 85 50 -85 50 13.059331957708302 13.744888709167055 -0.70563480569207226 -0.70857569884657445 1 29.557873511675073 29.681062655933445
4 -85 -50 85 -50 85 50 -85 50 12.361844730370031 33.995237911879528 0.94272098738234322 -0.3335822836255844 5 -9 -12 11 -9 14 6 1 15 -11 5 18.063431995336344 14.934317660645874 0.68382707739288051 -0.72964411066239099 1 15.609615359963032 44.113589741233845
4 -11 -7 11 -7 11 7 -11 7 14.662714308592227 58.700542550249558 -0.051634157274855777 -0.99866606721291751 4 -2 -2 2 -2 2 2 -2 2 45.937985321822339 42.496776801889332 -0.92221098700247872 0.38668707691350912 0
4 -27 -18 27 -18 27 18 -27 18 15.771838432864051 50.710772916666244 0.46087648965876776 -0.8874642873264319 4 -2.5 -1 2.5 -1 2.5 1 -2.5 1 52.545452118631893 19.876474016696402 -0.74345715444441651 0.6687835670120873 0
4 -4.5 -3 4.5 -3 4.5 3 -4.5 3 39.461384188997663 27.626383868811345 -0.9486451450517609 0.31634220200555518 5 -9 -12 11 -9 14 6 1 15 -11 5 32.496014792765202 39.593380500242873 -0.88652635195950946 0.46267810330873016 1 0.54881951426496633 -2.5286640332504233
3 -10 -8 12 -6 0 14 16.727427799663104 27.533949203208852 -0.88137641355828744 -0.47241466702795182 4 -85 -50 85 -50 85 50 -85 50 34.083967844745288 59.084722037145177 0.98409611226690452 -0.17763682563354918 1 -5.0360105391257131 -27.899160971905918
4 -11 -7 11 -7 11 7 -11 7 5.0417418715963329 8.7122806155852892 0.18793052074808142 0.98218232491292312 3 -10 -8 12 -6 0 14 38.080330640656854 55.481279249470013 -0.80335286258019389 0.59550329821438275 0
4 -11 -7 11 -7 11 7 -11 7 45.823567303330478 48.994613355127655 0.22143889138316653 0.97517424975385514 4 -2.5 -1 2.5 -1 2.5 1 -2.5 1 6.0445913514255478 7.9570544032167811 0.94151415776631953 0.33697342732859215 0
4 -16 -0.5 16 -0.5 16 0.5 -16 0.5 24.491527651744324 49.647045580028276 -0.90917535136105965 0.4164134729778729 4 -11 -7 11 -7 11 7 -11 7 58.70691313728846 30.66589410906985 0.23975072267189426 -0.97083448176210985 0
4 -2.5 -1 2.5 -1 2.5 1 -2.5 1 38.783275494389699 39.608100186308469 0.98680697470153822 -0.16190118801416409 4 -2 -2 2 -2 2 2 -2 2 7.6089550937138517 31.506667213026191 0.16749157337121065 0.98587350753006664 0
4 -2.5 -1 2.5 -1 2.5 1 -2.5 1 11.046178547907141 12.306717922285603 -0.70786906830545571 0.70634367140674947 3 -10 -8 12 -6 0 14 15.662410850317494 51.946674782725033 -0.89011886921426697 0.45572842644355049 0
3 -10 -8 12 -6 0 14 48.251099286484276 41.601435592684041 0.91381225167663405 0.4061368841729105 4 -2.5 -1 2.5 -1 2.5 1 -2.5 1 1.2072954153175353 26.176886699264422 0.92328182391540858 0.38412325317199497 0
4 -2 -2 2 -2 2 2 -2 2 19.054347945528537 34.335356228321473 0.051396753284463276 0.99867831344823743 4 -85 -50 85 -50 85 50 -85 50 1.9898591456499037 10.348284826407445 -0.95782548825401859 0.28735054211006966 1 7.051358641305379 23.504291949014
5 -9 -12 11 -9 14 6 1 15 -11 5 54.497519101698217 33.102545144422791 -0.98123722337544383 0.19280433465679506 4 -2.5 -1 2.5 -1 2.5 1 -2.5 1 7.8111091979151492 35.756687691836568 -0.31466151231959977 0.94920394682320108 0
3 -10 -8 12 -6 0 14 9.6596103637775954 41.579330689608142 -0.7946089360960108 -0.60712160122694192 3 -10 -8 12 -6 0 14 18.287052361272437 3.7998091395019751 -0.99064706063108554 0.13644926259599346 0
5 -9 -12 11 -9 14 6 1 15 -11 5 56.714255138975773 53.985751191965107 0.33272739767863024 -0.94302305318269219 4 -85 -50 85 -50 85 50 -85 50 54.647488171871089 14.572869152857713 -0.18827412934457174 -0.98211651662088617 1 -57.027992269600901 10.932405077322105
4 -4.5 -3 4.5 -3 4.5 3 -4.5 3 24.758575391062575 5.8671057630129404 0.26739761731792416 -0.96358627753444948 4 -27 -18 27 -18 27 18 -27 18 33.328361349564069 23.807077568439887 0.66668225651964641 0.74534204821804617 1 -8.5802544203446924 -9.5926122847146704
5 -9 -12 11 -9 14 6 1 15 -11 5 16.34427321874486 25.35236475334785 0.016192794466740684 0.99986888810851493 4 -4.5 -3 4.5 -3 4.5 3 -4.5 3 51.666121927869476 25.986776558971695 -0.78397217171292388 0.62079596807624471 0
4 -27 -18 27 -18 27 18 -27 18 23.873227873155187 6.2764047540194952 -0.6421505418939466 0.76657855536488284 3 -10 -8 12 -6 0 14 31.248266678705839 16.813125962509783 -0.031185368146973775 -0.9995136181231038 1 -13.833908999073902 -11.588443347516323
4 -2 -2 2 -2 2 2 -2 2 55.718357444389582 5.7347612060445119 -0.99588546556271851 0.090620855662079239 4 -2.5 -1 2.5 -1 2.5 1 -2.5 1 23.044637643242748 7.1620580996902428 0.86578364323481261 -0.50041850795814369 0
3 -10 -8 12 -6 0 14 10.252473670765154 8.7620853880190559 0.90345620873015453 -0.42868039249181367 4 -4.5 -3 4.5 -3 4.5 3 -4.5 3 47.892694285252759 24.363277850826069 -0.18062919299077829 0.9835512669096107 0
4 -2 -2 2 -2 2 2 -2 2 20.385101483579852 32.393178453379917 -0.79414304712992279 0.60773087851054697 3 -10 -8 12 -6 0 14 58.84298745677647 55.259324593720102 -0.91528299957148151 -0.40281140834816409 0
4 -11 -7 11 -7 11 7 -11 7 43.250930001999549 24.997146567174223 0.20694981452904507 0.97835155964836784 4 -27 -18 27 -18 27 18 -27 18 53.249234481089424 15.22748958869504 -0.61038009844750418 -0.79210866389606871 1 -12.033428994388423 9.2726742037246268
3 -10 -8 12 -6 0 14 10.02112129456243 15.685044717701839 0.39678454278407743 -0.91791177495859078 4 -2.5 -1 2.5 -1 2.5 1 -2.5 1 40.708094392813877 22.493640308904517 0.19850999533604405 0.98009886325394935 0
4 -27 -18 27 -18 27 18 -27 18 47.661324165409731 18.856397672943885 0.20311609199395544 0.97915466253963324 3 -10 -8 12 -6 0 14 21.83111487539356 52.38017894985353 0.71167035404344703 -0.70251356369516071 0
5 -9 -12 11 -9 14 6 1 15 -11 5 41.177009680862554 17.84231028073609 0.87935543691963802 0.47616595380168925 3 -10 -8 12 -6 0 14 32.386834192745312 47.481364155692191 0.44099518685795597 0.89750946801029152 0
4 -16 -0.5 16 -0.5 16 0.5 -16 0.5 45.32273738838893 42.826528926404158 0.91223709890547688 0.40966263605620556 4 -11 -7 11 -7 11 7 -11 7 49.266280825260097 38.754044079492274 0.27220307223988088 -0.96223982845399314 1 -2.8974991136613655 6.45215343770084
4 -16 -0.5 16 -0.5 16 0.5 -16 0.5 22.847482036816224 41.058585719933056 0.32524649205903799 0.94562927165104727 4 -85 -50 85 -50 85 50 -85 50 11.881591141317839 12.416497908408989 0.39243667057296761 -0.91977902758738961 1 36.578449050269008 15.606710230894707
4 -2.5 -1 2.5 -1 2.5 1 -2.5 1 29.305056185719881 5.5985814795370903 -0.94329429293770639 0.33195764324858151 4 -27 -18 27 -18 27 18 -27 18 55.871096924720341 56.389074351736305 -0.92133569838116514 -0.38876796535786073 0
4 -27 -18 27 -18 27 18 -27 18 5.8366858771761443 6.8319602628118741 0.022832837279985866 0.99973929678779039 4 -11 -7 11 -7 11 7 -11 7 39.050041844738608 38.057794704086263 0.66086943461572578 0.75050089299793032 0
4 -2 -2 2 -2 2 2 -2 2 58.051130164489095 2.1798197091919169 0.32179884556880151 0.94680806026912689 4 -2.5 -1 2.5 -1 2.5 1 -2.5 1 2.8961174180060989 31.899607866405443 0.057918339877196738 0.99832132397633855 0
5 -9 -12 11 -9 14 6 1 15 -11 5 27.753055623032061 21.658964819011942 0.87855452627185415 -0.47764206720853009 5 -9 -12 11 -9 14 6 1 15 -11 5 36.52969134346683 29.717623981009986 -0.93097784159050423 0.36507568868316342 1 -12.353174664292631 -8.298674965459373
4 -27 -18 27 -18 27 18 -27 18 4.5078962220350016 57.416891578219918 0.37787817291436493 0.9258553269463331 4 -4.5 -3 4.5 -3 4.5 3 -4.5 3 12.563637218334234 52.821900224759332 -0.82764712321748291 0.56124882131709175 1 -12.803192175659246 5.2254890434842691
4 -2 -2 2 -2 2 2 -2 2 48.888648743343907 4.3177446871234837 -0.47356157255686931 -0.8807607149489951 4 -27 -18 27 -18 27 18 -27 18 29.818475661765202 19.553889479250806 0.27197249048391675 -0.96230502670409857 1 6.3709645329329874 1.8006006855654599
4 -4.5 -3 4.5 -3 4.5 3 -4.5 3 45.611573998542518 56.631271910828609 0.9663624077285019 -0.25718416928180599 5 -9 -12 11 -9 14 6 1 15 -11 5 36.713990870277783 5.124390838197515 0.57278031641976979 -0.81970891731276674 0
4 -2.5 -1 2.5 -1 2.5 1 -2.5 1 30.465971663250823 32.816843488039119 -0.66769933686432215 0.74443105493453487 4 -4.5 -3 4.5 -3 4.5 3 -4.5 3 21.624991520085626 44.423310483347635 0.98320580392851098 0.18250026608553346 0
5 -9 -12 11 -9 14 6 1 15 -11 5 33.383454205800859 14.382873092308087 -0.55303214394104439 0.83315991728357408 4 -27 -18 27 -18 27 18 -27 18 59.550307809250349 20.673914914329504 0.65145706974092044 -0.75868549892862291 1 -3.6789619313359592 -3.1589977175799446
5 -9 -12 11 -9 14 6 1 15 -11 5 47.004719624840988 50.699534409683437 -0.077645388257503917 -0.99698103978076813 4 -85 -50 85 -50 85 50 -85 50 6.5051292238051328 54.0881375066526 0.078206042946479037 -0.99693721710379213 1 20.426555179396917 1.6023878176094051
4 -11 -7 11 -7 11 7 -11 7 50.063966039422226 20.996931205880632 -0.75314826381208821 0.65785081341960594 4 -2 -2 2 -2 2 2 -2 2 50.031656389496341 57.376340493698983 0.80430332767142954 0.59421894710339296 0
5 -9 -12 11 -9 14 6 1 15 -11 5 44.857731702188218 28.981863490893499 0.016943759958596309 0.99985644419509823 4 -16 -0.5 16 -0.5 16 0.5 -16 0.5 11.904245330514732 34.920244413093215 -0.50784306379538291 -0.86144960534840265 0
4 -4.5 -3 4.5 -3 4.5 3 -4.5 3 47.536902439646319 41.614276034492718 -0.83341260200466594 -0.55265127776909395 3 -10 -8 12 -6 0 14 17.760440317943949 21.068211405558809 0.84059085166018621 0.54167058264705759 0
3 -10 -8 12 -6 0 14 58.071736931559855 26.570006729306982 -0.96118518278058307 -0.2759040492690476 4 -11 -7 11 -7 11 7 -11 7 21.314488635399155 19.767455979975338 0.079104126619374909 0.99686635872206353 0
4 -16 -0.5 16 -0.5 16 0.5 -16 0.5 47.321573377429381 0.64161452565994148 0.17996404535979757 -0.9836731888070025 4 -11 -7 11 -7 11 7 -11 7 27.878459536213004 55.030086347744884 -0.73144646485811493 0.68189887010213357 0
4 -2 -2 2 -2 2 2 -2 2 52.130314849204005 11.121179798416996 0.98161751957740673 -0.19085870495919116 5 -9 -12 11 -9 14 6 1 15 -11 5 27.668500082589102 50.998884630934498 -0.75671255852801611 0.65374773710199863 0
4 -2 -2 2 -2 2 2 -2 2 44.816649341439891 8.553155576500366 0.48569613383718196 -0.87412771697024583 4 -2.5 -1 2.5 -1 2.5 1 -2.5 1 53.608813261479533 41.278888953268805 -0.16387697796792614 0.98648078343782242 0
4 -11 -7 11 -7 11 7 -11 7 26.272835082396146 0.62095055460050341 0.99713979065186276 -0.075579348361568571 4 -2 -2 2 -2 2 2 -2 2 44.692722532875599 55.411145668069267 0.99845444803302796 -0.055576210765592542 0
4 -4.5 -3 4.5 -3 4.5 3 -4.5 3 22.448567774686087 33.846078939800812 -0.20281927707619088 -0.97921618698134849 4 -16 -0.5 16 -0.5 16 0.5 -16 0.5 49.672419316723577 17.869031000851784 0.93059582330912338 0.36604837609203345 0
4 -11 -7 11 -7 11 7 -11 7 43.717148676033617 5.1449524015846233 -0.55814985739982548 0.82974016214990731 3 -10 -8 12 -6 0 14 13.512966157520678 49.508312172053209 0.89615857241040042 0.44373394404232047 0
4 -2.5 -1 2.5 -1 2.5 1 -2.5 1 2.8554357711625267 17.257600786265282 -0.59846165430679787 -0.80115145155230838 4 -2 -2 2 -2 2 2 -2 2 38.728242405933841 18.905634921051384 0.87631948731459985 -0.48173037702918109 0
4 -11 -7 11 -7 11 7 -11 7 21.502129489636562 37.4463186322102 0.99996537918165929 -0.0083210839486389208 3 -10 -8 12 -6 0 14 2.2260564043958886 23.584214585257499 0.99468646545995931 -0.10295064560639319 0
3 -10 -8 12 -6 0 14 16.153592089997019 57.765357211546522 -0.18249103959176269 -0.98320751648302496 4 -2.5 -1 2.5 -1 2.5 1 -2.5 1 9.4432172652462789 32.526997022917087 0.99625494937879111 0.086464303838418119 0
4 -16 -0.5 16 -0.5 16 0.5 -16 0.5 23.830100495808143 20.167540959324793 -0.42648543069012573 -0.90449443193922308 4 -2.5 -1 2.5 -1 2.5 1 -2.5 1 48.091678866950481 16.793071087811711 -0.96398037873282938 -0.26597336223409834 0
4 -27 -18 27 -18 27 18 -27 18 53.987113363878308 17.112520398089874 -0.91959469468554134 -0.39286842263817279 5 -9 -12 11 -9 14 6 1 15 -11 5 44.10244337051742 43.667389544526877 -0.430005525648264 0.90282625566160857 1 0.3502307955499388 -0.8197919785470853
3 -10 -8 12 -6 0 14 35.720224589225502 9.084292893082619 -0.37755436879307386 0.92598741816790553 4 -85 -50 85 -50 85 50 -85 50 5.2428846053063154 41.706156118694665 -0.27080195294443804 0.96263508261515085 1 41.784459598132528 11.754519927907069
4 -27 -18 27 -18 27 18 -27 18 6.5104507463059091 54.9426693131851 -0.4608436279378163 -0.88748135224866076 4 -11 -7 11 -7 11 7 -11 7 59.866728626119688 30.269260346290082 0.056079518266791951 -0.99842630555838452 0
4 -85 -50 85 -50 85 50 -85 50 32.75438297444768 7.3770360704751603 0.24373269045281093 0.96984244885684101 4 -27 -18 27 -18 27 18 -27 18 49.484439488502986 11.15671943400524 -0.88559156503808911 -0.46446483175089576 1 -64.807338784607495 16.286838199006066
4 -2 -2 2 -2 2 2 -2 2 0.16874229492097825 9.0087880880844455 -0.89048530242398882 0.45501200661834973 4 -4.5 -3 4.5 -3 4.5 3 -4.5 3 59.850636197671299 50.212679391773769 -0.79834158853628223 0.60220487212689133 0
4 -2 -2 2 -2 2 2 -2 2 47.475908971180544 20.361786301539297 -0.63954370378716607 -0.76875474043819303 5 -9 -12 11 -9 14 6 1 15 -11 5 37.612477569148588 28.54396520114587 -0.016644203890294029 -0.99986147564393058 1 1.8336325731576291 -1.3151175996640292
4 -85 -50 85 -50 85 50 -85 50 12.044168888273759 39.750994303682553 -0.35415833526426665 -0.93518547548753306 4 -27 -18 27 -18 27 18 -27 18 30.908810254432982 6.0507981508691504 -0.086819750425493697 -0.99622403651791847 1 -42.15822134367118 15.965480517106363
5 -9 -12 11 -9 14 6 1 15 -11 5 58.278644393064241 30.470640563157104 0.58317932330185063 0.81234344760895039 4 -2 -2 2 -2 2 2 -2 2 39.931550919579244 53.353546694473806 -0.25718215551257262 -0.96636294366345965 0
4 -16 -0.5 16 -0.5 16 0.5 -16 0.5 45.878922749136976 5.2687042953275576 -0.91306851399335132 -0.40780619018594266 3 -10 -8 12 -6 0 14 55.911111532210192 8.4260607082671246 -0.99113479934235937 0.13286011264702846 1 -4.3645320313455169 9.7720850542263396
4 -2.5 -1 2.5 -1 2.5 1 -2.5 1 22.43832968581367 48.852236683190633 -0.38934943407708572 -0.92109012489758735 3 -10 -8 12 -6 0 14 49.43519986334325 7.1862773014637131 -0.244108112730935 0.9697480236117737 0
3 -10 -8 12 -6 0 14 13.241161604217289 32.764782079852729 -0.010939735672958641 -0.99994015930124824 4 -2 -2 2 -2 2 2 -2 2 42.457479157862423 35.603578011477566 0.32492372191023972 0.94574022592887375 0
4 -85 -50 85 -50 85 50 -85 50 24.320617183005634 58.304018118411712 0.77135574365332882 -0.63640420860725 4 -85 -50 85 -50 85 50 -85 50 30.178617758458962 27.617616546564953 0.68686995764803871 -0.72678033908505091 1 57.385215760430192 69.553933143315632
3 -10 -8 12 -6 0 14 3.5015118651684718 7.2649305320233815 0.52425927645742809 0.85155869501070447 5 -9 -12 11 -9 14 6 1 15 -11 5 2.6239136272821262 45.442962019699053 0.42737449643344344 0.90407468706864069 0
4 -2.5 -1 2.5 -1 2.5 1 -2.5 1 41.883018092520224 39.113052920928247 0.63967585331701238 -0.76864478316264662 4 -16 -0.5 16 -0.5 16 0.5 -16 0.5 51.521909083830124 18.725072801499611 0.43830498556487241 0.89882631227004972 0
3 -10 -8 12 -6 0 14 27.927917588461781 34.490923956346265 -0.37051625671054961 0.92882598128670046 4 -2 -2 2 -2 2 2 -2 2 31.431822115819404 6.3523654520839212 -0.40454100987455954 0.91451985835719907 0
3 -10 -8 12 -6 0 14 59.052610085413633 49.620424275426018 0.98811236680083392 0.15373337495564909 4 -11 -7 11 -7 11 7 -11 7 54.641179441258139 18.956812150251601 0.99501005537712961 0.09977469467957073 0
4 -2 -2 2 -2 2 2 -2 2 46.836560827818857 47.445579582218009 -0.55058640075096754 0.83477818329667375 4 -16 -0.5 16 -0.5 16 0.5 -16 0.5 41.713338386616229 50.416274774013893 0.31446843992316309 -0.94926792861251341 0
3 -10 -8 12 -6 0 14 41.936756537408442 48.931056371760882 0.10381506670221327 -0.99459661769262764 4 -85 -50 85 -50 85 50 -85 50 28.590602840165122 31.814388902594374 -0.11060287037609866 0.9938646814655242 1 42.511686242026052 4.7309403489043165
3 -10 -8 12 -6 0 14 6.3082909163765404 20.695398319614672 -0.97688289347758617 -0.21377514455815264 4 -11 -7 11 -7 11 7 -11 7 47.945000334391096 5.0792443838838359 -0.97724615965380879 0.21210832949670425 0
3 -10 -8 12 -6 0 14 31.489277842859224 41.060135714523064 -0.032212697036422558 -0.99948103641321762 3 -10 -8 12 -6 0 14 38.059733819256991 46.522763405536665 0.20323801491374452 -0.97912936290049057 1 -4.9317719293514335 -9.9831009960384396
5 -9 -12 11 -9 14 6 1 15 -11 5 29.929431713369134 45.49849455400431 0.44333355391816509 0.89635671469024503 4 -2.5 -1 2.5 -1 2.5 1 -2.5 1 26.013085774875321 34.427505589642841 0.93608127117985995 0.35178381677714721 1 0.32708127069510212 0.91819935300179667
4 -2 -2 2 -2 2 2 -2 2 37.997188217930109 30.767447410156088 -0.32904022520672405 0.94431590593185943 3 -10 -8 12 -6 0 14 54.111975162690591 13.836541628668112 -0.62611837912200163 -0.77972801368530897 0
4 -85 -50 85 -50 85 50 -85 50 38.46253310620007 56.914734959013622 0.48751184217828303 0.87311637468091097 4 -11 -7 11 -7 11 7 -11 7 13.328573590212025 29.423015835820845 0.25536316914009871 -0.96684520573188204 1 47.264243232029628 -26.390386156289981
4 -2 -2 2 -2 2 2 -2 2 16.516196289596216 17.900941070221169 0.39892648412120368 0.91698291165468016 4 -27 -18 27 -18 27 18 -27 18 49.129373650213864 51.111112919554905 -0.071264327372458136 -0.99745746558144077 0
4 -27 -18 27 -18 27 18 -27 18 6.5627734585536874 36.16211055931506 0.66010725232601153 -0.75117136222476122 5 -9 -12 11 -9 14 6 1 15 -11 5 43.382482902865938 4.5465267217355265 -0.84008209048223381 0.54245928994810289 0
4 -85 -50 85 -50 85 50 -85 50 9.1439104800428517 38.599432577175449 0.77898606621151811 -0.6270412336109199 4 -85 -50 85 -50 85 50 -85 50 46.382430099288712 20.738575434859271 0.78236293733650542 -0.62282279524933515 1 -57.074448522434622 -70.904747172130584
4 -4.5 -3 4.5 -3 4.5 3 -4.5 3 40.066676889555637 20.186880732829277 0.90725878953307859 -0.42057281036102784 4 -4.5 -3 4.5 -3 4.5 3 -4.5 3 39.237167729641563 22.893262674397505 0.52002929638492823 -0.85414842439788907 1 -2.4769989483110457 -5.3433769662624648
3 -10 -8 12 -6 0 14 59.443320272589538 44.316057401825283 0.22347502464352015 -0.97470965592866576 4 -4.5 -3 4.5 -3 4.5 3 -4.5 3 41.291009928170553 14.061252536932029 -0.78161886161865168 0.62375632675105031 0
5 -9 -12 11 -9 14 6 1 15 -11 5 24.719876041544762 58.324514242431945 0.85788684639842205 -0.51383865052813038 4 -27 -18 27 -18 27 18 -27 18 59.144235368638114 31.858478505485031 0.99624390966733478 0.08659141095249176 1 -0.61174034661357457 0.55527217426336206
3 -10 -8 12 -6 0 14 48.983226939914637 44.178932662512103 0.24752553604944547 -0.96888136993309693 4 -11 -7 11 -7 11 7 -11 7 7.7512081792920773 30.448454419927057 0.73068878457802566 -0.68271070014456903 0
3 -10 -8 12 -6 0 14 10.113786475273226 35.644617456946108 -0.98684846018904626 0.16164812594802436 4 -16 -0.5 16 -0.5 16 0.5 -16 0.5 24.172674618025326 20.50743510812022 0.46293276791529081 -0.8863933959536745 0
3 -10 -8 12 -6 0 14 3.0188237701474763 19.737496626876393 0.96589800243476553 0.25892286282313826 5 -9 -12 11 -9 14 6 1 15 -11 5 24.944316909454656 52.443759225468156 -0.45535268579059723 0.89031114310857062 0
4 -2 -2 2 -2 2 2 -2 2 54.370431426139156 21.551101500196992 0.99363203285222013 -0.11267379149546941 3 -10 -8 12 -6 0 14 41.386018638126373 37.465163456133183 -0.9722965820399101 0.23375062899061569 0
4 -85 -50 85 -50 85 50 -85 50 36.191705949261198 59.389151382501623 0.15259073058623857 -0.98828946616826685 3 -10 -8 12 -6 0 14 51.112378938185351 34.956785842489303 0.47334143605928541 0.88087904102057812 1 -49.57152439163594 -7.6537850317483747
4 -2 -2 2 -2 2 2 -2 2 3.1434577852974566 21.347789037905933 -0.94894465212719958 -0.31544262108850807 4 -85 -50 85 -50 85 50 -85 50 59.27405233972582 37.740303487498089 -0.96689242974861345 0.2551843045620607 1 -5.7658709000318433 -21.846864499429987
3 -10 -8 12 -6 0 14 34.811559230227985 28.020676848167913 0.93068728058494765 -0.36581578117598335 4 -16 -0.5 16 -0.5 16 0.5 -16 0.5 37.465162069561167 38.17008327694473 0.054819668870100473 -0.99849627135256369 1 -5.1087501827580102 -0.85545795508011291
3 -10 -8 12 -6 0 14 23.549589482323505 38.769585714013701 0.26277331100982515 -0.96485759934869852 4 -27 -18 27 -18 27 18 -27 18 29.116361866525235 23.672080108367297 0.21894839036386488 -0.9757364410316306 1 -5.1033814989754793 22.743055076868131
4 -16 -0.5 16 -0.5 16 0.5 -16 0.5 1.1317969144504048 32.054412286470935 -0.294816475746844 0.95555389467481666 4 -85 -50 85 -50 85 50 -85 50 36.470132889022736 31.751300533908747 0.071062077117311939 0.99747189494029009 1 -20.934096204487343 1.4913907513690472
4 -2.5 -1 2.5 -1 2.5 1 -2.5 1 15.792260991562127 15.569169578133293 0.78752225423119859 -0.61628621523656635 3 -10 -8 12 -6 0 14 21.089547135565528 16.413467377677357 -0.86756597913067302 -0.49732210071043148 1 -2.5636032063232355 -4.584537174188779
4 -27 -18 27 -18 27 18 -27 18 56.574742907111244 29.881907936084041 -0.10277708052952378 0.99470441424466782 5 -9 -12 11 -9 14 6 1 15 -11 5 23.141995568845953 11.248690400005019 -0.9924906033430575 0.12232089876931763 0
5 -9 -12 11 -9 14 6 1 15 -11 5 26.785428362791112 31.446658552303091 -0.7400569850230021 -0.67254416874928291 4 -2.5 -1 2.5 -1 2.5 1 -2.5 1 17.533256742953178 56.018334395265114 0.48228896635887747 0.87601218765978683 0
3 -10 -8 12 -6 0 14 38.258725070223747 13.761594348969464 -0.57229927252221402 0.82004484186570226 4 -4.5 -3 4.5 -3 4.5 3 -4.5 3 27.482975950194483 0.080707392348096096 0.63050198981616157 -0.77618763249478595 0
