# pax-britannica state trace
# frames=12000 lua=Lua 5.4
# frame hash live_actors factory fighter bomber frigate laser bomb missile
1 2c6e835d63820b69 18 0 0 0 0 0 0 0
2 0313147709bbed5f 19 0 0 0 0 0 0 0
3 bec10d15a09c4ca1 20 0 0 0 0 0 0 0
4 673c68258731a846 20 0 0 0 0 0 0 0
5 bdde3126d9369ada 20 0 0 0 0 0 0 0
6 29788147800d0323 20 0 0 0 0 0 0 0
7 a6df544c960c155d 20 0 0 0 0 0 0 0
8 378be1c7bb5c7386 20 0 0 0 0 0 0 0
9 e946fc50d03ab449 20 0 0 0 0 0 0 0
10 097a86985904bafd 20 0 0 0 0 0 0 0
11 9df3dcf3e95171ba 20 0 0 0 0 0 0 0
12 ea09bc67da3fe28b 20 0 0 0 0 0 0 0
13 78cea73d7215b483 20 0 0 0 0 0 0 0
14 5f3369ec7b2a1170 20 0 0 0 0 0 0 0
15 ca43fbdb30c3a2a1 21 0 0 0 0 0 0 0
16 0126c204d99d1b6b 21 0 0 0 0 0 0 0
17 a95c1ec69f65cfbb 21 0 0 0 0 0 0 0
18 edb5014517de3207 22 0 0 0 0 0 0 0
19 cecd45d26cd1cd05 22 0 0 0 0 0 0 0
20 f531c3c47d513501 22 0 0 0 0 0 0 0
21 7b8c3215ee48328d 23 0 0 0 0 0 0 0
22 1560da260022edcb 23 0 0 0 0 0 0 0
23 991cdec8b0d6b742 24 0 0 0 0 0 0 0
24 28ae9c4bfde8c1ac 25 0 0 0 0 0 0 0
25 ed06ec2ae561ff1f 26 0 0 0 0 0 0 0
26 0ee3e5aa15534df5 26 0 0 0 0 0 0 0
27 4977833b914349dc 26 0 0 0 0 0 0 0
28 a903cf23ea5d1bf9 26 0 0 0 0 0 0 0
29 5cd61330b382b79d 26 0 0 0 0 0 0 0
30 33ac474f6afd0f12 27 0 0 0 0 0 0 0
31 93f1ee3194a691e3 27 0 0 0 0 0 0 0
32 be033ac805c5e62c 27 0 0 0 0 0 0 0
33 b96972b6dcf48988 28 0 0 0 0 0 0 0
34 8b6f870a101797a6 28 0 0 0 0 0 0 0
35 b3d8e4bbefae4a58 28 0 0 0 0 0 0 0
36 8cb87de9e9b41b42 28 0 0 0 0 0 0 0
37 291d7e0b6f0f5ea5 28 0 0 0 0 0 0 0
38 ac1cbe09db8c7cdc 28 0 0 0 0 0 0 0
39 bad643b484dde38d 28 0 0 0 0 0 0 0
40 d488185f7119d176 29 0 0 0 0 0 0 0
41 1d825c520997264c 29 0 0 0 0 0 0 0
42 c075a8c1c177ba69 29 0 0 0 0 0 0 0
43 88bb9f2cd413f1df 29 0 0 0 0 0 0 0
44 e25613f70f3fd36a 29 0 0 0 0 0 0 0
45 aa450c1a6004440d 30 0 0 0 0 0 0 0
46 a1483d3488a28d2d 30 0 0 0 0 0 0 0
47 d5014372bced0607 31 0 0 0 0 0 0 0
48 ebc534b0a9c7c6d4 31 0 0 0 0 0 0 0
49 6a0f1fc1780e46b4 31 0 0 0 0 0 0 0
50 109afeaaeda7c2e3 32 0 0 0 0 0 0 0
51 75878defe0cbc482 32 0 0 0 0 0 0 0
52 4e1b952b9994d1f5 32 0 0 0 0 0 0 0
53 2cad5c3ecd8a3ced 32 0 0 0 0 0 0 0
54 8f974a6840796935 32 0 0 0 0 0 0 0
55 a5b0ff88c65fb276 32 0 0 0 0 0 0 0
56 6df1cac05057969e 32 0 0 0 0 0 0 0
57 30b7fb79f555b6df 32 0 0 0 0 0 0 0
58 41546b1b94f21f6f 32 0 0 0 0 0 0 0
59 2d7b4b6871531809 32 0 0 0 0 0 0 0
60 6d0950f3da224833 32 0 0 0 0 0 0 0
61 bce6b05a4b698d5d 32 0 0 0 0 0 0 0
62 2cacf89590ab5c24 32 0 0 0 0 0 0 0
63 85f4042833fbdb1d 33 0 0 0 0 0 0 0
64 2048077c36e7a4c7 33 0 0 0 0 0 0 0
65 04aeb5dff3826a45 33 0 0 0 0 0 0 0
66 25ae4d9a722185e4 33 0 0 0 0 0 0 0
67 80798c704fd5da02 33 0 0 0 0 0 0 0
68 c8f3350bc8095355 33 0 0 0 0 0 0 0
69 18e51075f20343c8 33 0 0 0 0 0 0 0
70 e3718546a796adea 33 0 0 0 0 0 0 0
71 563a0f31a6db2eea 35 0 0 0 0 0 0 0
72 e8de50977a72a3e9 35 0 0 0 0 0 0 0
73 d6ad9ee23e18003f 35 0 0 0 0 0 0 0
74 2e7f193ea81da5f5 35 0 0 0 0 0 0 0
75 5c5d7e6cb6bf897e 35 0 0 0 0 0 0 0
76 0a7fcaf2887ea93d 35 0 0 0 0 0 0 0
77 82c1981c45e2ca30 35 0 0 0 0 0 0 0
78 6cf6b098ae5637a9 36 0 0 0 0 0 0 0
79 7c026be808b88149 36 0 0 0 0 0 0 0
80 536a8de38d89513b 36 0 0 0 0 0 0 0
81 584471b52ae23bf0 37 0 0 0 0 0 0 0
82 080709eb3a909f78 37 0 0 0 0 0 0 0
83 0fc49a7be220f940 37 0 0 0 0 0 0 0
84 304e8d069aff8cc0 37 0 0 0 0 0 0 0
85 5a7bb8a8565b8d94 37 0 0 0 0 0 0 0
86 bd0191f8e9d439ad 37 0 0 0 0 0 0 0
87 436743b2b4adfde8 37 0 0 0 0 0 0 0
88 b9b95ffc18603253 37 0 0 0 0 0 0 0
89 b93716867a6a7ee7 37 0 0 0 0 0 0 0
90 07673d91828a31ec 37 0 0 0 0 0 0 0
91 5e0b252b04acc81f 37 0 0 0 0 0 0 0
92 387f50127536f0f0 37 0 0 0 0 0 0 0
93 706e70f64a875871 37 0 0 0 0 0 0 0
94 5a60274ce69e2182 38 0 0 0 0 0 0 0
95 40167a91177bfcfa 38 0 0 0 0 0 0 0
96 4cd98215549bcfb1 38 0 0 0 0 0 0 0
97 b5fd8b9ecf2be0b2 38 0 0 0 0 0 0 0
98 f09d679fa2af1b97 38 0 0 0 0 0 0 0
99 101fbed724d11440 38 0 0 0 0 0 0 0
100 b5fb7e43577e4dff 38 0 0 0 0 0 0 0
101 aca0f19347bb67ec 38 0 0 0 0 0 0 0
102 306740df29a369a6 38 0 0 0 0 0 0 0
103 db1a745d37527528 38 0 0 0 0 0 0 0
104 d032bab82272a46f 38 0 0 0 0 0 0 0
105 10c6aae3d2ae844b 38 0 0 0 0 0 0 0
106 7a2a3fec80d0c4eb 39 0 0 0 0 0 0 0
107 25f20824310b7d5d 40 0 0 0 0 0 0 0
108 90bd1995d63a08a2 40 0 0 0 0 0 0 0
109 879fccf94a4b7351 40 0 0 0 0 0 0 0
110 93e02f261f5d2e3b 40 0 0 0 0 0 0 0
111 f7326998de225f5f 41 0 0 0 0 0 0 0
112 052564ca709c9535 41 0 0 0 0 0 0 0
113 31d660b74ef7d27a 41 0 0 0 0 0 0 0
114 c3f23c30878ddbb4 42 0 0 0 0 0 0 0
115 e77e1248ceaf66f0 42 0 0 0 0 0 0 0
116 15f2180d4f707c6f 42 0 0 0 0 0 0 0
117 acca44398ecae62b 42 0 0 0 0 0 0 0
118 156827df0a4d83c4 42 0 0 0 0 0 0 0
119 91ca835ad4f0a79c 42 0 0 0 0 0 0 0
120 5751d1a6682a89fa 42 0 0 0 0 0 0 0
121 aea097adc5c2da3a 42 0 0 0 0 0 0 0
122 8f02185451da843b 43 0 0 0 0 0 0 0
123 48efe72a49395b0e 43 0 0 0 0 0 0 0
124 eac613fd4ee34f0d 43 0 0 0 0 0 0 0
125 2ba7459f27524906 43 0 0 0 0 0 0 0
126 2e17af41f2c0b24f 43 0 0 0 0 0 0 0
127 8b90316eb3d8714c 43 0 0 0 0 0 0 0
128 0e9da02ad7efec9f 43 0 0 0 0 0 0 0
129 cd1bf6434f4adc6d 43 0 0 0 0 0 0 0
130 c3380f69fb174417 43 0 0 0 0 0 0 0
131 dd2f2e23ae9c1959 43 0 0 0 0 0 0 0
132 9d3eb9b0959789a8 44 0 0 0 0 0 0 0
133 5e94ef14dcf26eec 45 0 0 0 0 0 0 0
134 ec37f48b6f8d6df8 45 0 0 0 0 0 0 0
135 0aa670a134d8f413 45 0 0 0 0 0 0 0
136 8b452d107f017385 46 0 0 0 0 0 0 0
137 2a35aa1a5bc10fb7 46 0 0 0 0 0 0 0
138 c4a28467463eb58a 46 0 0 0 0 0 0 0
139 6c08ea940396a9bb 46 0 0 0 0 0 0 0
140 64df225305068594 47 0 0 0 0 0 0 0
141 4e417c58b354af89 47 0 0 0 0 0 0 0
142 be5a91c7a717c6a3 47 0 0 0 0 0 0 0
143 4856bc04649a0e7b 47 0 0 0 0 0 0 0
144 a555c3c6a1a0b7ed 48 0 0 0 0 0 0 0
145 351bf4d03677d793 48 0 0 0 0 0 0 0
146 80747625ecb4bb3a 48 0 0 0 0 0 0 0
147 f4be0ec97e20f520 49 0 0 0 0 0 0 0
148 cca606d305eb6ef9 49 0 0 0 0 0 0 0
149 a1e517308487b475 49 0 0 0 0 0 0 0
150 1657d0b74594c6ab 49 0 0 0 0 0 0 0
151 5686dcbb409fd89a 49 0 0 0 0 0 0 0
152 d53fb367c66c7c07 49 0 0 0 0 0 0 0
153 940c401eb635493d 49 0 0 0 0 0 0 0
154 e724069d47126b21 50 0 0 0 0 0 0 0
155 015d8316a0020766 50 0 0 0 0 0 0 0
156 506fdbddee5c891a 51 0 0 0 0 0 0 0
157 a3ebcc26fac32d06 51 0 0 0 0 0 0 0
158 1d9389c901986cf6 52 0 0 0 0 0 0 0
159 48fbeb2bfdcde136 52 0 0 0 0 0 0 0
160 cfd36993c5c3fd5f 52 0 0 0 0 0 0 0
161 0a46602a8d178212 52 0 0 0 0 0 0 0
162 596fb81d87a9b1ba 52 0 0 0 0 0 0 0
163 87ce5a17137aa94d 53 0 0 0 0 0 0 0
164 21a509ca40f894b3 53 0 0 0 0 0 0 0
165 def1264a8da34464 53 0 0 0 0 0 0 0
166 e8b1b3343132a2e1 53 0 0 0 0 0 0 0
167 e5808e9df7a2b96c 53 0 0 0 0 0 0 0
168 47da15195ddc6bb0 53 0 0 0 0 0 0 0
169 836f8e84f8f1ae5f 53 0 0 0 0 0 0 0
170 03a588da2b79d12b 53 0 0 0 0 0 0 0
171 82a4959782b81a80 54 0 0 0 0 0 0 0
172 0541ae342424b9bb 54 0 0 0 0 0 0 0
173 74a54f90a5b89d31 54 0 0 0 0 0 0 0
174 77f77744474c2f46 54 0 0 0 0 0 0 0
175 0386ddd047114437 54 0 0 0 0 0 0 0
176 0bc8e841e070bde0 54 0 0 0 0 0 0 0
177 72c406a1505c0c7c 54 0 0 0 0 0 0 0
178 a086e4725b57ef90 54 0 0 0 0 0 0 0
179 689bf7aeb6d83015 54 0 0 0 0 0 0 0
180 4fffc6dd2fe4c96a 55 0 0 0 0 0 0 0
181 f250046e9a763850 55 0 0 0 0 0 0 0
182 c37b4fd0ff0fde65 56 0 0 0 0 0 0 0
183 a0359873381d9781 56 0 0 0 0 0 0 0
184 ce65ee24a8bafdbb 56 0 0 0 0 0 0 0
185 2b125b4d18b28979 56 0 0 0 0 0 0 0
186 bb463eac32b9e713 56 0 0 0 0 0 0 0
187 2b695894e100f280 56 0 0 0 0 0 0 0
188 bdcb0a22110a6a01 56 0 0 0 0 0 0 0
189 6e228e4ec15b7f57 56 0 0 0 0 0 0 0
190 8fb21d8846783d93 56 0 0 0 0 0 0 0
191 0bde87650974e96a 56 0 0 0 0 0 0 0
192 cb6bd9141dca201e 57 0 0 0 0 0 0 0
193 f5b4b93fff41dbea 58 0 0 0 0 0 0 0
194 35345c983d408b30 58 0 0 0 0 0 0 0
195 eed5f781f97d03aa 58 0 0 0 0 0 0 0
196 6f80e7769c0be786 58 0 0 0 0 0 0 0
197 ef64274575e6da41 58 0 0 0 0 0 0 0
198 21c5847a25f666e5 59 0 0 0 0 0 0 0
199 cd290df09d18e99c 59 0 0 0 0 0 0 0
200 a2d94b3b60006d76 60 0 0 0 0 0 0 0
201 05d52c7f991dda28 60 0 0 0 0 0 0 0
202 8b1d7f04f2efe371 60 0 0 0 0 0 0 0
203 08328e6d2c65e95f 60 0 0 0 0 0 0 0
204 b5dbca6e87eb8d5d 61 0 0 0 0 0 0 0
205 b1a42776123533eb 61 0 0 0 0 0 0 0
206 0902ab8bbad52753 61 0 0 0 0 0 0 0
207 6bda61817220ae8c 61 0 0 0 0 0 0 0
208 364fb17559be6a85 61 0 0 0 0 0 0 0
209 533be707be98c843 61 0 0 0 0 0 0 0
210 0985060dec4d83a0 61 0 0 0 0 0 0 0
211 8c258af4d0234887 62 0 0 0 0 0 0 0
212 f5e62dd1bff591a2 63 0 0 0 0 0 0 0
213 5cf8f21a7ed6fa95 63 0 0 0 0 0 0 0
214 cf94531b97ba87df 63 0 0 0 0 0 0 0
215 3b8b3908dfb7e85b 63 0 0 0 0 0 0 0
216 bb4c2fe65c6a4433 63 0 0 0 0 0 0 0
217 1c43ac1abd77e9b8 63 0 0 0 0 0 0 0
218 797cbd6834ae27d3 63 0 0 0 0 0 0 0
219 a981010a4fbcb1ee 63 0 0 0 0 0 0 0
220 d2587484f74b7d62 63 0 0 0 0 0 0 0
221 fd4eef62334c53e2 63 0 0 0 0 0 0 0
222 54cb22f3a5c52eee 63 0 0 0 0 0 0 0
223 57ac58af7cd47dbf 63 0 0 0 0 0 0 0
224 a3c5c5e7a763ff75 63 0 0 0 0 0 0 0
225 883e57dae54f8257 63 0 0 0 0 0 0 0
226 a91829f180c7ed9f 63 0 0 0 0 0 0 0
227 bb30635b70cbc219 63 0 0 0 0 0 0 0
228 8c13311722cba6f3 63 0 0 0 0 0 0 0
229 88a139d0e13356e8 63 0 0 0 0 0 0 0
230 a8288b29399ae8ec 63 0 0 0 0 0 0 0
231 6978498e7ed64d2c 63 0 0 0 0 0 0 0
232 d4101f8c3e98a5b2 63 0 0 0 0 0 0 0
233 8cc3c6a8e7d3f6d0 64 0 0 0 0 0 0 0
234 aa1956062c988493 64 0 0 0 0 0 0 0
235 834abc4bc525ea9a 64 0 0 0 0 0 0 0
236 7fd3b243ce86caca 65 0 0 0 0 0 0 0
237 561a6727c830c7d3 65 0 0 0 0 0 0 0
238 f883daa127382fad 65 0 0 0 0 0 0 0
239 56de1a4a33cf0bc5 65 0 0 0 0 0 0 0
240 df79c70f02da7d58 66 0 0 0 0 0 0 0
241 59b63d22f71d0c8e 66 0 0 0 0 0 0 0
242 db4c215523b05e2a 66 0 0 0 0 0 0 0
243 8dfda0bb7e092d1a 66 0 0 0 0 0 0 0
244 53546130c5466fa8 66 0 0 0 0 0 0 0
245 ceaebdddd5dadd02 67 0 0 0 0 0 0 0
246 64e96bfcb046331e 68 0 0 0 0 0 0 0
247 91d358302d7aee7c 69 0 0 0 0 0 0 0
248 6718351cd126d735 69 0 0 0 0 0 0 0
249 0c29a865d38f32c4 69 0 0 0 0 0 0 0
250 af3e144e218b356a 69 0 0 0 0 0 0 0
251 dfe5cfce2c644a60 69 0 0 0 0 0 0 0
252 f1cb63222be4095f 69 0 0 0 0 0 0 0
253 a932eb8f69f2b8ca 69 0 0 0 0 0 0 0
254 4b5760eb3b08e118 69 0 0 0 0 0 0 0
255 afa60b29df7c3a70 70 0 0 0 0 0 0 0
256 6fb34aa978a45614 70 0 0 0 0 0 0 0
257 9a28cd5f56a5cc72 70 0 0 0 0 0 0 0
258 ebfeabc733bf4234 70 0 0 0 0 0 0 0
259 92570c3056a8cd23 70 0 0 0 0 0 0 0
260 890cf986d5f53f48 70 0 0 0 0 0 0 0
261 dd24c4195b19c46a 71 0 0 0 0 0 0 0
262 1b011fb48cc32582 71 0 0 0 0 0 0 0
263 e770f5858603778e 71 0 0 0 0 0 0 0
264 66f8c1f6e6be6a31 71 0 0 0 0 0 0 0
265 1fe1cf913cd7a52a 71 0 0 0 0 0 0 0
266 9f4ef9e3e968af4f 71 0 0 0 0 0 0 0
267 1e3ae33b56d5d3ac 71 0 0 0 0 0 0 0
268 9fb762ad5c1987f0 71 0 0 0 0 0 0 0
269 c1c8ce4828af0bd6 71 0 0 0 0 0 0 0
270 4be65305f6e5e35a 72 0 0 0 0 0 0 0
271 78c92042a883cd17 72 0 0 0 0 0 0 0
272 8a63b0e311979604 72 0 0 0 0 0 0 0
273 3c7175fc1fdf7565 72 0 0 0 0 0 0 0
274 8ebeb48f2b2217b1 72 0 0 0 0 0 0 0
275 6c98cdde27bfa9e3 72 0 0 0 0 0 0 0
276 2afccfa114e59942 72 0 0 0 0 0 0 0
277 8c4ea7394f287a03 73 0 0 0 0 0 0 0
278 f7c84494e17df193 73 0 0 0 0 0 0 0
279 91149303dd80c3ae 74 0 0 0 0 0 0 0
280 1d921b1bd5427c04 75 0 0 0 0 0 0 0
281 743ec8a2658d392c 75 0 0 0 0 0 0 0
282 9ea1ebc89f9356ae 75 0 0 0 0 0 0 0
283 7ae36c6cd1009377 75 0 0 0 0 0 0 0
284 ebba42c119c02aa0 75 0 0 0 0 0 0 0
285 8b9b1057396a57ac 75 0 0 0 0 0 0 0
286 e18c65621bea6c2d 75 0 0 0 0 0 0 0
287 5827cf66b8c301df 75 0 0 0 0 0 0 0
288 41cbd2bce9bcd47a 75 0 0 0 0 0 0 0
289 8ec4044757453ae0 75 0 0 0 0 0 0 0
290 81ba75b76cf9b4a3 75 0 0 0 0 0 0 0
291 7e489a18da515669 75 0 0 0 0 0 0 0
292 30e1364912172a97 75 0 0 0 0 0 0 0
293 75ef8e7d7eaf5120 75 0 0 0 0 0 0 0
294 ccb21f0079e219b3 76 0 0 0 0 0 0 0
295 fd9e9835f3d8671b 76 0 0 0 0 0 0 0
296 b67f96f5bfbe9482 78 0 0 0 0 0 0 0
297 5ddea488ef3e51d4 78 0 0 0 0 0 0 0
298 d58657d169b022ef 78 0 0 0 0 0 0 0
299 90bb9c97d297060a 78 0 0 0 0 0 0 0
300 c68440af13901a84 79 0 0 0 0 0 0 0
301 14a1a057dd88e9cf 80 0 0 0 0 0 0 0
302 f77f40df66711557 80 0 0 0 0 0 0 0
303 4abdb378d96b84d3 80 0 0 0 0 0 0 0
304 73ea0b3198f074e3 80 0 0 0 0 0 0 0
305 0d453afcd4861995 80 0 0 0 0 0 0 0
306 4675d3e087cb4bef 81 0 0 0 0 0 0 0
307 51c5dde037f11c54 81 0 0 0 0 0 0 0
308 76a92a99b895ba9f 82 0 0 0 0 0 0 0
309 04859b1ac9aeb5f7 82 0 0 0 0 0 0 0
310 03113037225058ce 82 0 0 0 0 0 0 0
311 e3032d139053d869 82 0 0 0 0 0 0 0
312 b5fa65c30d50e7a8 82 0 0 0 0 0 0 0
313 b933f8722926bfb6 82 0 0 0 0 0 0 0
314 46c11d72d5106f60 82 0 0 0 0 0 0 0
315 d2083bd08d4d932e 82 0 0 0 0 0 0 0
316 2bdbb6d055c592e1 83 0 0 0 0 0 0 0
317 a6e9652f61eec97d 83 0 0 0 0 0 0 0
318 b5fafae2b284918d 83 0 0 0 0 0 0 0
319 608d82ec7f27b03d 83 0 0 0 0 0 0 0
320 f8a3e454b0998cc4 83 0 0 0 0 0 0 0
321 983316b8268a4699 83 0 0 0 0 0 0 0
322 fa733a19b349cf1d 83 0 0 0 0 0 0 0
323 81d9977b5c34a952 83 0 0 0 0 0 0 0
324 cadf5bdd2e65639e 83 0 0 0 0 0 0 0
325 d6ed9c7785bb652f 83 0 0 0 0 0 0 0
326 af4b438b42fe6983 83 0 0 0 0 0 0 0
327 2135777c9b19a413 83 0 0 0 0 0 0 0
328 babc5959535651fd 83 0 0 0 0 0 0 0
329 7fb6dcc49538558e 84 0 0 0 0 0 0 0
330 df7501ffeadd77da 85 0 0 0 0 0 0 0
331 c4a0d6b342f6c735 85 0 0 0 0 0 0 0
332 28be712e73483cf1 86 0 0 0 0 0 0 0
333 10c1e77ce6a70bc1 86 0 0 0 0 0 0 0
334 57d45056c45587e8 86 0 0 0 0 0 0 0
335 12a91cfe70cacd69 86 0 0 0 0 0 0 0
336 1bad1ec28a7b6281 86 0 0 0 0 0 0 0
337 684af92d700e1f92 86 0 0 0 0 0 0 0
338 df5347581ca1a38d 86 0 0 0 0 0 0 0
339 6f7abf5cdfceb288 86 0 0 0 0 0 0 0
340 4823228e9be01245 86 0 0 0 0 0 0 0
341 a946645546e5821a 86 0 0 0 0 0 0 0
342 2bbe957d8e59edad 86 0 0 0 0 0 0 0
343 df4f2687ebaaf506 86 0 0 0 0 0 0 0
344 fb1d56670328adcc 86 0 0 0 0 0 0 0
345 7afa8a01cc7fb6e1 86 0 0 0 0 0 0 0
346 c9606ab14e0bd4ec 86 0 0 0 0 0 0 0
347 d16257d75759432f 86 0 0 0 0 0 0 0
348 dbd593580fbb7b2f 87 0 0 0 0 0 0 0
349 47197879d519049b 87 0 0 0 0 0 0 0
350 7b01cde5eb0218ed 87 0 0 0 0 0 0 0
351 cb70f376b899572e 87 0 0 0 0 0 0 0
352 61cfdb743fc35ff2 88 0 0 0 0 0 0 0
353 a027e09df623a859 88 0 0 0 0 0 0 0
354 85ffedd936bb014c 88 0 0 0 0 0 0 0
355 3c479d132bca1760 89 0 0 0 0 0 0 0
356 c3b3aaf90b27b1d1 89 0 0 0 0 0 0 0
357 21b922e0640d4f2e 90 0 0 0 0 0 0 0
358 91f264def9fa63c7 90 0 0 0 0 0 0 0
359 2da65614fff3902e 90 0 0 0 0 0 0 0
360 9cac5f58985363f3 90 0 0 0 0 0 0 0
361 122014927961ca44 90 0 0 0 0 0 0 0
362 3e1f16f699a70902 91 0 0 0 0 0 0 0
363 c47a88b004bf2710 91 0 0 0 0 0 0 0
364 bbd04d7d9f2d6651 90 4 0 0 0 0 0 0
365 d42498a84253b654 90 4 0 0 0 0 0 0
366 5eb906388adcf8e2 90 4 0 0 0 0 0 0
367 d4cbeeec5bcff2c8 90 4 0 0 0 0 0 0
368 5563a949368b603b 91 4 0 0 0 0 0 0
369 515d66d87482670a 91 4 0 0 0 0 0 0
370 f9c3ae904a62d76c 91 4 0 0 0 0 0 0
371 26ec251a78caf38f 91 4 0 0 0 0 0 0
372 2fcdbc127c87f96e 91 4 0 0 0 0 0 0
373 fb3f29c6b18c17a6 91 4 0 0 0 0 0 0
374 6269e574ace3a5a5 92 4 0 0 0 0 0 0
375 f7c087db5f4405db 92 4 0 0 0 0 0 0
376 37b355707de841ba 93 4 0 0 0 0 0 0
377 dfdee420dbfa8d6e 93 4 0 0 0 0 0 0
378 2328687d2f02a598 93 4 0 0 0 0 0 0
379 fc02f3c399d03aca 93 4 0 0 0 0 0 0
380 d61b26e00be55951 93 4 0 0 0 0 0 0
381 f8dd3601a1faf516 93 4 0 0 0 0 0 0
382 14282a7aae6c5024 93 4 0 0 0 0 0 0
383 eff619d568c244db 94 4 0 0 0 0 0 0
384 a02b4c639820d2bf 94 4 0 0 0 0 0 0
385 888d1bc21c5a941e 94 4 0 0 0 0 0 0
386 443b97957aa0350c 94 4 0 0 0 0 0 0
387 14860aa6f30c61e7 94 4 0 0 0 0 0 0
388 ab7cddee6a0704f8 94 4 0 0 0 0 0 0
389 bf992007d60b1ef4 94 4 0 0 0 0 0 0
390 79601c3c7e259cdb 94 4 0 0 0 0 0 0
391 99f0f93ac8b17299 94 4 0 0 0 0 0 0
392 27b2ebb30bbbfe35 94 4 0 0 0 0 0 0
393 d118e8beda7863ea 94 4 0 0 0 0 0 0
394 54afd2c0b0f46875 94 4 0 0 0 0 0 0
395 4b035cf8659ac997 94 4 0 0 0 0 0 0
396 2621fa331177f05e 94 4 0 0 0 0 0 0
397 af880df4562beaa9 94 4 0 0 0 0 0 0
398 874595dc71ece127 94 4 0 0 0 0 0 0
399 f1b33c0f91cd604a 94 4 0 0 0 0 0 0
400 8afd78e1845b450d 94 4 0 0 0 0 0 0
401 d4a52ebddaf018c5 94 4 0 0 0 0 0 0
402 ec4ce27717753aea 94 4 0 0 0 0 0 0
403 e68bd9cdf68943e4 95 4 0 0 0 0 0 0
404 376cbfde3c8ffd06 95 4 0 0 0 0 0 0
405 2daa0ccc4de95041 95 4 0 0 0 0 0 0
406 d10c80993e835a17 95 4 0 0 0 0 0 0
407 ec483a51209bd56a 95 4 0 0 0 0 0 0
408 30b9ab87b1699886 95 4 0 0 0 0 0 0
409 55be18ec1c3bd221 95 4 0 0 0 0 0 0
410 c23fa9bead730b5a 95 4 0 0 0 0 0 0
411 cdee95f201ba9b45 95 4 0 0 0 0 0 0
412 4e6d516484e7f78d 96 4 0 0 0 0 0 0
413 74b48a3e085ea331 96 4 0 0 0 0 0 0
414 41ab7f793a92ade6 96 4 0 0 0 0 0 0
415 a3ba71b9064e85b8 97 4 0 0 0 0 0 0
416 9f3fffcdd2220ea5 97 4 0 0 0 0 0 0
417 1c8a13345558bd86 97 4 0 0 0 0 0 0
418 cebad15a677560a9 98 4 0 0 0 0 0 0
419 e5169ae7d1cc1573 98 4 0 0 0 0 0 0
420 f186f9f737b376b4 98 4 0 0 0 0 0 0
421 8b373c8936b2f8ff 98 4 0 0 0 0 0 0
422 1aea88681db88bd6 98 4 0 0 0 0 0 0
423 4acfd7f44ef51b4e 98 4 0 0 0 0 0 0
424 7c5cf5e9e76efbc1 97 4 0 0 0 0 0 0
425 a298e0daa25c33c4 97 4 0 0 0 0 0 0
426 7d481703c4ba6fda 97 4 0 0 0 0 0 0
427 24128e1144fc06f7 97 4 0 0 0 0 0 0
428 a601411b5aff010d 97 4 0 0 0 0 0 0
429 daf700303de577a3 97 4 0 0 0 0 0 0
430 14a102bb05e2749f 97 4 0 0 0 0 0 0
431 af75a51da116e8fe 97 4 0 0 0 0 0 0
432 7a0616bd3092afbc 97 4 0 0 0 0 0 0
433 9037b1a9ad2022c3 98 4 0 0 0 0 0 0
434 9380f8f28637a07b 98 4 0 0 0 0 0 0
435 4d94f8db37da80e7 98 4 0 0 0 0 0 0
436 d8df6981d24f013c 98 4 0 0 0 0 0 0
437 5f8a4d91c505f962 99 4 0 0 0 0 0 0
438 e7397bcaa6272007 99 4 0 0 0 0 0 0
439 ba8ef0327ba42d5a 99 4 0 0 0 0 0 0
440 d1dc41b19861366e 99 4 0 0 0 0 0 0
441 86bf1aa0bb839993 99 4 0 0 0 0 0 0
442 32a1110dbddd29ce 99 4 0 0 0 0 0 0
443 bdec922b31a39bbb 99 4 0 0 0 0 0 0
444 7d50a0f664baf0e2 99 4 0 0 0 0 0 0
445 25d54a6e288befb8 99 4 0 0 0 0 0 0
446 1aa786c03965ca8d 99 4 0 0 0 0 0 0
447 5d90c981abf4b05b 100 4 0 0 0 0 0 0
448 49363d8b4e439a2f 100 4 0 0 0 0 0 0
449 def9cc786fe7ef63 100 4 0 0 0 0 0 0
450 0311ef7d9b9b7c38 100 4 0 0 0 0 0 0
451 6631538e0643d7bd 102 4 1 0 0 0 0 0
452 85b858475614de41 102 4 1 0 0 0 0 0
453 d8449887df6da94f 103 4 1 0 0 0 0 0
454 d5fbca7649f152ee 104 4 1 0 0 0 0 0
455 b473149debcf2e17 104 4 1 0 0 0 0 0
456 b1279dbe8c38bb25 104 4 1 0 0 0 0 0
457 ef219e76b0688fe8 104 4 1 0 0 0 0 0
458 5f9fc518c96cee1d 104 4 1 0 0 0 0 0
459 b32975984ab3575e 104 4 1 0 0 0 0 0
460 173a518654bc847b 104 4 1 0 0 0 0 0
461 7a24e7e7e1d99672 105 4 1 0 0 0 0 0
462 4733fcb6a2b2b6d2 105 4 1 0 0 0 0 0
463 4dffd2d6af5eabb0 106 4 1 0 0 0 0 0
464 7c2e844ad69d3daf 106 4 1 0 0 0 0 0
465 cccc965d521f31c9 106 4 1 0 0 0 0 0
466 888192a771655658 106 4 1 0 0 0 0 0
467 37fc839f96b28903 106 4 1 0 0 0 0 0
468 6f3615425736ac37 106 4 1 0 0 0 0 0
469 38a46af1df70505a 106 4 1 0 0 0 0 0
470 dc85a18f0045934b 106 4 1 0 0 0 0 0
471 df55322a1b5216ec 107 4 1 0 0 0 0 0
472 19325b0912d5338d 107 4 1 0 0 0 0 0
473 c90e5d3334e4677d 108 4 1 0 0 0 0 0
474 6c589f21994909f9 108 4 1 0 0 0 0 0
475 15a0a12b768521f6 108 4 1 0 0 0 0 0
476 d7f8cf3dca89b8bc 108 4 1 0 0 0 0 0
477 bc576437e139823e 109 4 1 0 0 0 0 0
478 fae6ac484e8b06fc 110 4 1 0 0 0 0 0
479 26993339e1aa0a51 110 4 1 0 0 0 0 0
480 fa47ffa90562c8ae 110 4 1 0 0 0 0 0
481 18e9069ef778aa42 110 4 1 0 0 0 0 0
482 fae00739445e82cb 110 4 1 0 0 0 0 0
483 7e9aadf43667cbdd 110 4 1 0 0 0 0 0
484 f673ccbdaa8b49b9 111 4 1 0 0 0 0 0
485 a639827af20c77ad 111 4 1 0 0 0 0 0
486 e05300b4a97e1cbe 112 4 1 0 0 0 0 0
487 78e22b7ec6c2b511 112 4 1 0 0 0 0 0
488 2b513775e19624fa 112 4 1 0 0 0 0 0
489 86d773d8aa53056d 112 4 1 0 0 0 0 0
490 5501e1b38e808047 113 4 1 0 0 0 0 0
491 8657389b10a26014 113 4 1 0 0 0 0 0
492 693ad0afa204644b 113 4 1 0 0 0 0 0
493 7180dead104aaac2 114 4 1 0 0 0 0 0
494 147bce0ea7656466 114 4 1 0 0 0 0 0
495 1dd6e66d8b0b91d2 113 4 1 0 0 0 0 0
496 bfd23eda85974cb5 113 4 1 0 0 0 0 0
497 68702837c116cda6 113 4 1 0 0 0 0 0
498 5fc42df16f21a8cb 113 4 1 0 0 0 0 0
499 9ae16c6fb92c6e30 113 4 1 0 0 0 0 0
500 61b40f2c3cc14be4 114 4 1 0 0 0 0 0
501 c88f56163f6e4a0c 113 4 1 0 0 0 0 0
502 adaf77ffd1ca1eaf 113 4 1 0 0 0 0 0
503 562b35f361eef6c4 112 4 1 0 0 0 0 0
504 1f0aa97875a14dbe 111 4 1 0 0 0 0 0
505 2047816a882777f7 111 4 1 0 0 0 0 0
506 bd0a4346484bf8d5 111 4 1 0 0 0 0 0
507 63843ec550b49340 111 4 1 0 0 0 0 0
508 24891816a93c620c 111 4 1 0 0 0 0 0
509 01b4fc7787c9f4c0 111 4 1 0 0 0 0 0
510 99c534e847a8055a 111 4 1 0 0 0 0 0
511 26a66f04d589e696 111 4 1 0 0 0 0 0
512 b0da956997c29b6e 111 4 1 0 0 0 0 0
513 983801c7b43a5873 110 4 1 0 0 0 0 0
514 8afa384d5770e619 110 4 1 0 0 0 0 0
515 035423ee69b93d1c 110 4 1 0 0 0 0 0
516 1881a06f16dcc1c3 111 4 1 0 0 0 0 0
517 6c1ffd6ed25d0442 112 4 1 0 0 0 0 0
518 204729a50ec92ac6 112 4 1 0 0 0 0 0
519 9e5e1e5b268c0dc8 112 4 1 0 0 0 0 0
520 811ad81d3c6a5952 112 4 1 0 0 0 0 0
521 4517106583b5360e 112 4 1 0 0 0 0 0
522 44ccd0a3f31f42fc 112 4 1 0 0 0 0 0
523 ae250aa29117a39a 112 4 1 0 0 0 0 0
524 8e8c6d8c0c966b00 112 4 1 0 0 0 0 0
525 b1fedd89c3bf78f4 112 4 1 0 0 0 0 0
526 147faf232bd71e5b 112 4 1 0 0 0 0 0
527 f301f761a59ddaf4 111 4 1 0 0 0 0 0
528 4310af8341976d16 111 4 1 0 0 0 0 0
529 a9342ece451932af 111 4 1 0 0 0 0 0
530 92ce3a097448addb 110 4 1 0 0 0 0 0
531 a1ed2144833843f8 110 4 1 0 0 0 0 0
532 9bb63c9200c9fbc5 110 4 1 0 0 0 0 0
533 3e9f66576f911db0 110 4 1 0 0 0 0 0
534 4759fde25c90e999 110 4 1 0 0 0 0 0
535 4238312e32c62dfe 111 4 1 0 0 0 0 0
536 cfa1031c0ef0c6fe 111 4 1 0 0 0 0 0
537 eb24b28da90db629 111 4 1 0 0 0 0 0
538 ab6f662036f6a00d 111 4 1 0 0 0 0 0
539 12445a891a18a2a5 111 4 1 0 0 0 0 0
540 24f652a38e16e1d1 111 4 1 0 0 0 0 0
541 e287601822553979 110 4 1 0 0 0 0 0
542 f08cb5b20e2f5739 111 4 1 0 0 0 0 0
543 98efcd3e238c1c43 111 4 1 0 0 0 0 0
544 d9b468f7e828d27f 111 4 1 0 0 0 0 0
545 b0f47ea0886b9ca9 112 4 1 0 0 0 0 0
546 1c2e31a06526f69d 112 4 1 0 0 0 0 0
547 5960ebb50fc5bfaa 112 4 1 0 0 0 0 0
548 b3f4b6709c0f633f 113 4 1 0 0 1 0 0
549 30fb0ab14b1c45d1 113 4 1 0 0 1 0 0
550 fb7172629e30013c 113 4 1 0 0 1 0 0
551 4db3dbf220fa60c4 111 4 1 0 0 0 0 0
552 67ed07db16c6ab75 111 4 1 0 0 0 0 0
553 998e8691d9c46dc7 111 4 1 0 0 0 0 0
554 ce70d9afa59bad95 112 4 1 0 0 1 0 0
555 c9afc6fb4dcae057 113 4 1 0 0 1 0 0
556 4203f8ce14c3b87b 113 4 1 0 0 1 0 0
557 b453874c15b224cc 112 4 1 0 0 0 0 0
558 91a1177a3aa4680f 112 4 1 0 0 0 0 0
559 435397e0749925b1 112 4 1 0 0 0 0 0
560 b0c578aaacebf06a 113 4 1 0 0 1 0 0
561 5ff6840448df7889 112 4 1 0 0 1 0 0
562 2cb85f468730b496 111 4 1 0 0 0 0 0
563 8fecf5bb84872a56 112 4 1 0 0 0 0 0
564 be35caf2b306a2bb 112 4 1 0 0 0 0 0
565 dd5255b75371b232 112 4 1 0 0 0 0 0
566 a3d0c08df381c821 113 4 1 0 0 1 0 0
567 6c759497e6a0bb27 112 4 1 0 0 0 0 0
568 fece10078fe962b9 112 4 1 0 0 0 0 0
569 9f34cf5d398f7a4f 112 4 1 0 0 0 0 0
570 1fde0675f3b8358e 113 4 1 0 0 0 0 0
571 30347aabd7c9ce12 114 4 2 0 0 0 0 0
572 cb10e6cc394fb95e 114 4 2 0 0 0 0 0
573 4ce96e6aa6056fb9 114 4 2 0 0 0 0 0
574 96445f2c034ab163 114 4 2 0 0 0 0 0
575 55d070b883a919ad 114 4 2 0 0 0 0 0
576 f903afab74bf913e 114 4 2 0 0 0 0 0
577 a3cf35cf3e6dc419 114 4 2 0 0 0 0 0
578 e20e38f17631b837 114 4 2 0 0 0 0 0
579 ba2ea2f0d1447175 115 4 2 0 0 0 0 0
580 765a2e9155e2a3a6 115 4 2 0 0 0 0 0
581 769dbcce0f157d7c 116 4 2 0 0 0 0 0
582 2b6e881b3945b03a 116 4 2 0 0 0 0 0
583 2c1fd39fb5dae040 116 4 2 0 0 0 0 0
584 e26c19d0839179e7 116 4 2 0 0 0 0 0
585 d4182b21ac25381d 116 4 2 0 0 0 0 0
586 574bb8ebabb339ad 116 4 2 0 0 0 0 0
587 71e0cabe35ad1f07 115 4 2 0 0 0 0 0
588 d051912ca2e9f5cb 115 4 2 0 0 0 0 0
589 88a049498fc13d3b 115 4 2 0 0 0 0 0
590 13dce18ea32671fb 115 4 2 0 0 0 0 0
591 e6128ee6d488c71a 114 4 2 0 0 0 0 0
592 1755af627048ab47 114 4 2 0 0 0 0 0
593 0686dc744a06f2e6 114 4 2 0 0 0 0 0
594 894222790f0da856 113 4 2 0 0 0 0 0
595 6605ea445e49cc6d 113 4 2 0 0 0 0 0
596 7f1e99aa5b0c001f 113 4 2 0 0 0 0 0
597 ed67d39ff0d4ed8c 114 4 2 0 0 0 0 0
598 acde4010fdc5c657 115 4 2 0 0 0 0 0
599 d6e38c6a1056d2f2 116 4 2 0 0 0 0 0
600 968eaadcd8a5f414 116 4 2 0 0 0 0 0
601 00ad710361ee2e75 116 4 2 0 0 0 0 0
602 6490160117755939 115 4 2 0 0 0 0 0
603 4c2d8fd590ef66d0 115 4 2 0 0 0 0 0
604 6655d6d514c872d6 116 4 2 0 0 0 0 0
605 645ea7b2bcd66eb4 116 4 2 0 0 0 0 0
606 9c24161cd4ba5774 117 4 2 0 0 0 0 0
607 d77855b6b9ed233c 118 4 2 0 0 0 0 0
608 bf8ffd057034e491 118 4 2 0 0 0 0 0
609 c769080c9f2f28e0 119 4 2 0 0 0 0 0
610 1b1d9a91bbe311c0 119 4 2 0 0 0 0 0
611 57023e7e024f2605 120 4 2 0 0 0 0 0
612 6c6db008fd561fbf 120 4 2 0 0 0 0 0
613 b0e45bc72ad8118b 119 4 2 0 0 0 0 0
614 8aed64232c5768b2 119 4 2 0 0 0 0 0
615 b976686672211311 119 4 2 0 0 0 0 0
616 7193c8e1f8e0f2b9 119 4 2 0 0 0 0 0
617 8bf7008f4583a1d9 118 4 2 0 0 0 0 0
618 badfc55bd8d96e14 118 4 2 0 0 0 0 0
619 8d74bc7f2ebf2b26 118 4 2 0 0 0 0 0
620 3d3e5f4abfdfb23b 117 4 2 0 0 0 0 0
621 37c4a0253be0ae99 117 4 2 0 0 0 0 0
622 f700d5fd91220fb0 117 4 2 0 0 0 0 0
623 a9c7b839665272b5 117 4 2 0 0 0 0 0
624 f519db755bafcb7b 116 4 2 0 0 0 0 0
625 cbbac633a98207a3 116 4 2 0 0 0 0 0
626 5660a32fc838438f 116 4 2 0 0 0 0 0
627 9a38c413b522e21a 116 4 2 0 0 0 0 0
628 8ce4e72d667cc626 116 4 2 0 0 0 0 0
629 e864e6a4b3bd7660 115 4 2 0 0 0 0 0
630 ffcb9979fb68290e 115 4 2 0 0 0 0 0
631 9bfc3f4e98fab98f 115 4 2 0 0 0 0 0
632 3fe8d1af6b17f7dc 116 4 2 0 0 0 0 0
633 31bf1128c2f2ca07 117 4 2 0 0 0 0 0
634 23d54c9e99918731 116 4 2 0 0 0 0 0
635 c6df81de0d408f69 116 4 2 0 0 0 0 0
636 09575e6429d10329 116 4 2 0 0 0 0 0
637 63c9c55dd8765654 117 4 2 0 0 0 0 0
638 07ddf038b521852a 116 4 2 0 0 0 0 0
639 3cfbdcdf2af5e67c 116 4 2 0 0 0 0 0
640 2cc42d1c07a4c19d 117 4 2 0 0 0 0 0
641 ba19fd92a338e5a4 118 4 2 0 0 0 0 0
642 54d5a382650de60d 118 4 2 0 0 0 0 0
643 475ae57ed9e26b69 117 4 2 0 0 0 0 0
644 83f06d009389a373 117 4 2 0 0 0 0 0
645 dd42ffc22992832b 117 4 2 0 0 0 0 0
646 e7717be6d0a6fbd1 117 4 2 0 0 0 0 0
647 362f5320c6531a3c 117 4 2 0 0 0 0 0
648 953d498bfa500a6c 118 4 2 0 0 0 0 0
649 ed3545c48aad9ee1 118 4 2 0 0 0 0 0
650 12628c5bb27f49a1 118 4 2 0 0 0 0 0
651 91081806f6a231af 118 4 2 0 0 0 0 0
652 8377471b3a166fde 118 4 2 0 0 0 0 0
653 16f1da768ef6cb99 119 4 2 0 0 0 0 0
654 8374cd82e35fff96 119 4 2 0 0 0 0 0
655 23550f7a2d14dc46 119 4 2 0 0 0 0 0
656 3c4a39fd25884f72 120 4 2 0 0 0 0 0
657 7fa87a86c2b599ad 120 4 2 0 0 0 0 0
658 d069c3ee36e8e76a 120 4 2 0 0 0 0 0
659 43ab0ed3fdc80815 120 4 2 0 0 0 0 0
660 7f4a35a198880717 119 4 2 0 0 0 0 0
661 20398744c07ee7a1 119 4 2 0 0 0 0 0
662 b80486d93fe41b74 117 4 2 0 0 0 0 0
663 6fb87178196de770 117 4 2 0 0 0 0 0
664 52a3b102e17e9558 117 4 2 0 0 0 0 0
665 35b5ab7a7a2f68b2 117 4 2 0 0 0 0 0
666 07e7843008274828 117 4 2 0 0 0 0 0
667 562441b40269717f 118 4 2 0 0 1 0 0
668 a199a0b19bec8447 118 4 2 0 0 1 0 0
669 81c48b09fb81f442 118 4 2 0 0 1 0 0
670 366fc6a12cd22cbe 118 4 2 0 0 1 0 0
671 248fc2dde3df7224 117 4 2 0 0 0 0 0
672 51a2cca9c90c8a20 116 4 2 0 0 0 0 0
673 060f8ff901d2f890 116 4 2 0 0 1 0 0
674 9e5e7b81175b9b83 117 4 2 0 0 1 0 0
675 3c5adb8024c6dd76 118 4 2 0 0 1 0 0
676 fdd067c67a90233c 118 4 2 0 0 0 0 0
677 46c088e03eee5a42 118 4 2 0 0 0 0 0
678 367184e6ca1e24fc 118 4 2 0 0 0 0 0
679 81805a6b3d298ec5 119 4 2 0 0 1 0 0
680 c341b5e588ab516a 119 4 2 0 0 1 0 0
681 09c9d667943876ff 118 4 2 0 0 0 0 0
682 e040ca357589c494 119 4 2 0 0 0 0 0
683 6d0f5073724e4d44 119 4 2 0 0 0 0 0
684 a40bd1959f19583e 118 4 2 0 0 0 0 0
685 c1e239f48ecf0a4b 119 4 2 0 0 1 0 0
686 3e2ef71356a81465 118 4 2 0 0 0 0 0
687 9564f13e2ee981d9 118 4 2 0 0 0 0 0
688 8fe1f8eb05bb220f 119 4 2 0 0 0 0 0
689 5bae1fbbea01f336 120 4 2 0 0 0 0 0
690 d62ad0197921718d 120 4 2 0 0 0 0 0
691 21cf61b513c9aea8 120 4 2 1 0 0 0 0
692 36a391494652cc96 119 4 2 1 0 0 0 0
693 c8e83db55c2288ed 121 4 2 1 0 0 0 0
694 a10a802f5bcf2a6b 122 4 2 1 0 0 0 0
695 ae5e55f147e3aec4 122 4 2 1 0 0 0 0
696 7cdb6a0481852fb7 122 4 2 1 0 0 0 0
697 16981f8d79ed4fde 122 4 2 1 0 0 0 0
698 7228a60f26e03fb9 122 4 2 1 0 0 0 0
699 edcea0be381127a6 122 4 2 1 0 0 0 0
700 4ab64dd612e3bee9 122 4 2 1 0 0 0 0
701 a3348f84ae336b93 122 4 2 1 0 0 0 0
702 2c9a41a3216da293 123 4 2 1 0 0 0 0
703 bad71405ab206e2b 123 4 2 1 0 0 0 0
704 e2f48362cf565ef8 123 4 2 1 0 0 0 0
705 a8c849ead0ae5b7c 123 4 2 1 0 0 0 0
706 1ed3efee8630eb65 123 4 2 1 0 0 0 0
707 c7a2369f4249bb7b 123 4 2 1 0 0 0 0
708 6cbe3782f093384f 124 4 2 1 0 0 0 0
709 3b0b4803b7005596 124 4 2 1 0 0 0 0
710 3303640b7af4292f 124 4 2 1 0 0 0 0
711 3b80c364c7d5d997 124 4 2 1 0 0 0 0
712 d42e9b4ee7e95bfe 124 4 2 1 0 0 0 0
713 a6cf2aa09c778e1b 123 4 2 1 0 0 0 0
714 ccf1cb6142025880 124 4 2 1 0 0 0 0
715 6d27d706cb833792 124 4 2 1 0 0 0 0
716 933c8422b63ee62d 123 4 2 1 0 0 0 0
717 b2bb77a47bfccb0b 123 4 2 1 0 0 0 0
718 87fb861f037f234e 123 4 2 1 0 0 0 0
719 698934530a055a8b 123 4 2 1 0 0 0 0
720 eadcf927e8445008 122 4 2 1 0 0 0 0
721 4a9553e375f5afe9 122 4 2 1 0 0 0 0
722 cd3bcdff5f8ff865 122 4 2 1 0 0 0 0
723 8944d80c9c55604a 122 4 2 1 0 0 0 0
724 7204948fac14bb6b 122 4 2 1 0 0 0 0
725 da2b885658036347 122 4 2 1 0 0 0 0
726 0e91f404294ff5b9 121 4 2 1 0 0 0 0
727 ab5179e0d06cf005 121 4 2 1 0 0 0 0
728 7bdcc1b4bbad2893 122 4 2 1 0 0 0 0
729 0997357e8f347f9c 122 4 2 1 0 0 0 0
730 7a02bd2309ff4b6e 122 4 2 1 0 0 0 0
731 6f571a47a54b9130 122 4 2 1 0 0 0 0
732 3b3f586b716b236d 122 4 2 1 0 0 0 0
733 cfba467686ceef67 122 4 2 1 0 0 0 0
734 0fc99040774a634b 122 4 2 1 0 0 0 0
735 59f91aea2e64d122 121 4 2 1 0 0 0 0
736 e89ef4eaf9bba80d 121 4 2 1 0 0 0 0
737 856f50efab82c0d7 121 4 2 1 0 0 0 0
738 0fd105850b93b034 121 4 2 1 0 0 0 0
739 111a622eda301e78 122 4 2 1 0 0 0 0
740 d965ffbba6c1d3df 123 4 2 1 0 0 0 0
741 238df6a7d8bc4016 122 4 2 1 0 0 0 0
742 30ebb98a990b395f 122 4 2 1 0 0 0 0
743 810143c0255a3d02 122 4 2 1 0 0 0 0
744 abf5e9244dca5164 122 4 2 1 0 0 0 0
745 c48552085c550251 122 4 2 1 0 0 0 0
746 afd67ac42d7acef6 121 4 2 1 0 0 0 0
747 702e636ef978a02a 122 4 2 1 0 0 0 0
748 11d40dfe55d15c7b 122 4 2 1 0 0 0 0
749 02a240b60f7df574 122 4 2 1 0 0 0 0
750 f76514be407ec386 122 4 2 1 0 0 0 0
751 2af8008f30cbccf4 122 4 2 1 0 0 0 0
752 a680624419d8ba40 122 4 2 1 0 0 0 0
753 674ad222cbcc0d5c 122 4 2 1 0 0 0 0
754 45d5181a15d51be8 123 4 2 1 0 0 0 0
755 1cb137f271c6fef0 123 4 2 1 0 0 0 0
756 316ef452021dd049 123 4 2 1 0 0 0 0
757 57d116af7bb70de2 122 4 2 1 0 0 0 0
758 4798e57d3377e2f4 122 4 2 1 0 0 0 0
759 ee784dccb0e38549 121 4 2 1 0 0 0 0
760 a6318fe8733fbbd5 120 4 2 1 0 0 0 0
761 7ded2b5b9245f110 120 4 2 1 0 0 0 0
762 5cc933158a025828 121 4 2 1 0 0 0 0
763 83ec489a3057c23d 121 4 2 1 0 0 0 0
764 1c9fe4da270127ee 122 4 2 1 0 0 0 0
765 55e0add3f20350ac 122 4 2 1 0 0 0 0
766 bb3cb00217c56acc 122 4 2 1 0 0 0 0
767 08ad590158a66c48 122 4 2 1 0 0 0 0
768 145daf11c2f7eb83 122 4 2 1 0 0 0 0
769 0ff13612b91279b2 122 4 2 1 0 0 0 0
770 f1c9a1a05195c21c 123 4 2 1 0 0 0 0
771 3b60f52534960fcc 123 4 2 1 0 0 0 0
772 b04f9549b629981d 124 4 2 1 0 0 0 0
773 6c64c99dfb2896c4 124 4 2 1 0 0 0 0
774 9cfa46136c36f443 124 4 2 1 0 0 0 0
775 5fcc266890770531 124 4 2 1 0 0 0 0
776 b5b43e997d5109c5 123 4 2 1 0 0 0 0
777 6e10cef4d8045706 124 4 2 1 0 0 0 0
778 68db53b683ba9a67 124 4 2 1 0 0 0 0
779 f0cf1533a138d1b3 124 4 2 1 0 0 0 0
780 b887fc179ab213c0 124 4 2 1 0 0 0 0
781 5c293d08c0b6323a 123 4 2 1 0 0 0 0
782 fcd6f7c07d555ab4 123 4 2 1 0 0 0 0
783 0c4d6402467d8d66 123 4 2 1 0 0 0 0
784 4f45765d7c7a327f 123 4 2 1 0 0 0 0
785 d7c5a7452344d72e 123 4 2 1 0 0 0 0
786 184ec51074f60494 122 4 2 1 0 0 0 0
787 a1854f11909ce7b5 122 4 2 1 0 0 0 0
788 89572487643493bd 121 4 2 1 0 0 0 0
789 3ac70e85a5e0a42a 121 4 2 1 0 0 0 0
790 3b1f21b3c3c5d7be 121 4 2 1 0 0 0 0
791 b3a8c475fb8dee27 122 4 2 1 0 0 0 0
792 eae396948bb02227 122 4 2 1 0 0 0 0
793 f2a808bd33b95612 122 4 2 1 0 0 0 0
794 154085a840fba424 122 4 2 1 0 0 0 0
795 8d6159e1ef2dcf99 122 4 2 1 0 0 0 0
796 e14675ec769e67d1 121 4 2 1 0 0 0 0
797 174e41b4ecd637fd 121 4 2 1 0 0 0 0
798 9144bb55cbc648bc 121 4 2 1 0 0 0 0
799 c53cbaeb89dab4cb 121 4 2 1 0 0 0 0
800 4e7418fdb7ee93ad 121 4 2 1 0 0 0 0
801 0f24dd3e4d7e1cff 121 4 2 1 0 0 0 0
802 166da8d2249cad49 121 4 2 1 0 0 0 0
803 07822f7a065fc747 121 4 2 1 0 0 0 0
804 88297ca7d682db6b 121 4 2 1 0 0 0 0
805 0fb7c7fc4bfdc5be 122 4 2 1 0 0 0 0
806 0c6099a1d5b5b0bc 122 4 2 1 0 0 0 0
807 edd63e4a9b3728c2 122 4 2 1 0 0 0 0
808 2157fc80f83c012d 122 4 2 1 0 0 0 0
809 1bf2cb936a8925ea 121 4 2 1 0 0 0 0
810 c032683829c3c95a 120 4 2 1 0 0 0 0
811 790b426ab113a4d1 122 4 3 1 1 0 0 0
812 50ea9b275b15b69c 121 4 3 1 1 0 0 0
813 4101af430697a5ac 121 4 3 1 1 0 0 0
814 31fed065338a2255 121 4 3 1 1 0 0 0
815 df087d75e55fb591 121 4 3 1 1 0 0 0
816 d76a26cf8d733fce 121 4 3 1 1 0 0 0
817 ca0088c405e4c51c 121 4 3 1 1 0 0 0
818 c71e6a0d305a5e19 121 4 3 1 1 0 0 0
819 e30e0a8817d39c24 121 4 3 1 1 0 0 0
820 6091d533a9cf155c 121 4 3 1 1 0 0 0
821 968b4da2782bb6ab 121 4 3 1 1 0 0 0
822 e6737f827dffcae9 121 4 3 1 1 0 0 0
823 bef2430686ddca20 121 4 3 1 1 0 0 0
824 7f9adf374bed56c5 122 4 3 1 1 0 0 0
825 c516880c8a92a993 123 4 3 1 1 0 0 0
826 249e02c4e7b9704b 123 4 3 1 1 0 0 0
827 c00cfd9f769ba1b4 123 4 3 1 1 0 0 0
828 1ea1691b161ea548 122 4 3 1 1 0 0 0
829 eeda216c451d33c7 122 4 3 1 1 0 0 0
830 0d85f422bc543e91 122 4 3 1 1 0 0 0
831 546d3bd2a7e06fa2 122 4 3 1 1 0 0 0
832 9e6462022b3d2428 121 4 3 1 1 0 0 0
833 9e996a318b05a645 122 4 3 1 1 0 0 0
834 ea13b5619bf6535f 122 4 3 1 1 0 0 0
835 94b4661339d50618 121 4 3 1 1 0 0 0
836 d61c61c9dc058b82 122 4 3 1 1 0 0 0
837 27f54856fc225c1b 122 4 3 1 1 0 0 0
838 0fd4475e6bff7dd5 122 4 3 1 1 0 0 0
839 5c7dc815f06cf028 122 4 3 1 1 0 0 0
840 ab84ba74ccce945d 122 4 3 1 1 0 0 0
841 e66f47c184e28d0a 123 4 3 1 2 0 0 0
842 a5e5516155d1ef00 122 4 3 1 2 0 0 0
843 0f54217ca4d8b01f 122 4 3 1 2 0 0 0
844 fd5e9b91673ec0fd 123 4 3 1 2 0 0 0
845 9e7f7745c33d0d80 123 4 3 1 2 0 0 0
846 b0b04fd668373d91 122 4 3 1 2 0 0 0
847 a8fcad7811e5ae63 122 4 3 1 2 0 0 0
848 aee7a74456d46b48 121 4 3 1 2 0 0 0
849 0dcac55b8f7e1cce 121 4 3 1 2 0 0 0
850 d440ae7f030e0636 121 4 3 1 2 0 0 0
851 d2a5babfebc70d7f 121 4 3 1 2 0 0 0
852 f57a3a9d2386438a 121 4 3 1 2 0 0 0
853 c49083f177418313 121 4 3 1 2 0 0 0
854 00688ca51ddbfe25 119 4 3 1 2 0 0 0
855 f874767817ad17e8 119 4 3 1 2 0 0 0
856 3ac57079c635192f 118 4 3 1 2 0 0 0
857 de9889f8340b2137 118 4 3 1 2 0 0 0
858 794ea797ffe1582c 119 4 3 1 2 0 0 0
859 67186a9b940b7e21 119 4 3 1 2 0 0 0
860 941297b33c81ec96 119 4 3 1 2 0 0 0
861 d039f39603f45218 119 4 3 1 2 0 0 0
862 b3ca6b921a009e6b 119 4 3 1 2 0 0 0
863 b7e866fe6911c3e2 118 4 3 1 2 0 0 0
864 c60d7088193c11bf 119 4 3 1 2 0 0 0
865 643589120d08d412 119 4 3 1 2 0 0 0
866 191beac9095a8624 119 4 3 1 2 0 0 0
867 cf4a35791808e266 119 4 3 1 2 0 0 0
868 9713a04036e7754c 119 4 3 1 2 0 0 0
869 f45c1b17ed25e51f 118 4 3 1 2 0 0 0
870 16c8d2b9a45e56be 119 4 3 1 2 0 0 0
871 a62454d6a4765984 120 4 3 1 2 0 0 0
872 346c5f1b5d6c6825 120 4 3 1 2 0 0 0
873 a0734ab76ac279a8 120 4 3 1 2 0 0 0
874 c0ceba9d35654db6 121 4 3 1 2 0 0 0
875 f7260fee021b2ac0 121 4 3 1 2 0 0 0
876 ef1a8f1f083e3a9a 122 4 3 1 2 0 1 0
877 c7a620ac99a20029 122 4 3 1 2 0 1 0
878 0b288ca6af5af232 122 4 3 1 2 0 1 0
879 5da27a8f834a7f81 122 4 3 1 2 0 1 0
880 a24b9fb474549eb2 123 4 3 1 2 0 1 0
881 d3295ee2f3fc3d9c 123 4 3 1 2 0 1 0
882 70c77c58841d2635 124 4 3 1 2 0 1 0
883 7c4563834aa29be9 123 4 3 1 2 0 1 0
884 f56e5a66f4eb3682 123 4 3 1 2 0 1 0
885 d2992105bdaf679c 123 4 3 1 2 0 1 0
886 f7e9ddc34853bbd0 123 4 3 1 2 0 1 0
887 2c99fe18087e9f85 123 4 3 1 2 0 1 0
888 7a3d6d56ffdc5726 123 4 3 1 2 0 1 0
889 96667c6647b92fcc 123 4 3 1 2 0 1 0
890 325c652b8cfb6037 123 4 3 1 2 0 1 0
891 6c40c34377f1de9d 123 4 3 1 2 0 1 0
892 da200e9d78db4940 122 4 3 1 2 0 1 0
893 21257f25030aa34f 122 4 3 1 2 0 1 0
894 d944b0fcdbef87fe 122 4 3 1 2 0 1 0
895 a36464958efde49c 120 4 3 1 2 0 1 0
896 9f2e74c1e32bae4f 120 4 3 1 2 0 1 0
897 0b794a1c3a2f0a9f 120 4 3 1 2 0 1 0
898 443285b523a1ed60 120 4 3 1 2 1 1 0
899 954749bf13babed2 120 4 3 1 2 1 1 0
900 67f58ba7314f0076 120 4 3 1 2 1 1 0
901 e6a2d2ab74acd6f8 121 4 3 1 2 1 1 0
902 c296e2ed530d0381 121 4 3 1 2 0 1 0
903 17c14e45910cd4f3 121 4 3 1 2 0 1 0
904 24bfcd56c1d3d92f 122 4 3 1 2 1 1 0
905 8812d5a9d27c23e7 122 4 3 1 2 1 1 0
906 2c08e82cb773fbcb 123 4 3 1 2 1 1 0
907 23493b8e4b03408f 122 4 3 1 2 0 1 0
908 f613661995534d1d 122 4 3 1 2 0 1 0
909 0aa1e70cb300383f 123 4 3 1 2 0 1 0
910 eb9fce84ddf5902a 125 4 3 1 2 1 1 0
911 c557eb0f3882e4a9 125 4 3 1 2 1 1 0
912 98d0f9066c51e3d2 124 4 3 1 2 0 1 0
913 40316d276c2d5920 123 4 3 1 2 0 1 0
914 5b7c9ca48a590365 123 4 3 1 2 0 1 0
915 523c22b45a67078e 123 4 3 1 2 0 1 0
916 cc84cd15e1cf93a7 125 4 3 1 2 1 2 0
917 70d5423307cd1b08 125 4 3 1 2 1 2 0
918 b58256b01564f5c8 124 4 3 1 2 0 2 0
919 a9c9b9909ae784bf 124 4 3 1 2 0 2 0
920 42f5b652316a0539 125 4 3 1 2 0 2 0
921 73aa28f2ec4cf982 125 4 3 1 2 0 2 0
922 d99e976d7b7b4e4e 127 4 3 1 2 1 2 0
923 9b97afacb734b235 127 4 3 1 2 1 2 0
924 66fa6cb4df54ae6c 128 4 3 1 2 1 2 0
925 d1baa1b7578dec37 128 4 3 1 2 1 2 0
926 9fca7387a118c179 127 4 3 1 2 0 2 0
927 625ec13645090171 126 4 3 1 2 0 2 0
928 cb1c2bbb9e66892d 126 4 3 1 2 0 2 0
929 bf83361b525f0c96 127 4 3 1 2 1 2 0
930 719c45c0d352219d 127 4 3 1 2 1 2 0
931 baf5df7fc15f0bc9 126 4 4 1 2 0 2 0
932 b035ceb524cf2f6d 126 4 4 1 2 0 2 0
933 14711775f7c1a6e6 126 4 4 1 2 0 2 0
934 862ff337f5e31173 125 4 4 1 2 0 2 0
935 bf7320443a02f144 126 4 4 1 2 1 2 0
936 cf74c1ee81463f1f 125 4 4 1 2 0 2 0
937 45421be9de15390b 125 4 4 1 2 0 2 0
938 dc13c3be5711b2ba 125 4 4 1 2 0 2 0
939 d46d08057494aa78 125 4 4 1 2 0 2 0
940 859a5d972271d886 124 4 4 1 2 0 1 0
941 f92d1ca4cda6a74e 124 4 4 1 2 1 1 0
942 864ad30e30a1363d 123 4 4 1 2 0 1 0
943 af3e609db5b7aa8c 122 4 4 1 2 0 1 0
944 30177825e8f251e6 122 4 4 1 2 0 1 0
945 f309e757b0992ec1 122 4 4 1 2 0 1 0
946 479875d3a372e47b 122 4 4 1 2 0 1 0
947 9e89d06ff4c7da83 122 4 4 1 2 0 1 0
948 91ade5de521a2ffb 122 4 4 1 2 0 1 0
949 58e42082e0907fca 122 4 4 1 2 0 1 0
950 2d21b11b45c43d0f 122 4 4 1 2 0 1 0
951 949c94f9010773a2 121 4 4 1 2 0 1 0
952 012612d0447ea530 121 4 4 1 2 0 1 0
953 a10cbd42d55dcb35 121 4 4 1 2 0 1 0
954 534028a4ba66bebe 121 4 4 1 2 0 1 0
955 8fd02eeb15668353 122 4 4 1 2 0 1 0
956 1f375e1ab39631ac 123 4 4 1 2 0 2 0
957 0a3a147107858c54 124 4 4 1 2 0 2 0
958 1c41c3acbe9b2ad6 125 4 4 1 2 0 2 0
959 97ea12b965972809 126 4 4 1 2 0 2 0
960 957661ffe4c1d49c 126 4 4 1 2 0 2 0
961 7187c10fcbe10cd4 126 4 4 1 2 0 2 0
962 5c74bd7199b6fa7d 125 4 4 1 2 0 2 0
963 8635106ff509f8ed 125 4 4 1 2 0 2 0
964 afed076e7cdaf484 124 4 4 1 2 0 2 0
965 680fae6c71cf36b0 124 4 4 1 2 0 2 0
966 332ab5ba96b3b2e7 123 4 4 1 2 0 2 0
967 f7a397803b16a0aa 123 4 4 1 2 0 2 0
968 d1c1801c10e5a204 123 4 4 1 2 0 2 0
969 0f22330de180afe4 123 4 4 1 2 0 2 0
970 1e881cc761da905e 122 4 4 1 2 0 2 0
971 a8dc59891f72cdca 122 4 4 1 2 0 2 0
972 8aac85774ea98f13 122 4 4 1 2 0 2 0
973 ac10022cc4b8c0c6 121 4 4 1 2 0 2 0
974 19512e0b6e806ca6 121 4 4 1 2 0 2 0
975 14182a1d2afb4450 121 4 4 1 2 0 2 0
976 048f1f59298a0cea 121 4 4 1 2 0 2 0
977 83bf740f98745ad7 121 4 4 1 2 0 2 0
978 bcae09df3713fec6 121 4 4 1 2 0 2 0
979 85b248dbb27a79e5 121 4 4 1 2 0 2 0
980 001dbcf40129607c 120 4 4 1 2 0 2 0
981 101fdbd4e1fc1b91 120 4 4 1 2 0 1 0
982 57f9a1047842634c 120 4 4 1 2 0 1 0
983 7c6360b9457149de 120 4 4 1 2 0 1 0
984 db35cf0f5255e8b0 120 4 4 1 2 0 1 0
985 c4f2d8a86d732c9d 119 4 4 1 2 0 1 0
986 ea6ab4c69d875a14 119 4 4 1 2 0 1 0
987 29273a0b3eb8681c 119 4 4 1 2 0 1 0
988 e90490c42afe4b5f 119 4 4 1 2 0 1 0
989 87a330a6caee2ccc 119 4 4 1 2 0 1 0
990 40b302df9e05be3a 119 4 4 1 2 0 1 0
991 a89a3f720182e24d 119 4 4 1 2 0 1 0
992 987b79db1a07fe04 119 4 4 1 2 0 1 0
993 6d45e4a83b2132c2 119 4 4 1 2 0 1 0
994 946182f177826b94 119 4 4 1 2 0 1 0
995 dbc6190653226d69 120 4 4 1 2 0 1 0
996 49bcac99ceb65e32 119 4 4 1 2 0 1 0
997 860e3b40c7c4a69c 118 4 4 1 2 0 1 0
998 287989a34527dbe8 118 4 4 1 2 0 1 0
999 fb7baa9b12f89905 119 4 4 1 2 0 1 0
1000 1d4a19ac978a7ea5 118 4 4 1 2 0 1 0
1001 fdf3743e91ffafc1 118 4 4 1 2 0 1 0
1002 e843228354ecb94b 118 4 4 1 2 0 1 0
1003 a0b64dc42f08f0d0 118 4 4 1 2 0 1 0
1004 d548ca1e6d35ec29 119 4 4 1 2 0 1 0
1005 4e7b57510f6dddf6 118 4 4 1 2 0 1 0
1006 ef74eb8e7b5af867 118 4 4 1 2 0 1 0
1007 24b994e7d748420c 118 4 4 1 2 0 1 0
1008 c1708dee9f1a4ed8 118 4 4 1 2 0 1 0
1009 c2636410366d77da 119 4 4 1 2 0 1 0
1010 bc3688b3f9843f00 120 4 4 1 2 0 1 0
1011 d1352cce60bd6dba 121 4 4 1 2 0 1 0
1012 fa93c46dfd7256f2 121 4 4 1 2 0 1 0
1013 67dc8c15cdb69622 121 4 4 1 2 0 1 0
1014 3199ae44f1da39e0 121 4 4 1 2 0 1 0
1015 533badf07843058f 120 4 4 1 2 0 1 0
1016 560bf8ac02df78d6 120 4 4 1 2 0 1 0
1017 66e98245ac644e4a 120 4 4 1 2 0 1 0
1018 07f371a75ddbc6a9 120 4 4 1 2 0 1 0
1019 21d1a6468ccdc4a6 120 4 4 1 2 0 1 0
1020 de580efa598c717f 120 4 4 1 2 0 1 0
1021 a5982179520ee8a8 120 4 4 1 2 0 1 0
1022 d4b03603b9a409f6 120 4 4 1 2 0 1 0
1023 2d7a747717f995b5 120 4 4 1 2 0 1 0
1024 8781f55bfcbcfe7b 120 4 4 1 2 0 1 0
1025 43a83a489886fcb6 119 4 4 1 2 0 1 0
1026 a3227ad7ac8c3685 119 4 4 1 2 0 1 0
1027 767b8c43d48ebccc 119 4 4 1 2 0 1 0
1028 2596f6e1ae25229c 119 4 4 1 2 0 1 0
1029 a2ca905e027081fd 119 4 4 1 2 0 1 0
1030 21f715d550585a6f 119 4 4 1 2 0 1 0
1031 1bd9fc846d2f1d1a 119 4 4 1 2 0 1 0
1032 0f7471540451b44b 120 4 4 1 2 0 1 0
1033 596bd2725ade25fe 121 4 4 1 2 0 1 0
1034 8eac9a15bcd818fd 121 4 4 1 2 0 1 0
1035 e9411d0136e9af49 120 4 4 1 2 0 1 0
1036 3c7ad4b4bf71f8b0 119 4 4 1 2 0 1 0
1037 d76da8bd7e4aafa9 119 4 4 1 2 0 1 0
1038 ddf34c6b2aeef827 118 4 4 1 2 0 1 0
1039 cfb54863484c251a 118 4 4 1 2 0 1 0
1040 acb70966e137331f 118 4 4 1 2 0 1 0
1041 a82fcfb926d992b1 119 4 4 1 2 0 1 0
1042 8b9d5f530a924747 119 4 4 1 2 0 1 0
1043 62986163b4360dd2 118 4 4 1 2 0 1 0
1044 b686fa067e77b3d1 119 4 4 1 2 0 1 0
1045 013cf919e7247620 120 4 4 1 2 0 1 0
1046 0838907975bbbc61 122 4 4 1 2 1 1 0
1047 1a58f76677f82c5d 122 4 4 1 2 0 1 0
1048 fdd401f6d4439fb1 122 4 4 1 2 0 1 0
1049 17ff740e35af9b8f 123 4 4 1 2 0 1 0
1050 e476da661898cbda 122 4 4 1 2 0 1 0
1051 790595089a86a2d6 124 4 4 2 2 0 1 0
1052 a1cdb4101e0d641b 123 4 4 2 2 0 1 0
1053 d27b2bb9efa22d52 123 4 4 2 2 0 1 0
1054 f211f455e134ffc1 122 4 4 2 2 0 1 0
1055 10838c44dee3b3ab 122 4 4 2 2 0 1 0
1056 eea9d7fb24bef149 122 4 4 2 2 0 1 0
1057 6d580d98ce6f2614 122 4 4 2 2 0 1 0
1058 c1e51095f6f906e0 122 4 4 2 2 0 1 0
1059 5713a3883d84dbfe 121 4 4 2 2 0 1 0
1060 226a736ebf055906 121 4 4 2 2 0 1 0
1061 7afec61f53e688ef 120 4 4 2 2 0 1 0
1062 84e363a9189dd8c3 120 4 4 2 2 0 1 0
1063 08cd8a22ae6ac48e 120 4 4 2 2 0 1 0
1064 4b155c35adbaebc6 120 4 4 2 2 0 1 0
1065 cf9ad848d0516e53 120 4 4 2 2 0 1 0
1066 d0aa68eb39ff4b44 120 4 4 2 2 0 1 0
1067 f9953244fe2a1d31 120 4 4 2 2 0 1 0
1068 3257a7bf51c61412 120 4 4 2 2 0 1 0
1069 1cc4378d23650db8 120 4 4 2 2 0 1 0
1070 6d935046bc582f57 120 4 4 2 2 0 1 0
1071 a4ac7a62d384224c 120 4 4 2 2 0 1 0
1072 87858aeb0a7ca81e 120 4 4 2 2 0 1 0
1073 60f2d8e15f3625c0 120 4 4 2 2 0 1 0
1074 2d3709bc3bb18ea8 120 4 4 2 2 0 1 0
1075 9195ef5708d76c76 120 4 4 2 2 0 1 0
1076 aa48dd17f455fa28 119 4 4 2 2 0 1 0
1077 d40a2041188b8eb6 117 4 4 2 2 0 1 0
1078 65323ba61cf77995 117 4 4 2 2 0 1 0
1079 fb5a658f91d19f97 116 4 4 2 2 0 1 0
1080 c5706afb2c183f1b 116 4 4 2 2 0 1 0
1081 ea3ee7597478199a 116 4 4 2 2 0 1 0
1082 a9fa2a6541797a64 116 4 4 2 2 0 1 0
1083 6ce6860f1730b643 116 4 4 2 2 0 1 0
1084 e0f1ddc0f5f1e5a5 115 4 4 2 2 0 1 0
1085 6c386c3b86087d75 115 4 4 2 2 0 1 0
1086 d6d9c28629f55791 114 4 4 2 2 0 1 0
1087 18c23f092e387439 113 4 4 2 2 0 1 0
1088 d12aa780e95a0441 113 4 4 2 2 0 1 0
1089 2eaaf31aa7c1de11 114 4 4 2 2 0 1 0
1090 ecb60ce71c4f303c 115 4 4 2 2 0 1 0
1091 d88dd91878b55dfb 114 4 4 2 2 0 1 0
1092 6a2c76330e62336e 114 4 4 2 2 0 1 0
1093 5cc15f490833d435 115 4 4 2 2 0 1 0
1094 d4cf19fee57845e6 115 4 4 2 2 0 1 0
1095 46c93fd17f5e9e63 115 4 4 2 2 0 1 0
1096 1c3c55da59787910 115 4 4 2 2 0 1 0
1097 cb188765b55550ae 115 4 4 2 2 0 1 0
1098 8b941850a686fdd7 115 4 4 2 2 0 1 0
1099 6f4ca1086b3426ad 115 4 4 2 2 0 1 0
1100 e23eb844a8c4d7a6 116 4 4 2 2 0 1 0
1101 ee19db30d5a14c40 116 4 4 2 2 0 1 0
1102 61251cf2ee78e146 116 4 4 2 2 0 1 0
1103 bb27c36c2d2c15f4 116 4 4 2 2 0 1 0
1104 c468bc01ee5754e4 116 4 4 2 2 0 1 0
1105 9547de12e7f0abf8 116 4 4 2 2 0 1 0
1106 37ae557dca9e1ab5 116 4 4 2 2 0 1 0
1107 6d4c69b28416cef7 117 4 4 2 2 0 1 0
1108 91cb606e13c7ef49 117 4 4 2 2 0 1 0
1109 7381162ebc693c15 117 4 4 2 2 0 1 0
1110 2bae9dbc15dd8bc9 117 4 4 2 2 0 1 0
1111 d86ff2af2313b4d9 118 4 4 2 2 0 1 0
1112 870cca2c26de1401 117 4 4 2 2 0 1 0
1113 74461da2c7e3556b 116 4 4 2 2 0 1 0
1114 a0bbf031eaf5a5ea 116 4 4 2 2 0 1 0
1115 63817c25fc4a0e1d 116 4 4 2 2 0 1 0
1116 6ddfae09cf026a04 115 4 4 2 2 0 1 0
1117 9f6ef102eb7d97f5 114 4 4 2 2 0 1 0
1118 199abcc5d9300b0b 115 4 4 2 2 1 1 0
1119 7e166a89dd3030c0 115 4 4 2 2 1 1 0
1120 111fa88a1ab85dfb 114 4 4 2 2 1 1 0
1121 36278e91f5ac73d1 113 4 4 2 2 1 1 0
1122 8b256c2bd62d636b 113 4 4 2 2 1 1 0
1123 49afbcd2c1ce39de 113 4 4 2 2 1 1 0
1124 cf2f22dcf5e411b4 114 4 4 2 2 2 1 0
1125 fc8bda0c661701af 113 4 4 2 2 1 1 0
1126 2824c2ca2589e21a 113 4 4 2 2 1 1 0
1127 5f8f6cbbaab27935 114 4 4 2 2 1 1 0
1128 187c1a0ec34e5097 113 4 4 2 2 1 1 0
1129 8e56c78d9fad650d 113 4 4 2 2 1 1 0
1130 c03c5aa626db13a9 113 4 4 2 2 1 1 0
1131 a6344c1aa9dc21c9 113 4 4 2 2 1 1 0
1132 d86081d4a002b714 113 4 4 2 2 1 1 0
1133 2055666ba347baaf 113 4 4 2 2 1 1 0
1134 29c8462a56fefd91 113 4 4 2 2 1 1 0
1135 a8001025d612c62d 112 4 4 2 2 0 1 0
1136 16c681147dfc9247 113 4 4 2 2 1 1 0
1137 f849bf3ceff9af06 113 4 4 2 2 1 1 0
1138 6d975310b4b5be08 114 4 4 2 2 1 1 0
1139 8acb5006c15742cc 114 4 4 2 2 1 1 0
1140 cdb4312cb8833739 113 4 4 2 2 0 1 0
1141 ce29e166c1d2848d 112 4 4 2 2 0 1 0
1142 7901fbec0fe5d040 114 4 4 2 2 1 1 0
1143 1d4c523d10340e89 114 4 4 2 2 1 1 0
1144 3f83f6b484f9d247 114 4 4 2 2 1 1 0
1145 ea17315f746e95b7 113 4 4 2 2 0 1 0
1146 45d65acaf609270b 113 4 4 2 2 0 1 0
1147 b469de7c5d679e35 113 4 4 2 2 0 1 0
1148 ea0082adf55439f4 113 4 4 2 2 0 1 0
1149 10b226905fbd8273 113 4 4 2 2 0 1 0
1150 72d34a110635c12f 113 4 4 2 2 0 1 0
1151 62b2ee1e883c6d86 113 4 4 2 2 0 1 0
1152 252ff475a2b197dd 113 4 4 2 2 0 1 0
1153 6bd8ef0638bb92d0 113 4 4 2 2 0 1 0
1154 2bc6b2b5746fb33d 112 4 4 2 2 0 1 0
1155 8c73e0717ae52444 111 4 4 2 2 0 1 0
1156 254bfc997ba96967 110 4 4 2 2 0 1 0
1157 3011a26bbac879b7 110 4 4 2 2 0 1 0
1158 8746ea48e051dec9 109 4 4 2 2 0 1 0
1159 308c81b94edba978 109 4 4 2 2 0 1 0
1160 7cd83a34d60afdc9 109 4 4 2 2 0 1 0
1161 4360d29423f1353f 109 4 4 2 2 0 1 0
1162 d21e64684cee5438 108 4 4 2 2 0 1 0
1163 9df690589a486ec2 108 4 4 2 2 0 1 0
1164 49e725912306ae70 108 4 4 2 2 0 1 0
1165 f7f286bcf313ffcc 108 4 4 2 2 0 1 0
1166 7d0991b986f509ab 108 4 4 2 2 0 1 0
1167 3327ac7e9d4fee03 108 4 4 2 2 0 1 0
1168 77312c20b28b97a7 107 4 4 2 2 0 1 0
1169 e6f064f805709d61 108 4 4 2 2 0 1 0
1170 659c108f5547f4a1 109 4 4 2 2 0 1 0
1171 d1fa158f87672505 111 4 5 2 2 0 1 0
1172 673f6760a64344e3 111 4 5 2 2 0 1 0
1173 226391660265ba94 111 4 5 2 2 0 1 0
1174 69bea3f9cf2216a9 110 4 5 2 2 0 1 0
1175 b6314640ab3d5c46 111 4 5 2 2 0 1 0
1176 656c54a17bf6c7cb 111 4 5 2 2 0 1 0
1177 11d6f2d3b17989e0 112 4 5 2 2 0 1 0
1178 24f5d1145ecd0b93 112 4 5 2 2 0 1 0
1179 bb28af7b60f34d98 112 4 5 2 2 0 1 0
1180 fb692dc613126445 112 4 5 2 2 0 1 0
1181 a45b72026c2e8b90 112 4 5 2 2 0 1 0
1182 ad5d1219ae755e3b 112 4 5 2 2 0 1 0
1183 547a387828466440 112 4 5 2 2 0 1 0
1184 d2ca4c9d5e0f8958 112 4 5 2 2 0 1 0
1185 0d36d71f6bf09ef5 111 4 5 2 2 0 1 0
1186 bc2d5dca73145504 111 4 5 2 2 0 1 0
1187 769495a079dbfd2c 111 4 5 2 2 0 1 0
1188 413f6a4a39a12486 110 4 5 2 2 0 1 0
1189 aa685f49a1c12f5b 111 4 5 2 2 0 1 0
1190 a48817401127076b 111 4 5 2 2 0 1 0
1191 2c9e3ba84d0fba86 111 4 5 2 2 0 1 0
1192 5095f19e2c1de5fe 111 4 5 2 2 0 1 0
1193 b8b130fbfa453fcf 111 4 5 2 2 0 1 0
1194 5953300f11a7e79a 110 4 5 2 2 0 1 0
1195 e2578249373d9f1e 110 4 5 2 2 0 1 0
1196 9d355386225aa82c 111 4 5 2 2 0 1 0
1197 480db787a2a7e6e4 111 4 5 2 2 0 1 0
1198 7265c6a5da22d04a 111 4 5 2 2 0 1 0
1199 f3e930957415fa5f 111 4 5 2 2 0 1 0
1200 213d9530c5c44faa 112 4 5 2 2 0 1 0
1201 54b79fd1ef589f33 112 4 5 2 2 0 1 0
1202 40aa8805bee5d028 112 4 5 2 2 0 1 0
1203 40fafad668e26ad5 112 4 5 2 2 0 1 0
1204 1e0ebc5874047dc0 113 4 5 2 2 0 1 0
1205 afe216d7cfdfe90e 113 4 5 2 2 1 1 0
1206 80f3801d12d6cc73 114 4 5 2 2 1 1 0
1207 088e131c3bfea962 114 4 5 2 2 1 1 0
1208 6c4c7c92ef710fd2 112 4 5 2 2 1 1 0
1209 a9eb2769918282ed 112 4 5 2 2 1 1 0
1210 c8e714e753ab0c02 112 4 5 2 2 1 1 0
1211 ef8452e529a8f43b 112 4 5 2 2 2 1 0
1212 756da55648403bc3 111 4 5 2 2 1 1 0
1213 c20946c151974e55 111 4 5 2 2 1 1 0
1214 056b875aee269f43 111 4 5 2 2 1 1 0
1215 cb4d97f008b91f92 111 4 5 2 2 1 1 0
1216 1646f21377fd0ef3 111 4 5 2 2 1 1 0
1217 cb1f8db8a6179d44 112 4 5 2 2 1 1 0
1218 07fee8b4fd0c7427 112 4 5 2 2 1 1 0
1219 e8912049cd2c01a9 111 4 5 2 2 1 1 0
1220 236e80aae019cba4 110 4 5 2 2 1 1 0
1221 3a3f51e90311522f 110 4 5 2 2 1 1 0
1222 b659827ab2104a7c 110 4 5 2 2 0 1 0
1223 8c6b7ae9c57f1747 110 4 5 2 2 1 0 0
1224 2ec6041695a04489 110 4 5 2 2 1 0 0
1225 fe0833f29062b70a 110 4 5 2 2 1 0 0
1226 79faa231dca41aef 110 4 5 2 2 1 0 0
1227 f2ff5513c5b01c16 109 4 5 2 2 1 0 0
1228 7e32a8f4671849ce 108 4 5 2 2 0 0 0
1229 8ac46476e71836d4 109 4 5 2 2 1 0 0
1230 23a833fcc7abb041 110 4 5 2 2 1 0 0
1231 57beb119dda0849e 110 4 5 2 2 1 0 0
1232 fc0538721189c878 110 4 5 2 2 1 0 0
1233 e865ea4f05533c71 109 4 5 2 2 0 0 0
1234 f3cc993607505a0c 108 4 5 2 2 0 0 0
1235 180f7539a5be0b9a 108 4 5 2 2 0 0 0
1236 f0cbab6db3877b12 109 4 5 2 2 0 0 0
1237 2daf45a4c1a2fd71 109 4 5 2 2 0 0 0
1238 914534d97a409916 109 4 5 2 2 0 0 0
1239 e52daa745e7afea2 109 4 5 2 2 0 0 0
1240 c669dac7e196a92a 110 4 5 2 2 0 0 0
1241 f3fa05f27262cb8d 110 4 5 2 2 0 0 0
1242 7c34e5e7b32aafd4 110 4 5 2 2 0 0 0
1243 07055aea8e1db7ca 110 4 5 2 2 0 0 0
1244 ea7a0f9dabb8a04f 109 4 5 2 2 0 0 0
1245 dda57b73547fd5d5 109 4 5 2 2 0 0 0
1246 7ae6d89e6a4bd934 109 4 5 2 2 0 0 0
1247 1f17147cdfa701dc 109 4 5 2 2 0 0 0
1248 174d504db4597ee8 109 4 5 2 2 0 0 0
1249 b67f943fc36d4a72 111 4 5 2 2 0 0 1
1250 6de6a7a73bdc90df 109 4 5 2 2 0 0 1
1251 87eef30762c04afc 109 4 5 2 2 0 0 1
1252 d26580d690a50fe9 108 4 5 2 2 0 0 1
1253 db182b306f02c7a8 108 4 5 2 2 0 0 1
1254 19a911f7e4b58add 107 4 5 2 2 0 0 1
1255 dfd25e276d7181d7 108 4 5 2 2 0 0 2
1256 5676a48b2ddb1c26 108 4 5 2 2 0 0 2
1257 5afb835f226698aa 107 4 5 2 2 0 0 2
1258 2eac3f94945c862d 107 4 5 2 2 0 0 2
1259 5692147bbe1e9b07 109 4 5 2 2 1 0 2
1260 12930de76c419429 109 4 5 2 2 1 0 2
1261 a5de6a406d0a3e01 110 4 5 2 2 1 0 3
1262 49c000ee275ac6d4 110 4 5 2 2 1 0 3
1263 21bcea76aacdf045 110 4 5 2 2 1 0 3
1264 d4c512695076cfb0 110 4 5 2 2 1 0 3
1265 a9bb060ea4f334f0 110 4 5 2 2 1 0 3
1266 c647677358b6dba0 110 4 5 2 2 1 0 3
1267 b08af55ff29bf694 111 4 5 2 2 1 0 4
1268 0fd54cc5b8b6d367 111 4 5 2 2 1 0 4
1269 027e0a491dbcecd0 110 4 5 2 2 1 0 4
1270 3e7286920ef2293d 109 4 5 2 2 0 0 4
1271 02e3999537300736 109 4 5 2 2 1 0 4
1272 ff0dbb02abc00c50 109 4 5 2 2 1 0 4
1273 e32bafa36386971e 110 4 5 2 2 1 0 5
1274 063a8db304eedb8f 110 4 5 2 2 1 0 5
1275 f12af3c7bf9c2f54 110 4 5 2 2 0 0 5
1276 2d823e5e0569988b 110 4 5 2 2 0 0 5
1277 f71661bb2ab35549 111 4 5 2 2 1 0 5
1278 ab4ddfa43c55a8b0 111 4 5 2 2 1 0 5
1279 87fe66e6bd6a99e3 111 4 5 2 2 1 0 6
1280 da4c9e24abc9a524 112 4 5 2 2 1 0 7
1281 d5feb7f7887ff219 111 4 5 2 2 0 0 7
1282 5732e22bdaa2415d 111 4 5 2 2 0 0 7
1283 33d91fcce4c12e1c 112 4 5 2 2 1 0 7
1284 bb751e01630286b0 112 4 5 2 2 1 0 7
1285 277fdc68b4855847 113 4 5 2 2 1 0 8
1286 cb3ad550fa7d3a99 113 4 5 2 2 0 0 9
1287 2fe6d5b1e9f6938a 113 4 5 2 2 0 0 9
1288 7b9a674b90dbcb01 113 4 5 2 2 0 0 9
1289 4877a1389c75661f 113 4 5 2 2 0 0 9
1290 90d5bea1f5f2dd8a 113 4 5 2 2 0 0 9
1291 a00383cefe31f893 115 4 6 2 2 0 0 10
1292 f08ccc9f5bfc791c 115 4 6 2 2 0 0 11
1293 3cf412cdef387b46 115 4 6 2 2 0 0 11
1294 bb207004a60790f0 116 4 6 2 2 0 0 11
1295 5ff476274c80258c 117 4 6 2 2 0 0 11
1296 844735bb14c6d461 117 4 6 2 2 0 0 11
1297 a94002ac72749ae0 117 4 6 2 2 0 0 11
1298 91a804f7a0f2b9fa 119 4 6 2 2 0 0 12
1299 dbfa7121be81bff8 119 4 6 2 2 0 0 12
1300 a5a70845d19510e4 120 4 6 2 2 0 0 13
1301 77fd3d9d6aa07650 120 4 6 2 2 0 0 13
1302 a1b546efd7ce36d5 121 4 6 2 2 0 0 13
1303 7476ba3c530bc678 122 4 6 2 2 0 0 13
1304 8c6080bd0638ca0c 122 4 6 2 2 0 0 14
1305 5f8732f763c0e3a3 121 4 6 2 2 0 0 14
1306 c85898855fc7bc69 121 4 6 2 2 0 0 14
1307 63aab76b1020b7b0 121 4 6 2 2 0 0 14
1308 466960585e123ea2 121 4 6 2 2 0 0 14
1309 a554eae99d954dba 121 4 6 2 2 0 0 14
1310 d3dbd5123f61081d 122 4 6 2 2 0 0 15
1311 c9f4f108dfb9779e 122 4 6 2 2 0 0 15
1312 75a47525c25f58d4 122 4 6 2 2 0 0 15
1313 138085443ed1a9db 121 4 6 2 2 0 0 15
1314 6ed1188fbf4d4545 121 4 6 2 2 0 0 15
1315 04c2b2cdd678df70 121 4 6 2 2 0 0 15
1316 fbe252af31c2e391 121 4 6 2 2 0 0 16
1317 5aaa222e1e6444a2 120 4 6 2 2 0 0 16
1318 22c19c919bc9e3d5 120 4 6 2 2 0 0 16
1319 2e0dd05629fed598 120 4 6 2 2 0 0 16
1320 4d6d2c0f75ab4446 120 4 6 2 2 0 0 16
1321 5835dbeae3427a2c 121 4 6 2 3 0 0 16
1322 c12de1ff2d7fd159 122 4 6 2 3 0 0 17
1323 fc697f5a4c0bda2e 122 4 6 2 3 0 0 17
1324 23c7833028e53405 121 4 6 2 3 0 0 17
1325 ade56551aaac3cee 122 4 6 2 3 0 0 17
1326 4c5081658e31d55b 122 4 6 2 3 0 0 17
1327 743b890e05b0f652 122 4 6 2 3 0 0 17
1328 14725a0e67e6ca43 122 4 6 2 3 0 0 17
1329 576e43a24ff89d88 122 4 6 2 3 0 0 17
1330 9d793ac20279db03 122 4 6 2 3 0 0 17
1331 5866df9e95022303 123 4 6 2 3 0 0 18
1332 66291b0279d8a8e5 123 4 6 2 3 0 0 18
1333 7b3661f48133e03e 123 4 6 2 3 0 0 18
1334 1c2a5cd873c96e62 123 4 6 2 3 0 0 18
1335 5c727dbb4c8295d8 122 4 6 2 3 0 0 17
1336 4372083f0ca8d317 122 4 6 2 3 0 0 17
1337 311790c04e2bc141 123 4 6 2 3 0 1 17
1338 1e01cade8ac7e874 122 4 6 2 3 0 1 17
1339 23ff99e0759ceab6 121 4 6 2 3 0 1 16
1340 aa56ab4f2bb55077 120 4 5 2 3 0 1 16
1341 9001026fa81a8e00 120 4 5 2 3 0 1 16
1342 2dc2a64ad3c7820c 120 4 5 2 3 0 1 16
1343 87799d76643da0d4 120 4 5 2 3 0 1 16
1344 dda0bb9d35eaf82f 119 4 5 2 3 0 1 16
1345 e48ebceee3c1a8e5 119 4 5 2 3 0 1 16
1346 cda1270d293dc1ab 119 4 5 2 3 0 1 16
1347 438bd73e84f24aae 119 4 5 2 3 0 1 16
1348 6b92c70068446d38 119 4 5 2 3 0 1 16
1349 f40fe8a4a9a5fe1a 120 4 5 2 3 0 1 16
1350 1ec764fc72af9603 119 4 5 2 3 0 1 16
1351 97aa8b774912b9d5 118 4 5 2 3 0 1 16
1352 22c076ed4ad4a841 119 4 5 2 3 1 1 16
1353 7b139aaf03193eb6 119 4 5 2 3 1 1 16
1354 2efacddf089d0730 118 4 5 2 3 1 1 16
1355 3be28a83ea990416 118 4 5 2 3 1 1 16
1356 b3790adf0b67b1ae 119 4 5 2 3 1 1 16
1357 032148bd5b83c676 119 4 5 2 3 1 1 16
1358 1c0e0791bb6ef660 120 4 5 2 3 2 1 16
1359 9cc106108333cf5e 119 4 5 2 3 1 1 16
1360 ad5eaa4b2b284efd 119 4 5 2 3 1 1 16
1361 05a7b86e29518e35 119 4 5 2 3 1 1 16
1362 fcbec9d67c01fda8 118 4 5 2 3 1 1 16
1363 6e5fa74918541124 118 4 5 2 3 1 1 16
1364 72075c850d050780 118 4 5 2 3 1 1 16
1365 efb692c000a9488d 118 4 5 2 3 1 1 16
1366 5dca8f419de023d1 118 4 5 2 3 1 1 16
1367 0cd83a49d2e8cb24 118 4 5 2 3 1 1 16
1368 d091781b5be46ee4 117 4 5 2 3 1 0 16
1369 b7b782468dd439a3 116 4 5 2 3 0 0 16
1370 3f9875f477d1a2d9 117 4 5 2 3 1 0 16
1371 dfeab16d64403b7b 117 4 5 2 3 1 0 16
1372 190d9dfc8f22b7fd 117 4 5 2 3 1 0 16
1373 306b562335dfc278 117 4 5 2 3 1 0 16
1374 9fdaa99f815071a1 116 4 5 2 3 0 0 16
1375 2914570f5034825e 116 4 5 2 3 0 0 16
1376 68686a1ad8cc1bfe 117 4 5 2 3 1 0 16
1377 69d65dcb5aa94262 118 4 5 2 3 1 1 16
1378 4d610613797f3284 118 4 5 2 3 1 1 16
1379 1de5ae75b0294fe6 116 4 5 2 3 0 1 16
1380 0b8d487e30efa643 116 4 5 2 3 0 1 16
1381 ecf53b8c1f35d528 115 4 5 2 3 0 1 16
1382 199b53a896b738c1 114 4 5 2 3 0 1 16
1383 a399e7ac8b185ff3 114 4 5 2 3 0 1 16
1384 043e07167a88df6b 114 4 5 2 3 0 1 16
1385 8d11d3cb32161b2b 114 4 5 2 3 0 1 16
1386 1049c680585eee99 113 4 5 2 3 0 1 16
1387 44f798aae30cb357 113 4 5 2 3 0 1 16
1388 9abf1a136a588386 112 4 5 2 3 0 0 16
1389 7a585fee138c2355 112 4 5 2 3 0 0 16
1390 0a8f3c7e79a211e4 111 4 5 2 3 0 0 16
1391 e26e006f3a79bd5d 111 4 5 2 3 0 0 16
1392 cb2b54c56a90d051 111 4 5 2 3 0 0 16
1393 86f05805b7ad5a52 110 4 5 2 3 0 0 15
1394 c640fcaf68331632 110 4 5 2 3 0 0 15
1395 d16773c7ea4cb89b 110 4 5 2 3 0 0 15
1396 f6cb064854ba286b 109 4 5 2 3 0 0 14
1397 26cef247a15cf667 109 4 5 2 3 0 0 14
1398 7ee2da3ebe949b03 109 4 5 2 3 0 0 14
1399 80ed2c8f88d396ab 109 4 5 2 3 0 0 14
1400 bcb028fc6fb78bb8 108 4 5 2 3 0 0 14
1401 f840e87f10dc4309 108 4 5 2 3 0 0 14
1402 e4bccddc5b4a3728 107 4 5 2 3 0 0 14
1403 7378ee292d779827 107 4 5 2 3 0 0 14
1404 573138bbbec3d8d3 106 4 5 2 3 0 0 14
1405 35d944229e319779 106 4 5 2 3 0 0 14
1406 ce499031966fa8eb 106 4 5 2 3 0 0 14
1407 35b77b4a8169abf8 106 4 5 2 3 0 0 14
1408 999e1692f9bd9640 106 4 5 2 3 0 0 14
1409 a90534d6ec247e6a 106 4 5 2 3 0 0 14
1410 1ea93055d5754d75 106 4 5 2 3 0 0 14
1411 a2efca74a51b8c7f 107 4 5 3 3 0 0 14
1412 018b8315d90c53ca 108 4 5 3 3 0 0 14
1413 8c102a59f7d6814c 109 4 5 3 3 0 0 14
1414 c852f153518e4973 110 4 5 3 3 0 0 14
1415 1fcfd4e53b37d2e5 111 4 5 3 3 0 0 14
1416 8c0961dcf3e1f705 111 4 5 3 3 0 0 14
1417 0d7832a9e260b3c6 112 4 5 3 3 0 1 14
1418 efbcfe0fc64654bc 112 4 5 3 3 0 1 14
1419 022891960a0197ab 112 4 5 3 3 0 1 14
1420 0a0781d139d7d2bb 112 4 5 3 3 0 1 14
1421 1c94b0d5773ff46a 112 4 5 3 3 0 1 14
1422 a18343862b9efa46 113 4 5 3 3 0 1 14
1423 482952752f2c13a3 113 4 5 3 3 0 1 14
1424 66dab721d2b1309a 113 4 5 3 3 0 1 14
1425 35d1b458675d62a9 113 4 5 3 3 0 1 14
1426 bafda4683df11b29 114 4 5 3 3 1 1 14
1427 b0be5f1609ead353 114 4 5 3 3 1 1 14
1428 bb228f165040b988 113 4 5 3 3 1 0 14
1429 f61e5d668f7ccf77 113 4 5 3 3 1 0 14
1430 5f19c8f31b6a8e24 114 4 5 3 3 1 0 14
1431 edab13e05d72d64a 113 4 5 3 3 1 0 13
1432 37f3e6cd3db86e39 112 4 5 3 3 1 0 12
1433 11538b269a63ac74 111 4 5 3 3 1 0 12
1434 b8f541cc2778ca15 111 4 5 3 3 1 0 12
1435 861693fbf53eafc4 110 4 5 3 3 1 0 12
1436 e113e7f84a0b28c5 109 4 5 3 3 1 0 11
1437 f8cf71fab346f6e0 107 4 5 3 3 1 0 10
1438 f7e59fc39472c442 107 4 5 3 3 1 0 10
1439 23991141f7b1f638 107 4 5 3 3 1 0 10
1440 59990f6eeb53afba 107 4 5 3 3 1 0 10
1441 d95e64726c44c5dc 108 4 5 3 4 1 0 10
1442 61cee304694ee3a8 108 4 5 3 4 1 0 10
1443 c5aa28d0dfa0a166 107 4 5 3 4 0 0 10
1444 bb50d71a87788c49 108 4 5 3 4 1 0 10
1445 d246676f6e0a91bf 108 4 5 3 4 1 0 10
1446 66eac05b42a88cd4 108 4 5 3 4 1 0 10
1447 0b0704cc4465d943 108 4 5 3 4 1 0 10
1448 2e7630332f8c79dc 108 4 5 3 4 1 0 10
1449 8b60f7708e5f5685 108 4 5 3 4 1 0 10
1450 0528f90e231be737 109 4 5 3 4 2 0 10
1451 f88d451e3e29893e 109 4 5 3 4 2 0 10
1452 fcbf8d50943358af 109 4 5 3 4 2 0 10
1453 615293d5a210c7d4 108 4 5 3 4 1 0 10
1454 ea13249cfebdf78c 110 4 5 3 4 2 0 10
1455 898df2b3e22f02c1 111 4 5 3 4 2 0 10
1456 fadd48aa5b7a8ee0 110 4 5 3 4 2 0 9
1457 0b403330ac1e0aa4 110 4 4 3 4 2 1 9
1458 d79287d05c5f0a64 109 4 4 3 4 1 1 9
1459 eafec7803bb8acb6 109 4 4 3 4 1 1 9
1460 0cdd92444c5cc2b5 110 4 4 3 4 2 1 9
1461 199f0f14e860dd8b 108 4 4 3 4 1 1 9
1462 29f46b4f4f980623 107 4 4 3 4 1 1 8
1463 e555c4e39ca61af5 106 4 3 3 4 1 1 8
1464 8928f2c35d477e6d 106 4 3 3 4 1 1 8
1465 2faac1679f76450e 106 4 3 3 4 1 1 8
1466 54354607ca4bb6ee 106 4 3 3 4 1 1 8
1467 b70fcd43c76c3026 106 4 3 3 4 1 1 8
1468 ee23301733f53f83 106 4 3 3 4 1 1 8
1469 e808ce6a9ed41423 106 4 3 3 4 1 1 8
1470 97504cc95d4863c5 106 4 3 3 4 1 1 8
1471 cf042c24a1e1e862 105 4 3 3 4 0 1 8
1472 f544f9314ede58f6 106 4 3 3 4 1 1 8
1473 d0735cdffbd06bbd 107 4 3 3 4 1 1 8
1474 a4bc92690dd1c157 107 4 3 3 4 1 1 8
1475 b2ceb19738ccc923 106 4 3 3 4 1 1 8
1476 6beec574e343a0b4 106 4 3 3 4 1 1 8
1477 521f4317a6d7a480 105 4 3 3 4 0 1 8
1478 c517905eeddd27f8 105 4 3 3 4 0 1 8
1479 1608f7d20ac516c8 104 4 3 3 4 0 1 8
1480 30338dc43bc13c7e 104 4 3 3 4 0 1 8
1481 88907258f62b95eb 105 4 3 3 4 0 1 8
1482 059ff1a42d2398f5 104 4 3 3 4 0 1 7
1483 31d7ece626d3e87b 105 4 3 3 4 1 1 7
1484 e576a911a4668054 105 4 3 3 4 1 1 7
1485 b6c5a0b243144339 106 4 3 3 4 1 1 7
1486 710c8acb08c8349d 106 4 3 3 4 1 1 7
1487 9f8c94af676e7b11 107 4 3 3 4 1 1 7
1488 1edd00c0dbffbca8 107 4 3 3 4 1 1 7
1489 8c299ea49e3c05e6 106 4 3 3 4 1 1 7
1490 10c8d01ad41b6939 106 4 3 3 4 1 1 7
1491 4150e4564b43c2f6 105 4 3 3 4 1 1 7
1492 b356f5f16eff221c 105 4 3 3 4 1 1 7
1493 a8ff1f211ab3a317 105 4 3 3 4 1 1 7
1494 d20319b7f7c3829d 103 4 3 3 4 0 1 6
1495 58edf72a187f4c0d 103 4 2 3 4 1 1 6
1496 86ee305a674ccedb 103 4 2 3 4 1 1 6
1497 4bc5c7f13cdbeb89 103 4 2 3 4 1 1 6
1498 0c2b5b0b41f24f62 102 4 2 3 4 1 0 6
1499 c338babbe9043b0a 102 4 2 3 4 1 0 6
1500 a0f8287d9ca0742d 101 4 2 3 4 0 0 6
1501 1218c3723429848a 102 4 2 3 4 1 0 6
1502 9346d77268ba58cf 103 4 2 3 4 1 0 6
1503 c1b290ab201b382c 104 4 2 3 4 1 0 6
1504 d744af53d9feb38f 104 4 2 3 4 1 0 6
1505 863c7fe4cfa17716 103 4 2 3 4 0 0 6
1506 e0428edd5cf41cbd 104 4 2 3 4 0 0 6
1507 38fddd55829f5d7f 106 4 2 3 4 1 0 6
1508 7c577dc822a64d4f 105 4 2 3 4 1 0 6
1509 b642bbe2e41d2f9b 106 4 2 3 4 1 0 6
1510 e4e62e56ff8703e1 105 4 2 3 4 0 0 6
1511 f117657365d66635 105 4 2 3 4 0 0 6
1512 42a9b1b24c39043d 105 4 2 3 4 0 0 6
1513 4089fd9ae0ad054f 106 4 2 3 4 0 0 6
1514 67daadef0be0caf1 106 4 2 3 4 0 0 6
1515 d6d42298b7d88487 107 4 2 3 4 0 0 6
1516 a2a55e3aa62a69aa 107 4 2 3 4 0 0 6
1517 dff76fe43728c0f2 108 4 2 3 4 0 0 6
1518 60c366acfae061b5 108 4 2 3 4 0 0 6
1519 e50726c0367351eb 108 4 2 3 4 0 0 6
1520 7796aad872e9a6a6 108 4 2 3 4 0 0 6
1521 4fdf62ba628383db 108 4 2 3 4 0 0 6
1522 08de5654dcf573cc 108 4 2 3 4 0 0 6
1523 f5c21606ad815b34 109 4 2 3 4 0 0 6
1524 b191085625e3a47b 109 4 2 3 4 0 0 6
1525 40f1e63760de2137 108 4 2 3 4 0 0 6
1526 e170485f858c06d8 107 4 2 3 4 0 0 6
1527 6e70c75868234767 106 4 2 3 4 0 0 6
1528 1401cbb1337a3e6a 106 4 2 3 4 0 0 6
1529 4c7ebda714c00b86 106 4 2 3 4 0 0 6
1530 25daa6a64701fd9c 106 4 2 3 4 0 0 6
1531 2141b42dcecda56b 108 4 3 3 4 0 0 6
1532 64d254dc12ad9ad0 108 4 3 3 4 0 0 6
1533 7f2e84b120092f1d 108 4 3 3 4 0 0 6
1534 b8b69969d6c42ed1 109 4 3 3 4 0 0 6
1535 7c48df604a141f0a 109 4 3 3 4 0 0 6
1536 7912bda12ed33a10 110 4 3 3 4 0 0 6
1537 45e8ec45e6f57606 110 4 3 3 4 0 0 6
1538 8f6b9508b372eef1 109 4 3 3 4 0 0 5
1539 d9803f64420cb377 109 4 3 3 4 0 0 5
1540 66d2ceda4f71aaa5 109 4 3 3 4 0 0 5
1541 aa9232218a980d21 109 4 3 3 4 0 0 5
1542 914cd59c02f58e4b 110 4 3 3 4 0 0 5
1543 7c0888316dceea63 110 4 3 3 4 0 0 5
1544 112563eff98b4437 110 4 3 3 4 0 0 5
1545 4e67260294249bd2 110 4 3 3 4 0 0 5
1546 7ed08837da72e792 110 4 3 3 4 0 0 5
1547 4fcbf252f4f38320 110 4 3 3 4 0 0 5
1548 7f4133c374ad12f7 110 4 3 3 4 0 0 5
1549 93b99a95bc4fd4f3 110 4 3 3 4 0 0 5
1550 2d5b8d582d8cf219 110 4 3 3 4 0 0 5
1551 1423c1f93caad757 110 4 3 3 4 0 0 5
1552 be961dbfaabb8095 110 4 3 3 4 0 0 5
1553 cd0303070d488ca2 110 4 3 3 4 0 0 5
1554 94e3d44c41934fda 110 4 3 3 4 0 0 5
1555 6bae393a4db470ab 110 4 3 3 4 0 0 5
1556 e98961d023e1d3e5 110 4 3 3 4 0 0 5
1557 b00f15ce31bea983 109 4 3 3 4 0 0 5
1558 1bf63258ad73d55e 108 4 3 3 4 0 0 5
1559 6d444188f36ec3f9 108 4 3 3 4 0 0 5
1560 7e3aa3b42badffde 108 4 3 3 4 0 0 5
1561 230feb4e90ac1b39 108 4 3 3 4 0 0 5
1562 4f373823247e0790 108 4 3 3 4 0 0 5
1563 a0456304c51d4827 108 4 3 3 4 0 0 5
1564 0e1e64c902445b80 108 4 3 3 4 0 0 5
1565 b37093ecd7b4a944 108 4 3 3 4 0 0 5
1566 39e194240ddca98d 108 4 3 3 4 0 0 5
1567 a059b0cf0627b266 108 4 3 3 4 0 0 5
1568 4dc6cea02e65f98f 108 4 3 3 4 0 0 5
1569 a413418a3e464c17 108 4 3 3 4 1 0 5
1570 c97c3037767d023d 108 4 3 3 4 1 0 5
1571 5fd8eca72bebece7 108 4 3 3 4 1 0 5
1572 b7eac93c80afe4e3 108 4 3 3 4 1 0 5
1573 9691e266c930b062 108 4 3 3 4 1 0 5
1574 81086e2d4f4cccaa 108 4 3 3 4 1 0 5
1575 2224a532a013ad68 109 4 3 3 4 1 0 5
1576 4e8b4319b957dd2d 109 4 3 3 4 1 0 5
1577 e4c7d49bd8eb09ba 109 4 3 3 4 1 0 5
1578 3e4dca2d33d9a218 110 4 3 3 4 1 1 5
1579 29547daf4fb46c0f 110 4 3 3 4 1 1 5
1580 58f6eb03c752b384 109 4 3 3 4 1 1 5
1581 12c733ab72cfcf8e 110 4 3 3 4 1 1 5
1582 6468da30eea30ce3 110 4 3 3 4 1 1 5
1583 ce394aebda3254cd 110 4 3 3 4 1 1 5
1584 658c54cc4516f145 110 4 3 3 4 1 1 5
1585 373e4d23e3497b49 110 4 3 3 4 1 1 5
1586 eee89e35efb5f591 108 4 3 3 4 0 1 4
1587 7c51c123a8e0075d 109 4 3 3 4 1 1 4
1588 f2dfe9fcf103ff06 109 4 3 3 4 1 1 4
1589 591e1b8625937b7f 109 4 3 3 4 1 1 4
1590 57ad8416d9969ef7 109 4 3 3 4 1 1 4
1591 e609e8bcb4c6534c 107 4 3 3 4 0 1 4
1592 9d6cd82ee2cde1c1 107 4 3 3 4 0 1 4
1593 7b9100fee99f9366 108 4 3 3 4 1 1 4
1594 7c1af7b596f77f4b 108 4 3 3 4 1 1 4
1595 fba6bb2610b6c750 108 4 3 3 4 1 1 4
1596 3c1c1fe9f58e5bd4 107 4 3 3 4 0 1 4
1597 c1fbbd656e0d8e84 107 4 3 3 4 0 1 4
1598 cfa52de941f487bb 105 4 3 3 4 0 1 2
1599 b7399377daac9e8a 105 4 3 3 4 0 1 2
1600 485a143fdc624fd5 105 4 3 3 4 0 1 2
1601 97e27cb9ad25c616 106 4 3 3 4 0 1 2
1602 1d2e7af60ad22a28 106 4 3 3 4 0 1 2
1603 e65c26f9b520a67d 105 4 3 3 4 0 1 2
1604 2fc05a1d9db577fe 106 4 3 3 4 0 1 2
1605 2a6c41a61eb145a1 106 4 3 3 4 0 1 2
1606 9c13c12f193cc0d6 106 4 3 3 4 0 1 2
1607 0f610b682f2d0fa2 105 4 3 3 4 0 1 2
1608 6815285b7fb46188 105 4 3 3 4 0 1 2
1609 a9ab0b5390d75a1d 104 4 3 3 4 0 1 2
1610 e1b6294d1706c570 104 4 3 3 4 0 1 2
1611 a79a85b48c02f6fc 105 4 3 3 4 0 1 2
1612 a2750a5709698b8b 106 4 3 3 4 0 1 2
1613 31166d4b4e14023f 105 4 3 3 4 0 1 2
1614 bd154bf47dcc6de3 105 4 3 3 4 0 1 2
1615 44ef274b0de06db8 106 4 3 3 4 0 1 2
1616 9303c350b0532bcf 105 4 3 3 4 0 1 1
1617 76d49ce3f3841247 105 4 3 3 4 0 1 1
1618 a32d56c8b86d08fc 105 4 3 3 4 0 2 1
1619 fbc7e2b12ae79fad 105 4 3 3 4 0 2 1
1620 508e94ceeab24982 105 4 3 3 4 0 2 1
1621 8890c1ebcc4fcd2b 105 4 3 3 4 0 2 1
1622 3f36c7cf6e3efc85 104 4 3 3 4 0 2 1
1623 4282da59124d3277 104 4 3 3 4 0 2 1
1624 84f3a9c4c2eaba91 104 4 3 3 4 0 2 1
1625 a45ab8cd330efdb0 104 4 3 3 4 0 2 1
1626 ed27bef0d710863f 104 4 3 3 4 0 2 1
1627 b7d8cb5666953c6d 104 4 3 3 4 0 2 1
1628 dfb5eb574a138934 106 4 3 3 4 0 2 1
1629 bce59d15e2ad9e46 106 4 3 3 4 0 2 1
1630 de97f95d116b05f3 106 4 3 3 4 0 2 1
1631 3031414adce99803 104 4 3 3 4 0 2 0
1632 f5c486c46f35ad84 104 4 3 3 4 0 2 0
1633 1afb025c993dda22 104 4 3 3 4 0 2 0
1634 b44332576769f374 104 4 3 3 4 0 2 0
1635 69856bd4f95a392f 104 4 3 3 4 0 2 0
1636 5505be2bd53dad00 104 4 3 3 4 0 2 0
1637 650f6050265e87c0 104 4 3 3 4 0 2 0
1638 35f0fd125b6b4358 104 4 3 3 4 0 2 0
1639 2096412aacf42560 104 4 3 3 4 0 2 0
1640 7e8fe242a867bea5 104 4 3 3 4 0 2 0
1641 0e865917d1db44a4 104 4 3 3 4 0 2 0
1642 b2d086b844e5596c 104 4 3 3 4 0 2 0
1643 2ccb97fff133f6f2 104 4 3 3 4 0 2 0
1644 2d121a31d942500a 104 4 3 3 4 0 2 0
1645 f9813ee9eea2be83 104 4 3 3 4 0 2 0
1646 6b822421eea4e1cf 104 4 3 3 4 0 2 0
1647 ec4a52658cb413c9 104 4 3 3 4 0 2 0
1648 b72408c1a126fd34 103 4 3 3 4 0 2 0
1649 c3d0ea88e8b0d027 102 4 3 3 4 0 2 0
1650 648d22a0250a76fd 100 4 3 3 4 0 2 0
1651 cd943585717ca60d 100 4 4 3 4 0 2 0
1652 caf73717262d88c9 101 4 4 3 4 0 2 0
1653 070667f9b0ae72ec 100 4 4 3 4 0 2 0
1654 bf0ee4d63a7bc69d 100 4 4 3 4 0 2 0
1655 8f65858fc90eccba 99 4 4 3 4 0 2 0
1656 e0ba5d583c892d6f 100 4 4 3 4 0 3 0
1657 340c7a4713d3ee3a 99 4 4 3 4 0 3 0
1658 42e6154fd80fe738 100 4 4 3 4 0 4 0
1659 1da802bdec6fa65a 100 4 4 3 4 0 4 0
1660 c8f4b7611abba5c1 100 4 4 3 4 0 4 0
1661 6621e39a7a7414d2 100 4 4 3 4 0 4 0
1662 fc0f0aef82d9777c 99 4 4 3 4 0 4 0
1663 f8dc50d7d0c34035 99 4 4 3 4 0 4 0
1664 c1dc844d8d23808e 99 4 4 3 4 0 4 0
1665 05e4d0048b9430a8 99 4 4 3 4 0 4 0
1666 93fd3da0d7fd76ff 99 4 4 3 4 0 4 0
1667 32b2593ec09c365e 99 4 4 3 4 0 4 0
1668 1e327f4bef26de1c 99 4 4 3 4 0 4 0
1669 e55d15c8e67ca372 98 4 4 3 4 0 4 0
1670 0b0506f1e6ba834a 98 4 4 3 4 0 4 0
1671 e646b15258d26d01 99 4 4 3 4 0 4 0
1672 81a674c694c4df75 99 4 4 3 4 0 4 0
1673 ba0d273edc62c8b7 98 4 4 3 4 0 3 0
1674 831bbde8f5bf310c 98 4 4 3 4 0 3 0
1675 d5c3b54d01a76a2d 98 4 4 3 4 0 3 0
1676 ee32ccca69a3388a 97 4 4 3 4 0 3 0
1677 f7e54117aa5e2dc5 97 4 4 3 4 0 3 0
1678 f0e7c234f4fa0215 97 4 4 3 4 0 3 0
1679 6439d351b5a2b767 97 4 4 3 4 0 3 0
1680 ff04a69a7de17c7e 96 4 4 3 4 0 3 0
1681 9d613933f4c69959 97 4 4 3 4 0 3 0
1682 f300f716ebd93ed1 98 4 4 3 4 1 3 0
1683 1aab5543f63f1605 98 4 4 3 4 1 3 0
1684 1bdd8ec2589fda6f 97 4 4 3 4 1 3 0
1685 ffd999be0944ef43 98 4 4 3 4 1 3 0
1686 d9d372ba299bf9ae 98 4 4 3 4 1 3 0
1687 31cb035a916d157e 98 4 4 3 4 1 3 0
1688 ceb7a69366b2c647 98 4 4 3 4 1 3 0
1689 a5a7bddb538414e6 98 4 4 3 4 1 3 0
1690 23bd976c7722ae4f 97 4 4 3 4 1 2 0
1691 36b3dce29aa0b744 98 4 4 3 4 1 2 0
1692 641ae0eecc4e87e5 98 4 4 3 4 1 2 0
1693 f9f134d42fe91853 97 4 4 3 4 0 2 0
1694 a93824c516b581a9 98 4 4 3 4 1 2 0
1695 5d3b5d86c04c237e 98 4 4 3 4 1 2 0
1696 25cb4fe6cbee388c 99 4 4 3 4 1 3 0
1697 6bc974572a960f51 98 4 4 3 4 1 3 0
1698 d4588ea671c156fc 99 4 4 3 4 1 4 0
1699 6139c71a44c86ea9 98 4 4 3 4 0 4 0
1700 a09bd0ee0ecb6b9f 99 4 4 3 4 1 4 0
1701 4b7930304750ee66 99 4 4 3 4 1 4 0
1702 00539866370d2842 99 4 4 3 4 1 4 0
1703 e7002f2751e40eb3 99 4 4 3 4 1 4 0
1704 f71cafc726d9c4df 98 4 4 3 4 0 4 0
1705 5373553763abb415 98 4 4 3 4 0 4 0
1706 e9e25a5dd0b3e3c8 98 4 4 3 4 1 4 0
1707 a939f1dfbccdfddc 98 4 4 3 4 1 4 0
1708 243dc7145dde31e5 99 4 4 3 4 1 4 0
1709 335ab1ae43629093 99 4 4 3 4 0 4 0
1710 6d84c3e088b1c2b0 99 4 4 3 4 0 4 0
1711 655776b8c39bfd3f 98 4 4 3 4 0 3 0
1712 ad05420370f41859 98 4 4 3 4 0 3 0
1713 425f05733c205e43 98 4 4 3 4 0 3 0
1714 1301af5fae1ee58c 99 4 4 3 4 0 3 0
1715 28eb96de49dc42c2 99 4 4 3 4 0 3 0
1716 62ad995d9dea7e46 98 4 4 3 4 0 3 0
1717 121c9d286716d92c 98 4 4 3 4 0 3 0
1718 45b5532972efc05e 98 4 4 3 4 0 3 0
1719 c8b9864da229facb 98 4 4 3 4 0 3 0
1720 2194c8d2b19ed88a 98 4 4 3 4 0 3 0
1721 94071bf1152d314b 98 4 4 3 4 0 3 0
1722 469ebf1b37ffb545 97 4 4 3 4 0 3 0
1723 5c252b0a7c878b2c 97 4 4 3 4 0 3 0
1724 b199866a6647df88 97 4 4 3 4 0 3 0
1725 122307e6741fe709 97 4 4 3 4 0 3 0
1726 2b8d11c78966c159 97 4 4 3 4 0 3 0
1727 65e02795e5251df8 98 4 4 3 4 0 3 0
1728 8903438533a80b11 98 4 4 3 4 0 3 0
1729 16c88e118f84b73b 97 4 4 3 4 0 2 0
1730 a408b660e9c904f1 98 4 4 3 4 0 2 0
1731 01f227724a48ec75 98 4 4 3 4 0 2 0
1732 58193bb8fc9e8c66 98 4 4 3 4 0 2 0
1733 a9add7140d5927ab 98 4 4 3 4 0 2 0
1734 e67e02c99ecd6075 98 4 4 3 4 0 2 0
1735 dcc494512df984e2 98 4 4 3 4 0 2 0
1736 f7910d96fd7c8bf0 100 4 4 3 4 0 3 0
1737 b502f62847f7c344 100 4 4 3 4 0 3 0
1738 58c179f0a91a8cc9 100 4 4 3 4 0 3 0
1739 2739df1097e09ff5 100 4 4 3 4 0 3 1
1740 8663f6673ced06af 100 4 4 3 4 0 3 1
1741 4fdd67b5b709b6e6 101 4 4 3 4 0 3 1
1742 1d4e72454bab651d 101 4 4 3 4 0 3 1
1743 183b9d651f46a0ee 102 4 4 3 4 0 3 1
1744 918927f65f1f6417 102 4 4 3 4 0 3 1
1745 77554eaf375e8dfe 103 4 4 3 4 0 3 2
1746 81c3b0446da1b007 103 4 4 3 4 0 3 2
1747 28e513f2cc82ea15 103 4 4 3 4 0 3 2
1748 d47e084800d68738 103 4 4 3 4 0 3 2
1749 60f57d4867a4a649 103 4 4 3 4 0 3 2
1750 7adca40df51e6b0d 104 4 4 3 4 0 3 2
1751 bbeb0adeab148ea3 105 4 4 3 4 0 3 3
1752 fe1887eea4a49f50 105 4 4 3 4 0 3 3
1753 f34a2ec59079145e 105 4 4 3 4 0 3 3
1754 0827bc53552e02e4 105 4 4 3 4 0 3 3
1755 47e4d86fbd1aad99 104 4 4 3 4 0 3 3
1756 8bd3e43280659f38 104 4 4 3 4 0 3 3
1757 bc1afda55f8747b7 105 4 4 3 4 0 3 4
1758 4ffaa741ff748ba6 105 4 4 3 4 0 3 4
1759 6c5b96cf080ba46d 106 4 4 3 4 0 3 5
1760 1fab498bd62976b6 106 4 4 3 4 0 3 5
1761 7579138767689af3 106 4 4 3 4 0 3 5
1762 d9d2f6d64b7b5d0e 106 4 4 3 4 0 3 5
1763 d34af524842b56ab 107 4 4 3 4 0 3 6
1764 0758570cd1392c33 107 4 4 3 4 0 3 6
1765 ee535c320b1d0ef3 108 4 4 3 4 0 3 7
1766 66477c40ea0b6ef7 108 4 4 3 4 0 3 7
1767 4cbcd8517fe27d30 108 4 4 3 4 0 3 7
1768 9e4a312f15e9f4e3 107 4 4 3 4 0 3 7
1769 cc292cb157b86434 108 4 4 3 4 0 2 9
1770 3fb693d8c4f902ab 108 4 4 3 4 0 2 9
1771 967d87b30d2ba822 110 4 4 4 4 0 2 10
1772 e286e29b588bbc6b 110 4 4 4 4 0 2 10
1773 5830b1acc5337d10 110 4 4 4 4 0 2 10
1774 3be94d427087216f 109 4 4 4 4 0 2 10
1775 18d11f7d33879a98 110 4 4 4 4 0 2 12
1776 bba977b502412540 111 4 4 4 4 0 3 12
1777 f5a3204a2bebab9d 112 4 4 4 4 0 3 13
1778 ca350dd190e9b5d2 111 4 4 4 4 0 2 13
1779 5dc4562ada699088 111 4 4 4 4 0 2 13
1780 248f9044b2bfcf23 112 4 4 4 4 0 2 13
1781 4d81ebb5608e3ddf 114 4 4 4 4 0 2 15
1782 259d7fa7b304c2b8 113 4 4 4 4 0 2 15
1783 c5f1304f1ac0135d 113 4 4 4 4 0 2 16
1784 0efca63d142c4ab8 113 4 4 4 4 0 2 16
1785 bb6f3c5ec65bbc60 113 4 4 4 4 0 2 16
1786 80de270f476a94d3 113 4 4 4 4 0 2 16
1787 604ef29556a99974 114 4 4 4 4 0 2 17
1788 4f7d33f93eba9a71 114 4 4 4 4 0 2 17
1789 e76a3d74ac890c5c 115 4 4 4 4 0 2 18
1790 d8bb9707d37fc432 116 4 4 4 4 0 2 19
1791 959755834f7f07c5 116 4 4 4 4 0 2 19
1792 63771ab67b815ed9 116 4 4 4 4 0 2 19
1793 5fa9c00792e859e1 117 4 4 4 4 0 2 20
1794 803f4750a9312389 118 4 4 4 4 1 2 20
1795 4534e336084d81c3 119 4 4 4 4 1 2 21
1796 4eaff6ad8ebffe90 119 4 4 4 4 1 2 21
1797 3cdf36fe72790bbd 119 4 4 4 4 1 2 21
1798 152a04b356783c52 119 4 4 4 4 1 2 21
1799 29fd3f68596b5f74 121 4 4 4 4 1 2 22
1800 3b24e8d2345caa82 122 4 4 4 4 2 2 22
1801 f85ddf32de86c824 123 4 4 4 5 1 2 23
1802 d33f607a04663430 124 4 4 4 5 1 2 23
1803 50f1e7eb095b9f2a 125 4 4 4 5 1 2 23
1804 8273b9170c9ef7eb 125 4 4 4 5 1 2 23
1805 1512bae17e9083dc 124 4 4 4 5 1 2 24
1806 f724e832d9cf5c02 125 4 4 4 5 1 2 24
1807 f1ce4a2403bb9443 125 4 4 4 5 1 2 24
1808 c61fc4b401cfd3a2 125 4 4 4 5 1 2 24
1809 e20050334857b630 124 4 4 4 5 1 1 24
1810 45026f27d2afe421 125 4 4 4 5 1 1 25
1811 9a2a79dc6464e521 125 4 4 4 5 0 1 26
1812 5e5e999569fa1176 126 4 4 4 5 1 1 26
1813 c3f751ef0287e1f8 126 4 4 4 5 1 1 26
1814 b647fd4a58c487d9 126 4 4 4 5 1 1 26
1815 060fc0860a0d1381 127 4 4 4 5 1 1 26
1816 e467baff65e9f1e4 127 4 4 4 5 1 1 26
1817 015114d92960b954 126 4 4 4 5 0 1 26
1818 08beef1c21a27ce6 127 4 4 4 5 1 1 26
1819 974839bad58e072f 126 4 4 4 5 1 0 26
1820 c5ac517a505ff2e7 128 4 4 4 5 1 0 27
1821 eacb38c3f6f18eab 128 4 4 4 5 1 0 27
1822 794ddea6f95a6bc9 127 4 4 4 5 0 0 27
1823 4e1914d50aa61080 128 4 4 4 5 0 0 27
1824 22c041d02c5f2df1 128 4 4 4 5 0 0 27
1825 6973e5885b85d8fc 128 4 4 4 5 0 0 27
1826 10b390a3ea115b05 128 4 4 4 5 0 0 27
1827 646051b366391da8 127 4 4 4 5 0 0 26
1828 3980d1cd666f65db 128 4 4 4 5 0 0 26
1829 414e64eae2c567df 128 4 4 4 5 0 0 26
1830 a105a0ba1da2e25a 128 4 4 4 5 0 0 26
1831 a89d07ad903896d3 128 4 4 4 5 0 0 26
1832 c52855d2469c547a 129 4 4 4 5 0 0 26
1833 7dffc3918f52f14d 130 4 4 4 5 1 0 26
1834 9ba3748de5828ee8 130 4 4 4 5 1 0 26
1835 245f6221b897b127 129 4 4 4 5 1 0 25
1836 97822737ede844a9 127 4 4 4 5 1 0 24
1837 71abe7c0bd35815b 127 4 3 4 5 1 0 24
1838 899e31e89008567e 127 4 3 4 5 1 0 24
1839 8d48c07c825dc75b 128 4 3 4 5 2 0 24
1840 78feab0ef75dbff1 127 4 3 4 5 1 0 24
1841 232676e7cc80cbdb 127 4 3 4 5 1 0 24
1842 8f8f2bc03f7cff73 127 4 3 4 5 1 0 23
1843 5c48ea8f4cc85755 127 4 3 4 5 1 0 23
1844 0d4d44fad8df301f 127 4 3 4 5 1 0 23
1845 c17139eb57712388 127 4 3 4 5 1 0 23
1846 029eafd8c1ed1250 127 4 3 4 5 1 0 23
1847 9c67c61001882bc7 127 4 3 4 5 1 0 23
1848 13237687b3f66004 126 4 3 4 5 1 0 23
1849 e68b4b6b8abfb8c2 126 4 3 4 5 1 0 23
1850 1844785f3322da07 126 4 3 4 5 0 0 23
1851 1b1f25936473b7e5 127 4 3 4 5 1 0 22
1852 4425a635f36e2bb7 127 4 3 4 5 1 0 22
1853 682dbcd54d1c5fe6 127 4 3 4 5 1 0 22
1854 d835d6a7c81b87b8 127 4 3 4 5 1 0 22
1855 83b176d2605e1620 127 4 3 4 5 0 0 22
1856 71495c815dfd2fdc 128 4 3 4 5 0 1 22
1857 cc3cdec11cc25ea0 130 4 3 4 5 1 1 22
1858 ac3781ac38cb9d0d 130 4 3 4 5 1 1 22
1859 1bd35f1e83187b39 130 4 3 4 5 1 1 22
1860 7e121af629e891a2 129 4 3 4 5 0 1 22
1861 20935adf64989eda 129 4 3 4 5 0 1 22
1862 ff9e8639bbf1949b 130 4 3 4 5 0 1 22
1863 4bf7b6dd90a6f85c 130 4 3 4 5 0 1 22
1864 cb7466e9b4344d47 131 4 3 4 5 0 1 22
1865 a9068f9a8c275672 132 4 3 4 5 0 1 22
1866 85906bec8616cc8e 132 4 3 4 5 0 1 22
1867 4096d781b2d7dfcb 132 4 3 4 5 0 1 22
1868 3211eb5ceb930847 132 4 3 4 5 0 1 22
1869 02cc058a8f227ae5 132 4 3 4 5 0 1 22
1870 3a94edd8c1b98591 133 4 3 4 5 0 1 22
1871 f47c171b852a4f71 134 4 3 4 5 0 1 22
1872 6ab5c9865725b5f3 135 4 3 4 5 0 1 22
1873 65cb6265fcd23f54 135 4 3 4 5 0 1 22
1874 13bb1e15068c0a46 136 4 3 4 5 0 1 22
1875 48e17d2adf42c2b2 136 4 3 4 5 0 1 22
1876 abae5dae0feb8d0b 136 4 3 4 5 0 1 22
1877 b28958c648dffcfb 136 4 3 4 5 0 1 22
1878 c43d1ac75b920749 136 4 3 4 5 0 1 22
1879 8df65137c1f904b6 136 4 3 4 5 0 1 22
1880 e62b05cfc7662c5f 137 4 3 4 5 0 1 23
1881 372871a6cd0569ac 137 4 3 4 5 0 1 23
1882 3a28236bdfff4c97 137 4 3 4 5 0 1 23
1883 7e3d91861a688f7f 137 4 3 4 5 0 1 23
1884 3e921b716731e52d 136 4 3 4 5 0 1 23
1885 818276841dfd96bf 136 4 3 4 5 0 1 23
1886 fad7f84083be15b9 137 4 3 4 5 0 1 24
1887 0126c6366d2f9ee5 137 4 3 4 5 0 1 24
1888 33dffb67bf6a90a2 137 4 3 4 5 0 1 24
1889 7e15382be4f6d0b0 137 4 3 4 5 0 1 24
1890 63d80c4b9acd31ea 137 4 3 4 5 0 1 24
1891 38cf14cd70f7fe32 140 4 4 4 6 0 1 24
1892 87d1305353b57d41 141 4 4 4 6 0 1 25
1893 0481d7d44a93044a 141 4 4 4 6 0 1 25
1894 38a3fd2b884c9dea 140 4 4 4 6 0 1 25
1895 45fb6248e70298f4 139 4 4 4 6 0 1 25
1896 0f0417345f687223 140 4 4 4 6 0 2 25
1897 9c70e26558bf506a 140 4 4 4 6 0 2 25
1898 dc4028ba88352f70 141 4 4 4 6 0 2 26
1899 05aa7a8afb2a76e1 142 4 4 4 6 0 2 26
1900 cfc37859d2c7769c 143 4 4 4 6 0 2 26
1901 522fb2266b09f8aa 145 4 4 4 6 0 2 26
1902 7b0ea1ed0674d9db 144 4 4 4 6 0 2 26
1903 2841e70f7370dcf4 144 4 4 4 6 0 2 26
1904 192af14d684e75f7 144 4 4 4 6 0 1 27
1905 d05e2d89961d10ef 144 4 4 4 6 0 1 27
1906 fcb168b400fcf928 144 4 4 4 6 0 1 27
1907 2de88fd05aaf1b69 144 4 4 4 6 0 1 27
1908 e5606c280ecaecd8 145 4 4 4 6 0 1 27
1909 4cbd768373a1de2e 146 4 4 4 6 0 1 27
1910 cd047868b22ed0b3 146 4 4 4 6 0 1 28
1911 38ad4cb3d730303b 146 4 4 4 6 0 1 28
1912 52bb7edd3ad30d0f 146 4 4 4 6 0 1 28
1913 36cbc001e5187903 146 4 4 4 6 0 1 28
1914 bbbd878ef129d4db 146 4 4 4 6 0 1 28
1915 b6daa53442d3bb5d 148 4 4 4 6 0 1 28
1916 02cef1edd1117d1a 149 4 4 4 6 0 1 29
1917 bfdfef41d5fe0a92 149 4 4 4 6 0 1 29
1918 7210940bc8f3cb4a 149 4 4 4 6 0 1 29
1919 213eb8a60f40822c 148 4 4 4 6 0 1 29
1920 0ddf21f8ed5f15eb 148 4 4 4 6 0 1 29
1921 5c5f5ad896c12971 148 4 4 4 6 0 1 29
1922 d3efccce816a1750 149 4 4 4 6 0 1 30
1923 54ab92f4fcfa3187 149 4 4 4 6 0 1 30
1924 e2d22b373e1d55b1 148 4 4 4 6 0 1 29
1925 a874a62e00c2a41c 147 4 3 4 6 0 0 29
1926 093842d65c74ab23 147 4 3 4 6 0 0 29
1927 d3e84520dd961668 147 4 3 4 6 0 0 29
1928 f9901a2aa5d710a2 148 4 3 4 6 0 0 29
1929 9ecb714dfadd695f 148 4 3 4 6 0 0 29
1930 d3f915dd17ecef0b 148 4 3 4 6 0 0 29
1931 ad24fa9fc1a1c8cc 150 4 3 4 6 0 0 30
1932 1b0fbba43b84aad7 149 4 3 4 6 0 0 29
1933 5139232fae1131a9 149 4 3 4 6 0 0 29
1934 d7f38a71e4ea1f5e 149 4 3 4 6 0 0 29
1935 e14d7c631e595e83 147 4 3 4 6 0 0 28
1936 89b71a4def0ade30 148 4 3 4 6 0 1 28
1937 6e24ff68230c4f16 149 4 3 4 6 0 1 28
1938 5f90574bd27d019a 150 4 3 4 6 0 1 28
1939 89f196184a26079d 150 4 3 4 6 0 1 28
1940 98d593fe185f57d7 150 4 3 4 6 0 1 28
1941 441e7af3dcf0103c 150 4 3 4 6 0 1 28
1942 485ed2c498821ccc 151 4 3 4 6 0 1 28
1943 a82b31145cfffd20 150 4 3 4 6 0 1 27
1944 dd4228c3ac776c44 149 4 3 4 6 0 1 26
1945 5e3864b4202dfb4c 148 4 3 4 6 0 1 25
1946 6eaf36f1a35579d0 147 4 2 4 6 0 1 25
1947 afaca2d7606d687f 147 4 2 4 6 0 1 25
1948 231f88e88f325730 146 4 2 4 6 0 1 25
1949 e36454eb9662567a 146 4 2 4 6 0 1 25
1950 f7ce7798ee973f85 146 4 2 4 6 0 1 25
1951 4eef57a3c85eb9a1 146 4 2 4 6 0 1 25
1952 59ef4b4d8ce73c9c 146 4 2 4 6 0 1 25
1953 9bf6782abc4c4da5 145 4 2 4 6 0 1 25
1954 07079ac672eadf06 145 4 2 4 6 0 1 25
1955 200774e730fffe98 145 4 2 4 6 0 1 25
1956 a5e65ff6ccc273b8 145 4 2 4 6 0 1 25
1957 6e26f16d6df61b16 144 4 2 4 6 0 1 24
1958 34fa24ac2a593cbe 144 4 2 4 6 0 1 24
1959 8b08e7d55e0926f8 143 4 2 4 6 0 1 24
1960 717979166a76b9ab 144 4 2 4 6 0 2 24
1961 27ae5eaba1d545aa 142 4 2 4 6 0 1 24
1962 a11bdc79eadab504 141 4 2 4 5 0 1 24
1963 7efe2dcf592ac351 141 4 2 4 5 0 1 24
1964 2322b6f92728bc3c 141 4 2 4 5 0 1 24
1965 726a8981b7f43ef4 140 4 2 4 5 0 1 24
1966 d879325635d44013 140 4 2 4 5 0 1 24
1967 2905c2e9fac17b08 139 4 2 4 5 0 1 24
1968 4ff2db2a4485c848 139 4 2 4 5 0 1 24
1969 9ef4c132b08d5821 138 4 2 4 5 0 1 23
1970 66386b3733312dfd 138 4 2 4 5 0 1 23
1971 470e1a719950c109 138 4 2 4 5 0 1 23
1972 0b4ea5fefbdcacc0 139 4 2 4 5 0 1 23
1973 d67d78bd855489d6 139 4 2 4 5 0 1 23
1974 84d1a35f645c17ba 139 4 2 4 5 0 1 23
1975 cbc78b4ba4674c7b 139 4 2 4 5 0 1 23
1976 e58952a73c88cdcb 139 4 2 4 5 0 1 23
1977 a2c6793dab99c753 139 4 2 4 5 0 1 23
1978 d21d88476339a4f7 140 4 2 4 5 0 1 23
1979 8c1e6be287ea5791 140 4 2 4 5 0 1 23
1980 f4bc9383aa7c0075 140 4 2 4 5 0 1 23
1981 7fff5b96b97592f2 140 4 2 4 5 0 1 23
1982 629eac9bbd0848d6 139 4 2 4 5 0 1 23
1983 7aa2f3cfb663a2d9 139 4 2 4 5 0 1 23
1984 db30becc3ebfdfc2 140 4 2 4 5 0 1 23
1985 9afd452c55ebfdce 141 4 2 4 5 0 1 23
1986 8b0f89589939d4ca 140 4 2 4 5 0 1 23
1987 c8d0768d197485f2 139 4 2 4 5 0 1 23
1988 e3d553cbab345459 139 4 2 4 5 0 1 23
1989 199cd318012d3051 138 4 2 4 5 0 1 23
1990 922fad77ac96b9ba 138 4 2 4 5 0 1 23
1991 31c57e10a52789ba 138 4 2 4 5 0 1 23
1992 d877c7a5629703de 138 4 2 4 5 0 1 23
1993 657590753dd2f312 137 4 2 4 5 0 1 23
1994 bee629e797bf39c1 137 4 2 4 5 0 1 23
1995 35c11497851075ca 137 4 2 4 5 0 1 23
1996 bbf9da2e084c416b 137 4 2 4 5 0 1 23
1997 c838bede06816abc 137 4 2 4 5 0 1 23
1998 8824ff01af2607bb 137 4 2 4 5 0 1 23
1999 9dad0f47ba493c12 137 4 2 4 5 0 1 23
2000 325883a3e4da3267 136 4 2 4 5 0 1 22
2001 9100ac49ea013f7a 137 4 2 4 5 0 1 22
2002 d0b7bd40538d0890 137 4 2 4 5 0 1 22
2003 aba0053ace75f3ba 136 4 2 4 5 0 1 22
2004 b803f35f728f5b13 136 4 2 4 5 1 1 22
2005 2b26d3353061b29c 136 4 2 4 5 1 1 22
2006 83b4f998b683e74d 136 4 2 4 5 1 1 22
2007 76d5323d6bda0570 136 4 2 4 5 1 1 22
2008 aa8bd21d11060a93 136 4 2 4 5 1 1 22
2009 3f4d03752f7b4b39 135 4 2 4 5 0 1 22
2010 ae672c2c8dd42698 137 4 2 4 5 1 1 22
2011 89affaf868f8f8aa 136 4 3 4 5 1 1 22
2012 ce88d15db40adcd9 136 4 3 4 5 1 1 22
2013 cbe7c48325f88cf5 136 4 3 4 5 1 1 22
2014 539f8a1bdddf5cc1 134 4 3 4 5 0 1 22
2015 86ffd00cfd1154d6 135 4 3 4 5 0 1 22
2016 9ff3877ad80ec2c1 136 4 3 4 5 1 1 22
2017 1b020d0fe68795fd 136 4 3 4 5 1 1 22
2018 433e4d6f2b04a188 136 4 3 4 5 1 1 22
2019 7ad6cedf5cab429a 136 4 3 4 5 1 1 22
2020 98dc509e218d03b5 136 4 3 4 5 0 1 22
2021 0c8640f724755dd4 137 4 3 4 5 0 1 22
2022 7287f4363265ce74 138 4 3 4 5 1 1 22
2023 e81427f1729c4400 139 4 3 4 5 1 1 22
2024 8d53ea9ec18e07f7 139 4 3 4 5 1 1 22
2025 c7dab2f665459a95 137 4 3 4 5 0 1 21
2026 2f6db5a8c899bcdb 137 4 3 4 5 0 1 21
2027 2c6297aee9ab548b 137 4 3 4 5 0 1 21
2028 30de7bb0d6ec5a8f 139 4 3 4 5 1 1 21
2029 90ed776eb4bcee70 140 4 3 4 5 1 1 21
2030 6dd65d367980b56c 140 4 3 4 5 1 1 21
2031 ee46d205b5e28a46 140 4 3 4 5 1 1 21
2032 a04a9fc9ec6e2804 140 4 3 4 5 1 1 21
2033 1ad2170157672707 140 4 3 4 5 1 1 21
2034 e5ae211ccf587fad 140 4 3 4 5 1 1 21
2035 7ba926199512df6e 140 4 3 4 5 1 1 21
2036 99133672150fba0e 141 4 3 4 5 2 1 21
2037 fb2fde477a494568 140 4 3 4 5 1 1 21
2038 d21f129a47c7423d 140 4 3 4 5 1 1 21
2039 0651a43c3e5c948c 140 4 3 4 5 1 1 21
2040 ad7653ec0e9c4c8b 140 4 3 4 5 1 1 21
2041 809c6aa8ef622ed4 140 4 3 4 5 1 1 21
2042 acf578a8c906399f 140 4 3 4 5 1 1 21
2043 5490557314fe4bc4 139 4 3 4 5 1 1 19
2044 988dc3706fb45ed3 138 4 3 4 5 1 1 18
2045 6178a0476aca21fa 138 4 3 4 5 1 1 18
2046 0914331402b44ace 138 4 3 4 5 1 1 18
2047 002c93002dec46f3 137 4 3 4 5 0 1 18
2048 703fbb1ee20fd22c 138 4 3 4 5 1 1 18
2049 b550e5a5a5742c3f 138 4 3 4 5 1 1 18
2050 074bacebe7f6f1dc 138 4 3 4 5 1 1 18
2051 401cf3566dacbca1 138 4 3 4 5 1 1 18
2052 eb31604e5d692a25 138 4 3 4 5 0 1 18
2053 117b125089624625 136 4 3 4 5 0 1 18
2054 cf9938178963aa1a 138 4 3 4 5 1 1 18
2055 206d72f59eec81b2 137 4 3 4 5 1 1 17
2056 79edf6d71b05c027 136 4 2 4 5 1 1 17
2057 338e409fdc515c09 136 4 2 4 5 1 1 17
2058 48e3ecf5e024fa9a 135 4 2 4 5 0 1 17
2059 270c927ea7f4cc0d 136 4 2 4 5 0 1 17
2060 7488ac0f044a3ed9 136 4 2 4 5 0 1 17
2061 7849238f8e95eaf3 135 4 2 4 5 0 1 17
2062 c377e3192df394e2 135 4 2 4 5 0 1 17
2063 e7f384aa2ec0ec27 137 4 2 4 5 0 1 17
2064 5a6cf279c8c18a10 137 4 2 4 5 0 1 17
2065 782e2f15a0811f5a 136 4 2 4 5 0 1 16
2066 0965fe2ed0e6314f 137 4 2 4 5 0 2 16
2067 ba099f40acab8c62 137 4 2 4 5 0 2 16
2068 bc4197282c1fdb3c 137 4 2 4 5 0 2 16
2069 33c7c3d096e2e46d 136 4 2 4 5 0 2 15
2070 4b74eaddca8204af 136 4 2 4 5 0 2 15
2071 574af4e70df45db8 135 4 2 4 5 0 2 14
2072 9463c59850b0f5ec 135 4 2 4 5 0 2 14
2073 6ffcb0d063425150 135 4 2 4 5 0 2 14
2074 845031e7402f6ec7 135 4 2 4 5 0 2 14
2075 220abee2c4793c1e 134 4 2 4 5 0 2 13
2076 2162c6f187dff6b0 134 4 2 4 5 0 2 13
2077 4094c97a87abc6c4 134 4 2 4 5 0 2 13
2078 4a1d4b7b5b46a752 134 4 2 4 5 0 2 13
2079 6e5b154c6dfa7245 134 4 2 4 5 0 2 13
2080 9bec29d04799d5a7 134 4 2 4 5 0 2 13
2081 3a35e4abc222b017 133 4 2 4 5 0 2 13
2082 b8243ecdc53e5e6f 133 4 2 4 5 0 2 13
2083 b9468ca9f5897590 132 4 2 4 5 0 2 12
2084 3b5e14c6203484fc 132 4 2 4 5 0 2 12
2085 4b9cf4e99e72a6d2 133 4 2 4 5 0 3 12
2086 cf0439ae315b8ed7 133 4 2 4 5 0 3 12
2087 dd4944a673d2fbbc 132 4 2 4 5 0 3 11
2088 c8001fe0c6ccd95e 132 4 2 4 5 0 3 11
2089 db3a8cb963a955e4 132 4 2 4 5 0 3 11
2090 b03a37f0014bd43e 131 4 2 4 5 0 2 11
2091 78fbf06a4d592a4a 131 4 2 4 5 0 2 11
2092 7f3e4eb8bd574be4 130 4 2 4 5 0 2 11
2093 dc54bb9f8e5f348b 131 4 2 4 5 0 2 11
2094 63748e0f2fdac741 131 4 2 4 5 0 2 11
2095 5378ed59670229b0 130 4 2 4 5 0 2 11
2096 804957fac3579ff3 130 4 2 4 5 0 2 11
2097 77fca1f35f333d52 130 4 2 4 5 0 2 11
2098 928e76d60117f402 130 4 2 4 5 0 2 11
2099 040ac1ca97553dcd 130 4 2 4 5 0 2 11
2100 ae6fa151b943eac9 130 4 2 4 5 0 2 11
2101 4ff44b0206e555ee 129 4 2 4 5 0 2 10
2102 6442d9a3b55b7009 130 4 2 4 5 0 2 10
2103 54372ae1f8b20f26 130 4 2 4 5 0 2 10
2104 21db0e1d99a30349 129 4 2 4 5 0 1 10
2105 ddc11fbfa8faac37 128 4 2 4 5 0 1 9
2106 f60cfa3321f50f91 129 4 2 4 5 0 2 9
2107 057aa9e658887f72 130 4 2 4 5 0 2 9
2108 062d2c4d82b34b6a 129 4 2 4 5 0 2 9
2109 0a24fab48b6c0148 129 4 2 4 5 0 2 9
2110 ef06b1b7bb65937f 129 4 2 4 5 0 2 9
2111 977c43b8265c3fa1 128 4 2 4 5 0 2 8
2112 e7ed8b0846536ac0 127 4 2 4 5 0 2 8
2113 b020416022fe900e 128 4 2 4 5 0 3 8
2114 9891e1e3f57fee8e 127 4 2 4 5 0 3 8
2115 5bfead5f7aba3202 127 4 2 4 5 0 3 8
2116 6a86cd776e3310a4 127 4 2 4 5 0 3 8
2117 886eecac6ae358fb 127 4 2 4 5 0 3 8
2118 e4b172e4a0daab5d 126 4 2 4 5 0 2 8
2119 6ccea8d89501dab2 126 4 2 4 5 0 2 8
2120 65cb291ddd551f6a 125 4 2 4 5 0 2 8
2121 b8aa26e27061b437 125 4 2 4 5 0 2 8
2122 ffb83977c0c857c6 125 4 2 4 5 0 2 8
2123 427ee9f1b2191b6a 125 4 2 4 5 0 2 8
2124 967a6831a263592c 125 4 2 4 5 0 2 8
2125 f5f89d26d19bd1ca 126 4 2 4 5 0 3 8
2126 7403ecad9e3d6e65 127 4 2 4 5 0 3 8
2127 941a5238da7e8e2d 126 4 2 4 5 0 3 7
2128 6fca0b7f7bd87772 126 4 1 4 5 0 3 7
2129 80b4206c823ca58e 126 4 1 4 5 0 3 7
2130 fec8338990c1daf7 126 4 1 4 5 0 3 7
2131 8a6a6e5afbb9739c 127 4 1 5 5 0 3 7
2132 8f31197088dff8ad 127 4 1 5 5 0 3 7
2133 3ed5a7363eb89315 127 4 1 5 5 0 3 7
2134 c1ded447483abf06 127 4 1 5 5 0 3 7
2135 d84683d631a7022a 127 4 1 5 5 0 3 7
2136 1864f29b411cf1b6 128 4 1 5 5 0 3 7
2137 df9ad5f0ae39ad65 128 4 1 5 5 0 3 7
2138 e1281a1dbc49436e 128 4 1 5 5 0 3 7
2139 4f525c3c2068632f 128 4 1 5 5 0 3 7
2140 13364ea9075e3cbe 128 4 1 5 5 0 3 7
2141 6adef51dca160998 127 4 1 5 5 0 3 7
2142 948788de47425bcc 128 4 1 5 5 0 3 7
2143 720eb37091208dfc 128 4 1 5 5 0 3 7
2144 b6a18727f3de5245 128 4 1 5 5 0 3 7
2145 86b1809c9aee0c33 128 4 1 5 5 0 2 7
2146 baf387fa8dcdd081 129 4 1 5 5 0 3 7
2147 9f29d308409e8032 129 4 1 5 5 0 3 7
2148 a6db9a6021e81d0c 129 4 1 5 5 0 3 7
2149 e895e1285616d4bb 129 4 1 5 5 0 3 7
2150 cec4e4cb64779828 129 4 1 5 5 0 3 7
2151 6a4221339ddc7fb3 128 4 1 5 5 0 3 7
2152 7d839ebdd6e2d0fa 128 4 1 5 5 0 3 7
2153 b91922fe81232d3e 128 4 1 5 5 0 2 7
2154 a90079532ba11cd1 128 4 1 5 5 0 2 7
2155 2dc5b2c666d46eb7 128 4 1 5 5 0 2 7
2156 cc277176ceb825a2 128 4 1 5 5 0 2 7
2157 a474fb1f012e541d 128 4 1 5 5 0 2 7
2158 29b96383c275f56f 127 4 1 5 5 0 1 7
2159 1627d38b0e33bdb2 128 4 1 5 5 0 1 7
2160 2b0c39dc3c484724 128 4 1 5 5 0 1 7
2161 f6a8fb8c2d308bad 128 4 1 5 5 0 1 7
2162 b4b48cc89a867834 128 4 1 5 5 0 1 7
2163 12188c9ab79aeaa0 128 4 1 5 5 0 1 7
2164 103abaf7aaf1c160 128 4 1 5 5 0 1 7
2165 1ec0c88975592ab9 129 4 1 5 5 0 2 7
2166 b86f8bbad3a2a5f5 130 4 1 5 5 0 2 7
2167 c6aa8504f1271315 131 4 1 5 5 0 2 7
2168 64b657ea287dffd5 131 4 1 5 5 0 2 7
2169 ee4a9e50927bceab 130 4 1 5 5 0 2 7
2170 66dfdaf66ff8cecd 130 4 1 5 5 0 2 7
2171 19bfec9c4c374bf6 129 4 1 5 5 0 2 7
2172 ab34dbd435b68323 129 4 1 5 5 0 2 7
2173 6a74e1233ce06574 129 4 1 5 5 0 2 7
2174 41555065b5e42647 129 4 1 5 5 0 2 7
2175 d5af2a141b313051 129 4 1 5 5 0 2 7
2176 48f757eb239cd8cf 129 4 1 5 5 0 2 7
2177 3271fde04448e317 129 4 1 5 5 0 2 7
2178 f2819e444324a469 129 4 1 5 5 0 2 7
2179 8ae6225ebf81abb4 130 4 1 5 5 0 2 7
2180 82eea239efe9fc6b 129 4 1 5 5 0 2 6
2181 d13b37a3043152d1 129 4 1 5 5 0 2 6
2182 22dd82653b236ff6 127 4 1 5 5 0 2 5
2183 0aca7a4e29642b2d 127 4 1 5 5 0 2 5
2184 ed37a40bdc918805 127 4 1 5 5 0 2 5
2185 d8ed77ce9f49a126 127 4 1 5 5 0 2 5
2186 028bbaddbe329d11 128 4 1 5 5 0 3 4
2187 e2830f1de0c4aaa3 128 4 1 5 5 0 3 4
2188 ab32f5517b33781f 127 4 1 5 5 0 2 4
2189 378a177a20ef1111 127 4 1 5 5 1 2 4
2190 a618ff75fd85582b 126 4 1 5 5 1 2 4
2191 42ed56bbb20ff9f9 127 4 1 5 5 1 2 4
2192 e63845bf752f20e9 127 4 1 5 5 1 2 4
2193 84d2972f82c37648 127 4 1 5 5 1 2 4
2194 1918c58951f95d75 127 4 1 5 5 1 2 4
2195 d42cf081b9bfda09 127 4 1 5 5 1 2 4
2196 9a1b0a22fd2e6b1a 127 4 1 5 5 1 2 4
2197 db488e5bb444d8b0 127 4 1 5 5 1 2 4
2198 88a426cd20439396 127 4 1 5 5 1 2 4
2199 024f9c6ffb9c548b 127 4 1 5 5 1 2 4
2200 081cb0263c6b8aeb 125 4 1 5 5 0 2 4
2201 57f3fa99ea79e08c 126 4 1 5 5 1 2 4
2202 c998147ee4f67373 126 4 1 5 5 1 2 4
2203 1bbfbab382182f9b 125 4 1 5 5 1 2 4
2204 7784e7a32b4a084b 124 4 1 5 5 1 2 3
2205 54e593626a2b1f40 124 4 1 5 5 1 2 3
2206 913cb0c1dd69177e 123 4 1 5 5 0 2 3
2207 42e28332c6ecf2ff 123 4 1 5 5 1 2 3
2208 691370c400f1fbce 123 4 1 5 5 1 2 3
2209 fceb4ccc9d26ebd5 123 4 1 5 5 1 2 3
2210 4a259ee59ce89be3 120 4 1 5 5 1 2 2
2211 3f26cc25cff33bb3 119 4 1 5 5 0 2 2
2212 f2da788b7e14ce09 121 4 1 5 5 0 2 2
2213 1b16db9751827f9a 122 4 1 5 5 1 2 2
2214 92b049aaf1c91ebb 122 4 1 5 5 1 2 2
2215 7e14d7fe9710e517 121 4 1 5 5 1 2 2
2216 aeb71e9285ecefa8 119 4 1 5 5 0 2 1
2217 bb2e27ce1367acf6 119 4 1 5 5 0 2 1
2218 b858f9431c64a85c 119 4 1 5 5 0 2 1
2219 359f1c5afe527b5c 119 4 1 5 5 0 2 1
2220 09babcf141201bc3 119 4 1 5 5 0 2 1
2221 2cf776accec3638a 118 4 1 5 5 0 2 1
2222 7d71ddc22375416f 120 4 1 5 5 0 2 1
2223 0a41eee0b9523d17 120 4 1 5 5 0 2 1
2224 2587da25e51b76a9 121 4 1 5 5 0 2 1
2225 61ecda3807ce7fd4 122 4 1 5 5 0 2 1
2226 fdcf6bde35f60493 122 4 1 5 5 0 2 1
2227 f7b0874cac212458 121 4 1 5 5 0 2 1
2228 e18fa1426ce837d2 122 4 1 5 5 0 2 2
2229 e49124001eb0fd09 122 4 1 5 5 0 2 2
2230 9d741266ed83cf9e 121 4 1 5 5 0 2 2
2231 e1567e8dad37eaa0 121 4 1 5 5 0 2 1
2232 43265d922929a9a4 121 4 1 5 5 0 2 1
2233 a94a4f0fbdb8a650 121 4 1 5 5 0 2 1
2234 242bb123d3764912 122 4 1 5 5 0 2 2
2235 47afe2ae50f2131e 122 4 1 5 5 0 2 2
2236 2cbd561196aa43dd 122 4 1 5 5 0 2 2
2237 9c62a3a3654cdd94 123 4 1 5 5 0 3 2
2238 5dbc5d9c04180720 123 4 1 5 5 0 3 2
2239 ee439dce6640471a 124 4 1 5 5 0 3 2
2240 d64ece3d1a86621d 127 4 1 5 5 0 3 4
2241 da1b7149aa837808 127 4 1 5 5 0 3 4
2242 f77b753bd1086beb 127 4 1 5 5 0 3 4
2243 cdb38c44bdcb374c 127 4 1 5 5 0 3 4
2244 37de5ca98ba05b48 127 4 1 5 5 0 3 4
2245 2f9722043262a519 128 4 1 5 5 0 3 4
2246 82289901ad0b54a2 131 4 1 5 5 0 3 6
2247 c1e723e52de28e06 131 4 1 5 5 0 3 6
2248 3b89bfc2f209da15 131 4 1 5 5 0 3 6
2249 279720833af80ef9 132 4 1 5 5 0 3 7
2250 b42f77252f032b82 132 4 1 5 5 0 3 7
2251 693078843ecbc8e5 133 4 2 5 5 0 3 7
2252 ed0a9975f5e81419 135 4 2 5 5 0 3 9
2253 596958aa5260000c 135 4 2 5 5 0 3 9
2254 1f105cb11536bc1a 135 4 2 5 5 0 3 9
2255 bd1839e8f040346f 136 4 2 5 5 0 3 10
2256 b8e0be61a269bd36 136 4 2 5 5 0 3 10
2257 8e76980eed37ed5c 136 4 2 5 5 0 3 10
2258 87a3b8f6cb055760 138 4 2 5 5 0 3 12
2259 3784197d7c9b5a3c 138 4 2 5 5 0 3 12
2260 4ace6ca12992a3e0 138 4 2 5 5 0 3 12
2261 a7c94a7a2274a4f0 139 4 2 5 5 0 3 13
2262 1950d6c6ff77dcf5 139 4 2 5 5 0 3 13
2263 8c8b5f84a2651a35 139 4 2 5 5 0 3 13
2264 f6687ef10f402f4d 141 4 2 5 5 0 3 15
2265 f110a6ff1bbaf6a8 142 4 2 5 5 0 3 15
2266 86fbebc070178c7c 143 4 2 5 5 0 4 15
2267 26c8133a8693bce5 144 4 2 5 5 0 4 16
2268 fd73d15294fb0d9e 144 4 2 5 5 0 4 16
2269 e64ce57f32476cfd 144 4 2 5 5 0 4 16
2270 e92651cc877ca073 146 4 2 5 5 0 4 18
2271 d6b84c0b700242a4 146 4 2 5 5 0 4 18
2272 b4c293e07accf44b 146 4 2 5 5 0 4 18
2273 773a1b5fd1e7bfaf 147 4 2 5 5 0 4 19
2274 285fc818d26c406e 148 4 2 5 5 0 4 19
2275 13dbc664175db8ab 148 4 2 5 5 0 4 19
2276 de96f81fe64e46ca 149 4 2 5 5 0 4 20
2277 45da250e4c079d5d 150 4 2 5 5 0 5 20
2278 0bb15aa5b41e5c49 150 4 2 5 5 0 5 20
2279 8368c8aaa0b93059 151 4 2 5 5 0 5 22
2280 e9f61e5a15ea0b52 151 4 2 5 5 0 5 22
2281 1ad23f72e2e9e719 152 4 2 5 6 0 5 22
2282 6bf84df4964bb263 152 4 2 5 6 0 5 23
2283 3137e86af2aefee0 151 4 2 5 6 0 5 23
2284 c8e5cca3af66af9a 151 4 2 5 6 0 5 23
2285 4a393a15b50cff57 152 4 2 5 6 0 5 24
2286 ee75d2140da0d7c1 151 4 2 5 6 0 5 24
2287 81c58a0a74e3e571 151 4 2 5 6 0 5 24
2288 f0b5e63970d34bec 152 4 2 5 6 0 5 24
2289 b048bbe16c5d399f 152 4 2 5 6 0 5 24
2290 4ed9c8292fab3cb7 153 4 2 5 6 0 5 24
2291 923130163065b51b 156 4 2 5 6 0 5 26
2292 a38c70aa586110d6 156 4 2 5 6 0 5 26
2293 a57ca23bde71f618 156 4 2 5 6 0 5 26
2294 456b5b5f5938202d 156 4 2 5 6 0 5 26
2295 35280c3b8f157a65 154 4 2 5 6 0 4 26
2296 5708bbd546ea41a5 154 4 2 5 6 0 4 26
2297 04104ecb178289ec 154 4 2 5 6 0 4 26
2298 229426e502a54616 155 4 2 5 6 0 4 26
2299 11251882bd385ce2 155 4 2 5 6 0 4 26
2300 2c533d1b9a0a6f0c 155 4 2 5 6 0 4 27
2301 a47a8af8bd9c96ea 155 4 2 5 6 0 4 27
2302 bfe0023238e74d2d 155 4 2 5 6 0 4 27
2303 6e5a70eae8a068bc 155 4 2 5 6 0 4 27
2304 ad14ef501bf349b5 155 4 2 5 6 0 4 27
2305 5258f203ec2a8ada 155 4 2 5 6 0 4 27
2306 d0ef6d460f131345 156 4 2 5 6 0 5 27
2307 e066302d9f23273f 156 4 2 5 6 0 5 27
2308 4dc07266fb243501 153 4 2 5 6 0 3 27
2309 029b0859ef09ce19 153 4 2 5 6 0 3 27
2310 ddacec3051f8e7e0 154 4 2 5 6 0 3 27
2311 c8b77219f64a6251 154 4 2 5 6 0 3 27
2312 d44d2bfbd6796169 153 4 2 5 6 0 3 27
2313 c99f9e6ce80b5193 153 4 2 5 6 0 3 27
2314 fcbed7d3b7b8b529 152 4 2 5 6 0 3 26
2315 a4b823ec68d264cd 151 4 1 5 6 0 3 26
2316 dda0c16786113d99 151 4 1 5 6 0 3 26
2317 1ef1922ffbb539b5 151 4 1 5 6 0 4 26
2318 92ddd5ddf21c7afb 151 4 1 5 6 0 4 26
2319 07fb8167689ae260 152 4 1 5 6 0 4 26
2320 fc1573076e20ded4 153 4 1 5 6 0 4 26
2321 14e56868d11516c0 154 4 1 5 6 0 4 26
2322 d0dbd795178415c5 153 4 1 5 6 0 4 26
2323 191b7fbeaa6a8a6c 154 4 1 5 6 0 4 26
2324 947730a9e13c2ff7 154 4 1 5 6 0 4 26
2325 032d731ed2956b9c 154 4 1 5 6 0 4 26
2326 705643a31ef4e505 155 4 1 5 6 0 4 26
2327 4f691b793179927c 155 4 1 5 6 0 4 26
2328 c305a97c4df81da4 156 4 1 5 6 0 4 27
2329 2e2045a126430472 156 4 1 5 6 0 4 27
2330 5118313e4b1d1a78 155 4 1 5 6 0 4 27
2331 ff20509aabd3acc6 154 4 1 5 6 0 4 27
2332 94d6b7aac1213c51 154 4 1 5 6 0 4 27
2333 34e591f6f1402768 154 4 1 5 6 0 4 27
2334 755d252fb2920243 156 4 1 5 6 0 4 28
2335 8638f131a2f4843f 155 4 1 5 6 0 4 28
2336 44d4218e9f5a079a 155 4 1 5 6 0 4 28
2337 f6f1d17a6d859cdc 154 4 1 5 6 0 4 28
2338 6d14ba4069f3855c 154 4 1 5 6 0 4 28
2339 7756980326795c5f 154 4 1 5 6 0 4 28
2340 ffb2a0ca8892ef6a 155 4 1 5 6 0 4 29
2341 45e7c0cb7a72dc36 155 4 1 5 6 0 4 29
2342 7b032fce22418590 155 4 1 5 6 0 4 29
2343 d2e652165b5e82f5 156 4 1 5 6 0 4 29
2344 e891dc9bdea7a992 155 4 1 5 6 0 4 29
2345 1191457b1efcf3cf 154 4 1 5 6 0 4 29
2346 92803e8da69084bb 155 4 1 5 6 0 4 30
2347 92c59d06a4e636c7 155 4 1 5 6 0 4 30
2348 eae0fd0e53ba7ff5 155 4 1 5 6 0 4 30
2349 eb7dec1437653cc7 155 4 1 5 6 0 4 30
2350 2ccca650604831ce 154 4 1 5 6 0 4 30
2351 bcd224e5653a9887 153 4 1 5 6 0 4 30
2352 da9d3598ac96a195 153 4 1 5 6 0 4 31
2353 f881756294a8157b 154 4 1 5 6 0 4 31
2354 6c56caf0a03f6e1f 153 4 1 5 6 0 4 31
2355 d7546908da22331c 153 4 1 5 6 0 4 31
2356 87d26015f750c90a 153 4 1 5 6 0 4 31
2357 e214cc9980936d45 154 4 1 5 6 0 5 31
2358 a509580324c594c9 156 4 1 5 6 0 5 32
2359 080d7d057df4e367 156 4 1 5 6 0 5 32
2360 0768edf1be7a1ae6 156 4 1 5 6 0 5 32
2361 ff8bb0efe5cac625 156 4 1 5 6 0 5 32
2362 e26d57f95fd3ee2a 156 4 1 5 6 0 5 32
2363 ee204978a81e20de 157 4 1 5 6 0 5 32
2364 b9842f2f40cfe5d9 158 4 1 5 6 0 5 33
2365 d4bf2e16751b9a0e 158 4 1 5 6 0 5 33
2366 7372ee6d8533d4a7 158 4 1 5 6 0 5 33
2367 ca115b7fd611d961 158 4 1 5 6 0 5 33
2368 72c986bcd76e2f53 158 4 1 5 6 0 5 33
2369 653c0a08fba7fccb 159 4 1 5 6 0 5 34
2370 08b4b2c377fba475 161 4 1 5 6 0 5 35
2371 1c4c1f7af46209aa 162 4 2 5 6 0 5 35
2372 26cb2c285d839621 162 4 2 5 6 0 5 35
2373 f9d6b3252a27491a 161 4 2 5 6 0 5 35
2374 a71dfa8034c73b7a 162 4 2 5 6 0 5 35
2375 eb2842f628c0a801 162 4 2 5 6 0 5 35
2376 62e26c76eca47b8e 161 4 2 5 6 0 5 34
2377 5152ee531968075b 160 4 1 5 6 0 5 34
2378 36c3b6eefbdb9243 160 4 1 5 6 0 5 34
2379 f99d289e21dddec2 161 4 1 5 6 0 5 35
2380 83781d67cdd80841 160 4 1 5 6 0 5 35
2381 4a6a87757bcb9a76 160 4 1 5 6 0 5 36
2382 36da40b48028ad6f 160 4 1 5 6 0 5 36
2383 0b2acc200eeb518b 160 4 1 5 6 0 5 36
2384 2a49d981f13cabe2 160 4 1 5 6 0 5 36
2385 8e486580386b8bf7 160 4 1 5 6 0 5 36
2386 344e1d09c2894de9 160 4 1 5 6 0 6 35
2387 9de6a8f59aea9c48 162 4 1 5 6 0 6 36
2388 80ba68637c72681d 161 4 1 5 6 0 6 36
2389 f9c5fb70b7399088 160 4 1 5 6 0 6 36
2390 d08336b3fb08c047 160 4 1 5 6 0 5 36
2391 cc580748116ef1aa 160 4 1 5 6 0 5 36
2392 d17d41290b48e8fb 159 4 1 5 6 0 5 35
2393 43fd8a366c51d403 160 4 1 4 6 0 5 36
2394 d2fa2dc5912d9937 160 4 1 4 6 0 5 36
2395 49d5399b53190924 159 4 1 4 6 0 5 36
2396 cf7a55d1a6f17f75 159 4 1 4 6 0 5 36
2397 1bf9560f5dd45b61 159 4 1 4 6 0 5 36
2398 2203401b339972dc 159 4 1 4 6 0 5 36
2399 531b24dbb4b1b83a 160 4 1 4 6 0 5 37
2400 87059adcaba88151 159 4 1 4 6 0 5 36
2401 017f45d21698e1a1 158 4 1 4 6 0 5 35
2402 3ac640250c69d4ca 158 4 1 4 6 0 5 35
2403 54594a41095c12be 158 4 1 4 6 0 5 35
2404 8cbb78c956a0d336 159 4 1 4 6 0 6 35
2405 acedb322f6611962 159 4 1 4 6 0 6 36
2406 9bc537f03b30a4f2 159 4 1 4 6 0 6 36
2407 f48afe2868d12b48 159 4 1 4 6 0 6 36
2408 7471b3803647c32a 157 4 1 4 6 0 6 35
2409 0068b64fc89353c8 157 4 1 4 6 0 6 35
2410 8125e6e93097ba58 157 4 1 4 6 0 6 35
2411 a07298c30f83a185 157 4 1 4 6 0 6 36
2412 b6b2f8bbbf54b294 157 4 1 4 6 0 6 36
2413 1c155627bf64ebf5 157 4 1 4 6 0 5 36
2414 72b8910f78ddba39 157 4 1 4 6 0 5 36
2415 053f26451198462d 157 4 1 4 6 0 5 36
2416 614767f71e6c43e9 155 4 1 4 6 0 4 35
2417 2bf5f953cf8eeb6a 155 4 1 4 6 0 4 35
2418 db4808b95c0cb924 154 4 1 4 6 0 4 35
2419 ebbeefa9de5ed184 153 4 1 4 6 0 4 34
2420 cf12f76efef73391 154 4 1 4 6 0 4 35
2421 5d25ca438f0bd04d 155 4 1 4 6 0 4 35
2422 ba1820e8428c7a0f 154 4 1 4 6 0 4 35
2423 9b58b790e7592c01 155 4 1 4 6 0 4 35
2424 49edc32358d0d9b8 156 4 1 4 6 0 4 35
2425 07f73ed86118b5ba 155 4 1 4 6 0 4 34
2426 028b9ee78e55a98e 156 4 1 4 6 0 4 34
2427 091cb5f01076326f 156 4 1 4 6 0 4 34
2428 ade5efbdb0554b71 156 4 1 4 6 0 4 34
2429 5fd06d1a0e8a3936 156 4 1 4 6 0 4 34
2430 08281cea29bad889 156 4 1 4 6 0 4 34
2431 d662ba41a3d6d9cd 156 4 1 4 6 0 4 34
2432 5d33fab42e947c8c 157 4 1 4 6 0 4 34
2433 962a0f33eff619f4 158 4 1 4 6 0 4 34
2434 e6097ce3110a4238 159 4 1 4 6 0 4 34
2435 ebd053a3608352e2 159 4 1 4 6 0 4 34
2436 4cc51ff825eec299 158 4 1 4 6 0 4 33
2437 30dcac345a8efd75 158 4 1 4 6 0 4 33
2438 71d81d4147fc66a3 158 4 1 4 6 0 4 33
2439 917c7dea8ad7237c 158 4 1 4 6 0 4 33
2440 0bd1ec0009bb370a 158 4 1 4 6 0 4 33
2441 3fc1ddbb8e9a4c88 158 4 1 4 6 0 4 33
2442 84a487706283acda 158 4 1 4 6 0 4 33
2443 9015eb6be6c8d170 158 4 1 4 6 0 4 32
2444 1d9bdd5191234607 158 4 0 4 6 0 5 32
2445 c7573247f457a57d 158 4 0 4 6 0 5 32
2446 f4127f49d66434f2 159 4 0 4 6 0 5 32
2447 594c2b826b1967de 159 4 0 4 6 0 5 32
2448 c736958550834a0c 159 4 0 4 6 0 5 32
2449 484019731e169555 158 4 0 4 6 0 5 31
2450 2b21df80c9dc3e10 158 4 0 4 6 0 5 31
2451 a732f832ed8cb706 158 4 0 4 6 0 5 31
2452 51e63b466828d879 157 4 0 4 6 0 5 31
2453 ade97a525334e81e 157 4 0 4 6 0 5 31
2454 eed067226f0857c4 157 4 0 4 6 0 5 31
2455 25c686f52f625cae 158 4 0 4 6 0 5 31
2456 f4c125fa2693a981 159 4 0 4 6 0 5 31
2457 8ac7e7c237c4d6ae 158 4 0 4 6 0 4 31
2458 9047fa342b596710 157 4 0 4 6 0 4 31
2459 d84336c9b0fb9725 158 4 0 4 6 0 4 31
2460 f175a2855c4fed8e 158 4 0 4 6 0 4 31
2461 cadfa615dfe3b1de 158 4 0 4 6 0 4 31
2462 0980843c926c10e0 158 4 0 4 6 0 4 31
2463 169ade1db195d847 157 4 0 4 6 0 4 31
2464 36375574f07e31c0 156 4 0 4 6 0 4 31
2465 b9fd50fc9cf7c4d3 155 4 0 4 6 0 4 31
2466 d68bf466ae25fef1 155 4 0 4 6 0 4 31
2467 5dc0193b6a183f82 156 4 0 4 6 0 4 31
2468 262d2bfa0b8aff5f 156 4 0 4 6 0 4 31
2469 277344cf87e06c36 156 4 0 4 6 0 4 31
2470 58801fecdba9e093 157 4 0 4 6 0 4 31
2471 2118618b661f6991 157 4 0 4 6 0 4 31
2472 3433d22c779cfdad 157 4 0 4 6 0 4 31
2473 5dfa205b171e7b4d 157 4 0 4 6 0 4 31
2474 287a71998881e66d 158 4 0 4 6 0 4 31
2475 3f7bda804b6c0e0a 157 4 0 4 6 0 4 30
2476 9b645139abc1d583 156 4 0 4 6 0 4 29
2477 6552f43380aa1ac5 155 4 0 4 6 0 4 29
2478 b5850e83315bd177 154 4 0 4 6 0 3 29
2479 7d7ae2cf1710f11a 155 4 0 4 6 0 3 29
2480 638cd22bf9ae33a3 154 4 0 4 6 0 3 28
2481 c5086cd2e228d82d 153 4 0 4 6 0 3 28
2482 af2b1b2b62d3443a 153 4 0 4 6 0 3 28
2483 950d1ed24791db8c 155 4 0 4 6 0 3 28
2484 4cff7d3e354eee34 156 4 0 4 6 0 4 28
2485 2b044b22cab694d7 155 4 0 4 6 0 4 27
2486 749aad45cd3bc2f0 155 4 0 4 6 0 4 27
2487 cb8b0ead3bacbfaf 155 4 0 4 6 0 4 27
2488 cbeb386a8e93f99c 155 4 0 4 6 0 4 27
2489 bf64f9e1b4fd3bbc 155 4 0 4 6 0 4 27
2490 38d96a641908b9fd 153 4 0 4 6 0 4 27
2491 ca17ea46d9a38ce9 153 4 0 5 6 0 4 26
2492 c17a714d4ac42a12 152 4 0 4 6 0 4 26
2493 9ab1d5ac64e6136a 152 4 0 4 6 0 4 26
2494 f7627ff41d13fe02 152 4 0 4 6 0 4 26
2495 779ee2b5d56a07fa 151 4 0 4 6 0 4 26
2496 b4bed8c5149a98db 151 4 0 4 6 0 4 26
2497 d82824f2c35f92d1 152 4 0 4 6 0 4 26
2498 c779b2526a5d408d 152 4 0 4 6 0 4 26
2499 421d92e36c62ab8e 152 4 0 4 6 0 4 26
2500 8ba0b1d60b4bee42 150 4 0 4 6 0 4 26
2501 6bdfbe32f5aa5f03 149 4 0 4 6 0 4 26
2502 9990aa90b875965f 149 4 0 4 6 0 4 26
2503 ad165e9d8acd338f 148 4 0 4 6 0 4 26
2504 6c324b756ceb4f88 149 4 0 4 6 0 4 26
2505 8ba88734094ecc59 148 4 0 4 6 0 3 26
2506 5587b98863432b10 148 4 0 4 6 0 3 26
2507 30a38ac8586f037f 148 4 0 4 6 0 3 26
2508 e628b41fa0250b86 147 4 0 4 6 0 3 26
2509 49dccc04d1f87d79 146 4 0 4 6 0 3 26
2510 6f8dbf806b9c25ca 146 4 0 4 6 0 3 26
2511 5d368176a92b08b1 146 4 0 4 6 0 3 26
2512 3ac4b2b5cdb5e691 146 4 0 4 6 0 3 26
2513 8bbdfc7f69987321 147 4 0 4 6 0 3 26
2514 0f0413230f43d60c 147 4 0 4 6 0 3 26
2515 4105ca5cca7642de 148 4 0 4 6 0 3 26
2516 471dd0b9cd73098e 147 4 0 4 6 0 3 25
2517 c2c47f2a57560d93 147 4 0 4 6 0 3 25
2518 8bce668b7d2bb028 148 4 0 4 6 0 3 25
2519 e13e89438f4ecb3b 148 4 0 4 6 0 3 25
2520 2793584d5ec693ed 148 4 0 4 6 0 3 25
2521 7b139ac2fcffb584 148 4 0 4 6 0 3 25
2522 350595a9fbf36e8a 148 4 0 4 6 0 3 25
2523 202731cae763fbca 147 4 0 4 6 0 3 25
2524 bad955ee976529e0 147 4 0 4 6 0 3 25
2525 731c8987d04e5504 147 4 0 4 6 0 3 25
2526 4a4cb598c800546e 147 4 0 4 6 0 3 25
2527 fdaa01f3ce62b55d 147 4 0 4 6 0 3 25
2528 27818875d1935e90 147 4 0 4 6 0 3 25
2529 467594146654eeda 147 4 0 4 6 0 3 25
2530 fc0e7e8112dd782a 147 4 0 4 6 0 3 25
2531 8d1335c5b121aca6 148 4 0 4 6 0 3 25
2532 30eef2980a0a18ed 148 4 0 4 6 0 3 25
2533 359bfac6cb338fc8 149 4 0 4 6 0 3 25
2534 4d3c4ba2d4e2b8f0 148 4 0 4 6 0 3 25
2535 6d984db0a69b1096 147 4 0 4 6 0 3 25
2536 168d3772055811da 147 4 0 4 6 0 3 25
2537 1b91aad36a0cd0f6 147 4 0 4 6 0 3 25
2538 e084c090ea623d28 147 4 0 4 6 0 3 25
2539 3d35dc181e097868 146 4 0 4 6 0 3 25
2540 9157ad640d72bee6 147 4 0 4 6 0 3 25
2541 fde1375eae5401e9 146 4 0 4 6 0 3 25
2542 a64940bee96f0ca0 146 4 0 4 6 0 3 25
2543 5de3d2a7d8e74f5a 145 4 0 4 6 0 3 25
2544 11a79d2c0b80399a 145 4 0 4 6 0 3 25
2545 fb7bb11501769715 145 4 0 4 6 0 3 25
2546 544fc5742cb83696 145 4 0 4 6 0 3 25
2547 9307d5b3229fe6f2 145 4 0 4 6 0 3 25
2548 756bd96296150514 146 4 0 4 6 0 3 25
2549 2a61174492840dde 146 4 0 4 6 0 3 24
2550 9b9b11df7f31b660 146 4 0 4 6 0 3 24
2551 48654508460bdbfb 147 4 0 4 6 0 3 24
2552 85010ff4ca98620b 147 4 0 4 6 0 3 24
2553 acbad0479ab98fba 147 4 0 4 6 0 3 24
2554 cf96309d6cb31168 146 4 0 4 6 0 3 23
2555 7463434f3af8867e 146 4 0 4 6 0 3 23
2556 6b71b392fb71ffff 146 4 0 4 6 0 3 23
2557 7bb9fac959187fc6 147 4 0 4 6 0 3 23
2558 211bb0f15a0be18f 147 4 0 4 6 0 3 23
2559 75073e1c04bd1d9d 147 4 0 4 6 0 3 23
2560 e5ff6abff307e52f 148 4 0 4 6 0 4 23
2561 d33ea5fd4a419235 147 4 0 4 6 0 4 22
2562 5104b29df5f0d624 147 4 0 4 6 0 4 22
2563 e8d705059987c9b5 148 4 0 4 6 0 4 22
2564 2b426c39a5bb77b3 148 4 0 4 6 0 4 21
2565 22f66cbb02f7b3ff 148 4 0 4 6 0 4 21
2566 7d7e6f67db6e4574 148 4 0 4 6 0 4 21
2567 4eb9a366b68cb149 148 4 0 4 6 0 4 20
2568 2d80da20d9ce19ed 148 4 0 4 6 0 4 19
2569 ffa034652ad94926 149 4 0 4 6 0 4 19
2570 039f117a4805c1b9 148 4 0 4 6 0 4 18
2571 72df0ba318df989a 148 4 0 4 6 0 4 18
2572 2634f87b71620b65 149 4 0 4 6 0 4 18
2573 5ec193a7baff962a 147 4 0 4 6 0 4 17
2574 b25750dd45421190 147 4 0 4 6 0 4 17
2575 ab168a76504357d6 148 4 0 4 6 0 5 17
2576 6cddbf1f42239281 147 4 0 4 6 0 5 16
2577 2df404dbe81fa7e2 145 4 0 4 6 0 4 15
2578 9ba7ec03e60f4af0 145 4 0 4 6 0 4 15
2579 cb9523e17947751c 146 4 0 4 6 0 4 15
2580 8aa6851fe9176149 147 4 0 4 6 0 4 15
2581 4a3243f61db84e02 147 4 0 4 6 0 4 15
2582 0c11168ecae2caf9 144 4 0 4 6 0 4 13
2583 b7c277b2374f66f1 144 4 0 4 6 0 4 13
2584 e8c1cf9782733df2 144 4 0 4 6 0 4 13
2585 a6a9efe18c7df672 141 4 0 4 6 0 3 11
2586 ea23a3b71dab6998 141 4 0 4 6 0 3 11
2587 2d41aaae9294db32 140 4 0 4 6 0 3 11
2588 a782672e0b5c7a6a 140 4 0 4 6 0 3 11
2589 a1c7fe85454ed916 141 4 0 4 6 0 3 11
2590 84278a33246f3b3e 141 4 0 4 6 0 3 11
2591 8d6855f32b47a34a 140 4 0 4 6 0 3 10
2592 3092773777a409cc 140 4 0 4 6 0 3 10
2593 f82b0549091b95dd 140 4 0 4 6 0 3 10
2594 d507262c3a50c873 140 4 0 4 6 0 3 10
2595 ff3e95fde519d265 140 4 0 4 6 0 3 10
2596 dd203a4d2b9250ce 139 4 0 4 6 0 3 9
2597 1e16ef2c6b08115f 139 4 0 4 6 0 3 9
2598 70652d5171357a95 140 4 0 4 6 0 3 9
2599 eeb7424aac95967a 141 4 0 4 6 0 3 9
2600 a875fe3e3cb3320d 141 4 0 4 6 0 4 8
2601 d0d3455b4b11e503 141 4 0 4 6 0 4 8
2602 46409a08e7693579 142 4 0 4 6 0 4 8
2603 d414b518dbd94b07 142 4 0 4 6 0 4 8
2604 a9a1ef4ce09cee77 142 4 0 4 6 0 4 8
2605 fc972d77495bb1fa 142 4 0 4 6 0 4 8
2606 06c7243737867e34 141 4 0 4 6 0 4 8
2607 5791ad511751cd73 141 4 0 4 6 0 4 8
2608 847ea02d3c415a93 141 4 0 4 6 0 4 8
2609 f5b609f7fc50611e 142 4 0 4 6 0 4 8
2610 3290b4292f3c8ad8 141 4 0 4 6 0 4 7
2611 bb8b0d1d6720ac33 142 4 1 4 6 0 4 7
2612 06f0097db13850be 142 4 1 4 6 0 4 7
2613 a94ac1469fa0fead 142 4 1 4 6 0 4 7
2614 b0b5857fb5c21474 142 4 1 4 6 0 4 7
2615 372cacdce1797616 142 4 1 4 6 0 4 7
2616 0e3e94cf470f243e 140 4 1 4 6 0 3 7
2617 c0d34e6ef1a0d72e 138 4 1 4 5 0 2 7
2618 3d684ea93e740c30 138 4 1 4 5 0 2 7
2619 002b7914e9ff1d39 138 4 1 4 5 0 2 7
2620 ba7b1e59d7e15cbb 138 4 1 4 5 0 2 7
2621 ac0c8332d9129ac6 138 4 1 4 5 0 2 7
2622 9b632afc58df65c8 137 4 1 4 5 0 2 7
2623 823a79d65de6dc43 137 4 1 4 5 0 2 7
2624 5fa20069e9fb8671 137 4 1 4 5 0 2 7
2625 88eb56e0492ad438 137 4 1 4 5 0 2 7
2626 37b5ed4268e38620 137 4 1 4 5 0 2 7
2627 705485b34a2cc8b4 137 4 1 4 5 0 2 7
2628 a16d93883177751d 136 4 1 4 5 0 2 6
2629 d233fbf5855928bc 136 4 1 4 5 0 2 6
2630 2ccc2a657d50b847 136 4 1 4 5 0 2 6
2631 ec7c981a3f3e50d1 136 4 1 4 5 0 2 6
2632 12604081dc321d08 137 4 1 4 5 0 2 6
2633 d179a15ef07513bf 136 4 1 4 5 0 2 6
2634 effa291bb84665d8 136 4 1 4 5 0 2 6
2635 58801055aa98021d 136 4 1 4 5 0 2 6
2636 5db9a1cef15a1306 136 4 1 4 5 0 2 6
2637 753df62cecfb2eac 136 4 1 4 5 0 2 6
2638 194fa1eb734894ad 136 4 1 4 5 0 2 6
2639 3aa7887f9148eb37 135 4 1 4 5 0 2 6
2640 6eee5636cdf0b6c2 136 4 1 4 5 0 3 6
2641 fd464636c9d7531f 135 4 1 4 5 0 3 6
2642 885dd2298cc616b1 135 4 1 4 5 0 3 6
2643 f2d3cdf8bf49b5dc 136 4 1 4 5 0 3 6
2644 09a617b2b70e90e3 136 4 1 4 5 0 3 6
2645 2102a9e7fc616b7c 136 4 1 4 5 0 3 6
2646 91a3e2297107e2a7 135 4 1 4 5 0 3 6
2647 13ad8843beb5de85 134 4 1 4 5 0 3 6
2648 79f0d85aedc327dd 134 4 1 4 5 0 3 6
2649 3d94e1c79729f75b 135 4 1 4 5 0 3 6
2650 9ff0fc7f3288d91b 135 4 1 4 5 0 3 6
2651 f659c3bd81774c43 134 4 1 4 5 0 3 6
2652 c91be3705110af54 134 4 1 4 5 0 3 6
2653 da1d72e138d7f40d 134 4 1 4 5 0 3 6
2654 fc62322293bf1271 135 4 1 4 5 0 3 6
2655 1323a4131082fe76 135 4 1 4 5 0 3 6
2656 10adcfebd2dc0599 135 4 1 4 5 0 3 6
2657 71402ee7074e1f1f 136 4 1 4 5 0 3 6
2658 e6469ab2ef913bb3 136 4 1 4 5 0 3 6
2659 08ea1f70b36aa46d 134 4 1 4 5 0 2 5
2660 0d17f6fe63170f18 134 4 1 4 5 0 2 5
2661 e65e1f402cd0527d 134 4 1 4 5 0 2 5
2662 c1637ef159c5aa6a 134 4 1 4 5 0 2 5
2663 46aa376e286623be 133 4 1 4 5 0 2 4
2664 19f0e2941fc931ec 132 4 1 3 5 0 2 4
2665 6928c5cd96621458 132 4 1 3 5 0 2 4
2666 88182d5390571e7b 132 4 1 3 5 0 2 4
2667 dde359239ad93852 134 4 1 3 5 0 2 4
2668 bfcbcdbb84007259 133 4 1 3 5 0 1 4
2669 d7dd13315b7b8fb2 133 4 1 3 5 0 1 4
2670 5c512ddd519eb65c 133 4 1 3 5 0 1 4
2671 57e88adb843147a1 132 4 1 3 5 0 1 4
2672 2bd3a7a016194692 133 4 1 3 5 0 1 4
2673 1eeaea21b7b50997 134 4 1 3 5 0 1 4
2674 deaf728c41eee799 133 4 1 3 5 0 1 4
2675 a1815316c08e262a 134 4 1 3 5 0 1 4
2676 511c9cc98b2a09c9 134 4 1 3 5 0 1 4
2677 5e5485db87759dc2 134 4 1 3 5 0 1 4
2678 71d155426de30732 134 4 1 3 5 0 1 4
2679 8ea4b8634bf81442 134 4 1 3 5 0 1 4
2680 2e939500aceafeee 134 4 1 3 5 0 1 4
2681 85daa44a249df891 134 4 1 3 5 0 1 4
2682 987607b470488f1a 134 4 1 3 5 0 1 4
2683 2b2a0ce80e5b0908 134 4 1 3 5 0 1 4
2684 0917b6eb922df7ec 135 4 1 3 5 0 1 4
2685 71d637353310135b 135 4 1 3 5 0 1 4
2686 9a0a84ad48e46924 136 4 1 3 5 0 1 4
2687 b32735007b5dbde8 136 4 1 3 5 0 1 4
2688 2fd6a65c410f5dd0 136 4 1 3 5 0 1 4
2689 18a10d9b5e35c164 136 4 1 3 5 0 1 4
2690 94a3413d80b0b220 136 4 1 3 5 0 1 4
2691 19260b95029bdfbb 136 4 1 3 5 0 1 4
2692 146117ef915fd087 135 4 1 3 5 0 1 4
2693 cca52448ab1455d7 135 4 1 3 5 0 1 3
2694 12b2352a152ce5af 135 4 1 3 5 0 1 3
2695 9905a0cc4b004f69 135 4 1 3 5 0 1 3
2696 ed2bfcf363e4e0be 134 4 1 3 5 0 1 3
2697 95b128889aef08f5 134 4 1 3 5 0 1 3
2698 d2f5cdda4e78ce31 134 4 1 3 5 0 1 3
2699 a8c6784d5cf357f3 133 4 1 3 5 0 1 2
2700 f643d695750f9851 134 4 1 3 5 0 1 2
2701 e9e0aac48764eb8f 134 4 1 3 5 0 0 2
2702 cc528cd0a10fb8bc 133 4 1 3 5 0 0 2
2703 94e6f87dba5d0164 133 4 1 3 5 0 0 2
2704 acf05f05d0a05947 132 4 1 3 5 0 0 2
2705 a64cb9a0a263f453 130 4 1 3 5 0 0 1
2706 d5fc9085c5f8ac33 130 4 1 3 5 0 0 1
2707 abf94a4da5d2f730 130 4 1 3 5 0 0 1
2708 f06f84226112c70b 130 4 1 3 5 0 0 1
2709 ed53b2f68ad58005 130 4 1 3 5 0 0 1
2710 a0d342f4bdd77309 130 4 1 3 5 0 0 1
2711 5beed88a9934140f 128 4 1 3 5 0 0 0
2712 f8e997c75e466018 129 4 1 3 5 0 0 0
2713 239d3b0ba5cb5ab7 130 4 1 3 5 0 0 0
2714 c60b2226397111e3 131 4 1 3 5 0 0 0
2715 94ee51852b6c424d 131 4 1 3 5 0 0 0
2716 8830f1895d2d9797 131 4 1 3 5 0 0 0
2717 1d200b0adfa6bb42 131 4 1 3 5 0 0 0
2718 44de03d5b100e84b 132 4 1 3 5 0 0 1
2719 81a5c23901ec6ce7 132 4 1 3 5 0 0 1
2720 eeac6f6545af479b 132 4 1 3 5 0 0 2
2721 4f077a0d9fd5dc40 132 4 1 3 5 0 0 2
2722 2894b0a8171d5c0c 132 4 1 3 5 0 0 2
2723 1e7f3840e2ebb3c5 132 4 1 3 5 0 0 2
2724 1af96d3252b7e7fb 133 4 1 3 5 0 0 3
2725 9b87784a3bef7676 133 4 1 3 5 0 0 3
2726 ca5b087f2d0d31aa 133 4 1 3 5 0 0 4
2727 5bdc4086b045ced7 133 4 1 3 5 0 0 4
2728 7b47f45a14165991 133 4 1 3 5 0 0 4
2729 893331d63a1d1886 133 4 1 3 5 0 0 4
2730 66470e0bdbba875e 135 4 1 3 5 0 1 5
2731 c933a3714d2452b6 136 4 2 3 5 0 1 5
2732 9f0cede154811e82 137 4 2 3 5 0 1 6
2733 a61ec453d84009ff 137 4 2 3 5 0 1 6
2734 25bfab2f6e6db91c 137 4 2 3 5 0 1 6
2735 f10169843651af91 137 4 2 3 5 0 1 6
2736 9dfafc33499c2df8 138 4 2 3 5 0 1 7
2737 db55ac4d06c51301 140 4 2 3 5 0 1 8
2738 0f63a24c57db4ed4 141 4 2 3 5 1 1 9
2739 2f82bf112ff57535 141 4 2 3 5 1 1 9
2740 437a956a543212e4 140 4 2 3 5 1 1 9
2741 d1ee0c41b9db402e 140 4 2 3 5 1 1 9
2742 cadf7432355aba86 141 4 2 3 5 1 1 10
2743 c58cdbde226ca723 142 4 2 3 5 1 1 11
2744 e6753d2ee1ddcdaa 143 4 2 3 5 1 1 12
2745 3d5a32599c3b98b4 142 4 2 3 5 1 1 12
2746 caef69a32f33eaa9 143 4 2 3 5 1 1 12
2747 2c5485a4856d7b93 143 4 2 3 5 1 1 12
2748 6df6bb46b8f70228 144 4 2 3 5 1 1 13
2749 0d601325ad5d9cf3 145 4 2 3 5 1 1 14
2750 71b4e5b5a9b9bc4c 146 4 2 3 5 1 1 15
2751 ad309d97c6cf6455 146 4 2 3 5 1 1 15
2752 3b8ec6e9c5551907 146 4 2 3 5 1 1 15
2753 c483a84e7b7e7bc0 146 4 2 3 5 1 1 15
2754 6eafaefec063c9b0 147 4 2 3 5 1 1 16
2755 405137b7199407cc 147 4 2 3 5 0 1 17
2756 9b9f452ff4963abc 149 4 2 3 5 1 1 18
2757 f1c46483a392dbb7 149 4 2 3 5 1 1 18
2758 ca63398cb851cdef 150 4 2 3 5 1 1 18
2759 4ada582aa3c942ea 150 4 2 3 5 1 1 18
2760 7c1a291c95df1c24 150 4 2 3 5 0 1 19
2761 ed43035b8682d1d7 152 4 2 3 6 0 1 20
2762 e9fc75b01937c058 154 4 2 3 6 1 1 21
2763 0c4686408f0c7333 154 4 2 3 6 1 1 21
2764 75c60d44cdd25ab6 153 4 2 3 6 1 1 21
2765 a2544e55a65aca62 152 4 2 3 6 0 1 21
2766 29404f11d6e985c4 152 4 2 3 6 0 1 21
2767 88bee856ceb54f64 153 4 2 3 6 0 1 22
2768 8a78abf8c5f162f7 152 4 2 3 6 0 1 22
2769 9e145b17d74335ee 154 4 2 3 6 0 1 23
2770 79b93766fc7d17ab 154 4 2 3 6 0 2 23
2771 40b8a56bbf3d4d98 154 4 2 3 6 0 2 24
2772 f200b81fe274818e 155 4 2 3 6 0 2 24
2773 e38d85b7b34dbcb7 156 4 2 3 6 0 2 25
2774 a63a7cf509db1a68 156 4 2 3 6 0 2 25
2775 ddbe8154076c337c 156 4 2 3 6 0 2 25
2776 c07e80954cf840e2 156 4 2 3 6 0 2 25
2777 85de8b5b7edfbaa2 156 4 2 3 6 0 2 25
2778 641ae3cf785030f1 156 4 2 3 6 0 2 25
2779 8e1aa9257c801665 158 4 2 3 6 0 2 26
2780 358e9c1d5f479445 158 4 2 3 6 0 2 26
2781 1f2beeb5868da1bf 159 4 2 3 6 0 2 26
2782 11660cba74c4c264 159 4 2 3 6 0 2 26
2783 d986e733ff118ea0 159 4 2 3 6 0 2 26
2784 d00d4143b0b763f2 160 4 2 3 6 0 2 26
2785 48ed3b5da56f2c76 159 4 2 3 6 0 2 26
2786 ce00c8adca9e501d 159 4 2 3 6 0 2 26
2787 f194167a54257350 159 4 2 3 6 0 2 26
2788 e1656baa631c0d39 160 4 2 3 6 0 2 27
2789 9ca4e9b72245e425 159 4 2 3 6 0 1 27
2790 c01b9eda6a2b42bc 158 4 2 3 6 0 0 27
2791 a800804b00b11ede 158 4 2 3 6 0 0 27
2792 3405d8fb30764598 158 4 2 3 6 0 0 27
2793 0a892e93d7daa623 158 4 2 3 6 0 0 27
2794 395d47cb67b2cd3e 158 4 2 3 6 0 0 27
2795 8fe27522dfca376d 158 4 2 3 6 0 0 27
2796 448cae67cd7813d0 158 4 2 3 6 0 0 27
2797 efdb582e00988fd6 159 4 2 3 6 1 0 27
2798 1f0905a138681a3e 160 4 2 3 6 1 0 27
2799 096b7ac07619659a 160 4 2 3 6 1 0 27
2800 4fb7cfe4f4e106d5 159 4 2 3 6 1 0 27
2801 9d22bca8237b3cf2 158 4 2 3 6 1 0 27
2802 dad7b8d85e620c30 158 4 2 3 6 1 0 27
2803 348a69606e55d021 158 4 2 3 6 1 0 27
2804 905cb1db9e3c4797 159 4 2 3 6 1 0 27
2805 7ef62dfeb53c0e0a 160 4 2 3 6 1 0 27
2806 150f669a7bcc4738 159 4 2 3 6 1 0 27
2807 9c56636f21dd80db 159 4 2 3 6 1 0 27
2808 2fa68ecf0c613adc 159 4 2 3 6 1 0 27
2809 87da554ca7b4efef 160 4 2 3 6 1 0 27
2810 e41e964b39817470 161 4 2 3 6 1 1 27
2811 5055301eb71b53b8 160 4 2 3 6 1 1 27
2812 8f4b666c46f46a57 160 4 2 3 6 1 1 27
2813 8a048064294cd737 160 4 2 3 6 1 1 27
2814 9240ca2dde784d28 158 4 2 3 6 0 1 27
2815 40d10c38f4279586 159 4 2 3 6 1 1 27
2816 58082fc6c54b1b9d 159 4 2 3 6 1 1 27
2817 6f58bad8129247bb 160 4 2 3 6 1 1 28
2818 59ba86726f40ca2d 160 4 2 3 6 1 1 28
2819 e420f8e52d021565 159 4 2 3 6 0 1 27
2820 e6e1e0727bc79180 160 4 2 3 6 0 1 27
2821 4cf4c867798a3d23 160 4 2 3 6 1 1 27
2822 74c5b990fa3a395a 159 4 2 3 6 1 1 27
2823 e4b2407483ecc57f 159 4 2 3 6 1 1 28
2824 de7c4d77ef192468 158 4 2 3 6 0 1 28
2825 6f5987c2b2c93e71 159 4 2 3 6 0 1 28
2826 5f73b57af4079807 160 4 2 3 6 0 1 28
2827 a409fdfae5296b7c 160 4 2 3 6 0 1 28
2828 31426058cabba9ba 160 4 2 3 6 0 1 28
2829 e968122abdc02353 162 4 2 3 6 0 1 29
2830 70986f3cfe7133f2 162 4 2 3 6 0 1 29
2831 198a58ae4348d6bb 161 4 2 3 6 0 0 29
2832 3c703c25a5051f11 161 4 2 3 6 0 0 29
2833 7cef2f17c34126b8 160 4 2 3 6 0 0 29
2834 5145c7abb0e9175e 161 4 2 3 6 0 0 29
2835 d814afc44faa70c4 162 4 2 3 6 0 0 30
2836 52c26394b9c9fdc2 161 4 2 3 6 0 0 29
2837 efc9e5f736c07023 161 4 2 3 6 0 0 29
2838 af2844c740ac9a7e 160 4 2 3 6 0 0 29
2839 130a8bde68fd10b7 160 4 2 3 6 0 0 29
2840 710948ef9f6fbfac 160 4 2 3 6 0 0 29
2841 2ccc350dab7d685f 160 4 2 3 6 0 0 29
2842 f8c96f3b2e06d242 160 4 2 3 6 0 0 29
2843 c52599c13f7fadca 159 4 2 3 6 0 0 29
2844 3c482afa15732517 160 4 2 3 6 0 0 29
2845 a1fe8031dc602d6d 160 4 2 3 6 0 0 29
2846 ca9815e0efd3c752 160 4 2 3 6 0 0 29
2847 5fd3e218250c1e8c 161 4 2 3 6 0 0 30
2848 1cb8a9c7fa2b643e 162 4 2 3 6 0 0 30
2849 e1f9f64de154e47b 162 4 2 3 6 0 0 30
2850 f800dde041e49609 161 4 2 3 6 0 1 29
2851 08b917d41a4562db 162 4 2 4 6 0 1 29
2852 581cefa34ce24aed 163 4 2 4 6 0 1 29
2853 80ca633ef34c3d27 164 4 2 4 6 0 1 30
2854 b52d2fb6138d3ce1 163 4 2 4 6 0 1 30
2855 937559011456903a 164 4 2 4 6 0 1 30
2856 d74cfc9f2f46cfdb 164 4 2 4 6 0 1 30
2857 c5564cbc1ab2e66a 164 4 2 4 6 0 1 30
2858 462bbbca45cc0ecf 164 4 2 4 6 0 1 30
2859 de4922ec64021fc4 164 4 2 4 6 0 1 31
2860 d86d62ee3e0132ea 164 4 2 4 6 0 1 31
2861 4f06153153074f77 164 4 2 4 6 0 1 31
2862 be6af37196e24586 164 4 2 4 6 0 1 31
2863 2d3b5ad460b52de4 166 4 2 4 6 0 1 32
2864 0ab36facd4de78b4 165 4 2 4 6 0 1 31
2865 2a7f083780c3487c 165 4 2 4 6 0 1 31
2866 56613b75e57f4e3c 165 4 2 4 6 0 1 31
2867 476d0a4769c1b76f 163 4 2 4 6 0 1 30
2868 706fcf179f719f7b 164 4 2 4 6 0 1 31
2869 81b725d7d8b1b52e 166 4 2 4 6 0 1 32
2870 23df975043c9809c 165 4 2 4 6 0 1 32
2871 f5d3404c847e14b8 165 4 2 4 6 0 1 32
2872 c910cf8dd455f589 165 4 2 4 6 0 1 32
2873 d6f4a36a4ce1478a 164 4 2 4 6 0 1 32
2874 00ed3ba8214935a7 165 4 2 4 6 0 1 32
2875 6fe0c80bea050350 166 4 2 4 6 0 1 33
2876 f06217b9639c476b 166 4 2 4 6 0 1 33
2877 68b659d77042e4f2 166 4 2 4 6 0 1 33
2878 93fd77094130c6cc 166 4 2 4 6 0 1 33
2879 82aca41673685d6b 165 4 2 4 6 0 1 32
2880 ee877d40c5b88ff1 166 4 2 4 6 0 1 32
2881 94ab054b958bbb60 167 4 2 4 6 0 1 33
2882 368818ea24049715 167 4 2 4 6 0 1 33
2883 1acf2f89bb9620b2 167 4 2 4 6 0 1 32
2884 467e662c34bd406f 167 4 2 4 6 0 1 32
2885 bbd6648a63d191fa 167 4 2 4 6 0 1 32
2886 3265315b3f744d78 167 4 2 4 6 0 1 32
2887 461917a9a6190089 168 4 2 4 6 0 1 33
2888 1024c009e2ff9429 168 4 2 4 6 0 1 33
2889 2289c697af871d55 169 4 2 4 6 0 1 33
2890 a8b05352a530989a 169 4 2 4 6 0 1 33
2891 a702ca67fee6e75b 169 4 2 4 6 0 1 33
2892 95b6e5be9e897cba 169 4 2 4 6 0 1 33
2893 5d6cabe5cf8c96a9 169 4 2 4 6 0 1 34
2894 21ac6e02b99c6237 169 4 2 4 6 0 1 34
2895 d07071b528aa9880 168 4 2 4 6 0 1 33
2896 88cec1798778ab7e 168 4 2 4 6 0 1 33
2897 6dcc1af1ce755958 168 4 2 4 6 0 1 33
2898 1ba31cc08c5b10b0 168 4 2 4 6 0 1 33
2899 c7225814e801f329 170 4 2 4 6 0 1 34
2900 1d4bbb6afcb3bc1f 171 4 2 4 6 0 1 34
2901 6bcaececa389a68c 171 4 2 4 6 0 1 34
2902 2ee6ca41792106d9 170 4 2 4 6 0 1 33
2903 36ebb9d32a9e759e 170 4 2 4 6 0 1 33
2904 d4bf17caa2379cd7 169 4 2 4 6 0 1 33
2905 d81d3d97ee1759a3 169 4 2 4 6 0 1 33
2906 3f049de386aed5bf 168 4 2 4 6 0 1 33
2907 8478d18d0972481c 168 4 2 4 6 0 1 33
2908 87f31b8bbbe18a16 169 4 2 4 6 0 1 34
2909 52ae0f43e9c12d38 169 4 2 4 6 0 1 34
2910 3305550ae604e0fe 169 4 2 4 6 0 1 34
2911 f439ab97181f1adb 169 4 2 4 6 0 1 34
2912 32b056527fe36021 168 4 2 4 6 0 1 34
2913 0ced2e2e2fd525d8 167 4 2 4 6 0 1 34
2914 d62da3c9332241f7 167 4 2 4 6 0 1 34
2915 731beb74817575cf 167 4 2 4 6 0 1 34
2916 72b6f84d8b350bbd 168 4 2 4 6 0 1 34
2917 f8735b47eebef34c 168 4 2 4 6 0 1 34
2918 e1d5200a99acc214 167 4 2 4 6 0 1 34
2919 2eda7e2ef161ff2a 167 4 2 4 6 0 1 34
2920 e8a7744fd1ad8cef 167 4 2 4 6 0 1 34
2921 bebc23f7aa8e1b6f 167 4 2 4 6 0 1 34
2922 59aadb4583932e02 165 4 2 4 6 0 1 33
2923 a187d1fbaf8c1d8a 164 4 1 4 6 0 1 33
2924 9860cc3e4a282e01 165 4 1 4 6 0 1 33
2925 23cd43b802d86295 166 4 1 4 6 0 1 33
2926 a434eb93eea9f6c8 165 4 1 4 6 0 1 33
2927 f2a98e3120ae13ee 165 4 1 4 6 0 1 33
2928 293664d7014a935b 165 4 1 4 6 0 1 33
2929 770d589dc0c04b0a 164 4 1 4 6 0 1 32
2930 770341afe191c041 163 4 0 4 6 0 1 32
2931 ece48a19f51bc0dd 163 4 0 4 6 0 1 32
2932 fae285fa76ec4949 164 4 0 4 6 0 1 32
2933 75bd3047eab2bff3 164 4 0 4 6 0 1 32
2934 a5e9cbb6c29c77a2 164 4 0 4 6 0 1 32
2935 9f35e0f5ea015695 164 4 0 4 6 0 1 32
2936 f4a2f7f60293fd9f 163 4 0 4 6 0 1 32
2937 3ece692a9442011f 164 4 0 4 6 0 1 32
2938 c9674ea2080ac94e 163 4 0 4 6 0 1 31
2939 ad71f19fc9711d94 163 4 0 4 6 0 1 31
2940 cfff952778bdc0c6 162 4 0 4 6 0 1 30
2941 3822c3e5976003bc 163 4 0 4 6 0 1 30
2942 306cd3c1271051c7 163 4 0 4 6 0 1 30
2943 b57f17e996bb3dfa 163 4 0 4 6 0 1 30
2944 65414cfca74cfe7b 163 4 0 4 6 0 1 30
2945 bc405378fdb13290 165 4 0 4 6 0 1 30
2946 7a063d0d9f203deb 164 4 0 4 6 0 1 29
2947 67732066a31d15b6 165 4 0 4 6 0 1 29
2948 6c5d92dd36e9de34 165 4 0 4 6 0 1 29
2949 fd398bff5fa9e331 166 4 0 4 6 0 1 29
2950 904289ea0073804a 165 4 0 4 6 0 1 29
2951 985d835c52c5477d 165 4 0 4 6 0 1 29
2952 8d9a6f339ddfe363 165 4 0 4 6 0 1 29
2953 f55f75a67c38dc43 165 4 0 4 6 0 1 29
2954 7194320e66e49f6a 164 4 0 4 6 0 1 29
2955 d71cc4aed4c331ef 165 4 0 4 6 0 1 29
2956 594c67ce4dbcaf89 165 4 0 4 6 0 1 29
2957 8e74266398e076c6 165 4 0 4 6 0 1 29
2958 31f5df5797af02fc 165 4 0 4 6 0 1 29
2959 66445998427d387d 164 4 0 4 6 0 1 29
2960 df3e58a9609c6bae 164 4 0 4 6 0 1 29
2961 0c4967f00979be3e 164 4 0 4 6 0 1 29
2962 8912db5165b8b052 164 4 0 4 6 0 1 29
2963 921c06d3bca92910 163 4 0 4 6 0 1 29
2964 961d485a83829e34 163 4 0 4 6 0 1 29
2965 5106f49f9b4b4068 162 4 0 4 6 0 1 28
2966 642ee3e4cd92c82e 162 4 0 4 6 0 1 28
2967 c646003d8893c964 162 4 0 4 6 0 1 28
2968 b8d932d69ffcfa08 162 4 0 4 6 0 1 28
2969 98c8e1a4d3004a2e 163 4 0 4 6 0 1 28
2970 ed269262a4f05107 163 4 0 4 6 0 1 28
2971 9cad0453faf61dfb 164 4 1 4 6 0 1 28
2972 bf2edd17aeaca36f 164 4 1 4 6 0 1 28
2973 00a050741b054609 165 4 1 4 6 0 1 28
2974 d5a60a05156f1295 165 4 1 4 6 0 1 28
2975 1fb07e0321debd84 166 4 1 4 6 0 1 28
2976 9c1f5ef7885bcbc6 165 4 1 4 6 0 1 28
2977 e63e0b147f55d2dd 165 4 1 4 6 0 1 28
2978 6ff58221a49ee106 165 4 1 4 6 0 1 28
2979 6dd9baffac8aee79 164 4 1 4 6 0 1 27
2980 782463c5ac5533fb 164 4 1 4 6 0 1 27
2981 6c6ecb49ddeae1d5 165 4 1 4 6 0 1 27
2982 6009b24f7838f1fd 165 4 1 4 6 0 1 27
2983 3a8c44a61fcccb34 165 4 1 4 6 0 1 27
2984 73b3160d30174448 164 4 1 4 6 0 1 27
2985 d6867fd29a263cf2 164 4 1 4 6 0 1 27
2986 2d12ae2f5273fccc 164 4 1 4 6 0 1 27
2987 69e3677e46e82877 164 4 1 4 6 0 1 27
2988 7b97f0fe8ba154bf 164 4 1 4 6 0 1 27
2989 7c514aff637f8f4e 165 4 1 4 6 0 1 27
2990 c8f1b235d5adb59a 165 4 1 4 6 0 1 27
2991 e6509b0ccdcc119d 164 4 1 4 6 0 1 26
2992 a51b12394b64dd5c 163 4 1 4 6 0 1 26
2993 b9aa229d505bd221 162 4 1 4 6 0 1 26
2994 8aac7f83c888ffba 161 4 1 4 6 0 1 26
2995 277a13e4aa08006c 161 4 1 4 6 0 1 26
2996 6366232fdf60bfef 161 4 1 4 6 0 1 26
2997 8ef79163e295af6b 161 4 1 4 6 0 1 26
2998 5601c8c1b3efba31 160 4 1 4 6 0 1 26
2999 0e540d21f75eeedd 160 4 1 4 6 0 1 25
3000 0975a6b9ee287ece 160 4 1 4 6 0 1 25
3001 d3be0273b44ff7b7 159 4 1 4 6 0 1 24
3002 3b9e0d31897e347b 160 4 1 4 6 0 2 24
3003 a2a9083e1da6eac5 160 4 1 4 6 0 2 24
3004 b2bfeb40eb2b23ac 160 4 1 4 6 0 2 24
3005 14cb166a7b8f01f7 160 4 1 4 6 0 2 24
3006 537ab731dea8b540 160 4 1 4 6 0 2 24
3007 81ca7c655c21b591 160 4 1 4 6 0 2 24
3008 aed2beecc2cdab82 160 4 1 4 6 0 2 24
3009 f75e6b9a2a1a807d 160 4 1 4 6 0 2 24
3010 4b44ac957740391f 161 4 1 4 6 0 2 24
3011 352368f1ddc3c275 161 4 1 4 6 0 2 24
3012 ea21bb63c91d0a4b 162 4 1 4 6 0 2 24
3013 ffa59e59161a5338 161 4 1 4 6 0 2 24
3014 8c80b239a4c8d73a 160 4 1 4 6 0 2 23
3015 a7e04cda93b58731 160 4 1 4 6 0 2 23
3016 c29ce1f545336915 159 4 1 4 6 1 1 23
3017 3a5f82cbe481f152 159 4 1 4 5 1 1 23
3018 e304b9ce78d3e452 160 4 1 4 5 1 1 23
3019 2b14d40facdb4e72 160 4 1 4 5 1 1 23
3020 0dfb40e929d8dec8 157 4 1 4 5 1 1 22
3021 3c1d6b09ad1b7084 157 4 1 4 5 1 1 22
3022 bbaf729c9c290803 157 4 1 4 5 2 1 22
3023 f1defe06c4f9f07d 156 4 1 4 5 1 1 22
3024 454fa33685e52dee 155 4 1 4 5 1 1 21
3025 197d88b26d9e5cf8 155 4 1 4 5 1 1 21
3026 a274e0d2857197cf 154 4 1 4 5 1 1 20
3027 47b762f02791de56 154 4 1 4 5 1 1 20
3028 b93a04f32c52d857 153 4 1 4 5 1 1 20
3029 4e28fc2e4e840a17 152 4 1 4 5 1 1 20
3030 93e5103f6fee0d4c 151 4 1 4 5 1 1 19
3031 89827c376d915fc5 152 4 1 4 5 1 1 19
3032 deb426256f9b4bf8 151 4 1 4 5 1 1 18
3033 92b4cffecd249d34 149 4 1 4 5 0 1 18
3034 4cb15dde7e41eec1 149 4 1 4 5 1 1 17
3035 b52566bf46da3031 151 4 1 4 5 1 2 17
3036 b1ef8b26bf387040 150 4 1 4 5 1 2 16
3037 85a3fb80dc75b18d 149 4 1 4 5 1 2 16
3038 273d218fdb264b6d 148 4 1 4 5 0 2 16
3039 699743a166d48219 149 4 1 4 5 0 2 16
3040 4157a68868a73dfd 150 4 1 4 5 1 2 16
3041 ce3c788ac5f1a74f 150 4 1 4 5 1 2 16
3042 73a81ffd496e12f8 150 4 1 4 5 1 3 15
3043 075473c2629b8f5f 150 4 1 4 5 1 3 15
3044 045cc46070015f29 148 4 1 4 5 0 3 15
3045 2515dbe07445e90b 147 4 1 4 5 0 3 14
3046 dc970251559c7e25 148 4 1 4 5 0 3 14
3047 ee254b402cb9b4df 147 4 1 4 5 0 3 14
3048 80b70e201c507c4e 145 4 1 4 5 0 3 13
3049 0251bcd48087845b 145 4 1 4 5 0 3 13
3050 c0003a20aeff6903 144 4 1 4 5 0 3 12
3051 6491f767757edd81 144 4 1 4 5 0 3 12
3052 c62e3b6f36bb6042 143 4 1 4 5 0 3 12
3053 21571db6299b41c9 143 4 1 4 5 0 3 12
3054 dd372c0e89632a02 143 4 1 4 5 0 3 12
3055 2220adc43d5b0451 141 4 1 4 5 0 2 11
3056 6179012d70ba09d6 141 4 1 4 5 0 2 11
3057 e30dc1c729803573 141 4 1 4 5 0 2 11
3058 4906988f9bb81b78 140 4 1 4 5 0 2 11
3059 c27aa533a0a7d419 139 4 1 4 5 0 2 11
3060 a5008b05d5c855fc 138 4 1 4 5 0 2 11
3061 27cd34a539e80317 138 4 1 4 5 0 2 11
3062 4efec7787274394b 138 4 1 4 5 0 2 10
3063 c0f6a7aa0e923f0a 138 4 1 4 5 0 2 10
3064 8aecf3fe860d20d4 138 4 1 4 5 0 2 10
3065 fe211398461df037 139 4 1 4 5 0 2 10
3066 838832a9604067b3 138 4 1 4 5 0 2 10
3067 1e60561edfdd6ce2 138 4 1 4 5 0 2 10
3068 ed289c1ca98e4b52 138 4 1 4 5 0 2 10
3069 95b97c287aab62b3 136 4 1 4 5 0 2 9
3070 8e49b4357550f128 136 4 1 4 5 0 2 9
3071 b146bb4d297cd5ed 136 4 1 4 5 0 2 8
3072 773a57efdcfa05d9 137 4 1 4 5 0 2 8
3073 bcef5ac6ccdf7300 138 4 1 4 5 0 2 8
3074 8dc133e4efd6d9e5 138 4 1 4 5 0 2 8
3075 3eee3980cd9d2858 139 4 1 4 5 0 3 8
3076 3d8fe34f64ecb436 140 4 1 4 5 0 3 8
3077 836c65a36fd9fbf8 141 4 1 4 5 0 3 8
3078 914e5fd7224bf0ea 140 4 1 4 5 0 3 8
3079 c94bf5e4166bcc6d 139 4 1 4 5 0 2 8
3080 debbce4f182faf10 139 4 1 4 5 0 2 8
3081 94d077a4df72465b 139 4 1 4 5 0 2 8
3082 39f30dd9e46bbf4b 138 4 1 4 5 0 3 8
3083 72b5892de2e209f7 138 4 1 4 5 0 3 8
3084 559aea3f8703c9eb 139 4 1 4 5 0 3 8
3085 65bf409add52b8e5 138 4 1 4 5 0 2 8
3086 c880f6760ba4584c 138 4 1 4 5 0 2 8
3087 71546fd92b74f172 138 4 1 4 5 0 2 8
3088 1e8253f0b6a37017 137 4 1 4 5 0 2 8
3089 b2635f26c31dde40 136 4 1 4 5 0 2 8
3090 a6b5e6e5a0da5cfb 136 4 1 4 5 0 2 8
3091 8bb54e4a30704d67 137 4 2 4 5 0 2 8
3092 17b2ac9d6fecedc0 137 4 2 4 5 0 2 8
3093 cd75c9d9e242c425 137 4 2 4 5 0 2 8
3094 05d0bc9b58a96d6c 137 4 2 4 5 0 2 8
3095 af90b5a1e58e71a8 137 4 2 4 5 0 2 8
3096 3f8d0f3f3c88be8e 137 4 2 4 5 0 2 8
3097 5fb93a78e669eaff 137 4 2 4 5 0 2 8
3098 f100fa0386be77b1 136 4 2 4 5 0 2 7
3099 fd9e3fee7b3558b6 136 4 2 4 5 0 2 7
3100 a1abcd63df8fa3ef 136 4 2 4 5 0 2 7
3101 1dc87537fca72686 136 4 2 4 5 0 2 7
3102 299cc5a77d4a5f91 136 4 2 4 5 0 2 7
3103 13d28e4417be7747 136 4 2 4 5 0 2 7
3104 a831b62ea0b0bd41 136 4 2 4 5 0 2 7
3105 69a171e9557fc7a7 135 4 2 4 5 0 2 7
3106 777d2533d95e0892 135 4 2 4 5 0 2 7
3107 be40c79fbbe73d45 134 4 2 4 5 0 2 6
3108 adfdd0b7ed701b22 134 4 2 4 5 0 2 6
3109 625a8cd20536935e 134 4 2 4 5 0 2 6
3110 6b9f12bd41d87e5d 134 4 2 4 5 0 2 6
3111 32a9aec89a8bda32 134 4 2 4 5 0 2 6
3112 4558c93dab19df6f 133 4 2 4 5 0 2 6
3113 5a5e760114e7fa2c 133 4 2 4 5 0 2 6
3114 9a7dc0e0025bbf60 134 4 2 4 5 0 2 6
3115 1ca04fd6331f4b78 135 4 2 4 5 0 3 6
3116 9d9ea3ea92303495 135 4 2 4 5 0 3 6
3117 03f69f6370c2a07c 135 4 2 4 5 0 3 6
3118 960a699d14d3b27a 135 4 2 4 5 0 3 6
3119 389c63d2c7bc5f64 134 4 2 4 5 0 2 6
3120 1fdf4a7cfa50f529 134 4 2 4 5 0 2 6
3121 4d66b503fb50c9ac 134 4 2 4 5 0 2 6
3122 7b854bd61fd11bae 136 4 2 4 5 0 3 6
3123 40fdc37644424025 135 4 2 4 5 0 3 6
3124 183ab21d09ec283d 136 4 2 4 5 1 3 6
3125 49ab5edb32d63061 136 4 2 4 5 1 3 6
3126 4c26402f15f76a49 136 4 2 4 5 1 3 6
3127 c49da8fa43b8093b 136 4 2 4 5 1 3 6
3128 6acd585ef0a5c3be 134 4 2 4 5 1 2 5
3129 bc507e152393a136 134 4 2 4 5 1 2 5
3130 71e6d029e468d39f 135 4 2 4 5 2 2 5
3131 df54869827378e8a 134 4 2 4 5 1 2 5
3132 e518f0d5ae634782 136 4 2 4 5 1 2 5
3133 4d8665bb3bbc8e55 137 4 2 4 5 1 2 5
3134 358a38a081ae8f44 136 4 2 4 5 1 2 5
3135 e485e85f270868c1 137 4 2 4 5 1 2 5
3136 5cefea8dcb684a00 137 4 2 4 5 1 2 5
3137 ffc0028f043f6ca3 136 4 2 4 5 1 2 5
3138 c31be87b940e99e6 136 4 2 4 5 1 2 5
3139 b4bb1b7bd41d86e3 134 4 2 4 5 1 2 4
3140 9605226c405ce154 134 4 2 4 5 1 2 4
3141 fa5105e86aa535fd 134 4 2 4 5 1 2 4
3142 0ad9ce2e9bc82d44 133 4 2 4 5 1 2 4
3143 3d0590b31f6e5264 133 4 2 4 5 1 2 4
3144 76f71f73912579f1 133 4 2 4 5 1 2 4
3145 83e2e10ceddadc21 133 4 2 4 5 1 2 4
3146 6263ab086616de9b 133 4 2 4 5 1 2 4
3147 a367f84b59a0b46e 131 4 2 4 5 0 2 4
3148 326d2a8e7c81ffc7 133 4 2 4 5 1 2 4
3149 3b3dcecd48ac972c 133 4 2 4 5 1 2 4
3150 860c6de73992df24 132 4 2 4 5 1 2 4
3151 cca825dfcad5691d 132 4 2 4 5 1 2 4
3152 85c64bd52652e0ef 130 4 2 4 5 0 2 4
3153 07556ea57b3bd155 129 4 2 4 5 0 2 4
3154 c1be019e7def7748 129 4 2 4 5 0 2 4
3155 9d43029c6f34fef5 128 4 2 4 5 0 2 4
3156 b51094d59c1947b6 128 4 2 4 5 0 2 4
3157 c07f09b1dd4fffd1 128 4 2 4 5 0 2 4
3158 a9e0175496c08828 128 4 2 4 5 0 2 4
3159 818f420b8e047e25 128 4 2 4 5 0 2 4
3160 63bdc1bd88a39824 128 4 2 4 5 0 2 4
3161 26c1d962fbab71c6 128 4 2 4 5 0 2 4
3162 586c65c7d4c9fe2e 127 4 2 4 5 0 2 4
3163 4686e456a65989e1 127 4 2 4 5 0 2 4
3164 ce56fe6e749325ea 126 4 2 4 5 0 2 4
3165 82e4b406a691996a 126 4 2 4 5 0 2 4
3166 bc6eeab5695cfa02 127 4 2 4 5 0 2 4
3167 0bf2f05154239fd9 127 4 2 4 5 0 2 4
3168 6e37eb52b971946f 125 4 2 4 5 0 2 3
3169 99190757d3341e6e 124 4 2 4 5 0 2 2
3170 6fc109a12b9d1674 123 4 2 4 5 0 1 2
3171 e823786394dde3ed 124 4 2 4 5 0 1 2
3172 36a53a27e27c247a 125 4 2 4 5 0 1 2
3173 832d2b8c3befec02 125 4 2 4 5 0 1 2
3174 c3b0bacea618c0b1 125 4 2 4 5 0 1 2
3175 9abc6722ed571379 125 4 2 4 5 0 1 2
3176 3dec47ce384437f5 126 4 2 4 5 0 1 2
3177 6a0844488da60ad9 126 4 2 4 5 0 1 2
3178 c5a5726202a8c80c 126 4 2 4 5 0 1 2
3179 f7bc81c7d06af977 126 4 2 4 5 0 1 2
3180 c9556433369f3621 124 4 2 4 5 0 0 2
3181 0fa79c7328ff927f 123 4 2 4 5 0 0 2
3182 2836ed59e614739e 123 4 2 4 5 0 0 2
3183 ad51f71a1ac49d56 123 4 2 4 5 0 0 2
3184 714193edf9c78674 123 4 2 4 5 0 0 2
3185 2b435c113181250c 123 4 2 4 5 0 0 2
3186 dbf2f8b03f4de039 124 4 2 4 5 0 0 2
3187 6f0091f83cbb0af9 123 4 2 4 5 0 0 1
3188 9939d6899e5dddb4 123 4 2 4 5 0 0 1
3189 fecbdafa4fb93c38 124 4 2 4 5 0 1 1
3190 9bb52952814c602e 125 4 2 4 5 0 1 1
3191 cd5abdbca2246fa6 125 4 2 4 5 0 1 1
3192 309c5893ab0f31dc 124 4 2 4 5 0 1 1
3193 95c81fddf78272c4 122 4 2 4 5 0 1 0
3194 52e30640845d7d86 121 4 2 4 5 0 1 0
3195 e3194108a9b438d5 121 4 2 4 5 0 1 0
3196 3401571f068cf177 121 4 2 4 5 0 1 0
3197 7889a4c5c5237154 122 4 2 4 5 0 1 0
3198 d523629a0ecb3765 123 4 2 4 5 0 1 1
3199 e6382489b2742fd7 122 4 2 4 5 0 1 1
3200 4c1cc60eaf16d63d 122 4 2 4 5 0 1 1
3201 8cbb2721074cd301 122 4 2 4 5 0 1 1
3202 ef6ba11fe4b28b9f 123 4 2 4 5 0 1 1
3203 423aa5ca35ecedd3 124 4 2 4 5 0 1 1
3204 ee146248308aaf4c 125 4 2 4 5 0 1 2
3205 b874537372b9c62e 124 4 2 4 5 0 1 2
3206 022e6ff263162aa0 124 4 2 4 5 0 1 2
3207 e30128abca33f965 124 4 2 4 5 0 1 2
3208 08b6d503d242dc50 125 4 2 4 5 0 1 3
3209 532b17e06ef9181f 125 4 2 4 5 0 1 3
3210 63e7af3630542e26 127 4 2 4 5 0 1 5
3211 41cfa468b2296b02 127 4 2 5 5 0 1 5
3212 f4be65fe619bcabf 127 4 2 5 5 0 1 5
3213 cb8423610e113f3b 127 4 2 5 5 0 1 5
3214 24c8487a0daad3cb 128 4 2 5 5 0 1 6
3215 b3ff39278e1a1a6c 128 4 2 5 5 0 1 6
3216 3fad6cb3497c5ce6 130 4 2 5 5 0 1 8
3217 331147499387f630 129 4 2 5 5 0 1 8
3218 380d7480d68a8eec 129 4 2 5 5 0 1 8
3219 a6c09e8a42be2738 129 4 2 5 5 0 1 8
3220 49e9f9f0764297b8 130 4 2 5 5 0 1 9
3221 d82812b1466f7e96 130 4 2 5 5 0 1 9
3222 eb89fb0109dd570c 132 4 2 5 5 0 1 11
3223 e312f564457b59fa 132 4 2 5 5 0 1 11
3224 f11065057ddc2e0d 132 4 2 5 5 0 1 11
3225 011b306e018ffafc 132 4 2 5 5 0 1 11
3226 f88fc16d14b0e877 132 4 2 5 5 0 1 12
3227 38e5f2c1c111aa24 132 4 2 5 5 0 1 12
3228 ecc9859c2c9b1d59 134 4 2 5 5 0 1 14
3229 77479ba072951418 135 4 2 5 5 0 2 14
3230 68d0137bf7206cd8 135 4 2 5 5 0 2 14
3231 962e38930ccd65e0 135 4 2 5 5 0 2 14
3232 bb5b0f119975c230 137 4 2 5 5 0 2 15
3233 cd0be8bd09af0b3e 137 4 2 5 5 0 2 15
3234 d39a3c1aa3f4b903 139 4 2 5 5 0 2 17
3235 a137a553ea6b97ed 139 4 2 5 5 0 2 17
3236 ad23334071309e5e 140 4 2 5 5 0 2 17
3237 1cf8a0766525a608 140 4 2 5 5 0 2 17
3238 ba54366358eb1344 140 4 2 5 5 0 2 18
3239 86d3f0ddb4632e85 141 4 2 5 5 0 2 18
3240 db49b5f58728bba0 143 4 2 5 5 0 2 20
3241 508b9418e6dcc27c 145 4 2 5 6 0 2 20
3242 ad89eb6285ca63e3 145 4 2 5 6 0 2 20
3243 f87d80425318078e 145 4 2 5 6 0 2 20
3244 eaf48f769396bf8e 146 4 2 5 6 0 2 21
3245 55315dd9b376ddf2 146 4 2 5 6 0 2 21
3246 2a9f20e21bfd2167 147 4 2 5 6 0 2 22
3247 70f0e193860c35d6 147 4 2 5 6 0 2 22
3248 8ffb9ab573c2e460 146 4 2 5 6 0 2 22
3249 793dcdee0392f467 146 4 2 5 6 0 2 23
3250 b67202232b77d322 147 4 2 5 6 0 2 24
3251 7f404f9d02e635b2 147 4 2 5 6 0 2 24
3252 d603f8a14bce2ee2 148 4 2 5 6 0 2 25
3253 b206001427932f4b 149 4 2 5 6 0 2 25
3254 ec6ba1e14cc03ec9 149 4 2 5 6 0 2 25
3255 ed9483ac842a7c03 149 4 2 5 6 0 2 25
3256 207ea5112570cd97 149 4 2 5 6 0 2 25
3257 329b61ad48693318 149 4 2 5 6 0 2 25
3258 36dbd4cd83686789 150 4 2 5 6 0 2 25
3259 a1410b4eb5a4dbbd 150 4 2 5 6 0 2 26
3260 e8f54a5705c48a12 150 4 2 5 6 0 2 26
3261 ffb2845aee979650 150 4 2 5 6 0 2 27
3262 356c47afd597133b 150 4 2 5 6 0 2 27
3263 790e436ec1801129 150 4 2 5 6 0 2 27
3264 fa65f365677e52cb 149 4 2 5 6 0 2 27
3265 cd91673dc4f5a94b 149 4 2 5 6 0 2 27
3266 4321b71632155336 148 4 2 5 6 0 2 27
3267 3a828d55e94d14eb 149 4 2 5 6 0 2 27
3268 329c0e51c45d099f 149 4 2 5 6 0 2 27
3269 73f5159e5993ef25 150 4 2 5 6 0 3 27
3270 7e125ced85b15eb8 149 4 2 5 6 0 3 27
3271 d52b6978fdb0e947 149 4 2 5 6 0 3 27
3272 0215798c6af7c9fe 149 4 2 5 6 0 3 27
3273 d4e7fd1effd0a831 149 4 2 5 6 0 3 27
3274 8f995920bf73ff8a 149 4 2 5 6 0 3 27
3275 36175069a7669903 149 4 2 5 6 0 3 27
3276 12c75cf52330db76 149 4 2 5 6 0 3 27
3277 4b8081844d427818 149 4 2 5 6 0 3 27
3278 80a4374f4ed3c82b 148 4 2 5 6 0 3 27
3279 e545b4b6f4fb5f50 148 4 2 5 6 0 3 27
3280 5052b0acbda367c5 149 4 2 5 6 0 3 27
3281 29d2ed893d5dff0c 149 4 2 5 6 0 3 27
3282 f21ea439cb36ad57 149 4 2 5 6 0 3 27
3283 1ca87e6b851589e1 149 4 2 5 6 0 3 27
3284 fbe80445d2038954 148 4 2 5 6 0 3 27
3285 52bfd4cf789e1eab 146 4 2 5 6 0 3 27
3286 a64d565f781ce382 146 4 2 5 6 0 3 27
3287 271f78f2009da368 146 4 2 5 6 0 3 27
3288 bd08992cf0a0abc2 146 4 2 5 6 0 3 27
3289 a8d05c380310855f 145 4 2 5 6 0 3 27
3290 1928cb405e1a0a58 146 4 2 5 6 0 3 27
3291 9655bbd94d5fbadb 146 4 2 5 6 0 3 27
3292 82e85de00aece650 146 4 2 5 6 0 3 27
3293 8bf762d649cefa06 146 4 2 5 6 0 3 27
3294 cd417d112ca56265 147 4 2 5 6 0 3 27
3295 2b287aafb519178e 147 4 2 5 6 0 3 27
3296 657049c39a1aa6de 147 4 2 5 6 0 3 27
3297 f5f709854a8342a8 147 4 2 5 6 0 3 27
3298 ab3f0e09485eb4f9 147 4 2 5 6 0 3 27
3299 8d682bcdd11f8564 146 4 2 5 6 0 3 27
3300 49202a8f4c1b851b 145 4 2 5 6 0 3 27
3301 cad3de786714f4bf 145 4 2 5 6 0 3 27
3302 fdf0d1dfedc86a2d 144 4 2 5 6 0 3 27
3303 97ceb8f77a8c77ab 145 4 2 5 6 0 3 27
3304 c78a72b0c1c76c4a 145 4 2 5 6 0 3 27
3305 307151ee45625750 144 4 2 5 6 0 3 27
3306 15a46a3d3ce30125 144 4 2 5 6 0 3 28
3307 88cfb9323d8da711 144 4 2 5 6 0 3 28
3308 9f913fbccda3a06a 144 4 2 5 6 0 3 28
3309 fe0bb72bc1b1057c 144 4 2 5 6 0 4 28
3310 6edbce0e424a12fa 144 4 2 5 6 0 4 28
3311 425562b06dd0f418 144 4 2 5 6 0 4 28
3312 4c9cc03ba2f9d253 146 4 2 5 6 0 4 29
3313 621aec43eefc9377 145 4 2 5 6 0 4 28
3314 252b78e5ecf71d50 145 4 2 5 6 0 4 28
3315 7307f7004dc61304 145 4 2 5 6 0 4 28
3316 b0045899f9081753 145 4 2 5 6 0 4 28
3317 73ea713c9ef20d2d 145 4 2 5 6 0 4 28
3318 4a1658c8f1ea0f0e 146 4 2 5 6 0 4 29
3319 b08ebf72bba57013 147 4 2 5 6 0 4 29
3320 9518994d1650e828 145 4 2 5 6 0 3 28
3321 9d4761fd3d6a9e4c 144 4 1 5 6 0 3 28
3322 96c4da29f21d185e 144 4 1 5 6 0 3 28
3323 26c8a649af58b870 144 4 1 5 6 0 3 28
3324 cb46a5be3303496d 143 4 1 5 6 0 3 28
3325 c2443806d57984b9 143 4 1 5 6 0 3 28
3326 60bf37260a1286ce 142 4 1 5 6 0 3 27
3327 9ce67841d65ea7b9 142 4 1 5 6 0 3 27
3328 fd1aee92aab9f828 141 4 1 5 6 0 3 27
3329 5a9682ca60813e9b 142 4 1 5 6 0 3 27
3330 68472acd4f8088a0 144 4 1 5 6 0 3 28
3331 c94403661c9f4d87 145 4 2 5 6 0 3 28
3332 64cfd32b99915847 143 4 2 5 6 0 3 27
3333 118975038e68fcf6 142 4 2 5 6 0 3 26
3334 73428aeb5638d5a2 142 4 2 5 6 0 3 26
3335 9afa25ccf7c330e9 141 4 2 5 6 0 3 26
3336 51712e080f0311e7 142 4 2 5 6 0 3 27
3337 b8da366355c3b188 142 4 2 5 6 0 3 27
3338 726df3d8b4306f49 142 4 2 5 6 0 3 27
3339 a25028bfdee3f45d 142 4 2 5 6 0 3 27
3340 828633f004e6ad20 141 4 2 5 6 0 3 26
3341 42360e8fe7afb93f 141 4 2 5 6 0 3 26
3342 1a4937c3062965bb 142 4 2 5 6 0 3 27
3343 07e78eb0f112b846 141 4 2 5 6 0 3 26
3344 a9eef57124493be9 139 4 2 5 6 0 3 24
3345 6cef4bd0ce429502 140 4 2 5 6 0 3 25
3346 e6fd987e7e3f39a2 141 4 2 5 6 0 3 25
3347 386606c69a6b608c 140 4 2 5 6 0 3 24
3348 59d2147fa0002459 141 4 2 5 6 0 3 25
3349 e05edcda9063201d 139 4 2 5 6 0 3 24
3350 1bc9e25618d8a0c5 139 4 2 5 6 0 3 24
3351 2b3b89ee9bd74deb 141 4 2 5 6 0 3 25
3352 8f64397040db5c4f 141 4 2 5 6 0 3 25
3353 8fc4650d44dce55b 143 4 2 5 6 0 4 25
3354 873f6506d991c8a9 143 4 2 5 6 0 4 25
3355 509c0e54acb9b9c6 143 4 2 5 6 0 4 25
3356 5893a77dff59950a 143 4 2 5 6 0 4 25
3357 359156cdab330478 144 4 2 5 6 0 3 26
3358 d78c38844eac8580 144 4 2 5 6 0 3 26
3359 ba4633cecedd50fc 144 4 2 5 6 0 3 26
3360 496e10e4cbf24a95 143 4 2 5 6 0 3 26
3361 6091139bf4a084cc 143 4 2 5 6 0 3 26
3362 a16e18d69a0cf096 144 4 2 5 6 0 3 26
3363 eb70023b5350c8a5 143 4 2 5 6 0 3 26
3364 35a6bfe33b9d8297 143 4 2 5 6 0 3 26
3365 46b229cf801b8872 143 4 2 5 6 0 3 26
3366 5700abbfe6142907 143 4 2 5 6 0 3 26
3367 cc7ee3bcd2910e99 143 4 2 5 6 0 3 26
3368 e45d15b80513a7ae 143 4 2 5 6 0 3 26
3369 53f7fdbd0a3a2bd8 142 4 2 5 6 0 3 26
3370 6c4465853d68bb1b 143 4 2 5 6 1 3 25
3371 86d7d20dd6f6713f 143 4 2 5 6 1 3 25
3372 96d8081c4b518a00 143 4 2 5 6 1 3 25
3373 45df76379d4631c1 143 4 2 5 6 1 3 25
3374 5365ddd14c9af3ee 142 4 2 5 6 1 3 24
3375 5096139593e45585 143 4 2 5 6 1 3 25
3376 d69ac82cfd4ef591 144 4 2 5 6 2 3 25
3377 0472a02adc77e6ae 141 4 2 5 6 1 3 24
3378 cbf93a02f1e46c01 142 4 2 5 6 1 3 24
3379 456c7cbbac4c34fa 141 4 2 5 6 1 3 24
3380 32d319b7a62f0e4b 139 4 2 5 6 1 3 23
3381 c6dd411b32fb73d5 140 4 2 5 6 1 3 24
3382 637be9d3bc9dc1c4 140 4 2 5 6 1 3 24
3383 4aa597c54db081f0 140 4 2 5 6 1 3 24
3384 26feeeb175e3d885 140 4 2 5 6 1 3 24
3385 162b643d0834258f 139 4 2 5 6 1 3 23
3386 99428d75b2b9c683 138 4 2 5 5 1 3 23
3387 a01bfa4783598ab5 137 4 2 5 5 0 3 23
3388 443e582c68a8fde5 139 4 2 5 5 1 3 22
3389 f55f9da83182fe40 139 4 2 5 5 1 3 22
3390 9d863a01b587d7b4 140 4 2 5 5 1 4 22
3391 fb8bb80571eb1424 141 4 2 5 5 1 4 22
3392 b744b3ee96052172 141 4 2 5 5 0 4 22
3393 c702cb2270dbdb8f 142 4 2 5 5 0 4 22
3394 eb2eb000b5ea8598 143 4 2 5 5 1 4 22
3395 55ac0c7642211274 142 4 2 5 5 1 4 21
3396 a382a699485a8c08 141 4 2 5 5 1 4 21
3397 dab3b4fb9713dfa7 141 4 2 5 5 0 4 21
3398 4ad2f17b188a1f45 141 4 2 5 5 0 4 21
3399 d9ba493243da38db 141 4 2 5 5 0 4 21
3400 4d446adba04e578f 141 4 2 5 5 0 4 21
3401 7c829361c745c601 142 4 2 5 5 0 4 21
3402 3ec957c931e62b61 142 4 2 5 5 0 4 21
3403 52f19cb38886db1a 141 4 2 5 5 0 4 21
3404 efa61bb9feccb36f 140 4 2 5 5 0 4 21
3405 b0fe92c92461255f 141 4 2 5 5 0 4 21
3406 0f59c312da8e9164 140 4 2 5 5 0 3 21
3407 03f530f189600776 140 4 2 5 5 0 3 21
3408 32c4f71391ff2dfc 140 4 2 5 5 0 3 21
3409 8c503531ce337097 140 4 2 5 5 0 3 21
3410 739c7ed85515c3ce 140 4 2 5 5 0 3 21
3411 969c96de779da4eb 140 4 2 5 5 0 3 21
3412 b4a0c58a98d1bb5d 139 4 2 5 5 0 3 21
3413 c09f0d47114905a7 139 4 2 5 5 0 3 21
3414 4d6b54d77bebcaa4 139 4 2 5 5 0 3 21
3415 9555fc75ff546b83 139 4 2 5 5 0 3 21
3416 b0eea17e44c780b5 139 4 2 5 5 0 3 21
3417 6291e4cec4c54a10 138 4 2 5 5 0 3 21
3418 c1a8c6638f01ae58 138 4 2 5 5 0 3 21
3419 35afd76fd50994c9 138 4 2 5 5 0 3 21
3420 e0e297b0bfe0373a 138 4 2 5 5 0 3 21
3421 c3d0a45410bae9b6 137 4 2 5 5 0 3 21
3422 f464a7f1e76906a5 138 4 2 5 5 0 3 21
3423 90ac7a6d3517ded7 138 4 2 5 5 0 3 21
3424 09e9baf77de71420 138 4 2 5 5 0 3 21
3425 db0c15057763179e 137 4 2 5 5 0 3 21
3426 0a7ece011adcc011 137 4 2 5 5 0 3 21
3427 1446a335428a953c 137 4 2 5 5 0 3 21
3428 1cdd785c0424062f 137 4 2 5 5 0 3 21
3429 64cabb44c4ab777d 137 4 2 5 5 0 3 21
3430 ed68f768048f24ba 138 4 2 5 5 0 4 21
3431 f63957d1b28936bc 138 4 2 5 5 0 4 21
3432 9649dbb6ec3eb708 138 4 2 5 5 0 4 21
3433 f2a3bf164f30b991 137 4 2 5 5 0 4 21
3434 528316cfaf5d9ff8 137 4 2 5 5 0 4 21
3435 643b439a1fab3bb3 136 4 2 5 5 0 4 21
3436 efac3c9fb5a385b9 136 4 2 5 5 0 4 21
3437 9ec6c5a116678a68 136 4 2 5 5 0 4 21
3438 dde79849230255df 135 4 2 5 5 0 3 21
3439 6e233c10156565c7 135 4 2 5 5 0 3 21
3440 245ac9a7c0228b74 135 4 2 5 5 0 3 21
3441 2480294c999375c7 135 4 2 5 5 0 3 21
3442 bbf520b2acda9dc5 135 4 2 5 5 0 3 21
3443 aee1e46f721dd16b 135 4 2 5 5 0 3 21
3444 c3e019b9ec0e26b4 134 4 2 5 5 0 2 21
3445 6692904a7efbb17b 135 4 2 5 5 0 2 21
3446 b408b4d5533cdc7d 135 4 2 5 5 0 2 21
3447 b55d8753fae1f231 135 4 2 5 5 0 2 21
3448 f98cf81088150bf6 135 4 2 5 5 0 2 21
3449 ff0cdd6f408b5583 134 4 2 5 5 0 2 21
3450 0805b241544897a6 134 4 2 5 5 0 2 21
3451 b8811590e92e0cb4 135 4 3 5 5 0 2 21
3452 e8f3787786b47216 135 4 3 5 5 0 2 21
3453 a83e169b00e9e2c8 133 4 3 5 5 0 1 20
3454 3b35e7fe2310acfb 133 4 3 5 5 0 1 20
3455 16b369c8706f967b 133 4 3 5 5 0 1 19
3456 ca8c264648653d73 133 4 3 5 5 0 1 19
3457 4002fd818e64d6ba 132 4 3 5 5 0 1 19
3458 9b8603444b307ae1 132 4 3 5 5 0 1 19
3459 512c7d7b0fb301c0 132 4 3 5 5 0 1 19
3460 f6c7a34a146c3ffb 132 4 3 5 5 0 1 19
3461 9e24b809f57d26c2 131 4 3 5 5 0 1 19
3462 54780d33a928cf79 129 4 3 5 5 0 1 18
3463 d0171f7e434728e8 130 4 3 5 5 0 2 18
3464 24b4073cb89b6622 130 4 3 5 5 0 2 17
3465 c5012e2c35833f82 131 4 3 5 5 0 2 17
3466 2bca4a717e7de45a 131 4 3 5 5 0 2 17
3467 048e57f72cf2de78 131 4 3 5 5 0 2 17
3468 89b6a51200a108a4 130 4 3 5 5 0 2 16
3469 92ed4573d3829c39 129 4 3 5 5 0 2 16
3470 0d351628b0a6c2f9 130 4 3 5 5 0 3 16
3471 a89f0bbb4cfcfc1a 129 4 3 5 5 0 3 15
3472 acc03009f985d175 129 4 3 5 5 0 3 15
3473 83471d44592a058b 128 4 3 5 5 0 3 15
3474 3bf1c2dcd5a30424 128 4 3 5 5 0 3 15
3475 8d255f199a6ca23d 127 4 3 5 5 0 3 15
3476 aa6eb4b213c88508 127 4 3 5 5 0 3 15
3477 de414460f85270d5 127 4 3 5 5 0 3 15
3478 dc9663cd2b02b52e 127 4 3 5 5 0 3 15
3479 0056ef5760a7ca6c 127 4 3 5 5 0 3 15
3480 6416d091f78787c8 127 4 3 5 5 0 3 15
3481 e6d427ad7690c835 127 4 3 5 5 0 3 15
3482 ee874a7732fa244a 127 4 3 5 5 0 3 15
3483 1a9e7a1133b1c1c4 125 4 3 5 5 0 1 15
3484 6c6bf6351b752d56 124 4 3 5 5 0 1 14
3485 34dbc5baf4310986 122 4 3 4 5 0 1 13
3486 7bd0983c897229d2 122 4 3 4 5 0 1 13
3487 ac31662ae867588d 122 4 3 4 5 0 1 13
3488 6411f408576a19ec 122 4 3 4 5 0 1 13
3489 8a6c0750371494b1 123 4 3 4 5 0 1 13
3490 491f39c95d047c52 122 4 3 4 5 0 1 13
3491 6f473ac481418ea3 122 4 3 4 5 0 1 13
3492 6a225096fbc0a6d2 121 4 3 4 5 0 1 13
3493 e488b44271d14a7a 121 4 3 4 5 0 1 13
3494 0ce21e8067e0afa7 122 4 3 4 5 0 1 13
3495 0987705bc78f8c38 120 4 3 4 5 0 1 11
3496 138d233c11c79a58 121 4 3 4 5 0 2 11
3497 b269e0b7ae4f3251 121 4 3 4 5 0 2 11
3498 ac17b5c588f4e4fe 119 4 3 4 5 0 2 10
3499 9f356cf4666db6e8 119 4 3 4 5 0 2 10
3500 d9d28acdbc412d8d 119 4 3 4 5 0 2 10
3501 edf62467de993336 119 4 3 4 5 0 2 10
3502 035186faad82038a 119 4 3 4 5 0 2 10
3503 bf82a8e4940f95bd 121 4 3 4 5 0 3 10
3504 1689dfe7a6dde3b8 121 4 3 4 5 0 3 10
3505 4909dfb0ea98aa83 121 4 3 4 5 0 3 10
3506 5d4fb631279cc195 121 4 3 4 5 0 3 10
3507 15b3ef576f2b1447 121 4 3 4 5 0 3 10
3508 6b2db07b2f7a9440 121 4 3 4 5 0 3 10
3509 26fa8305c86dedd8 122 4 3 4 5 0 3 10
3510 dab89b1f4e21cb05 123 4 3 4 5 0 4 10
3511 027d7d71cc10e963 122 4 3 4 5 0 4 10
3512 34d3d98bf7ea702a 123 4 3 4 5 0 4 10
3513 43e42904f929cf77 124 4 3 4 5 0 4 10
3514 07353b8747c430b0 124 4 3 4 5 0 4 10
3515 71c20096870dab7b 123 4 3 4 5 0 4 10
3516 e859b3845a561be3 123 4 3 4 5 0 4 10
3517 18b9319d04e22082 123 4 3 4 5 0 4 10
3518 adbf88192a2c6be0 124 4 3 4 5 0 4 10
3519 225e97deb21af998 123 4 3 4 5 0 4 10
3520 cf05237dbe5a1f40 122 4 3 4 5 0 3 10
3521 191d269c10225f83 121 4 3 4 5 0 3 9
3522 4b706d679c3699c9 121 4 3 4 5 0 3 9
3523 22b0d967527d05d6 121 4 3 4 5 0 3 9
3524 04fe3e4e3692d91e 123 4 3 4 5 0 4 9
3525 77cc1405da74c087 122 4 3 4 5 0 3 9
3526 7e31b882a1991ecc 121 4 3 4 5 0 3 9
3527 702021fc81ada810 121 4 3 4 5 0 3 9
3528 bfb25a51530bb824 121 4 3 4 5 0 3 9
3529 a38d9acc7f208b3d 121 4 3 4 5 0 3 9
3530 b59e4b657604954d 121 4 3 4 5 0 3 9
3531 3c26c9f60e9be461 120 4 3 4 5 0 3 8
3532 28db367cee8f3fa1 120 4 3 4 5 0 3 8
3533 e063172c4d0968d6 120 4 3 4 5 0 3 8
3534 bc0ffcca19f0d189 120 4 3 4 5 0 3 8
3535 b23f6b017a86197e 121 4 3 4 5 0 3 8
3536 3ed3bdceec7835e3 123 4 3 4 5 0 4 8
3537 f30caf7f9f061d32 123 4 3 4 5 0 4 8
3538 413f756abcc50d53 123 4 3 4 5 0 4 8
3539 cfd6025afd13b638 123 4 3 4 5 0 4 8
3540 265411c573cbc441 124 4 3 4 5 0 4 8
3541 eb698b31e545485b 124 4 3 4 5 0 4 8
3542 4caecca5890d9b46 124 4 3 4 5 0 4 8
3543 dfaa36efeca4dde5 125 4 3 4 5 0 5 8
3544 e556b95479642022 125 4 3 4 5 0 5 8
3545 fc09b281cf6832a9 124 4 3 4 5 0 5 8
3546 19b50261b671a660 124 4 3 4 5 0 5 8
3547 b96eef6767878b3c 124 4 3 4 5 0 5 8
3548 b4053c48becaba81 123 4 3 4 5 0 5 8
3549 97f4093e4ebc6c6c 122 4 3 4 5 0 5 7
3550 99010f61652a128a 123 4 3 4 5 0 5 7
3551 caf3ab866b8b917a 122 4 3 4 5 0 5 7
3552 2f20d6835a03866a 122 4 3 4 5 0 5 7
3553 bcefe99a26b21049 122 4 3 4 5 0 5 7
3554 6c73cb3b6b5a83e4 122 4 3 4 5 0 5 7
3555 647e599711231b20 123 4 3 4 5 0 5 7
3556 4eaf960103bb8ad5 123 4 3 4 5 0 5 7
3557 da970b35ea193bca 123 4 3 4 5 0 5 7
3558 3fd10881e261237d 123 4 3 4 5 0 5 7
3559 8418d070dd9e26d6 122 4 3 4 5 0 5 7
3560 3dd550a9d63984d2 123 4 3 4 5 0 5 7
3561 2ba1cdba1b88328b 124 4 3 4 5 0 5 7
3562 d0ebef21bd5012e5 124 4 3 4 5 0 5 7
3563 141c325948a76194 124 4 3 4 5 0 5 7
3564 8e6599caca2ebc50 123 4 3 4 5 0 5 7
3565 46927553ba4163d9 123 4 3 4 5 0 5 7
3566 6da48df52b23c0d2 123 4 3 4 5 0 5 7
3567 a4d158ab56976e6f 123 4 3 4 5 0 5 7
3568 89c62b812932bb89 123 4 3 4 5 0 5 7
3569 35f89acba49d5f31 123 4 3 4 5 0 5 7
3570 ba82f28bb45d5f58 123 4 3 4 5 0 5 7
3571 cf2f1451978b8017 124 4 3 5 5 0 5 7
3572 d7db4a1f44db2673 124 4 3 5 5 0 5 7
3573 eac08a9c5784215f 124 4 3 5 5 0 5 7
3574 9d5ffc3e464b1f7f 123 4 3 5 5 0 5 7
3575 182ad8f3e60e1d26 123 4 3 5 5 0 5 7
3576 f0f56158f149fb64 124 4 3 5 5 0 6 7
3577 b92e4a8db196fd42 124 4 3 5 5 0 6 7
3578 73702cffd993750d 124 4 3 5 5 0 6 7
3579 47bbecb161c89ce3 123 4 3 5 5 0 5 7
3580 b2957a03a07e5577 123 4 3 5 5 0 5 7
3581 537c8a26ec37124e 123 4 3 5 5 0 5 7
3582 6152ca2fb882e732 123 4 3 5 5 0 5 7
3583 845672c4a87925e8 125 4 3 5 5 0 6 7
3584 0628e46b09eb983a 125 4 3 5 5 0 6 7
3585 9a93bcb5ee6cb34d 125 4 3 5 5 0 6 7
3586 0375da92bda14550 125 4 3 5 5 0 6 7
3587 1fcb388da7871dd1 125 4 3 5 5 0 6 7
3588 83eb0c6b1786d665 125 4 3 5 5 0 6 7
3589 e891b283b3f91793 125 4 3 5 5 0 6 7
3590 1ad8cf4282ebdedf 125 4 3 5 5 0 6 7
3591 a6796d8d9a264336 125 4 3 5 5 0 6 7
3592 ae54d2d663a93285 125 4 3 5 5 0 6 7
3593 0cf7bcd56e6daac5 125 4 3 5 5 0 6 7
3594 152dd1ac934b4c5f 124 4 3 5 5 0 6 6
3595 6fe065bea27de59b 123 4 2 5 5 0 6 6
3596 e5e1f62173cacf91 123 4 2 5 5 0 6 6
3597 6402f44fe5bba8cf 123 4 2 5 5 0 6 6
3598 5e7b9dff55288016 123 4 2 5 5 0 6 6
3599 906d5e7a271f9685 123 4 2 5 5 0 6 6
3600 a706484a0442fe1f 124 4 2 5 5 0 6 6
3601 b69abf60f74f2f10 124 4 2 5 5 0 6 6
3602 8c88f96acebd6d4d 124 4 2 5 5 0 6 6
3603 9aba30a6a5bf5106 124 4 2 5 5 0 6 6
3604 2bbdb37fb7a74b7d 125 4 2 5 5 0 7 6
3605 08b0585508c15a68 125 4 2 5 5 0 7 6
3606 5d560e2373a476e5 125 4 2 5 5 0 7 6
3607 52ddfbee5e8d192f 124 4 2 5 5 0 6 6
3608 71751df2a67868a3 122 4 2 5 4 0 6 5
3609 8f03a6ba9be66245 121 4 1 5 4 0 6 5
3610 c79cc7eec1397b5d 120 4 1 5 4 0 6 5
3611 fb9a5a01911f6b18 120 4 1 5 4 0 6 5
3612 3e5715c6aea9b84d 120 4 1 5 4 0 6 5
3613 629869a3c7153461 120 4 1 5 4 0 6 5
3614 e4bfa9dda7785273 120 4 1 5 4 0 6 5
3615 bd3e794430b3ab69 119 4 1 5 4 0 6 5
3616 29938cc2d5d507f4 119 4 1 5 4 0 6 5
3617 2bf3e55ee8b3504a 119 4 1 5 4 0 6 5
3618 d88afd3cf96d0536 120 4 1 5 4 0 6 5
3619 3c1b522173514893 120 4 1 5 4 0 6 5
3620 ffbe1916fd4b540c 120 4 1 5 4 0 6 5
3621 15e265e1b893fe2e 120 4 1 5 4 0 6 5
3622 3684684d9c0dab86 120 4 1 5 4 0 6 5
3623 8daa35f540e41a4c 120 4 1 5 4 0 6 5
3624 824bd77438601b00 120 4 1 5 4 0 6 5
3625 e73efa7e55906102 120 4 1 5 4 0 6 5
3626 a0c5f555a3011e99 120 4 1 5 4 0 6 5
3627 7e12292187c10f9e 120 4 1 5 4 0 6 5
3628 1f8adc84b15c918d 120 4 1 5 4 0 6 5
3629 bfbe74bc36d7ba21 120 4 1 5 4 0 6 5
3630 9cc174c8df037610 120 4 1 5 4 0 6 5
3631 e661e9c3ec52e992 120 4 1 5 4 0 6 5
3632 c01377b69d2029fe 120 4 1 5 4 0 6 5
3633 8debd23c64890c36 120 4 1 5 4 0 6 5
3634 888d1fda4d762ee5 120 4 1 5 4 0 6 5
3635 fd0a4bd3b996c263 120 4 1 5 4 0 6 5
3636 d234d116338c8a96 120 4 1 5 4 0 6 5
3637 d0de1972130a2d18 121 4 1 5 4 0 6 5
3638 11684b96a15d5822 121 4 1 5 4 0 6 5
3639 cf8cd9f76db193ab 122 4 1 5 4 0 6 5
3640 66d768b2b6c02e6c 122 4 1 5 4 0 6 5
3641 bb72134c6aef6293 123 4 1 5 4 0 6 5
3642 33017ba4c3e9acab 122 4 1 5 4 0 6 4
3643 d7d3889e678c9cfc 122 4 1 5 4 0 6 4
3644 a22a9376efc714c5 122 4 1 5 4 0 6 4
3645 8cdbb7b909db12b0 123 4 1 5 4 0 6 4
3646 6d1cfeeaa35abc1f 122 4 1 5 4 0 6 4
3647 95c8e8d1871d9a66 122 4 1 5 4 0 6 4
3648 df20b649266bac93 122 4 1 5 4 0 6 4
3649 c96c658797ad6fbf 122 4 1 5 4 0 6 4
3650 b42f1c08f92b89d1 122 4 1 5 4 0 6 4
3651 5397fed0c28592b4 121 4 1 5 4 0 6 4
3652 174611d3317c15ae 122 4 1 5 4 0 6 4
3653 03630fb8a1f8539e 121 4 1 5 4 0 6 4
3654 47b292d61349b6f3 121 4 1 5 4 0 6 4
3655 48c530f4b59ef87b 121 4 1 5 4 0 6 4
3656 37a65fb003de5cae 120 4 1 5 4 0 6 4
3657 b8b84fe1087c079e 118 4 1 5 4 0 6 2
3658 e70a46a3113daea7 118 4 1 5 4 0 6 2
3659 750c9c902c1fd7f6 118 4 1 5 4 0 6 2
3660 e96a1a028e8db736 119 4 1 5 4 0 6 2
3661 b878dad273a86d1f 119 4 1 5 4 0 6 2
3662 adf87319704b2379 119 4 1 5 4 0 5 2
3663 69dbc6e801ef5749 119 4 1 5 4 0 5 2
3664 ddc382184b2d5e23 119 4 1 5 4 0 5 2
3665 1857b15054b3e62c 119 4 1 5 4 0 5 2
3666 1584fd848a5c643a 118 4 1 5 4 0 5 2
3667 61c2ffb3c5457672 118 4 1 5 4 0 5 2
3668 2b254c1160fdf382 118 4 1 5 4 0 5 2
3669 bf37b9e7d0f6d56d 118 4 1 5 4 0 5 2
3670 10c09a1f16356211 117 4 1 5 4 0 5 2
3671 612641649b4e09ae 117 4 1 5 4 0 5 2
3672 c3c39c1820cbcadc 117 4 1 5 4 0 5 2
3673 e5634308ddcb9dbe 117 4 1 5 4 0 5 2
3674 8ce648d40768f3c0 117 4 1 5 4 0 5 2
3675 0de7378502c620c1 117 4 1 5 4 0 5 1
3676 25848a8242ffded2 116 4 1 5 4 0 5 1
3677 858702710caf48d7 115 4 1 5 4 0 5 1
3678 fce7c4456132e512 115 4 1 5 4 0 5 1
3679 3993844796923535 116 4 1 5 4 0 5 2
3680 1196c444cf6c8e40 116 4 1 5 4 0 5 2
3681 c375fc486080cbb4 116 4 1 5 4 0 5 1
3682 4ce371fc06f70e91 115 4 1 5 4 0 5 1
3683 d3f7d025f620cd59 114 4 1 5 4 0 5 1
3684 07e7ba50c2823fc8 114 4 1 5 4 0 5 1
3685 4e863cd7a3c477e4 115 4 1 5 4 0 5 2
3686 5b32b7cfb4efa5de 115 4 1 5 4 0 5 2
3687 0a1046ba5e7f5965 116 4 1 5 4 0 5 3
3688 60288a04798feffc 116 4 1 5 4 0 5 3
3689 78a67701777aa352 116 4 1 5 4 0 5 3
3690 a8325a0d0259b32f 116 4 1 5 4 0 5 3
3691 a3b3a2521f72c913 118 4 2 5 4 0 5 4
3692 26e48e1248eea70f 119 4 2 5 4 0 5 4
3693 eb9e108da29ed41c 120 4 2 5 4 0 5 5
3694 5dbe5d906ea49f33 120 4 2 5 4 0 5 5
3695 820cf7863995996f 120 4 2 5 4 0 5 5
3696 cb40897618c35db3 120 4 2 5 4 0 5 5
3697 c3000e88427232e5 122 4 2 5 4 0 5 6
3698 aa16f56493df3141 123 4 2 5 4 0 5 7
3699 9726cf2c5039d992 124 4 2 5 4 0 5 8
3700 7c4482f13efae3cd 124 4 2 5 4 0 5 8
3701 d03883c622dc19ab 122 4 2 5 4 0 3 8
3702 adf76e8bac01e6ad 122 4 2 5 4 0 3 8
3703 3247ae1da19f69d7 123 4 2 5 4 0 3 9
3704 438502b1bd2867c0 125 4 2 5 4 0 3 10
3705 d1ff29299e850353 126 4 2 5 4 0 3 11
3706 40816ab8ddb42e22 126 4 2 5 4 0 3 11
3707 37a004e53f82c69e 126 4 2 5 4 0 3 11
3708 f5d2e8c0c8b7cea0 126 4 2 5 4 0 3 11
3709 3f79b0dc181c7d64 127 4 2 5 4 0 3 12
3710 1b7aed503e360a0a 128 4 2 5 4 0 3 13
3711 ab80c281009b602d 129 4 2 5 4 0 3 14
3712 5de92f6efa726f5d 128 4 2 5 4 0 3 14
3713 cfd673c4fa8bcdbc 127 4 2 5 4 0 3 14
3714 04a2f311c33b1acc 127 4 2 5 4 0 3 14
3715 f88d10997878a5f4 128 4 2 5 4 0 3 15
3716 57a0cc8a7a52fb40 128 4 2 5 4 0 3 16
3717 23fbfaf535059319 130 4 2 5 4 0 4 17
3718 fc517b0be810916d 130 4 2 5 4 0 4 17
3719 83690372a010ccf3 129 4 2 5 4 0 4 17
3720 17735335ba716d79 129 4 2 5 4 0 4 17
3721 e83688af9519c890 129 4 2 5 5 0 4 18
3722 fec0f87ae1f9ae2d 130 4 2 5 5 0 4 19
3723 eff18c0dcc03d835 131 4 2 5 5 0 4 20
3724 60121a4184c9a223 132 4 2 5 5 0 4 20
3725 b12494581fdaa9d4 133 4 2 5 5 0 4 20
3726 d619f222d2958135 133 4 2 5 5 0 4 20
3727 0b63035f995551bf 133 4 2 5 5 0 4 20
3728 3211c12cc79d62d5 135 4 2 5 5 0 4 21
3729 b0fbc1fd88206b78 137 4 2 5 5 0 4 22
3730 5c495b2aafb88c83 138 4 2 5 5 0 4 23
3731 c1a6f9f74b6bea2a 137 4 2 5 5 0 4 23
3732 8403283f53da2d21 137 4 2 5 5 0 4 23
3733 16c572d14ac2bcb0 136 4 2 5 5 0 4 23
3734 bb1d0206136c05c0 137 4 2 5 5 0 4 24
3735 1b25b5b6299d626c 137 4 2 5 5 0 4 24
3736 5ba34754bc0462b7 136 4 2 5 5 0 3 24
3737 9c8a55d13de134dc 136 4 2 5 5 0 3 24
3738 c95ab0c8a93eb7a5 136 4 2 5 5 0 3 25
3739 ac28a92dd1066004 136 4 2 5 5 0 3 25
3740 63e62d3f9d7b78f9 137 4 2 5 5 0 3 26
3741 5086e1dfc8cd670e 137 4 2 5 5 0 3 26
3742 638d52b531a2592f 137 4 2 5 5 0 3 26
3743 6e9eb94cdd0a0abf 137 4 2 5 5 0 3 26
3744 50bc796bad5a0148 137 4 2 5 5 0 3 26
3745 6d82258a2c921423 137 4 2 5 5 0 3 26
3746 000ff82dab5f501f 137 4 2 5 5 0 3 26
3747 313ee35ce016ec85 136 4 2 5 5 0 3 26
3748 8bd39eaea6210ad8 137 4 2 5 5 0 3 26
3749 e31d28134fc6ea3a 138 4 2 5 5 0 3 27
3750 7b8e26eda76d25fb 138 4 2 5 5 0 3 27
3751 3a0250b8afcc9e2b 138 4 2 5 5 0 3 27
3752 52f51aad9b68f7c9 138 4 2 5 5 0 3 27
3753 1b77c636f5f85e1e 138 4 2 5 5 0 3 27
3754 851abd7e611f01a2 139 4 2 5 5 0 3 27
3755 c1079eda2b42e1f3 139 4 2 5 5 0 3 27
3756 928296b5cc7df727 139 4 2 5 5 0 3 27
3757 bd2f38152a1a09f6 141 4 2 5 5 0 4 27
3758 be714db5c7831142 142 4 2 5 5 0 4 27
3759 e4a31c57bb398aae 142 4 2 5 5 0 4 27
3760 00b44659afe18704 142 4 2 5 5 1 4 27
3761 f78ebfb2fae25f85 141 4 2 5 5 1 4 26
3762 314bc2424aebb491 141 4 2 5 5 1 4 26
3763 3a3aeee344c51587 142 4 2 5 5 1 4 26
3764 df52e33fc57e543e 142 4 2 5 5 1 4 26
3765 5055ef09dc60718e 142 4 2 5 5 1 4 26
3766 00514c1596d8db02 142 4 2 5 5 2 4 25
3767 c1ee1fac48884778 142 4 2 5 5 2 4 25
3768 8a90e33391a31cde 142 4 2 5 5 2 4 25
3769 03c736e81ab51839 142 4 2 5 5 2 4 25
3770 49a7e36a0fa9737c 142 4 2 5 5 2 4 25
3771 d323cd97816ff13b 140 4 2 5 5 1 4 25
3772 c1660b33c95fcb6f 139 4 2 5 5 2 4 24
3773 3925e602e003852d 138 4 2 5 4 2 4 24
3774 3e526f74bcb485ed 138 4 2 5 4 2 4 24
3775 1f6753826efdae7b 138 4 2 5 4 2 3 24
3776 71e41237c1df04b6 138 4 2 5 4 2 3 24
3777 f05ebb9c7403f283 138 4 2 5 4 2 3 24
3778 7a335a4e11be0fb6 138 4 2 5 4 1 3 24
3779 0d85bdddf4731073 138 4 2 5 4 1 3 24
3780 63b34d770bc0dfdb 138 4 2 5 4 1 3 24
3781 2dfa1fb49696ba03 138 4 2 5 4 1 3 24
3782 02f48e878dc6d92c 138 4 2 5 4 1 3 24
3783 c9cc4fb2274e302b 137 4 2 5 4 1 3 24
3784 0e0a93feb6a8f088 137 4 2 5 4 1 3 24
3785 edee9f61c20addca 137 4 2 5 4 1 3 24
3786 ca48d9012a7cded9 137 4 2 5 4 1 3 24
3787 3f65442b11d4b9a3 138 4 2 5 4 1 3 24
3788 7d54fe8c6ac4392a 138 4 2 5 4 1 3 24
3789 65abf725bef76e0d 138 4 2 5 4 1 3 24
3790 3a19b7ef820b1941 138 4 2 5 4 1 3 24
3791 ab327bcf2782fb0f 138 4 2 5 4 1 3 24
3792 b612787ee130e120 137 4 2 5 4 1 3 24
3793 97b2938f020038a5 137 4 2 5 4 1 3 24
3794 abdeec5427906e84 137 4 2 5 4 1 3 24
3795 f33aff1e67f2f5d1 138 4 2 5 4 1 3 24
3796 1eb33c6c03f155b7 137 4 2 5 4 1 3 23
3797 37d86ae02716bfd9 138 4 1 5 4 1 4 23
3798 4778621b728b98fa 138 4 1 5 4 1 4 23
3799 435e57582acd0813 136 4 1 5 4 1 4 22
3800 b641beaa81703ced 135 4 0 5 4 1 4 22
3801 48738fa5ea50b039 136 4 0 5 4 1 4 22
3802 251c8987b4b4af59 136 4 0 5 4 1 4 22
3803 8764d618c12e7491 136 4 0 5 4 1 4 22
3804 ed4a4983165d93e1 136 4 0 5 4 1 4 22
3805 0bb3b6b491abd525 136 4 0 5 4 1 4 22
3806 4f5e8eb91b67e40d 136 4 0 5 4 1 4 22
3807 7abc59400a865991 136 4 0 5 4 1 4 22
3808 5069a0f1925e9685 136 4 0 5 4 1 4 22
3809 dad4c8cdb13df00c 135 4 0 5 4 1 4 22
3810 9dd00eb650c83dc2 134 4 0 5 4 1 4 22
3811 09d0bae4df92c203 135 4 1 5 4 1 4 22
3812 ad25851fca2301af 135 4 1 5 4 1 4 22
3813 a6b168cd9f24c273 135 4 1 5 4 1 4 22
3814 9da106813d097f37 135 4 1 5 4 1 4 22
3815 480d4e799d244aa2 136 4 1 5 4 1 4 22
3816 09c94bf36837f8af 136 4 1 5 4 1 4 22
3817 88da868d002cabd2 136 4 1 5 4 1 4 22
3818 f21b564f353754c6 136 4 1 5 4 1 4 22
3819 b1ff5b55d2d2ab81 136 4 1 5 4 1 4 22
3820 e78f94155ebeeabd 136 4 1 5 4 1 4 22
3821 26abb4aa4cac4a92 136 4 1 5 4 1 4 22
3822 69374bc5fd7a9d3f 136 4 1 5 4 1 4 22
3823 827ed09562c84714 136 4 1 5 4 1 4 22
3824 70b7bbb3abb8b372 136 4 1 5 4 1 4 22
3825 0826ca323f1f8383 136 4 1 5 4 1 4 22
3826 681d98576c05cafb 135 4 1 5 4 1 4 22
3827 5760c43b6fb58896 135 4 1 5 4 1 4 22
3828 e558f0e9801964d5 135 4 1 5 4 1 4 22
3829 3e6bc3c5f18c8ab1 135 4 1 5 4 1 4 22
3830 54ee11949fd6d27e 135 4 1 5 4 1 4 22
3831 0fb800ff79d9c81d 134 4 1 5 4 1 4 22
3832 34b6e3d30358d76d 134 4 1 5 4 1 4 22
3833 786729ece868646d 132 4 1 5 4 0 4 22
3834 ce03ec6714f2f705 132 4 1 5 4 0 4 22
3835 266d1906881c1592 132 4 1 5 4 0 4 22
3836 d388f205ec80f81b 132 4 1 5 4 0 4 22
3837 e332cb97db17020a 132 4 1 5 4 0 5 22
3838 0af21652ae42f21b 132 4 1 5 4 0 5 22
3839 02190c5e3da25992 133 4 1 5 4 0 5 22
3840 6f88846e68bbf050 134 4 1 5 4 0 5 22
3841 58ae801981885b5d 134 4 1 5 4 0 5 22
3842 12961a628184a312 134 4 1 5 4 0 5 22
3843 149a7cb1c2c3aa9c 134 4 1 5 4 0 5 22
3844 e7ccf6eaf80a8016 133 4 1 5 4 0 5 21
3845 33000e0551302ac2 134 4 1 5 4 0 5 21
3846 1bcc0fe76f65df00 134 4 1 5 4 0 5 21
3847 3aac9ddbefcc008b 134 4 1 5 4 0 5 21
3848 b48a2c0028744574 135 4 1 5 4 0 5 21
3849 d109831f9098d79e 134 4 1 5 4 0 4 21
3850 8bcbd8b76b98af77 135 4 1 5 4 0 4 21
3851 7885b3fe218d9278 133 4 1 5 4 0 4 20
3852 aeccaf19196a17e4 133 4 1 5 4 0 4 20
3853 84299e8144e68956 132 4 1 5 4 0 4 19
3854 680353b0183cddd9 132 4 1 5 4 0 4 19
3855 6afb0c5afe4285ef 133 4 1 5 4 0 4 19
3856 1efd4327013402db 133 4 1 5 4 0 4 19
3857 6b506304e59fd9d8 132 4 1 5 4 0 4 18
3858 41d32aae2d0b41f1 132 4 1 5 4 0 4 18
3859 89bdccb2530e6b45 131 4 1 5 4 0 4 17
3860 18dbfa5ab2c8d2cd 132 4 1 5 4 0 4 17
3861 290e8cfab07d7af4 132 4 1 5 4 0 4 17
3862 70e56626965c08aa 132 4 1 5 4 0 4 17
3863 0d2e48d782579974 132 4 1 5 4 0 4 17
3864 d3a2e933bbccb66b 132 4 1 5 4 0 4 17
3865 c3418d0b3822d67e 132 4 1 5 4 0 4 17
3866 a9c9522c81d1a2b6 132 4 1 5 4 0 4 17
3867 2c4fb213394bc752 132 4 1 5 4 0 4 17
3868 66a14ecb312804f8 131 4 1 5 4 0 4 17
3869 bb1a9f5eabc0a684 130 4 1 5 4 0 4 16
3870 4da9967e4b67376b 130 4 1 5 4 0 4 16
3871 a0dfdd6c94e88835 129 4 1 5 4 0 4 16
3872 cda6a1b19b476d64 130 4 1 5 4 0 4 16
3873 846996643ea4a47f 130 4 1 5 4 0 4 16
3874 b0a5467ea6d35935 130 4 1 5 4 0 4 16
3875 49b9c5797a57692b 130 4 1 5 4 0 4 16
3876 b84faaf56b128dec 130 4 1 5 4 0 4 16
3877 677eb1d8701ce831 129 4 1 5 4 0 4 16
3878 06728554b0e47f7e 130 4 1 5 4 0 4 16
3879 770c5f32b776a9d3 130 4 1 5 4 0 4 16
3880 cd947a3c8ea63daa 130 4 1 5 4 0 4 16
3881 19ccf2b4e4480f6e 130 4 1 5 4 0 4 16
3882 617e900e9675661c 129 4 1 5 4 0 4 15
3883 61f501a8966c09bc 129 4 1 5 4 0 4 15
3884 6eb1ce797a9752c8 129 4 1 5 4 0 4 15
3885 15b344f563f7185b 130 4 1 5 4 0 4 15
3886 51582533dcdf2a94 130 4 1 5 4 0 4 15
3887 a21183b1b55eff94 130 4 1 5 4 0 4 15
3888 f462aaf69c615250 130 4 1 5 4 0 4 15
3889 50262ecc8cc15371 130 4 1 5 4 0 4 15
3890 568c9e5ee0785289 130 4 1 5 4 0 4 15
3891 b6d48b76f903b725 131 4 1 5 4 0 4 15
3892 2a8e36b1e70e5f90 131 4 1 5 4 0 4 15
3893 a6a5fe047cac94d2 130 4 1 5 4 0 4 15
3894 fd0d7e4386179c0a 130 4 1 5 4 0 4 15
3895 24a5c178059fecfc 130 4 1 5 4 0 4 15
3896 baadd11b8eb87d89 130 4 1 5 4 0 4 15
3897 72502e07a1e0f984 131 4 1 5 4 0 4 15
3898 8bdfe9d6e43bcd27 131 4 1 5 4 0 4 15
3899 48b9dfef0e5c24ca 131 4 1 5 4 0 4 15
3900 6145351d32e7648e 131 4 1 5 4 0 4 15
3901 56d85f5af3f48387 132 4 1 5 4 0 5 15
3902 9e5340dd9dc77d3e 132 4 1 5 4 0 5 15
3903 37c8cad2ca484ac5 132 4 1 5 4 0 5 15
3904 521b7fbdec4adbca 132 4 1 5 4 0 5 15
3905 83f93193e0f68a62 132 4 1 5 4 0 5 14
3906 866b54e41b93ca6d 132 4 1 5 4 0 5 14
3907 e5cd35b2c5d1dcf4 132 4 1 5 4 0 5 14
3908 24e09d038ec5870d 132 4 1 5 4 0 5 14
3909 6879b2bb3faa9c05 132 4 1 5 4 0 5 14
3910 2107169deb0c0937 132 4 1 5 4 0 5 14
3911 caa2f5c4960a4c8b 133 4 1 5 4 0 5 14
3912 a9fac8cbd93f6851 133 4 1 5 4 0 5 14
3913 c8b8a2cb84061350 133 4 1 5 4 0 5 14
3914 1b4d2ad33e3c4887 134 4 1 5 4 0 5 14
3915 197310f08983f22c 134 4 1 5 4 0 5 14
3916 02572512d1d495a9 134 4 1 5 4 0 5 14
3917 ceed794b440a381a 134 4 1 5 4 0 5 14
3918 f14a69c97a614622 134 4 1 5 4 0 5 14
3919 0b2d7d0531495bc3 134 4 1 5 4 0 5 14
3920 b81561e7a76dfef2 134 4 1 5 4 0 5 14
3921 99ff2d0502044767 134 4 1 5 4 0 5 14
3922 c2c950c183345b10 134 4 1 5 4 0 5 14
3923 68169103b4430de7 134 4 1 5 4 0 5 14
3924 0820585d2ce86eb5 134 4 1 5 4 0 5 14
3925 03da0e6ce40007c4 133 4 1 5 4 0 5 14
3926 d89ba070a3f54aeb 133 4 1 5 4 0 5 14
3927 893ef41e7e755cbf 133 4 1 5 4 0 5 14
3928 cc89fd51144f5310 134 4 1 5 4 0 5 14
3929 fa272b68ae563166 134 4 1 5 4 0 5 14
3930 fd5b1c9a923125c8 134 4 1 5 4 0 5 14
3931 b211ca50993a0aec 136 4 1 6 4 0 5 14
3932 c51cdfe35cd4395d 138 4 1 6 4 1 5 14
3933 10f87c124dcc2fdb 137 4 1 6 4 1 5 14
3934 645c726f6d7a5813 137 4 1 6 4 1 5 14
3935 0dfccb8f5ad3e590 136 4 1 6 4 1 5 14
3936 33c0d7c76ae20589 136 4 1 6 4 1 5 14
3937 01741825c8513efd 136 4 1 6 4 1 5 14
3938 a814b359aa65fd91 137 4 1 6 4 2 5 14
3939 b21bd621a89369a5 137 4 1 6 4 2 5 14
3940 e0f3f0f534fd47c4 137 4 1 6 4 2 5 14
3941 79ac6c43d080932b 139 4 1 6 4 2 6 14
3942 ced917501dc4a929 139 4 1 6 4 2 6 14
3943 da43e49e1ea786cf 139 4 1 6 4 1 6 14
3944 492f98cf48779a1d 138 4 1 6 4 1 6 14
3945 46c055adb7281640 137 4 1 6 4 1 6 14
3946 3f2f576b9030dddd 137 4 1 6 4 1 5 14
3947 2ed461567e724f1f 137 4 1 6 4 1 5 14
3948 89c208762999cb27 136 4 1 6 4 1 4 14
3949 77b6637e8bf8ee20 136 4 1 6 4 0 4 14
3950 f8751cba9a3bcfbd 137 4 1 6 4 1 4 14
3951 ca88496847a29e93 137 4 1 6 4 1 4 14
3952 8d09b046f002b21e 136 4 1 6 4 1 4 13
3953 43c9c049193e60b6 137 4 1 6 4 1 4 13
3954 ecd1504e91ae7629 136 4 1 6 4 1 4 12
3955 3d2a8bf4f41e0218 133 4 1 5 4 0 4 11
3956 848d0394cf676901 134 4 1 5 4 1 4 11
3957 34ba36b07c8b0583 134 4 1 5 4 1 4 11
3958 64d5e79e80199381 133 4 1 5 4 1 4 10
3959 5345bd0d94bdc9bd 133 4 1 5 4 1 4 10
3960 bc96474a247c126a 131 4 1 5 4 0 4 9
3961 923c65ac47f37b2f 130 4 1 5 4 0 4 9
3962 e0c8f2ca1e828f26 131 4 1 5 4 0 4 9
3963 7712dd844189e2d2 131 4 1 5 4 0 4 9
3964 800aa20ec2f44381 131 4 1 5 4 0 4 9
3965 46f69a30e671a25b 132 4 1 5 4 0 4 9
3966 156ab1cc7603b45e 132 4 1 5 4 0 4 9
3967 7f1180f12587638e 132 4 1 5 4 0 4 9
3968 ff1bbecdb5780b9d 133 4 1 5 4 0 4 9
3969 e57924e27088b0e7 131 4 1 5 4 0 4 9
3970 579b2c1aaabac71b 131 4 1 5 4 0 4 9
3971 a28fe6b94c927d0b 131 4 1 5 4 0 4 9
3972 86390076484d4e1d 131 4 1 5 4 0 4 9
3973 61088e353519fbfe 131 4 1 5 4 0 4 9
3974 85814a8512ab736a 130 4 1 5 4 0 4 9
3975 5d28e3d452308ea6 131 4 1 5 4 0 4 9
3976 14c486f22fd5cad4 131 4 1 5 4 0 4 9
3977 0b82bf191dfe8664 129 4 1 5 4 0 4 9
3978 47f1d57b15698618 129 4 1 5 4 0 4 9
3979 68a720a91e530eef 128 4 1 5 4 0 4 8
3980 9beb4018d4034e03 127 4 1 4 4 0 4 8
3981 01a58ccf682fb97d 129 4 1 4 4 0 5 8
3982 464f838135db1cca 129 4 1 4 4 0 5 8
3983 b8583869e856a6c9 128 4 1 4 4 0 5 8
3984 2bd00da36f1cd46b 128 4 1 4 4 0 5 8
3985 0c2062e326267bfe 127 4 1 4 4 0 5 8
3986 562fefa3830e35a4 127 4 1 4 4 0 5 8
3987 20057bcab4015394 126 4 1 4 4 0 5 8
3988 454ab28468dba2f2 126 4 1 4 4 0 5 8
3989 ffb23a0778a1370c 126 4 1 4 4 0 5 8
3990 650311963d7d4b14 126 4 1 4 4 0 5 8
3991 335e78e9379fb7ed 125 4 1 4 4 0 5 8
3992 c985ff2d9011d4ae 123 4 1 4 4 0 5 8
3993 61af77db5fee73e0 121 4 1 4 4 0 5 7
3994 610cc01d59730ef1 121 4 1 4 4 0 5 7
3995 4c02d18b65b72c0c 121 4 1 4 4 0 5 7
3996 b990348f3877100c 121 4 1 4 4 0 5 7
3997 01ebb7d94060043f 121 4 1 4 4 0 5 7
3998 7fcf9e395ddddf3f 119 4 1 4 4 0 5 6
3999 d04ad3946755121d 119 4 1 4 4 0 5 6
4000 68cba2e474a6b3f9 119 4 1 4 4 0 5 6
4001 612eb96ab374d380 119 4 1 4 4 0 5 6
4002 aa1e70502e461af9 120 4 1 4 4 0 5 6
4003 9f78c232ee1355d3 120 4 1 4 4 0 5 6
4004 9d8bb1679d76782f 118 4 1 4 4 0 5 6
4005 67440322fc755687 118 4 1 4 4 0 5 6
4006 7de0e9be3542b366 118 4 1 4 4 0 5 6
4007 44cd2f35bf86650a 118 4 1 4 4 0 5 6
4008 9fb355f801590729 118 4 1 4 4 0 5 6
4009 d5d977f9b9f3e1d5 118 4 1 4 4 0 5 6
4010 8d051cbed503143b 117 4 1 4 4 0 5 5
4011 a490ba0d68c18d4a 116 4 1 4 4 0 5 4
4012 b07d71bd63afe98e 116 4 1 4 4 0 4 4
4013 ded6cfd18b6b65e3 116 4 1 4 4 0 4 4
4014 9d6dfcef01755a99 116 4 1 4 4 0 4 4
4015 ba32c8ce3a93d02e 115 4 1 4 4 0 4 4
4016 8827641e70cd8b76 113 4 1 4 4 0 4 3
4017 1efbdb70ee8a48f1 113 4 1 4 4 0 4 3
4018 0f6046490806bbf2 113 4 1 4 4 0 4 3
4019 51cc7b13b757d8fb 114 4 1 4 4 0 4 3
4020 c4b54368fd2dd9cb 113 4 1 4 4 0 4 3
4021 42b4eb2949a915cd 112 4 1 4 4 0 5 2
4022 d18a2f4fc97cef19 111 4 1 4 4 0 5 2
4023 87ea3c2473fca30a 110 4 1 4 4 0 5 1
4024 70c613fcda606a6f 110 4 1 4 4 0 5 1
4025 206dff1ab72af6f2 110 4 1 4 4 0 5 1
4026 ed305a94d2b4c214 109 4 1 4 4 0 5 1
4027 fbe61fbaec4e8ebf 109 4 1 4 4 0 5 1
4028 2f862b247633bf1b 108 4 1 4 4 0 4 1
4029 d13ac99d3d9f3e22 108 4 1 4 4 0 4 1
4030 3907addec0ff40a6 107 4 1 4 4 0 4 1
4031 f2d8ba7c64f1545e 107 4 1 4 4 0 4 1
4032 85387b518028b6a2 106 4 1 4 4 0 4 1
4033 d49d10511f005777 105 4 1 4 4 0 4 1
4034 e30f9a7fe35847f2 105 4 1 4 4 0 4 1
4035 4944f32f0c1ae8d7 104 4 1 4 4 0 4 1
4036 76693c2605cb757e 104 4 1 4 4 0 4 1
4037 645723000484f6bc 104 4 1 4 4 0 4 1
4038 d781876d63452459 104 4 1 4 4 0 4 1
4039 4294e04710e9f439 104 4 1 4 4 0 4 1
4040 8da56053818e08f4 103 4 1 4 4 0 4 0
4041 79995323c7997940 102 4 1 4 4 0 4 0
4042 695e3e21a45cf050 103 4 1 4 4 0 4 0
4043 d7042eb69807a26e 104 4 1 4 4 0 4 0
4044 9ee1da6447a114f6 104 4 1 4 4 0 4 0
4045 368c18bc9a3a50be 105 4 1 4 4 0 4 0
4046 61f01dca0292fa20 105 4 1 4 4 0 4 0
4047 729fd16775a38577 106 4 1 4 4 0 4 0
4048 056d39700b708844 106 4 1 4 4 0 4 0
4049 3343d08b2db5983c 106 4 1 4 4 0 4 0
4050 ec4e64cc7d6fb13b 107 4 1 4 4 0 4 0
4051 6784c0666dbe5db7 109 4 2 4 4 0 5 0
4052 37e84fafb4c4b8ee 109 4 2 4 4 0 5 0
4053 b81f9e3782cba034 109 4 2 4 4 0 5 0
4054 a8b08ef1585511de 109 4 2 4 4 0 5 0
4055 ddde55c8a10a6481 109 4 2 4 4 0 5 0
4056 4cd062de25def8ed 109 4 2 4 4 0 5 0
4057 e07da8e682758ec1 109 4 2 4 4 0 5 0
4058 722d45f421380633 109 4 2 4 4 0 5 0
4059 56e257fe017fbcb9 109 4 2 4 4 0 5 0
4060 dd02ecf39d54228c 109 4 2 4 4 0 5 0
4061 89fe11af01917792 110 4 2 4 4 0 5 0
4062 20560b4c2240f6b0 110 4 2 4 4 0 5 0
4063 9faac62a75a2b06f 109 4 2 4 4 0 5 0
4064 afeea002ac254b4e 109 4 2 4 4 0 5 0
4065 0869353c4a680f4f 109 4 2 4 4 0 5 0
4066 a114136340d1c1a4 109 4 2 4 4 0 5 0
4067 8ca18dff3e0c6d4c 109 4 2 4 4 0 5 0
4068 9484fdbe89e9b3b8 109 4 2 4 4 0 5 0
4069 6175ff7a809023f4 110 4 2 4 4 0 5 0
4070 bd0f48234beb4c33 110 4 2 4 4 0 5 0
4071 9584625d3cb359ed 110 4 2 4 4 0 5 0
4072 3f2b0443378769da 110 4 2 4 4 0 5 0
4073 f8e2dc8e7deb1894 109 4 2 4 4 0 4 0
4074 760d93be9d7887e3 110 4 2 4 4 0 4 0
4075 2b31220c66418a66 111 4 2 4 4 0 4 0
4076 54bb62e7adae0af1 111 4 2 4 4 0 4 0
4077 3e43cd9847a54c4d 111 4 2 4 4 0 4 0
4078 e26cd9bdbc4bc673 110 4 2 4 4 0 4 0
4079 260cb85270fe4847 110 4 2 4 4 0 4 0
4080 733313d76dad8550 110 4 2 4 4 0 4 0
4081 09e4c53750ba0a80 110 4 2 4 4 0 4 0
4082 37db5e0b11acda22 111 4 2 4 4 0 4 0
4083 3bc828c288d850c1 111 4 2 4 4 0 4 0
4084 92251f7a24c9928d 112 4 2 4 4 0 4 0
4085 bd1feb9bfdad9746 112 4 2 4 4 0 4 0
4086 458ea6a3dc9d6da9 113 4 2 4 4 0 4 0
4087 1c0dc40dc662a921 113 4 2 4 4 0 4 0
4088 47cbf27641f8e0b1 114 4 2 4 4 0 4 0
4089 ae8e854db68d56bc 115 4 2 4 4 0 4 0
4090 2cdee0d13bb4fbab 115 4 2 4 4 0 4 0
4091 6325a8c980c3ba2e 117 4 2 4 4 0 5 0
4092 f1486be0ddcfeaef 116 4 2 4 4 0 5 0
4093 4f24a75a94844034 116 4 2 4 4 0 5 0
4094 6ac93bc02e1cadc8 116 4 2 4 4 0 5 0
4095 3095b2e0d28988d6 117 4 2 4 4 0 5 0
4096 c3d7d78168cfafc6 116 4 2 4 4 0 4 0
4097 73a39e6ff2cf9b74 116 4 2 4 4 0 4 0
4098 a75f2cea90bd3e6d 115 4 2 4 4 0 4 0
4099 d2d242674dc993d7 115 4 2 4 4 0 4 0
4100 b50c5075035be4bc 115 4 2 4 4 0 4 0
4101 3abb7a7357a7d2a9 115 4 2 4 4 0 4 0
4102 36df46f5429ae470 115 4 2 4 4 0 4 0
4103 093b8d07250bc824 115 4 2 4 4 0 4 0
4104 74821f0d69aa20d9 115 4 2 4 4 0 4 0
4105 92c3575b586e212f 115 4 2 4 4 0 4 0
4106 b1c856a42896db89 115 4 2 4 4 0 4 0
4107 bbb809145b2db0b2 115 4 2 4 4 0 4 0
4108 7c075d8ba833c1cd 115 4 2 4 4 0 4 0
4109 1a5ad4c529daed50 115 4 2 4 4 0 4 0
4110 31510d78bbcfb414 115 4 2 4 4 0 4 0
4111 f1177c085231d79d 114 4 2 4 4 0 3 0
4112 f72eed8fcad64e10 114 4 2 4 4 0 3 0
4113 7a8bb081278b97ab 114 4 2 4 4 0 3 0
4114 23066ffecf46f509 114 4 2 4 4 0 3 0
4115 121a6c7c476e64cf 114 4 2 4 4 0 3 0
4116 3155843c90b32559 116 4 2 4 4 1 3 0
4117 3868fb19d839c024 115 4 2 4 4 1 3 0
4118 87ed47ca991d1819 115 4 2 4 4 1 3 0
4119 f6ba04146c8490de 114 4 2 4 4 1 3 0
4120 c53115078ee673b5 115 4 2 4 4 1 4 0
4121 2f5d492eddce18ed 114 4 2 4 4 1 4 0
4122 3f598a4a094aaf2f 115 4 2 4 4 2 4 0
4123 1be4ef309148d04f 113 4 2 4 4 1 4 0
4124 9b74be5a8bed44f4 113 4 2 4 4 1 4 0
4125 12a24aad169366c8 113 4 2 4 4 1 4 0
4126 78eee26692c27d62 115 4 2 4 4 1 4 0
4127 ab6c8ea857b94ff3 115 4 2 4 4 1 4 0
4128 4d427289a875e547 115 4 2 4 4 1 4 0
4129 77a685378ddf06e9 115 4 2 4 4 1 4 0
4130 f740aa65f3bff4d4 116 4 2 4 4 1 4 0
4131 df48c5fe7f56f151 117 4 2 4 4 1 5 0
4132 f5e8c1527b08a5df 117 4 2 4 4 1 5 0
4133 7d5c022c97e64f67 116 4 2 4 4 0 5 0
4134 c8411cf608d68b42 118 4 2 4 4 1 5 0
4135 debeaf029d5f7dae 118 4 2 4 4 1 5 0
4136 a5e5df9f4716e009 118 4 2 4 4 1 5 0
4137 774067ad8659bd75 118 4 2 4 4 1 5 0
4138 8aafac181d652201 118 4 2 4 4 1 5 0
4139 9f8ad2d75b0aac3e 118 4 2 4 4 0 5 0
4140 229912f0f0c5e414 118 4 2 4 4 1 5 0
4141 6a3a64f9ef4083c0 119 4 2 4 4 1 5 0
4142 7a78ef7611f519f3 118 4 2 4 4 1 5 0
4143 4b4f42b379368c42 118 4 2 4 4 1 5 0
4144 b7d4e75214a80263 116 4 2 4 4 0 4 0
4145 0d8c9a7dee082b8c 116 4 2 4 4 0 4 0
4146 db72bf83ffd6973c 116 4 2 4 4 0 4 0
4147 47f55c4ef6cf5264 116 4 2 4 4 0 4 0
4148 320b9e801dee9240 116 4 2 4 4 0 4 0
4149 f2ff4e8fb4c49661 117 4 2 4 4 0 4 0
4150 7814829c1e705604 117 4 2 4 4 0 4 0
4151 db39854f5a7a544b 118 4 2 4 4 0 4 0
4152 4fcf52a3dbb17395 118 4 2 4 4 0 4 0
4153 aeeeb8da16c45c3d 118 4 2 4 4 0 4 0
4154 e37d6fbb8b75fae8 118 4 2 4 4 0 4 0
4155 495eb56f9e9f7a3c 118 4 2 4 4 0 4 0
4156 ce65fde8f558dbbb 118 4 2 4 4 0 4 0
4157 93ffd931dd60639a 119 4 2 4 4 0 4 0
4158 eeefe47c86ff20db 119 4 2 4 4 0 4 0
4159 c3c45166942585ad 119 4 2 4 4 0 4 0
4160 f52f522749cc4025 121 4 2 4 4 0 5 1
4161 db0dd160bc1db6c7 121 4 2 4 4 0 5 1
4162 f8e9b07800d65707 121 4 2 4 4 0 5 1
4163 b67486dff7455436 121 4 2 4 4 0 5 1
4164 f174948db710fc62 121 4 2 4 4 0 5 1
4165 e4223ab77fc1ab32 121 4 2 4 4 0 4 1
4166 4a0ab20d23ea4dbf 122 4 2 4 4 0 4 2
4167 92a9c58ccacd1d42 122 4 2 4 4 0 4 2
4168 2ccf4fec8a937f6c 122 4 2 4 4 0 4 2
4169 9c4afd528501dafd 123 4 2 4 4 0 4 3
4170 e98826f3b9125fe3 123 4 2 4 4 0 4 3
4171 ed012636e78efbd0 125 4 3 4 4 0 5 3
4172 3e66aadc300676f2 125 4 3 4 4 0 5 4
4173 3bce0bd893cf9876 125 4 3 4 4 0 5 4
4174 867ca8b9dfd566e6 125 4 3 4 4 0 5 4
4175 d66dd9952fffdc22 126 4 3 4 4 0 5 5
4176 4c5a4b1f2af9b91a 126 4 3 4 4 0 5 5
4177 5e54a7ab6919e07b 126 4 3 4 4 0 5 6
4178 47b5b14f144db726 127 4 3 4 4 0 5 7
4179 ebe64d8b72266e44 127 4 3 4 4 0 5 7
4180 583447f6218519c9 126 4 3 4 4 0 4 7
4181 5e65a4b606bb09b2 127 4 3 4 4 0 4 8
4182 18488698ab21d2bc 127 4 3 4 4 0 4 8
4183 34d167e81af16987 128 4 3 4 4 0 4 9
4184 cff9fcbb7a6f9c28 128 4 3 4 4 0 4 10
4185 ee1cc831178c38fe 128 4 3 4 4 0 4 10
4186 d01f2afbbe7a1b8e 128 4 3 4 4 0 4 10
4187 d29bbc586802ee0c 130 4 3 4 4 0 4 11
4188 c6a56b32713d1c41 131 4 3 4 4 0 4 12
4189 fbfb1f21b1bfcc02 132 4 3 4 4 0 4 13
4190 3b5431cc35a16288 133 4 3 4 4 0 4 14
4191 2265349e0326d183 133 4 3 4 4 0 4 14
4192 b0a33930f15c2017 134 4 3 4 4 0 4 14
4193 13bc7c140d54251a 136 4 3 4 4 0 4 15
4194 cf60f79980b45558 136 4 3 4 4 0 3 16
4195 e4bcfb18f70dbdfc 137 4 3 4 4 0 3 17
4196 906a68bd1524e438 139 4 3 4 4 0 3 18
4197 e5f22d81fe0e12bf 139 4 3 4 4 0 3 18
4198 af0f21a75a932160 139 4 3 4 4 0 3 18
4199 b3e89d6dd95e8731 140 4 3 4 4 0 3 19
4200 4c021a5163ca642e 142 4 3 4 4 0 4 20
4201 9d8b969522e87ebc 144 4 3 4 5 0 4 21
4202 491354e5247a4166 145 4 3 4 5 0 4 22
4203 45f6627d0d1f801d 145 4 3 4 5 0 4 22
4204 5f26a50206027f3b 144 4 3 4 5 0 4 22
4205 ee5f7b17d6526865 144 4 3 4 5 0 4 23
4206 5c7df4c029c506ee 144 4 3 4 5 0 3 24
4207 b8ba2f3c067a55a2 143 4 3 4 4 0 3 24
4208 e6a75b199e8d18a7 142 4 3 4 4 0 3 24
4209 1bed8ab1b765d030 141 4 3 4 4 0 3 24
4210 55b5f266e11395e2 141 4 3 4 4 0 3 24
4211 cea64b496226e953 143 4 3 4 4 0 3 26
4212 7dba0a326015ce70 144 4 3 4 4 0 3 27
4213 5c91adcb1e5c47b2 144 4 3 4 4 0 3 27
4214 453a311a884ddfbe 144 4 3 4 4 0 3 27
4215 3670707a18d908ee 144 4 3 4 4 0 3 27
4216 e45767346e91057c 144 4 3 4 4 0 3 27
4217 4d46334a3c04eeaa 144 4 3 4 4 0 3 27
4218 f587aa8c3fb25082 145 4 3 4 4 0 3 28
4219 3eb302870ab45724 145 4 3 4 4 0 3 28
4220 414f15f5fe202282 146 4 3 4 4 0 3 29
4221 077fd322c2bf14c4 147 4 3 4 4 0 3 29
4222 408300a2309ca280 147 4 3 4 4 0 3 29
4223 a5739368f94ca8c6 147 4 3 4 4 0 3 29
4224 7f284a91de4d5546 149 4 3 4 4 0 3 30
4225 61e4d419c34edf87 149 4 3 4 4 0 3 30
4226 3f20892919a71dd7 149 4 3 4 4 0 3 30
4227 f60755536e34fbde 150 4 3 4 4 0 3 30
4228 665e08b19090b204 150 4 3 4 4 0 3 30
4229 ba512c31c8fe2df9 150 4 3 4 4 0 3 30
4230 af21d327d0ff3e45 151 4 3 4 4 0 3 31
4231 e67cefe70b3b50c6 151 4 3 4 4 0 3 31
4232 3a63f433ba3fe9f3 151 4 3 4 4 0 3 31
4233 0adf6a3fd6d734ed 152 4 3 4 4 1 3 31
4234 1be3bf0fd3428f10 150 4 3 4 4 1 2 31
4235 1e2d2aae64f68e6c 150 4 3 4 4 1 2 31
4236 5d5848f5bf4629a5 151 4 3 4 4 1 2 31
4237 d05751465a01bf7f 151 4 3 4 4 1 3 31
4238 5d6f14c3695f0641 150 4 3 4 4 1 3 31
4239 7854c613592f97b7 151 4 3 4 4 2 3 31
4240 b9a0970249d3aafd 151 4 3 4 4 1 4 31
4241 20b61de028b4f1fe 151 4 3 4 4 1 4 31
4242 69c2f1e6a2cacc8c 151 4 3 4 4 1 4 31
4243 ade500b0f5909984 150 4 3 4 4 1 4 31
4244 2879a72e6a27ec3a 149 4 3 4 4 1 4 31
4245 6c5428c0888ed330 149 4 3 4 4 2 3 31
4246 9acb5a7dcb3d955f 149 4 3 4 4 2 3 31
4247 d56b5141abb098c4 149 4 3 4 4 2 3 31
4248 100888d28c3b9c39 149 4 3 4 4 2 3 31
4249 dbf177da19241fbb 149 4 3 4 4 2 3 31
4250 17c07de14dc11d3f 146 4 3 4 4 1 3 30
4251 e1c3b7b70488f7a1 147 4 3 4 4 3 3 30
4252 c45856106c3bc4cc 146 4 3 4 4 2 3 30
4253 3401497c6ad6d05f 146 4 3 4 4 2 3 30
4254 60836965e8084244 146 4 3 4 4 2 3 30
4255 4754b91fa0bf520e 145 4 3 4 4 2 3 30
4256 0173f60777a8f11c 144 4 3 4 4 1 3 30
4257 fed6df7de513dbe0 145 4 3 4 4 2 3 30
4258 a23538836972d468 144 4 3 4 4 2 3 30
4259 262b6b016d79565e 145 4 3 4 4 2 3 30
4260 da7c2cc46e2a7c0b 145 4 3 4 4 2 3 30
4261 1de2cc708cc8ed77 143 4 3 4 4 1 3 29
4262 9242dc992d90211d 142 4 3 4 4 0 3 29
4263 f2b09d16e51bf035 143 4 3 4 4 1 3 29
4264 d24555d3b7f8e2f1 144 4 3 4 4 1 3 29
4265 49ffa947875117f0 144 4 3 4 4 1 3 29
4266 ef74fea0f59ffece 144 4 3 4 4 1 3 29
4267 a3dd5ef5984b87bb 141 4 3 4 4 0 3 28
4268 fe19ec05ce20763f 141 4 2 4 4 0 3 28
4269 62e0022ef2b369d9 142 4 2 4 4 0 3 28
4270 78f89310b147f73f 142 4 2 4 4 0 3 28
4271 9b2b97982f2c67c8 139 4 2 4 4 0 2 26
4272 64495f58e57dfb51 138 4 1 4 4 0 2 26
4273 07424024dff4ca59 138 4 1 4 4 0 2 26
4274 e561c66ed7652875 138 4 1 4 4 0 2 26
4275 e8aeae83bf2c5f6b 137 4 1 4 4 0 2 26
4276 fa5fe4fe3fe5b60e 137 4 1 4 4 0 2 26
4277 9c9b0bd606f84aa8 137 4 1 4 4 0 3 25
4278 d9d325f2f6693160 137 4 1 4 4 0 3 25
4279 b34c71814030d963 137 4 1 4 4 0 3 25
4280 cd06cad377b9cecb 135 4 1 4 4 0 3 24
4281 a0ab36e82d8ecc59 135 4 1 4 4 0 3 24
4282 b93b91f92878797a 135 4 1 4 4 0 3 24
4283 815b422a304a57f4 136 4 1 4 4 0 3 24
4284 c27585ea2937fd75 136 4 1 4 4 0 3 24
4285 32b44a70764d3c0f 136 4 1 4 4 0 3 24
4286 3fd2744677bb8825 135 4 1 4 4 0 3 23
4287 dde1badd129f6ea3 134 4 1 4 4 0 3 22
4288 bb86e7a55b79aa93 132 4 1 4 4 0 3 20
4289 012718712217ea56 132 4 1 4 4 0 3 20
4290 867a8069ecb7d090 132 4 1 4 4 0 3 20
4291 d6467f282e996c6d 132 4 1 5 4 0 2 20
4292 1a4be2873d31966c 132 4 1 5 4 0 2 20
4293 aff46aed0bdb63cb 131 4 1 5 4 0 2 19
4294 051e2aba02302e3b 132 4 1 5 4 0 2 19
4295 478afd300631c2b5 131 4 1 5 4 0 2 19
4296 b8ae3d7453b41e62 130 4 1 5 4 0 2 18
4297 d5b01cff6c2f7040 129 4 1 5 4 0 2 17
4298 656ef3598be96eda 129 4 1 5 4 0 2 17
4299 5b3df1b3aed71c91 128 4 1 5 4 0 2 16
4300 11b7dd3ec78d90dd 128 4 1 5 4 0 2 16
4301 3bde709c2c17fcae 129 4 1 5 4 0 2 16
4302 9843cc737db57679 129 4 1 5 4 0 2 16
4303 76a6120f3ba128fc 129 4 1 5 4 0 2 16
4304 7dd67645483cd17a 129 4 1 5 4 0 2 16
4305 5aa9ce561d25b445 128 4 1 5 4 0 2 15
4306 ebdd5411662bd830 128 4 1 5 4 0 2 14
4307 cc8189b9459c04bf 128 4 1 5 4 0 2 14
4308 a64c2a9e5b4cfd0d 128 4 1 5 4 0 2 14
4309 675c0a6749c5bef0 129 4 1 5 4 0 2 14
4310 4c3722475106aee2 129 4 1 5 4 0 2 14
4311 c29308d4899e68f9 129 4 1 5 4 0 2 14
4312 01a3afce23f6f163 129 4 1 5 4 0 2 14
4313 c5dbf74b10a22fdb 129 4 1 5 4 0 2 14
4314 50ee61ef1a2a045e 129 4 1 5 4 0 2 14
4315 6e63dd654987e473 129 4 1 5 4 0 2 14
4316 d6c78972b64798e6 129 4 1 5 4 0 2 14
4317 a3d1a31bc86605de 131 4 1 5 4 0 3 14
4318 a4dde261cecc6ba7 131 4 1 5 4 0 3 14
4319 feda9e7b1f082b5b 130 4 1 5 4 0 3 14
4320 e1a5583c882cdd6d 129 4 1 5 4 0 3 14
4321 0c7b348ecc193b9f 129 4 1 5 4 0 3 14
4322 2ca34fdbf5af09a3 129 4 1 5 4 0 3 14
4323 e5fabc584ac06ae2 128 4 1 5 4 0 3 13
4324 feb7b527a87ede7c 129 4 1 5 4 0 3 13
4325 58452f5135531bcf 128 4 1 5 4 0 3 13
4326 9eba0ddccddfe87a 128 4 1 5 4 0 3 13
4327 9fc10b0355f0a623 128 4 1 5 4 0 3 13
4328 9dffec6f3b1ff983 127 4 1 5 4 0 3 13
4329 0bd3be73cec2790b 127 4 1 5 4 0 3 13
4330 875f7637f1c6c5d4 126 4 1 5 4 0 3 13
4331 2a7ca5679b52e12d 126 4 1 5 4 0 3 13
4332 ac653688c554c9fe 126 4 1 5 4 0 3 13
4333 071eedeb9932a058 126 4 1 5 4 0 3 13
4334 c3ea8676e735dec5 127 4 1 5 4 0 3 13
4335 1632fe149b0c3f0f 126 4 1 5 4 0 3 13
4336 401224a2266b4095 126 4 1 5 4 0 3 13
4337 5fd184e394b827bf 125 4 1 5 4 0 2 13
4338 235f26ca46278c81 126 4 1 5 4 0 2 13
4339 f850bc3da480f2a3 126 4 1 5 4 0 2 13
4340 b04a18a1bb51b7d4 125 4 1 5 4 0 2 13
4341 f3855b764d7d5429 126 4 1 5 4 0 2 13
4342 d2b2980e9021e370 127 4 1 5 4 0 2 13
4343 1b85e4538783b69e 128 4 1 5 4 0 2 13
4344 ebb158db7ddf9e5d 128 4 1 5 4 0 2 13
4345 b367d84e80ff4910 127 4 1 5 4 0 1 13
4346 e24c601ae8978ef0 127 4 1 5 4 0 1 13
4347 7b630a3359c198f2 126 4 1 5 4 0 1 13
4348 57b963c937a1fd60 125 4 1 5 4 0 1 12
4349 0fb8c6b754ea7aba 125 4 1 5 4 0 1 12
4350 ef96f812b4d680ed 125 4 1 5 4 0 1 12
4351 d34fbe1ae3862a4e 125 4 1 5 4 0 1 12
4352 4845038410825b4c 124 4 1 5 4 0 1 12
4353 651c1bf860563f49 123 4 1 5 4 0 1 11
4354 181ad2004c6c4a02 122 4 0 5 4 0 1 11
4355 713c620071f4ea29 122 4 0 5 4 0 1 11
4356 ffbb42ae22079bc0 122 4 0 5 4 0 1 11
4357 23623acfa877248a 123 4 0 5 4 0 2 11
4358 a4c732f11ccf2acc 122 4 0 5 4 0 2 11
4359 9369b10cbdcd1978 122 4 0 5 4 0 2 11
4360 a4803576031fb9f5 122 4 0 5 4 0 2 11
4361 1d63a172aebb0d59 121 4 0 5 4 0 2 11
4362 abdadacb077e4f7f 121 4 0 5 4 0 2 11
4363 c54523eef922ae48 121 4 0 5 4 0 2 11
4364 dfa4d5ab45b27f42 121 4 0 5 4 0 2 11
4365 6ce9fe0c664bd103 120 4 0 5 4 0 2 11
4366 7d6a231a56d9778f 120 4 0 5 4 0 2 11
4367 c5e3b3f1c95680dc 120 4 0 5 4 0 2 11
4368 6e30eaee22552e22 120 4 0 5 4 0 2 11
4369 edc338bfb84c407e 120 4 0 5 4 0 2 11
4370 da13ba257ad1f419 120 4 0 5 4 0 2 11
4371 9d3254d79847f80d 119 4 0 5 4 0 2 11
4372 847d5c9d3872f036 119 4 0 5 4 0 2 11
4373 b8eae427a7958a96 120 4 0 5 4 0 2 11
4374 ae97de65fb657117 118 4 0 5 4 0 1 10
4375 e4135a5b67f99041 118 4 0 5 4 0 1 10
4376 03cd155fbd8aaa31 118 4 0 5 4 0 1 10
4377 4bc677679fd2cd29 117 4 0 5 4 0 1 10
4378 4c09de980f060332 117 4 0 5 4 0 1 10
4379 be66d5cf5b6d817d 117 4 0 5 4 0 1 10
4380 d709f4c75a97ed64 116 4 0 5 4 0 1 9
4381 28cb599828abf7d9 115 4 0 4 4 0 1 9
4382 ac1ea914591feedc 115 4 0 4 4 0 1 9
4383 ba629705a07d8e6d 115 4 0 4 4 0 1 9
4384 d50e1710e8a25ec7 114 4 0 4 4 0 0 9
4385 bae63832d2a2767c 113 4 0 4 3 0 0 9
4386 a159e90c8a82d0f4 113 4 0 4 3 0 0 9
4387 c6d74d9d7fbc0ac3 113 4 0 4 3 0 0 9
4388 3f3bf001ea035c34 113 4 0 4 3 0 0 9
4389 cd06aae6bfa9d2b2 113 4 0 4 3 0 0 9
4390 a1ee02f6c3092fa8 113 4 0 4 3 0 0 9
4391 ff698b8f1135bda6 112 4 0 4 3 0 0 9
4392 2e859f8f41f736a0 112 4 0 4 3 0 0 9
4393 4ace04f331bfd020 112 4 0 4 3 0 0 9
4394 e74adc315fdb2647 112 4 0 4 3 0 0 9
4395 90d2b3a6559ca1e5 112 4 0 4 3 0 0 9
4396 e87a370d8d588a2f 112 4 0 4 3 0 0 9
4397 d65072f2ad4f2689 112 4 0 4 3 0 0 9
4398 bf5e2a47412483c8 113 4 0 4 3 0 0 9
4399 bee5318a4e2b4468 113 4 0 4 3 0 0 9
4400 3bfd8d994ca5c2d9 112 4 0 4 3 0 0 9
4401 63178fb8ed3f2cc3 113 4 0 4 3 0 0 9
4402 f3617685dbd60de6 113 4 0 4 3 0 0 9
4403 43e793cedabde686 114 4 0 4 3 0 0 9
4404 1c846775664cf94c 115 4 0 4 3 0 0 9
4405 bbea8dc2c445b663 115 4 0 4 3 0 0 9
4406 2bbe8dae3442bdf9 115 4 0 4 3 0 0 9
4407 ea2683f551058f7b 115 4 0 4 3 0 0 9
4408 e2c6604171a5e27c 114 4 0 4 3 0 0 9
4409 356a75afb24906d3 114 4 0 4 3 0 0 9
4410 2a4a0e9d6e4c685f 115 4 0 4 3 0 0 9
4411 4ef71b68cded467b 115 4 1 4 3 0 0 9
4412 01b8cdf0817c96fd 114 4 1 4 3 0 0 9
4413 0288edb8ea8d9f91 114 4 1 4 3 0 0 9
4414 97ece0eeee379fbe 115 4 1 4 3 0 0 9
4415 895ead4e10192051 115 4 1 4 3 0 0 9
4416 1146a71b5bf1d48a 115 4 1 4 3 0 0 9
4417 da3bb9d9054e3b8f 115 4 1 4 3 0 0 9
4418 1d257ad9d5b3c369 115 4 1 4 3 0 0 9
4419 09d716961ae6984e 115 4 1 4 3 0 0 9
4420 5a0fcf8bee0430b1 115 4 1 4 3 0 0 9
4421 56d5387675fc68b5 115 4 1 4 3 0 0 9
4422 3d143ff34a6a5147 115 4 1 4 3 0 0 9
4423 6d5cef17c220ff41 114 4 1 4 3 0 0 9
4424 60b6bdd727bf696d 114 4 1 4 3 0 0 9
4425 132555537ac613d2 115 4 1 4 3 0 0 9
4426 996a201a4bde4ea7 116 4 1 4 3 0 0 9
4427 3cc16776dba7c378 117 4 1 4 3 0 0 9
4428 2f6651402ffdfb7c 117 4 1 4 3 0 0 9
4429 62e4a49a54aac6e8 117 4 1 4 3 0 1 9
4430 1e8e201ea47895d5 117 4 1 4 3 0 1 9
4431 2d6569dbdc94fbbd 117 4 1 4 3 0 1 9
4432 12e9724102009ecf 117 4 1 4 3 0 1 9
4433 027c8539e5cf2e89 118 4 1 4 3 0 1 9
4434 1925678abffe0227 118 4 1 4 3 0 1 9
4435 6b439f7c03ca8baa 118 4 1 4 3 0 1 9
4436 e82ce4b2a6c57b6c 119 4 1 4 3 0 1 9
4437 feba12e5f751970f 119 4 1 4 3 0 1 9
4438 5ff2318892c7f80a 119 4 1 4 3 0 1 9
4439 a3bf9805e00cf908 119 4 1 4 3 0 1 9
4440 8007279d145a2ae2 119 4 1 4 3 0 1 9
4441 550c33938bcc8502 120 4 1 4 3 0 1 9
4442 514b081e09f44367 119 4 1 4 3 0 1 9
4443 ac09e779b12e2928 119 4 1 4 3 0 1 9
4444 0bc95a6b0f26af23 119 4 1 4 3 0 1 9
4445 cf339c7182f39033 119 4 1 4 3 0 1 9
4446 86dededac5d60033 119 4 1 4 3 0 1 9
4447 c65369930c43a507 119 4 1 4 3 0 1 9
4448 16e227eba6722070 118 4 1 4 3 0 1 9
4449 7790a2f3b9e38f63 119 4 1 4 3 0 1 9
4450 67f7bad17e276ab9 119 4 1 4 3 0 1 9
4451 cda39247c28da396 121 4 1 4 3 0 1 9
4452 06123c70a4fb5e65 120 4 1 4 3 0 1 8
4453 3104bd6432be595a 121 4 1 4 3 0 1 8
4454 ecd11a7d67be7f49 121 4 1 4 3 0 1 8
4455 b0355191fbfb12ae 120 4 1 4 3 0 1 8
4456 8dc802c6e2e08922 120 4 1 4 3 0 1 8
4457 fcdfba5939354a3f 121 4 1 4 3 0 1 8
4458 c4401f8b8b4ba8c1 121 4 1 4 3 0 1 8
4459 ed34be2a87dc504f 121 4 1 4 3 0 1 8
4460 e144a71e940dfbb4 120 4 1 4 3 0 1 7
4461 97dae10f079fc424 119 4 1 4 3 0 1 7
4462 f8220a89b30ead95 119 4 1 4 3 0 1 7
4463 d5281334248f6b6a 119 4 1 4 3 0 1 7
4464 497b3861d2fb757a 119 4 1 4 3 0 1 7
4465 021185189459a78d 119 4 1 4 3 0 1 7
4466 9faab6e432c46bea 119 4 1 4 3 0 1 7
4467 4aacd4f5d88c30eb 119 4 1 4 3 0 1 7
4468 a8df0b13e7527dbc 119 4 1 4 3 0 1 7
4469 02497e89deb0cbf1 118 4 1 4 3 0 2 6
4470 7f42bf392ccfb2e1 118 4 1 4 3 0 2 6
4471 0e11fc32a9558fae 118 4 1 4 3 0 2 6
4472 54b8a3c0aa8d3951 118 4 1 4 3 0 2 6
4473 60f7cf1cfb1753b1 118 4 1 4 3 0 2 6
4474 eccc3ab2f413725b 119 4 1 4 3 0 2 6
4475 7463516fbca909a8 118 4 1 4 3 0 2 5
4476 f2cffdd7ecc56231 118 4 1 4 3 0 2 5
4477 58fcdfd9898d7f5d 118 4 1 4 3 0 2 5
4478 159932120167343b 118 4 1 4 3 0 2 5
4479 406664d367455ea9 118 4 1 4 3 0 2 5
4480 6804c4bcc1e57b89 119 4 1 4 3 0 2 5
4481 1666a10754bb0ffe 118 4 1 4 3 0 2 4
4482 0605eef052b5c8de 117 4 1 4 3 0 2 4
4483 8c53f066fef577de 116 4 1 4 3 0 2 3
4484 27dca55f9dbf5ec4 117 4 1 4 3 0 3 3
4485 43e77c595cc7dcfc 117 4 1 4 3 0 3 3
4486 81c9397cafa8bf01 117 4 1 4 3 0 3 3
4487 869cd0119e40a06e 117 4 1 4 3 0 3 3
4488 495f5232e689d588 118 4 1 4 3 0 3 3
4489 6fc860ac441cf37d 118 4 1 4 3 0 3 3
4490 a096081a38f07239 118 4 1 4 3 0 3 3
4491 eea3aa98d6da1270 118 4 1 4 3 0 3 3
4492 cfdc45ca1a3b3f5e 117 4 1 4 3 0 3 3
4493 6a1e36153a3b84f1 117 4 1 4 3 0 3 3
4494 dfef99d5e43dbede 116 4 1 4 3 0 3 2
4495 f0818ec1cf1a60c7 116 4 1 4 3 0 3 2
4496 205157b65c3e16eb 117 4 1 4 3 0 3 2
4497 36cc11c269bebb5a 117 4 1 4 3 0 3 2
4498 033f511e711fcaae 117 4 1 4 3 0 3 2
4499 de546ad68a72a490 116 4 1 4 3 0 3 2
4500 3856d8900fef2da0 115 4 1 4 3 0 2 2
4501 9f7a1e4f7617462d 114 4 1 4 3 0 2 1
4502 e1eb9dfde9a2172f 114 4 1 4 3 0 2 1
4503 f5efde3ff82dc587 115 4 1 4 3 0 2 1
4504 1082ebc2408c6d2b 113 4 1 4 3 0 2 1
4505 473af53e28d9e282 113 4 1 4 3 0 2 1
4506 ef77454b188437e2 113 4 1 4 3 0 2 1
4507 9fcb5aa14b7b2da5 113 4 1 4 3 0 2 1
4508 35196af110219307 113 4 1 4 3 0 2 1
4509 4ca085c50788dedf 114 4 1 4 3 0 3 1
4510 1dfa8d1439a9144e 114 4 1 4 3 0 3 1
4511 a78a62073978bcaf 114 4 1 4 3 0 3 1
4512 5cd4d1ed39a93ded 114 4 1 4 3 0 3 1
4513 c6d98f6644179b0d 112 4 1 4 3 0 2 1
4514 8cbfda02106730fa 112 4 1 4 3 0 2 1
4515 8a7fca7d1a49edf8 112 4 1 4 3 0 2 1
4516 2a309b78f181f860 111 4 1 4 3 0 2 1
4517 38cb3bf172591be9 111 4 1 4 3 0 2 1
4518 e7d0ce2f072019c2 111 4 1 4 3 0 2 1
4519 e6bd4fd61e85d11c 111 4 1 4 3 0 2 1
4520 f663be945c924c51 110 4 1 4 3 0 2 1
4521 f19099cafc5e74f3 111 4 1 4 3 0 2 1
4522 d0777a7ef9ce2dcd 110 4 1 4 3 0 2 1
4523 154c2803293508d7 110 4 1 4 3 1 2 1
4524 26af835d70b72de7 110 4 1 4 3 1 3 0
4525 f2a4c7bde4253e68 109 4 1 4 3 1 3 0
4526 12ef0008b98c42cd 110 4 1 4 3 1 3 0
4527 00d79ba883ec4fac 109 4 1 4 3 1 3 0
4528 ab391d84596bfaae 110 4 1 4 3 1 3 0
4529 e2b88c2479061875 112 4 1 4 3 2 3 0
4530 fecb0e367cb641e5 111 4 1 4 3 2 3 0
4531 4abbe70bb08b4d28 112 4 2 4 3 2 3 0
4532 cab033ddc4133f2b 113 4 2 4 3 2 3 0
4533 04129e55f32bdd1b 113 4 2 4 3 2 3 0
4534 cf426802f0db8975 112 4 2 4 3 1 3 0
4535 1f84f9cf9c4683d0 112 4 2 4 3 1 3 0
4536 67fb59151d99c1a9 112 4 2 4 3 1 3 0
4537 299bb43f86b53b20 112 4 2 4 3 1 3 0
4538 fdac22597e31147a 111 4 2 4 3 1 2 0
4539 db8a7702e7f20f94 110 4 2 4 3 0 2 0
4540 d548b9a2818d0fdd 110 4 2 4 3 0 2 0
4541 4298e3f80d94ec91 110 4 2 4 3 1 2 0
4542 f143fcfc350f6943 110 4 2 4 3 1 2 0
4543 fc0ce63827009c1a 110 4 2 4 3 1 2 0
4544 01513c1e5c5faad0 110 4 2 4 3 1 2 0
4545 929ce76bd9144dab 108 4 2 4 3 0 2 0
4546 9b72d2f41f12d776 109 4 2 4 3 0 2 0
4547 9bf299b13dfcb658 110 4 2 4 3 0 2 0
4548 ab685ade1926f091 110 4 2 4 3 0 2 0
4549 90d473d79768b9ba 110 4 2 4 3 0 3 0
4550 0bfcca09e144a4dc 110 4 2 4 3 0 3 0
4551 061bc33ec993b3da 110 4 2 4 3 0 3 0
4552 2b17540dc87a193e 110 4 2 4 3 0 3 0
4553 0b9e31b902fd5627 110 4 2 4 3 0 3 0
4554 55fb54642a14f125 109 4 2 4 3 0 3 0
4555 d23c838ff6255ace 108 4 2 4 3 0 3 0
4556 366a157bc9bf215a 108 4 2 4 3 0 3 0
4557 da005f5c582bca0a 108 4 2 4 3 0 3 0
4558 5c02600344edd1eb 107 4 2 4 3 0 2 0
4559 6dffa630e7fd132f 107 4 2 4 3 0 2 0
4560 03870b32ca17f61f 106 4 2 4 3 0 2 0
4561 b7684f26b1fa3f1e 106 4 2 4 3 0 2 0
4562 9fbcf6aee8124542 105 4 2 4 3 0 2 0
4563 4b8ab272f9ceb537 105 4 2 4 3 0 2 0
4564 0832a36d88eb65b1 103 4 2 4 3 0 2 0
4565 e7ef3e72d607f208 103 4 2 4 3 0 2 0
4566 b15ece045e4bb518 102 4 2 4 3 0 2 0
4567 c30ebb11269f192f 102 4 2 4 3 0 2 0
4568 c1016196cb2f487f 101 4 2 4 3 0 2 0
4569 834693b59b4b2685 100 4 2 4 3 0 2 0
4570 6a5f502cbe03de3e 101 4 2 4 3 0 2 0
4571 5c9a13a3c6c72c13 100 4 2 4 3 0 2 0
4572 d6424d111f021566 100 4 2 4 3 0 2 0
4573 e551a3b00ced9b4a 99 4 2 4 3 0 2 0
4574 104facaf7c01ec5e 99 4 2 4 3 0 2 0
4575 4bf98b74ddb0c3de 99 4 2 4 3 0 2 0
4576 451405258188d6aa 99 4 2 4 3 0 2 0
4577 2a0f918079226f88 99 4 2 4 3 0 2 0
4578 637a2ce97c5f424b 99 4 2 4 3 0 2 0
4579 40c0ab3a860ad35d 99 4 2 4 3 0 2 0
4580 61ea51735284c018 99 4 2 4 3 0 2 0
4581 28739581eb934ee7 100 4 2 4 3 0 2 0
4582 bae1215ee5ba726d 100 4 2 4 3 0 2 0
4583 459ad35f030d0ba0 100 4 2 4 3 0 2 0
4584 16e5da315cbd9d58 100 4 2 4 3 0 2 0
4585 f43891ebc517d0fe 100 4 2 4 3 0 2 0
4586 6edc2882e8cd3165 100 4 2 4 3 0 2 0
4587 2bed5a70de19fd26 101 4 2 4 3 0 2 0
4588 8d39b5fe3c79a9ba 100 4 2 4 3 0 2 0
4589 a4bb86b649f40db4 100 4 2 4 3 0 2 0
4590 8b921ef9fb9076f1 100 4 2 4 3 0 2 0
4591 6bbdc2a7d1beaf45 100 4 2 4 3 0 2 0
4592 096e1c68c62ff615 100 4 2 4 3 0 2 0
4593 6f85c8275ed82ca2 101 4 2 4 3 0 2 0
4594 6c09092c57599b9f 101 4 2 4 3 0 2 0
4595 3a8b6c99e7e25f9f 101 4 2 4 3 0 2 0
4596 a09b45ebb5440395 100 4 2 4 3 0 2 0
4597 8f0b0f2dcd2577b5 100 4 2 4 3 0 2 0
4598 e9dc78b22c4e076e 100 4 2 4 3 0 2 0
4599 98dca1bfcdcc576e 100 4 2 4 3 0 2 0
4600 3b4ca3bf97619c74 101 4 2 4 3 0 2 0
4601 a4d02abbd355d7e9 101 4 2 4 3 0 2 0
4602 a8a3062a7345bc45 101 4 2 4 3 0 2 0
4603 144e9d719a64e3d7 101 4 2 4 3 0 2 0
4604 1ac7cc0886e002b5 102 4 2 4 3 0 3 0
4605 ffbce500b45c3032 102 4 2 4 3 0 3 0
4606 79002289964951e1 101 4 2 4 3 0 3 0
4607 f21fb16d43a080db 102 4 2 4 3 0 3 0
4608 b2b5985c508c4a70 103 4 2 4 3 0 3 0
4609 39fd503edec8f654 103 4 2 4 3 0 3 0
4610 ff3b9be996d1a4df 102 4 2 4 3 0 3 0
4611 605d10bcad89a5e4 102 4 2 4 3 0 3 0
4612 9c8a866f54885ce4 102 4 2 4 3 0 3 0
4613 111b72fb5e69a3aa 102 4 2 4 3 0 3 0
4614 60c707f8e928372c 101 4 2 4 3 0 3 0
4615 269a3be2e63a6034 101 4 2 4 3 0 3 0
4616 1d9d5d8e1e0451a9 101 4 2 4 3 0 3 0
4617 3c0928861cdf9840 101 4 2 4 3 0 3 0
4618 11a75d5917931812 101 4 2 4 3 0 3 0
4619 06883e9bab7263f6 100 4 2 4 3 0 3 0
4620 8c57b651f759959a 100 4 2 4 3 0 3 0
4621 6c78eb2aab764539 99 4 2 4 3 0 3 0
4622 d07569554a138857 99 4 2 4 3 0 3 0
4623 acdb79cb235f3533 99 4 2 4 3 0 3 0
4624 3924eb119a4529d7 100 4 2 4 3 0 3 0
4625 5b4bba74eb9d6d5f 100 4 2 4 3 0 3 0
4626 52d37b43e987ac1f 100 4 2 4 3 0 3 0
4627 0862c25d5eb98e3a 100 4 2 4 3 0 3 0
4628 0785fc1e28adae51 101 4 2 4 3 0 3 0
4629 121cfc01e5b3aac0 100 4 2 4 3 0 3 0
4630 1dfaf8921381ebcd 100 4 2 4 3 0 3 0
4631 cc987fefcd24070a 100 4 2 4 3 0 3 0
4632 31eafc7866a7b669 101 4 2 4 3 0 3 0
4633 e802dfbd1e83dece 101 4 2 4 3 0 3 0
4634 3477b643598ef7da 101 4 2 4 3 0 3 0
4635 38a669453087caf8 101 4 2 4 3 0 3 0
4636 7b20596b6fb05363 102 4 2 4 3 0 3 0
4637 2aa987478fc27ed3 101 4 2 4 3 0 3 0
4638 86bca89e845d467e 101 4 2 4 3 0 3 0
4639 acf7954d2f9bce83 101 4 2 4 3 0 3 0
4640 34cbd5205d6074e4 102 4 2 4 3 0 3 1
4641 8758be498a3be3e8 103 4 2 4 3 0 3 1
4642 7d771996e9f36aa5 104 4 2 4 3 0 3 1
4643 d82a0743ae0983a4 104 4 2 4 3 0 3 1
4644 8dd8bd159677bb67 105 4 2 4 3 0 3 1
4645 2c7a65a9fd7b6ea8 105 4 2 4 3 0 3 1
4646 666de49cedb85fe1 106 4 2 4 3 0 3 2
4647 5805132f2e75d43a 106 4 2 4 3 0 3 2
4648 1a885892598f1570 106 4 2 4 3 0 3 2
4649 b7d915f0a46d9aa3 107 4 2 4 3 0 3 3
4650 4596947b4657a4fc 107 4 2 4 3 0 3 3
4651 6265baf60aea6ae5 108 4 2 5 3 0 3 3
4652 e3e4244915ce20aa 109 4 2 5 3 0 3 4
4653 3b5d093f29ef5bb2 110 4 2 5 3 0 3 4
4654 952e2b0e9681d93a 110 4 2 5 3 0 3 4
4655 95e27b441da3363e 111 4 2 5 3 0 3 5
4656 f5b69d29b1af1abf 111 4 2 5 3 0 3 5
4657 a30cab8a865b93c5 113 4 2 5 3 0 3 6
4658 8bc77a1c7e305ee7 114 4 2 5 3 0 3 7
4659 a2c0790c81f5a512 114 4 2 5 3 0 3 7
4660 69741bdd5e2b71cf 114 4 2 5 3 0 3 7
4661 0d9a9c6f7ab49e83 115 4 2 5 3 0 3 8
4662 92bd2c8938fc8842 115 4 2 5 3 0 3 8
4663 0fd28932e3a89bba 116 4 2 5 3 0 3 9
4664 1574a324604fd583 117 4 2 5 3 0 3 10
4665 a6a7bee860ad8f4e 117 4 2 5 3 0 3 10
4666 f37e64857480e2fe 117 4 2 5 3 0 3 10
4667 6448d69195783e84 117 4 2 5 3 0 3 11
4668 c2e1e6ef44f92b1d 118 4 2 5 3 1 3 11
4669 28302927dcb62e62 119 4 2 5 3 1 3 12
4670 15668ddf216f1e48 121 4 2 5 3 1 3 13
4671 60a33226054c2979 121 4 2 5 3 1 3 13
4672 fd7e04d3a1ef155c 119 4 2 5 3 0 3 13
4673 7a863ea194bcd4ab 119 4 2 5 3 0 3 14
4674 5093bfbfb5c2c774 120 4 2 5 3 1 3 14
4675 49377b51d08c6bfa 121 4 2 5 3 1 3 15
4676 7eaf6f494950e247 121 4 2 5 3 1 3 16
4677 3640b76abe0884b8 120 4 2 5 3 0 3 16
4678 e94cf92041cb9454 121 4 2 5 3 0 3 16
4679 b12ac3116c4e94b3 123 4 2 5 3 0 4 17
4680 bbfbd45484f1a707 124 4 2 5 3 1 4 17
4681 5dd5ce952faf1c6a 126 4 2 5 4 1 4 18
4682 40beb2010ec381e6 126 4 2 5 4 0 4 19
4683 ad2f71eadc8455e0 127 4 2 5 4 0 4 19
4684 0be572745c3bd2df 127 4 2 5 4 0 4 19
4685 b8edeab0a8b8411a 128 4 2 5 4 0 4 20
4686 169a3d57ce9d5212 129 4 2 5 4 0 4 20
4687 de63bca3baf16c58 130 4 2 5 4 0 4 21
4688 6e03c2c869bb8757 130 4 2 5 4 0 4 21
4689 e857a98a3989721f 130 4 2 5 4 0 4 21
4690 68376165e5532dad 131 4 2 5 4 0 4 21
4691 48008fc400b8c694 134 4 2 5 4 0 4 23
4692 121a4a8fa6df002d 134 4 2 5 4 0 4 23
4693 88907e6f62858c1e 135 4 2 5 4 0 4 24
4694 3c2773768b1012ee 133 4 2 5 4 0 4 23
4695 9e064018b5b8785c 133 4 2 5 4 0 4 23
4696 4af8b3b655d4c3fd 134 4 2 5 4 0 4 23
4697 6ff7bfb9be1f4105 134 4 2 5 4 0 4 23
4698 d31275c6fb5cc776 135 4 2 5 4 0 4 23
4699 af4db4c506f75847 135 4 2 5 4 0 3 24
4700 918376ef807b1d25 136 4 2 5 4 0 3 25
4701 da9837f40c7c7cd0 137 4 2 5 4 0 3 25
4702 bb6398f04d38563b 136 4 2 5 4 0 3 24
4703 1a4ef62a671a7c8a 137 4 2 5 4 0 3 24
4704 60a6ce5daf19ffe5 136 4 2 5 4 0 3 24
4705 d5105841c026b796 135 4 2 5 4 0 3 23
4706 ccae7908b032c845 135 4 2 5 4 0 3 23
4707 aa492202474f4945 134 4 2 5 4 0 3 23
4708 1cab446dd34ba2f3 135 4 2 5 4 0 3 24
4709 915c6ba01b822823 135 4 2 5 4 0 3 24
4710 045e533d45b5f53b 136 4 2 5 4 0 3 24
4711 df1b6310260eb220 136 4 2 5 4 0 3 24
4712 8f24ace111d5a88b 136 4 2 5 4 0 3 24
4713 904a7da4eef50600 136 4 2 5 4 0 3 24
4714 6cfcf9e82e917155 136 4 2 5 4 0 3 24
4715 0b6061216e1e07df 136 4 2 5 4 0 3 24
4716 943e716c10e5e41c 135 4 2 5 4 0 3 24
4717 a06594b32f4a11e5 135 4 2 5 4 0 3 24
4718 29db8f63992f4699 136 4 2 5 4 0 4 23
4719 f6e9e20caf987340 136 4 1 5 4 0 5 23
4720 b9138380e84969ed 136 4 1 5 4 0 5 23
4721 e6329dc694bf8bb9 137 4 1 5 4 0 5 23
4722 fbb490f85c762e5d 137 4 1 5 4 0 5 23
4723 587df66d068c7175 137 4 1 5 4 0 5 23
4724 7d2e2baf980adcd7 137 4 1 5 4 0 5 23
4725 25dc95bd3f3ef152 136 4 1 5 4 0 5 23
4726 d068b69baa487523 136 4 1 5 4 0 5 23
4727 16b07b2124436661 137 4 1 5 4 0 5 23
4728 f4cd947d8c5bb4e6 137 4 1 5 4 0 5 23
4729 37a45d4d445386b4 136 4 1 5 4 0 4 23
4730 8313f324cd7e37fc 135 4 1 5 3 0 4 23
4731 b05535b95bc5f27e 135 4 1 5 3 0 4 23
4732 e24a09a72ae3b4d3 135 4 1 5 3 0 4 23
4733 a047c3f0974aa47c 136 4 1 5 3 0 4 23
4734 74b47c7cc339a41e 136 4 1 5 3 0 4 23
4735 9ab26a7bb8e066da 136 4 1 5 3 0 4 23
4736 6599b4efbea9ef46 137 4 1 5 3 0 4 23
4737 023524b2171aa8ec 137 4 1 5 3 0 4 23
4738 d2f5a4aa6d5361bd 137 4 1 5 3 0 4 23
4739 26d1d6e5f1544399 136 4 1 5 3 0 4 23
4740 1a55c101dcb617ce 136 4 1 5 3 0 4 23
4741 b07edb6ffed5d0ef 136 4 1 5 3 0 4 23
4742 bb5c32fa77228013 136 4 1 5 3 0 4 23
4743 61e0e1ff72baabfb 136 4 1 5 3 0 4 23
4744 f09866d268f24825 135 4 1 5 3 0 4 23
4745 941666e5ddac3524 135 4 1 5 3 0 4 23
4746 322bbfc94df2b41c 135 4 1 5 3 0 4 22
4747 82de642134936a2d 135 4 1 5 3 0 4 22
4748 a022bdba9059e561 134 4 1 5 3 0 4 22
4749 83772d7d2af548d4 134 4 1 5 3 0 5 22
4750 e19ec3225cfeac73 134 4 1 5 3 0 5 22
4751 fcd0fed69394932a 135 4 1 5 3 0 5 22
4752 793417fdb9272f40 135 4 1 5 3 0 5 22
4753 936d74e892196298 136 4 1 5 3 0 5 22
4754 93ca5d02489b9e4a 136 4 1 5 3 0 5 22
4755 d2a9a98ec7598613 136 4 1 5 3 0 5 22
4756 236a44b9979956a3 136 4 1 5 3 0 5 22
4757 c288bb1af4ada4bc 135 4 1 5 3 0 4 22
4758 c5a1f765bdf34ebb 136 4 1 5 3 0 4 22
4759 0017090aba86d8f0 136 4 1 5 3 0 4 22
4760 f9d3b73868058631 136 4 1 5 3 0 4 22
4761 fe9f3152a18b5cda 136 4 1 5 3 0 4 22
4762 6644e12dca90f22a 136 4 1 5 3 0 4 22
4763 6c102ec79120e4a2 135 4 1 5 3 0 4 22
4764 152f9a60bba5c3bf 133 4 1 5 3 0 4 21
4765 8483fc3bd8a855c5 133 4 1 5 3 0 4 21
4766 1faa9cb75281417f 133 4 1 5 3 0 4 21
4767 649a1226363feb23 133 4 1 5 3 0 4 21
4768 1c4ce20bc89bbb4b 132 4 1 5 3 0 3 21
4769 ffa32b4eeebf9d8f 132 4 1 5 3 0 3 21
4770 bc467ff2fb07af05 132 4 1 5 3 0 3 21
4771 649982c70844e8c9 133 4 2 5 3 0 3 21
4772 f91edf004cde4249 133 4 2 5 3 0 3 21
4773 5f850b73a6524d3d 133 4 2 5 3 0 3 21
4774 61091c4718addb36 132 4 2 5 3 0 3 21
4775 16ea9b4d69981338 132 4 2 5 3 0 3 21
4776 485d2ef20c92e5d7 132 4 2 5 3 0 3 21
4777 f72d77af6059874d 133 4 2 5 3 0 3 21
4778 50179cc2ff683c35 133 4 2 5 3 0 3 21
4779 57950799d284151d 133 4 2 5 3 0 3 20
4780 0b6afa6310ecc827 133 4 2 5 3 0 3 20
4781 2b7cf8f93ade3212 134 4 2 5 3 0 3 20
4782 7aba92b2b205312a 134 4 2 5 3 0 3 20
4783 0f9081a8072f7fde 134 4 2 5 3 0 3 20
4784 d765d957cbfad75d 133 4 2 5 3 0 3 19
4785 410ce188f126552a 133 4 2 5 3 0 3 19
4786 576132880710c5be 131 4 2 5 3 0 3 18
4787 ff58fb5e672be9f4 131 4 2 5 3 0 3 18
4788 02e68b8f61c3c093 131 4 2 5 3 0 3 18
4789 38d8c92fe0a6104d 131 4 2 5 3 0 3 18
4790 15ca6c0ee3d445e2 132 4 2 5 3 0 3 18
4791 aa4e255426a31725 132 4 2 5 3 0 3 18
4792 11b2a87e20ebc825 132 4 2 5 3 0 3 18
4793 9936f881b2195a3a 132 4 2 5 3 0 3 18
4794 7f166e20d7a68a51 132 4 2 5 3 0 3 18
4795 810380ec74c6562d 132 4 2 5 3 0 3 18
4796 eef428b436f49b7a 132 4 2 5 3 0 3 18
4797 3111e631d0950436 131 4 2 5 3 0 3 18
4798 de5c6b7740db781f 130 4 2 5 3 0 3 17
4799 50490054834aa75e 129 4 2 5 3 0 3 16
4800 13637a1b4cba81ac 129 4 2 5 3 0 3 16
4801 58eb7b738ddd48cd 129 4 2 5 3 0 3 16
4802 6db2947d831005b2 129 4 2 5 3 0 3 16
4803 d661b1b06881b239 130 4 2 5 3 0 3 16
4804 e1fffaab4b74c560 129 4 2 5 3 0 3 16
4805 60c573e8edb33bd3 129 4 2 5 3 0 3 16
4806 62243f99fde036b6 129 4 2 5 3 0 3 16
4807 89fe22af19fbdd34 129 4 2 5 3 0 3 15
4808 c7c8dc497580436c 129 4 1 5 3 0 4 15
4809 5bd008a9012e4bf5 129 4 1 5 3 0 4 15
4810 27e2e569b2925101 129 4 1 5 3 0 4 15
4811 da51945b75e3e84b 129 4 1 5 3 0 4 15
4812 4e5bb9d4cdedd95f 129 4 1 5 3 0 4 15
4813 94ed70703f92d38d 128 4 1 5 3 0 4 14
4814 4309b165a0a159d7 127 4 1 5 3 0 4 14
4815 efe8daa908bac8b8 128 4 1 5 3 0 4 14
4816 8f7c0135a0005f7b 128 4 1 5 3 0 4 14
4817 8e584f4498e8e1e9 129 4 1 5 3 0 4 14
4818 635dd74d43c14484 128 4 1 5 3 0 4 14
4819 31988254468dfd62 128 4 1 5 3 0 4 14
4820 b9e504700eacd0c7 127 4 1 5 3 0 4 14
4821 4022eb621ff4741c 127 4 1 5 3 0 4 14
4822 f76c12ed16e81600 126 4 1 5 3 0 4 14
4823 db124151bbeadb7e 124 4 1 5 3 0 4 13
4824 2ddab617fe7d58a5 124 4 1 5 3 0 4 13
4825 3c71f086860a5410 124 4 1 5 3 0 4 13
4826 1a397fa52bb946e2 123 4 1 5 3 0 4 11
4827 3e987d570b84890f 123 4 1 5 3 0 4 11
4828 ad4c64230585381c 122 4 1 5 3 0 3 11
4829 741021112e5fc0b1 122 4 1 5 3 0 3 11
4830 6d966b93a258a2b7 122 4 1 5 3 0 3 11
4831 5bdd8ef8a605a93e 122 4 1 5 3 0 3 11
4832 323a194ec938d8e9 122 4 1 5 3 0 3 11
4833 0bc3aea3be168ef7 122 4 1 5 3 0 3 11
4834 927fb6a086d5f378 123 4 1 5 3 0 3 11
4835 52087c49e4110365 123 4 1 5 3 0 3 11
4836 5505cda9ed22e1a2 123 4 1 5 3 0 3 11
4837 97efa384cf4efd2d 123 4 1 5 3 0 3 11
4838 b17094350e288e78 123 4 1 5 3 0 3 11
4839 f5515dd379a264d2 123 4 1 5 3 0 3 11
4840 c8da4efaed6f8257 123 4 1 5 3 0 3 11
4841 eb25adf7c9f3fdfe 123 4 1 5 3 0 3 11
4842 7c3ad52b7789c5e6 123 4 1 5 3 0 3 11
4843 1c4d2f33fe0a5be0 122 4 1 5 3 0 3 10
4844 dbd12e418710a57d 121 4 0 5 3 0 3 10
4845 74a75608e5e36e84 121 4 0 5 3 0 3 10
4846 2196fd00155ec2a7 122 4 0 5 3 0 3 10
4847 97912db7fa6e0736 122 4 0 5 3 0 3 10
4848 7d6748337d20abcf 123 4 0 5 3 0 4 10
4849 508acf1e8935489c 123 4 0 5 3 0 4 10
4850 b3768f243439e747 123 4 0 5 3 0 4 10
4851 0bf36d6841a5c4e7 124 4 0 5 3 0 5 10
4852 ffbcf31888bc9484 125 4 0 5 3 0 5 10
4853 a32d33744411885c 124 4 0 5 3 0 5 10
4854 e68a8f37058880c1 124 4 0 5 3 0 5 10
4855 4ff2b7f5b7bc9e01 125 4 0 5 3 0 5 10
4856 87b1b5311604a23a 125 4 0 5 3 0 5 10
4857 57d6b8e804abba91 124 4 0 5 3 0 4 10
4858 cb5985c79b18f25e 124 4 0 5 3 0 4 10
4859 2205cca80f444c7f 124 4 0 5 3 0 4 9
4860 f723c1f5e949dc44 125 4 0 5 3 0 4 9
4861 33a05003adc25a19 125 4 0 5 3 0 4 9
4862 9858f98b4d0f6d0a 125 4 0 5 3 0 4 9
4863 21825aa745d31581 126 4 0 5 3 0 4 9
4864 369459c2c70f6696 125 4 0 5 3 0 4 8
4865 3750c28a78e29087 124 4 0 5 3 0 4 7
4866 b09df3e5ead556ed 125 4 0 5 3 0 4 7
4867 4c10585c10fdaebe 125 4 0 5 3 0 4 7
4868 387e075f6be27927 125 4 0 5 3 0 4 7
4869 aff18db6dd3ef0eb 125 4 0 5 3 0 4 7
4870 806d5fe95272eb4c 125 4 0 5 3 0 4 7
4871 a231fc1e6851e496 125 4 0 5 3 0 4 7
4872 95fbb1a9836c2290 125 4 0 5 3 0 4 7
4873 6fae201e8a51ba0f 125 4 0 5 3 0 4 7
4874 1d32809474b3e79c 126 4 0 5 3 0 4 7
4875 0c49e99f03d54470 126 4 0 5 3 0 4 7
4876 6131278f05826626 125 4 0 5 3 0 4 7
4877 1f08529c50cbac5d 125 4 0 5 3 0 4 7
4878 ac601ff42be68da2 125 4 0 5 3 0 4 7
4879 5911f9fb4459c7ac 125 4 0 5 3 0 4 7
4880 deb453c52ce7d87d 125 4 0 5 3 0 4 7
4881 9432efaa2aa2cfe8 125 4 0 5 3 0 4 7
4882 b252ce1efd7fae84 125 4 0 5 3 0 4 7
4883 3dfe6cb83ad07d4d 124 4 0 5 3 0 4 7
4884 a57a3c72910e0263 124 4 0 5 3 0 4 7
4885 cc9b028881c4ff26 124 4 0 5 3 0 4 7
4886 b47fba0e880d4ba2 124 4 0 5 3 0 4 7
4887 494765e2249f53a2 123 4 0 5 3 0 3 7
4888 cb40b2755b58eaca 124 4 0 5 2 0 4 7
4889 81b6917dcdad10bf 124 4 0 5 2 0 4 7
4890 98b5c653040b2132 123 4 0 5 2 0 4 7
4891 9620f6e38ed436f0 125 4 1 5 2 0 5 7
4892 3d6bdab3c1549fef 125 4 1 5 2 0 5 7
4893 9be4aa5277e13dca 125 4 1 5 2 0 5 7
4894 e5bf4df5dc11ec4d 124 4 1 5 2 0 5 7
4895 cbaee8b613ac070c 125 4 1 5 2 0 5 7
4896 f452518a9d7e0bac 125 4 1 5 2 0 5 7
4897 5b1ab470bf5f2680 125 4 1 5 2 0 5 7
4898 1d9c455bf11535d9 125 4 1 5 2 0 5 7
4899 19f608dd9b0d6768 125 4 1 5 2 0 5 7
4900 416f5af17dff89d1 124 4 1 5 2 0 5 7
4901 96d30f908dcb2b53 124 4 1 5 2 0 5 7
4902 00c8ca1e65e4b9fa 124 4 1 5 2 0 5 7
4903 651dd9a1f913f356 124 4 1 5 2 0 5 7
4904 65c0dee9e08ca8dc 124 4 1 5 2 0 5 7
4905 6e6180b9838518d3 123 4 1 5 2 0 5 7
4906 c16cf0e5f7ac6bdd 122 4 1 5 2 0 5 7
4907 150ff95d51ac3349 121 4 1 5 2 0 5 7
4908 2edd076c6bca592f 120 4 1 5 2 0 5 7
4909 24dd56d42ef84d7b 120 4 1 5 2 0 5 7
4910 30f3d2a71fa8aaf5 120 4 1 5 2 0 5 7
4911 85f47cdc2501a953 120 4 1 5 2 0 5 7
4912 303f86f5e079f0ee 120 4 1 5 2 0 5 7
4913 daa13337f39e68ab 121 4 1 5 2 0 6 7
4914 5479a8c880a95035 121 4 1 5 2 0 6 7
4915 67fe35e4189888f4 121 4 1 5 2 0 6 7
4916 662e075f25383c06 120 4 1 5 2 0 6 7
4917 5419b1bd1a37ddca 120 4 1 5 2 0 6 7
4918 714c54a45d81b681 120 4 1 5 2 0 6 7
4919 b17e194823cac866 120 4 1 5 2 0 6 7
4920 93771486d6d83403 120 4 1 5 2 0 6 7
4921 333b5566186a3b83 120 4 1 5 2 0 6 7
4922 7c57b1265eedfb8e 120 4 1 5 2 0 6 7
4923 44a6ec62491691de 120 4 1 5 2 0 6 7
4924 02133cd0b5a01317 120 4 1 5 2 0 6 7
4925 2ad786d4d4455890 120 4 1 5 2 0 6 7
4926 2258560979470932 120 4 1 5 2 0 6 7
4927 6b32bdbc42bd30d9 119 4 1 5 2 0 5 7
4928 bda7c1ab96fbd1c6 120 4 1 5 2 0 6 7
4929 5aacb27299f7b9c1 120 4 1 5 2 0 6 7
4930 68bc3f4e96a4d658 120 4 1 5 2 0 6 7
4931 f0e80fd1994e2b39 119 4 1 5 2 0 6 7
4932 53b6a680526d101d 119 4 1 5 2 0 6 7
4933 ec9ab6842249bbea 118 4 1 5 2 0 6 7
4934 0761f0042bbb0976 118 4 1 5 2 0 6 7
4935 e0ba712042c91196 119 4 1 5 2 0 6 7
4936 6f73ca72e71243ed 119 4 1 5 2 0 6 7
4937 0954259fc85ea588 118 4 1 5 2 0 6 7
4938 56d53101a7b57e8f 118 4 1 5 2 0 6 7
4939 79fad9b94148a687 118 4 1 5 2 0 6 7
4940 1f11cb48c9f6837f 117 4 1 5 2 0 6 6
4941 4b80f0465653c24b 117 4 1 5 2 0 6 6
4942 25169741b90abdc1 117 4 1 5 2 0 6 6
4943 0dc47e9b27d93c16 117 4 1 5 2 0 6 6
4944 0bad2de5151ad1b6 117 4 1 5 2 0 6 6
4945 7c381bc8d1616611 118 4 1 5 2 0 6 6
4946 a14331de782396ed 118 4 1 5 2 0 6 6
4947 9264211349f0450c 118 4 1 5 2 0 6 6
4948 b24ac34f9580436e 118 4 1 5 2 0 6 6
4949 1fc75f032300d0be 117 4 1 5 2 0 6 5
4950 62e99b77aa06cb2c 117 4 1 5 2 0 6 5
4951 0ec5fe87fad50310 117 4 1 5 2 0 6 4
4952 cfe29545ee9f1e60 117 4 1 4 2 0 6 4
4953 60444ae8cbcacdf1 118 4 1 4 2 0 7 4
4954 ff47a123677eda80 117 4 1 4 2 0 7 4
4955 0e07f431b892002d 116 4 1 4 2 0 7 3
4956 50ab39389ac04d5d 116 4 1 4 2 0 7 3
4957 2ca2bec3bb73e6a1 115 4 1 4 2 0 7 2
4958 5cb776c3267c2b86 115 4 1 4 2 0 7 2
4959 f9e3a2f8951fdbee 115 4 1 4 2 0 7 2
4960 117bf89dd00f8539 114 4 1 4 2 0 7 2
4961 5f96cfa56260796c 114 4 1 4 2 0 7 2
4962 2751f00ec3636c6a 114 4 1 4 2 0 7 2
4963 cdf8fe0988614d32 114 4 1 4 2 0 7 2
4964 d3ea8c9845da0a16 115 4 1 4 2 0 7 2
4965 591d031e447dd779 115 4 1 4 2 0 7 2
4966 2a886c6afd4b5fcf 115 4 1 4 2 0 7 2
4967 04598160d15a910a 115 4 1 4 2 0 7 2
4968 f10156e3b1ccf1e1 114 4 1 4 2 0 7 2
4969 7d83269354d1dcf6 114 4 1 4 2 0 7 2
4970 f2843d67b4926ba4 114 4 1 4 2 0 7 2
4971 7024874537355f1e 115 4 1 4 2 0 7 2
4972 9ae431b1f5cb8d91 115 4 1 4 2 0 7 2
4973 92d8ed2206aeb932 115 4 1 4 2 0 7 2
4974 57cb578eed6dc9ed 115 4 1 4 2 0 7 2
4975 c2f9505324e4a6f3 115 4 1 4 2 0 7 2
4976 651f4235618e2229 114 4 1 4 2 0 7 2
4977 03469ad7788eb9df 115 4 1 4 2 0 7 2
4978 4292c7e29d10c907 115 4 1 4 2 0 7 2
4979 b3be5a26b6ca88b7 115 4 1 4 2 0 7 2
4980 3d2ce22f7276b551 115 4 1 4 2 0 6 2
4981 9f4903659a19a887 115 4 1 4 2 0 6 2
4982 b5799947bb4fc60f 115 4 1 4 2 0 6 2
4983 41f101bae081a785 114 4 1 4 2 0 6 2
4984 e2cc149e74191c25 114 4 1 4 2 0 6 2
4985 33d6ac3c59573d0e 115 4 1 4 2 0 6 2
4986 f2603e4004f1706b 115 4 1 4 2 0 6 2
4987 04451c961c8eb609 114 4 1 4 2 0 5 2
4988 ba5fce0599f33fc4 113 4 1 4 2 0 4 2
4989 120ac1df62f00de0 113 4 1 4 2 0 4 2
4990 5e10b3d5f1673be5 113 4 1 4 2 0 4 2
4991 14f0602168f1d7b7 112 4 1 4 2 0 4 1
4992 a0715703176647ad 112 4 1 4 2 0 4 1
4993 a7cf727037d86653 112 4 1 4 2 0 4 1
4994 767eeae445b3487c 112 4 1 4 2 0 4 1
4995 853701fc1ee7959f 112 4 1 4 2 0 4 1
4996 0336ea99418019ee 112 4 1 4 2 0 4 1
4997 58e2a37afa81f2bd 112 4 1 4 2 0 4 1
4998 07f741b9f0b9a9b3 113 4 1 4 2 0 4 1
4999 7a166ab5e2e0f17d 112 4 1 4 2 0 4 0
5000 c5022f954051f715 112 4 1 4 2 0 4 0
5001 8a5cb19a1562d9c2 111 4 1 4 2 0 4 0
5002 8effac343f608433 111 4 1 4 2 0 4 0
5003 5c2330aafd5a5dae 110 4 1 4 2 0 4 0
5004 28101d567e14bb19 111 4 1 4 2 0 4 0
5005 5cfde8c328ccba20 111 4 1 4 2 0 4 0
5006 a6762fe2fc73d8f5 110 4 1 4 2 0 4 0
5007 842bed3898b2054f 110 4 1 4 2 0 4 0
5008 08f320a4092b6e4c 109 4 1 4 2 0 4 0
5009 82fb36854bc94b69 108 4 1 4 2 0 4 0
5010 c01f4f7475759b9a 108 4 1 4 2 0 4 0
5011 5ba65358d75bcf6b 109 4 1 5 2 0 4 0
5012 1da7ff97ddab9f53 109 4 1 5 2 0 4 0
5013 39ae4a39f679c315 109 4 1 5 2 0 4 0
5014 58ed352384b629fe 109 4 1 5 2 0 4 0
5015 2830283493e362e9 109 4 1 5 2 0 4 0
5016 7e51e7eefff15567 109 4 1 5 2 0 4 0
5017 758c52ace2b831e7 109 4 1 5 2 0 4 0
5018 8392b85980ae74f3 110 4 1 5 2 0 4 0
5019 118866c1f1750a91 110 4 1 5 2 0 4 0
5020 d934c59699a044fc 110 4 1 5 2 0 4 0
5021 f35a9387444c30f0 110 4 1 5 2 0 4 0
5022 d5478c1d72dc9857 111 4 1 5 2 0 4 0
5023 0a6327ca3965affc 111 4 1 5 2 0 4 0
5024 8b99924df07ab8f0 112 4 1 5 2 1 4 0
5025 1dd9b4e29c26210b 112 4 1 5 2 1 4 0
5026 4fc319d4aac988e6 111 4 1 5 2 1 4 0
5027 eb4a352d62e74ea2 110 4 1 5 2 1 4 0
5028 2e2b08681ef2fc93 110 4 1 5 2 1 4 0
5029 f62dcbc51b1b6922 110 4 1 5 2 1 4 0
5030 5148a37a34f7beb4 111 4 1 5 2 2 4 0
5031 0c0eb45062085a67 111 4 1 5 2 2 4 0
5032 77d2c6c9cceeeaba 109 4 1 5 2 1 4 0
5033 4b6cb7a2a8375e5d 109 4 1 5 2 1 4 0
5034 b4803f49089a1bbe 109 4 1 5 2 1 4 0
5035 dba5c597c27b841c 109 4 1 5 2 1 4 0
5036 35c51ea8f21efad7 109 4 1 5 2 1 4 0
5037 8b76fe53534f117b 110 4 1 5 2 1 4 0
5038 2b4488ef05d188d8 110 4 1 5 2 1 3 0
5039 918053935f793f9f 110 4 1 5 2 1 3 0
5040 1120a1468f1750f8 109 4 1 5 2 1 3 0
5041 6d912cfac23f06e4 109 4 1 5 2 1 3 0
5042 6487b1ecb6450ef6 109 4 1 5 2 1 3 0
5043 d1a47a05e0aaea41 109 4 1 5 2 1 3 0
5044 66ff02b1b2275ca2 109 4 1 5 2 1 3 0
5045 13c263be77092083 110 4 1 5 2 1 3 0
5046 97db619f546090e5 110 4 1 5 2 1 3 0
5047 44f686e8791f7876 109 4 1 5 2 0 3 0
5048 e8dfc9a1761e40c4 110 4 1 5 2 1 3 0
5049 a5383815471b246d 110 4 1 5 2 1 3 0
5050 e5e801cb86a2b583 109 4 1 5 2 1 3 0
5051 fc7973786a11bec5 110 4 1 5 2 1 3 0
5052 530677e93b6cab7b 110 4 1 5 2 1 3 0
5053 a0d4c1ded401c136 109 4 1 5 2 0 3 0
5054 547ac76b1f6cafa8 110 4 1 5 2 0 3 0
5055 0b869ba63aaadd77 110 4 1 5 2 0 3 0
5056 f3277349f8ba4625 110 4 1 5 2 0 3 0
5057 f5c93edd2ac1ccdc 111 4 1 5 2 0 3 0
5058 83e3ad8bc48276d1 111 4 1 5 2 0 3 0
5059 a7549f2b3a37e8dc 112 4 1 5 2 0 3 0
5060 a08a8b2ff072958b 112 4 1 5 2 0 3 0
5061 58a177924bbbc86e 112 4 1 5 2 0 3 0
5062 2dae85579a7e4b20 112 4 1 5 2 0 3 0
5063 5213e87a984c01e4 112 4 1 5 2 0 3 0
5064 fe5a0bc9020e9b73 113 4 1 5 2 0 3 0
5065 f2b4eb069bdb7f72 113 4 1 5 2 0 3 0
5066 765011b65e72060a 113 4 1 5 2 0 3 0
5067 7af9a39b7a9eca4d 112 4 1 5 2 0 3 0
5068 e797f53db5969c69 112 4 1 5 2 0 3 0
5069 88af22f1589ec006 112 4 1 5 2 0 3 0
5070 9b3667d1865481ef 112 4 1 5 2 0 3 0
5071 9bc44964fc6c9ae8 112 4 1 5 2 0 3 0
5072 72690e8dc45ab447 112 4 1 5 2 0 3 0
5073 e8f45288f4a784bf 111 4 1 5 2 0 3 0
5074 0cfda268e5a6c2e0 111 4 1 5 2 0 3 0
5075 4180dfe3fbeb586d 111 4 1 5 2 0 3 0
5076 c2c69b13dfaa5b09 111 4 1 5 2 0 3 0
5077 51b049891836ba95 111 4 1 5 2 0 3 0
5078 849c66147da17c1e 110 4 1 5 2 0 2 0
5079 b038119bf233aea1 110 4 1 5 2 0 2 0
5080 02178145f48e3f55 109 4 1 5 2 0 2 0
5081 b0988114371578bc 109 4 1 5 2 0 2 0
5082 a00da8e234519bac 109 4 1 5 2 0 2 0
5083 78b8fa0e43b4fdd4 109 4 1 5 2 0 2 0
5084 3ae278be4d42aba1 109 4 1 5 2 0 2 0
5085 7c358eb8ceaf5edb 110 4 1 5 2 0 2 0
5086 de2bf7d5fe163013 110 4 1 5 2 0 2 0
5087 f6f6acc6bdef06f7 109 4 1 5 2 0 2 0
5088 cf453618ee4f2cea 108 4 1 5 2 0 2 0
5089 2e559e0df146a7aa 109 4 1 5 2 0 2 0
5090 40034dc35bc0ce20 109 4 1 5 2 0 2 0
5091 9c990907ce81de83 109 4 1 5 2 0 2 0
5092 bc75cf00cf326ba8 109 4 1 5 2 0 2 0
5093 f1249967f169c638 109 4 1 5 2 0 2 0
5094 ee6ffdcc6fd57f08 109 4 1 5 2 0 2 0
5095 c7f5a3f208460e26 110 4 1 5 2 0 2 0
5096 a7eef3c18cdc69a7 110 4 1 5 2 0 2 0
5097 3c1ffc3e1f8713ec 111 4 1 5 2 0 2 0
5098 f96ef97f6e52f9f0 111 4 1 5 2 0 2 0
5099 ef41bcae77d0b3ec 111 4 1 5 2 0 2 0
5100 b79d235f2573a3ba 111 4 1 5 2 0 2 0
5101 29b0b5ff233fedf5 111 4 1 5 2 0 2 0
5102 b8c331d8e34b857f 111 4 1 5 2 0 2 0
5103 cf85182bd766e833 111 4 1 5 2 0 2 0
5104 1f4f6e3ac3d2f6de 111 4 1 5 2 0 2 0
5105 71fae8b2740c5855 111 4 1 5 2 0 2 0
5106 7c1bdd4680302c28 111 4 1 5 2 0 2 0
5107 c405c79e0f8af9d8 111 4 1 5 2 0 1 0
5108 8db3416995e2e8e1 111 4 1 5 2 0 1 0
5109 e6453a81055024a9 111 4 1 5 2 0 1 0
5110 848bbd10d01e273b 112 4 1 5 2 0 1 0
5111 5af50ca796d97b7c 112 4 1 5 2 0 1 0
5112 4510af0cc4319773 111 4 1 5 2 0 1 0
5113 86eda6539e1ecf19 111 4 1 5 2 0 1 0
5114 fabb32d5a6dc142e 111 4 1 5 2 0 1 0
5115 e891a521087c0cad 110 4 1 5 2 0 1 0
5116 dfaea4b5042cd536 109 4 1 5 2 0 1 0
5117 6c0e3ebbab157774 109 4 1 5 2 0 1 0
5118 377dd24ce57ef908 109 4 1 5 2 0 1 0
5119 51ac6b0245e0afde 109 4 1 5 2 0 1 0
5120 4003b8a6cf266dcb 110 4 1 5 2 0 1 1
5121 af647231f0ee5989 110 4 1 5 2 0 1 1
5122 b5b4501d337769b4 109 4 1 5 2 0 1 1
5123 594ec1acbe9d997c 109 4 1 5 2 0 1 1
5124 968623626c32c369 109 4 1 5 2 0 1 1
5125 e6e5fb65068312a1 109 4 1 5 2 0 1 1
5126 afd7efd61da9ad91 110 4 1 5 2 0 1 2
5127 0c0a696db9993dd0 110 4 1 5 2 0 1 2
5128 f4194ad62832fc03 110 4 1 5 2 0 1 2
5129 d5e696c15bebe9e2 110 4 1 5 2 0 1 2
5130 d74ebcc633ec59f9 111 4 1 5 2 0 1 3
5131 261d4be9ab89e5c9 112 4 2 5 2 0 1 3
5132 bb1ceadaa4cbf440 113 4 2 5 2 0 1 4
5133 16c374b8c98d8d45 112 4 2 5 2 0 1 4
5134 cd3805821febdde4 112 4 2 5 2 0 1 4
5135 aa29d46a7b05720e 112 4 2 5 2 0 1 4
5136 cea6499aa8fc3d86 113 4 2 5 2 0 1 5
5137 9eef844b9e86fa46 112 4 2 5 2 0 1 5
5138 f88c7461d0de4941 114 4 2 5 2 0 1 6
5139 d37a004f00d455b5 114 4 2 5 2 0 1 6
5140 620e6bf83ab573bc 114 4 2 5 2 0 1 6
5141 7b0d4ff1d192167c 114 4 2 5 2 0 1 6
5142 c4424379c68cab44 116 4 2 5 2 0 1 7
5143 83eb79a3c67107ff 117 4 2 5 2 0 2 7
5144 52679c5753696dad 118 4 2 5 2 0 2 8
5145 f1c66c799268133d 118 4 2 5 2 0 2 8
5146 2f19146712088516 118 4 2 5 2 0 2 8
5147 c87e7249d74f05e7 118 4 2 5 2 0 2 8
5148 d314398a043cf9b1 120 4 2 5 2 0 2 9
5149 8c2aad9d5cd9e964 120 4 2 5 2 0 2 9
5150 ccaf1b5d2f86c88c 120 4 2 5 2 0 2 10
5151 9c5f5e2683797c46 120 4 2 5 2 0 2 10
5152 137d7bad76c840f3 120 4 2 5 2 0 2 10
5153 49342223a5ae8147 120 4 2 5 2 0 2 10
5154 89c55805007c6315 121 4 2 5 2 0 2 11
5155 bcd979b3a2a5ed70 122 4 2 5 2 0 2 11
5156 d6c4ca55cd25f898 123 4 2 5 2 0 2 12
5157 6cef4d90c9b334ba 123 4 2 5 2 0 2 12
5158 64090348c6372492 123 4 2 5 2 0 2 12
5159 a18103bae96fb62b 124 4 2 5 2 0 2 12
5160 0ad5058b25b41a73 125 4 2 5 2 0 2 13
5161 b5865ca05c09375b 127 4 2 5 3 0 3 13
5162 7c3584636a77db21 128 4 2 5 3 0 3 14
5163 1485922593c56a3e 127 4 2 5 3 0 3 14
5164 4f8696aed0ff530e 127 4 2 5 3 0 3 14
5165 ebdf319b9b6dc970 128 4 2 5 3 0 3 14
5166 34ae3cdd86c90992 129 4 2 5 3 0 3 15
5167 106026e63ea8a1c4 129 4 2 5 3 0 3 15
5168 f4aad24325b9b1ce 129 4 2 5 3 0 3 15
5169 8561067b54c0cf0b 129 4 2 5 3 0 3 15
5170 94c8bf5af861f1e4 128 4 2 5 3 0 3 15
5171 e2f93238de17b0db 128 4 2 5 3 0 3 16
5172 c1f2b89bea1132f9 129 4 2 5 3 0 3 17
5173 bae46189b66c752e 130 4 2 5 3 0 3 17
5174 2a639d8514b99d02 130 4 2 5 3 0 3 17
5175 d453be6028dc1678 130 4 2 5 3 0 3 17
5176 a81be7f34d0e7cd6 128 4 2 5 3 0 2 17
5177 45b31df06ed6bef3 128 4 2 5 3 0 2 17
5178 e5f4f52447876dca 128 4 2 5 3 0 2 17
5179 99dc8f23e576d959 128 4 2 5 3 0 2 17
5180 11234d505a70d82d 127 4 2 5 3 0 2 17
5181 7d7e55051d6eda53 127 4 2 5 3 0 2 18
5182 b547cf9f46a1107c 128 4 2 5 3 0 2 18
5183 1dd3501f5283ad35 128 4 2 5 3 0 3 18
5184 47ff2ac82798dc89 128 4 2 5 3 0 3 18
5185 eea5c009f81cc777 128 4 2 5 3 0 3 18
5186 96aedc66aa9ac887 128 4 2 5 3 0 3 18
5187 e1b458fe07f64995 128 4 2 5 3 0 3 18
5188 4f38776de62170db 128 4 2 5 3 0 3 18
5189 33412e8b09c89f4e 128 4 2 5 3 0 3 18
5190 f71e908c07146feb 127 4 2 5 3 0 3 18
5191 a8ffc609db1124a0 127 4 2 5 3 0 3 18
5192 03f98642a9896320 127 4 2 5 3 0 3 18
5193 d271bbf2edda6d95 127 4 2 5 3 0 3 18
5194 a5f173c81b0fbff7 127 4 2 5 3 0 3 18
5195 328b18e88c7d3f2d 127 4 2 5 3 0 3 18
5196 29fee33666aca6e8 127 4 2 5 3 0 3 18
5197 346c503db775ef50 128 4 2 5 3 0 3 18
5198 cc15e8123b0d82dc 128 4 2 5 3 0 3 18
5199 91ba09ed375ae302 129 4 2 5 3 0 4 18
5200 afa93d7438c5f546 129 4 2 5 3 0 4 18
5201 b316d0fcbca94784 128 4 2 5 3 0 4 18
5202 6dfaacc8b66de9ca 128 4 2 5 3 0 4 18
5203 2efe8d167e22655c 129 4 2 5 3 0 4 18
5204 de183c02ac92040c 128 4 2 5 3 0 3 18
5205 7ece92c5d47d6497 127 4 2 5 3 0 3 17
5206 21ea241ff0a4f882 127 4 2 5 3 0 3 17
5207 382c28984542a2a5 126 4 2 5 3 0 3 17
5208 9f64d26af12c3b0a 126 4 2 5 3 0 3 17
5209 0533bb092d84479f 126 4 2 5 3 0 3 17
5210 e1770b9aea7399da 126 4 2 5 3 0 3 17
5211 fd4b680280c858c8 126 4 2 5 3 0 3 17
5212 cfd3c4912ff9cab4 126 4 2 5 3 0 3 17
5213 fc6d0f2c7eefcb1e 125 4 2 5 3 0 3 16
5214 e569fbc4da400cc9 126 4 2 5 3 0 3 16
5215 e794868db590d544 126 4 2 5 3 0 3 16
5216 edf84e17a360638e 124 4 2 5 3 0 3 15
5217 4d7dcddf8828bcc3 124 4 2 5 3 0 3 15
5218 fe3a1448c3f55e26 125 4 2 5 3 0 3 15
5219 f84bda8e55158454 125 4 2 5 3 0 3 15
5220 eb9860310b0f2c38 125 4 2 5 3 0 3 15
5221 52598f5942c75943 125 4 2 5 3 0 3 15
5222 14180ae362310e98 125 4 2 5 3 0 3 15
5223 00094f3c72b4b7bd 125 4 2 5 3 0 3 15
5224 141d9428be160191 126 4 2 5 3 0 3 15
5225 3de70f84dfbc751a 125 4 2 5 3 0 3 14
5226 037c03ebf7ca8159 122 4 1 5 3 0 3 13
5227 227bae62ba6fc702 121 4 1 5 3 0 3 13
5228 08e8e77efa9cd4fc 120 4 1 5 3 0 2 13
5229 bbe3485f1fcc0b41 120 4 1 5 3 0 2 13
5230 1eb178eb01ba641a 119 4 1 5 3 0 2 13
5231 f0b0cd560fd36970 118 4 1 5 3 0 2 13
5232 22305fd9c7c90ba3 118 4 1 5 3 0 2 13
5233 a47e3719f7b98642 117 4 1 5 3 0 2 13
5234 b9ea2a22a5b3dd0b 117 4 1 5 3 0 2 13
5235 9f9818578be0ed9c 118 4 1 5 3 0 2 13
5236 6c1acd4bed06c776 118 4 1 5 3 0 2 13
5237 42540296f43a56b3 118 4 1 5 3 0 2 13
5238 86479ebf3803e96d 117 4 1 5 3 0 2 13
5239 7b29cbe6a5ed6b39 118 4 1 5 3 0 3 13
5240 6bae89925568da58 118 4 1 5 3 0 3 13
5241 19f6b3b1382d7190 118 4 1 5 3 0 3 13
5242 8bb773a086f89292 119 4 1 5 3 0 3 13
5243 5606926aa7b7414a 117 4 1 5 3 0 2 13
5244 a544f4bb0dfe570a 118 4 1 5 3 0 2 13
5245 d90142aeb7b0ff46 118 4 1 5 3 0 2 13
5246 80c52ca1a6fc89bc 118 4 1 5 3 0 2 13
5247 38e7b6965e16fb11 119 4 1 5 3 0 2 13
5248 a6d94fe99884043f 119 4 1 5 3 0 2 13
5249 ad4966bf449675be 119 4 1 5 3 0 2 13
5250 2d3ca990983d682e 119 4 1 5 3 0 2 13
5251 d97826f4c0c1075a 120 4 2 5 3 0 2 13
5252 4e30f734c649cadd 120 4 2 5 3 0 2 13
5253 cc77682693118e39 120 4 2 5 3 0 2 12
5254 6ab7355271cb03a5 119 4 1 5 3 0 2 12
5255 90cc3c9f4307016d 119 4 1 5 3 0 2 12
5256 e9219e659828ba26 119 4 1 5 3 0 2 12
5257 775b21122be0dfa1 118 4 1 5 3 0 2 12
5258 b17b959264fedbc9 119 4 1 5 3 0 2 12
5259 b8a2011ad711d16f 118 4 1 5 3 0 2 12
5260 992c4aefbb42794e 118 4 1 5 3 0 2 12
5261 012bae5fbbd39366 116 4 1 5 3 0 1 12
5262 2b7592f789507911 116 4 1 5 3 0 1 12
5263 33b5c7ce7588c3f2 116 4 1 5 3 0 1 12
5264 43cb060b7008b40a 116 4 1 5 3 0 1 12
5265 0ad9d7dd732daf91 116 4 1 5 3 0 1 12
5266 077c025202b5272c 116 4 1 5 3 0 1 12
5267 8804a55c55258a82 117 4 1 5 3 0 1 12
5268 8e793b5935758699 118 4 1 5 3 0 1 12
5269 27cf3b9fff0e227b 118 4 1 5 3 0 1 12
5270 0ca9628330c165f4 117 4 1 5 3 0 1 12
5271 e97fed66c9b53106 117 4 1 5 3 0 1 12
5272 421849528a3308d4 117 4 1 5 3 0 1 12
5273 d658b5881f501856 117 4 1 5 3 0 1 12
5274 cb1c963633423428 117 4 1 5 3 0 1 12
5275 6895ff1d4d557863 117 4 1 5 3 0 1 12
5276 9313f1ace6f0a5a5 117 4 1 5 3 0 1 12
5277 555d44644ccfbb22 118 4 1 5 3 0 2 12
5278 2f3bfe1e105e8b23 118 4 1 5 3 0 2 12
5279 db008770c7e1bea9 119 4 1 5 3 0 3 12
5280 0a8c7057f02cd287 119 4 1 5 3 0 3 12
5281 c174d4bd14a20427 119 4 1 5 3 0 3 12
5282 2160237dc99dc24d 119 4 1 5 3 0 3 12
5283 ec9a7a3be1994dff 119 4 1 5 3 0 2 12
5284 3ca9c69b77acf372 119 4 1 5 3 0 2 12
5285 eb8a3fb3d57f1082 119 4 1 5 3 0 2 12
5286 fe07d89fa192818b 119 4 1 5 3 0 2 12
5287 800961eeb7863413 118 4 1 5 3 0 2 12
5288 bdf94a65b7d9f1e4 117 4 1 5 3 0 1 12
5289 6d95265188039b56 117 4 1 5 3 0 1 12
5290 e93debd9f75637d1 117 4 1 5 3 0 1 12
5291 55aad8aadb2b21e7 118 4 1 5 3 0 1 12
5292 cca8dbf6af44e50b 118 4 1 5 3 0 1 12
5293 f803228d7885ff4d 118 4 1 5 3 0 1 12
5294 84c6130fa26f35fd 118 4 1 5 3 0 1 12
5295 b76296c5b1773f52 117 4 1 5 3 0 1 12
5296 787e452a2f1657bf 117 4 1 5 3 0 1 12
5297 e14c6ee96a38955b 118 4 1 5 3 0 1 12
5298 43d5f107398e6ee2 118 4 1 5 3 0 1 12
5299 5352f765c86b0cfe 119 4 1 5 3 0 1 12
5300 a1579287b19cc298 119 4 1 5 3 0 1 12
5301 54797f6c8750061c 118 4 1 5 3 0 1 12
5302 6498d48a30efbb5d 118 4 1 5 3 0 1 12
5303 cf54f98a5bc333e2 118 4 1 5 3 0 1 12
5304 6d21d4c46057cd48 118 4 1 5 3 0 1 12
5305 ad218a0a9fe10d6c 118 4 1 5 3 0 1 12
5306 5739e4b5bc99eee7 117 4 1 5 3 0 1 12
5307 3d920ebdedd77694 117 4 1 5 3 0 1 12
5308 9f7488ecdee7c099 117 4 1 5 3 0 1 12
5309 1c1c4dbddfba7f79 117 4 1 5 3 0 1 12
5310 78884e749ea76fea 117 4 1 5 3 0 1 12
5311 8dd7a2d5025098d5 117 4 1 5 3 0 1 12
5312 cb130edc87279809 116 4 1 5 3 0 1 11
5313 bd0f765be28a22ee 116 4 1 5 3 0 1 11
5314 f1da4fc5328cadac 116 4 1 5 3 0 1 11
5315 78a6f1986e971f3c 116 4 1 5 3 0 1 11
5316 da1e294a146006c3 117 4 1 5 3 0 1 11
5317 914ede1d64a87bf2 117 4 1 5 3 0 2 11
5318 efd43dd14e849cac 117 4 1 5 3 0 2 11
5319 25548f7d98f8d0ae 118 4 1 5 3 0 3 11
5320 940053538bd1b930 118 4 1 5 3 0 3 11
5321 66db6f994560e1b2 118 4 1 5 3 0 3 11
5322 e5cf42d556d35c5b 117 4 1 5 3 0 2 11
5323 3fbd4a6e84f7b548 117 4 1 5 3 0 2 11
5324 e3ed2a65d5b53551 117 4 1 5 3 0 2 11
5325 7c9d0c6e56780271 117 4 1 5 3 0 2 11
5326 548e887186f1b4ab 116 4 1 5 3 0 2 11
5327 a17b3d2bb2cef273 115 4 1 5 3 0 1 11
5328 31595666a3427cd2 115 4 1 5 3 0 1 11
5329 4c545ffe0fe239f7 115 4 1 5 3 0 1 11
5330 b5b16eafffe2f609 115 4 1 5 3 0 1 11
5331 58ba94978009f351 116 4 1 5 3 0 1 11
5332 d8d64579030d75d1 113 4 1 5 3 0 1 10
5333 c6e0daa03cc82369 114 4 1 5 3 0 1 10
5334 44c1bf893927e76a 114 4 1 5 3 0 1 10
5335 dfcf487a3e99dab1 114 4 1 5 3 0 1 10
5336 897f68b7503fef64 115 4 1 5 3 0 1 10
5337 fe2e1c355f30c051 115 4 1 5 3 0 1 10
5338 0be3b176b8e82c09 116 4 1 5 3 0 1 10
5339 1c3011569f68e352 115 4 1 5 3 0 1 10
5340 db55d5f7874f3944 114 4 1 5 3 0 1 10
5341 6b2b7ac2469e7669 115 4 1 5 3 0 2 10
5342 a8048ad3be924b67 115 4 1 5 3 0 2 10
5343 3c0a6b12736a4621 114 4 1 5 3 0 2 10
5344 cdd4a05a85b8d8fd 114 4 1 5 3 0 2 10
5345 15df661dc1d45e8a 114 4 1 5 3 0 2 10
5346 cc26e1fe53e5f7c8 114 4 1 5 3 0 2 10
5347 ed463bc4d694f21d 114 4 1 5 3 0 2 10
5348 c1b74a7994eb5cb9 113 4 1 5 3 0 1 10
5349 038a9e836bf326a6 112 4 1 5 2 0 1 10
5350 76f0b6bb711473fb 112 4 1 5 2 0 1 10
5351 55f3d6531a1fae44 112 4 1 5 2 0 1 9
5352 74f3c36c30c7f369 112 4 1 5 2 0 1 9
5353 736b1e32865fab8e 113 4 1 5 2 0 1 9
5354 4b8308764e702feb 112 4 1 5 2 0 1 9
5355 bc733d7dd8232516 112 4 1 5 2 0 1 9
5356 f60025252dbbe838 112 4 1 5 2 0 1 9
5357 f472417ac7468c8b 113 4 1 5 2 0 2 9
5358 0282017a16728f0e 114 4 1 5 2 0 2 9
5359 be60ddbdf2d97e63 114 4 1 5 2 0 2 9
5360 51c6f76f8dcf1ed3 114 4 1 5 2 0 2 9
5361 332e0c250620a9ff 113 4 1 5 2 0 2 9
5362 9902c21d5e8f44cb 113 4 1 5 2 0 2 9
5363 af1f3545cdc12645 113 4 1 5 2 0 2 9
5364 49d536fbd05f18eb 113 4 1 5 2 0 2 9
5365 ce4d180841475a74 113 4 1 5 2 0 2 9
5366 ffc7a369caa007f6 113 4 1 5 2 0 2 9
5367 1ebe973118095aa1 113 4 1 5 2 0 2 9
5368 45f0104968374df2 112 4 1 5 2 0 2 9
5369 77e4908032b07243 112 4 1 5 2 0 2 9
5370 0ee91c809f6695d2 112 4 1 5 2 0 2 9
5371 75d8ac5d4efcbb22 115 4 1 6 2 0 2 9
5372 0b58834cb2723160 116 4 1 6 2 0 2 9
5373 e8ba6e3423a49430 115 4 1 6 2 0 2 8
5374 0a24719bbfb77d55 115 4 1 6 2 0 2 8
5375 3db68a3a3edb2c2b 114 4 1 6 2 0 2 8
5376 46b5a8b4c64815c3 114 4 1 6 2 0 2 8
5377 1e398d4b4605bc36 115 4 1 6 2 0 2 8
5378 bac5cf9c362a4bc9 115 4 1 6 2 0 2 8
5379 cdfc146f176c1ca2 115 4 1 6 2 0 2 8
5380 b086b5b68632df8b 116 4 1 6 2 0 2 8
5381 2e6cc2687d20d11a 117 4 1 6 2 0 3 8
5382 b508320095badcea 118 4 1 6 2 0 3 8
5383 7913fca671a8594a 118 4 1 6 2 0 3 8
5384 46b4d649a9f70198 118 4 1 6 2 0 3 8
5385 1ee44697389c8a0c 118 4 1 6 2 0 3 8
5386 1574d8cd7ec8330c 118 4 1 6 2 0 3 8
5387 fb5e27f255e528e0 117 4 1 6 2 0 3 7
5388 da4ba9a2db173f5a 117 4 1 6 2 0 3 7
5389 981e0817dacab9c5 117 4 1 6 2 0 3 7
5390 84215a864132750a 117 4 1 6 2 0 3 7
5391 b83b7222d29b24f5 119 4 1 6 2 0 4 6
5392 827177b885182738 119 4 1 6 2 0 4 6
5393 b218274acb1f1eb5 118 4 1 6 2 0 4 6
5394 48cc330b25163448 118 4 1 6 2 0 4 6
5395 b026d639d3c1c5d1 118 4 1 6 2 0 4 6
5396 c70f016805f0c0dd 118 4 1 6 2 0 4 6
5397 c2cdc2f6e569136b 119 4 1 6 2 0 5 6
5398 1521073294d02c8d 119 4 1 6 2 0 5 6
5399 ae5d0d66c9bf2212 119 4 1 6 2 0 5 6
5400 6df5c4c0c500fc78 119 4 1 6 2 0 5 6
5401 9e075b6da135584d 119 4 1 6 2 0 5 6
5402 ad0cc44b5fd8d6d5 119 4 1 6 2 0 5 6
5403 1c7e1be66752fad6 120 4 1 6 2 0 5 6
5404 a8b378ce5eab5e60 120 4 1 6 2 0 5 6
5405 3373c7c207aca425 119 4 1 6 2 0 4 6
5406 8d47dc8af52cf8cc 119 4 1 6 2 0 4 6
5407 752a8f26fd1a30c2 120 4 1 6 2 1 4 6
5408 eb0c954779e52b51 121 4 1 6 2 1 4 6
5409 8b2cd58826bfb1da 120 4 1 6 2 1 4 6
5410 c7f1aa70d938ec56 121 4 1 6 2 1 4 6
5411 c21699ad271bcdaf 121 4 1 6 2 1 4 6
5412 a9dfc5078d40483b 122 4 1 6 2 1 5 6
5413 f4d1c6a3158246a6 123 4 1 6 2 2 5 6
5414 62b4a40a8d136f99 123 4 1 6 2 2 5 5
5415 3bf4a5408e4c47ed 122 4 1 6 2 2 5 5
5416 de4797a176c9ab4f 121 4 1 6 2 2 5 5
5417 4cd2c7e2c772732f 121 4 1 6 2 2 5 5
5418 35de72da416c4a54 120 4 1 6 2 1 5 5
5419 dafc910681705d01 121 4 1 6 2 2 5 5
5420 e8611c699d1966ab 121 4 1 6 2 2 5 5
5421 1dd99e5557fec896 122 4 1 6 2 2 6 5
5422 1d68a82d312b2b88 122 4 1 6 2 2 6 5
5423 7749b5c32b752848 121 4 1 6 2 1 6 5
5424 f8da504b93f16b43 121 4 1 6 2 1 6 5
5425 b6209a44af9e6b16 122 4 1 6 2 2 6 5
5426 62cda873e9cbe947 122 4 1 6 2 2 6 5
5427 9630714d0b543d77 123 4 1 6 2 2 6 5
5428 c37c0ff3df1ca2d1 123 4 1 6 2 2 6 5
5429 300edf36f0c610e3 122 4 1 6 2 1 6 5
5430 6da1b10d479c2a9d 122 4 1 6 2 1 6 5
5431 c58a89f6800c7696 123 4 1 6 2 2 6 5
5432 272d7d5fea5f4ab8 122 4 1 6 2 2 6 5
5433 e11c1bf45679e41d 121 4 1 6 2 2 6 5
5434 1dd68abdaf7b2f35 120 4 1 6 2 1 6 5
5435 145084e4f58c9125 120 4 1 6 2 1 6 5
5436 dbf398ce37a51d2b 119 4 1 6 2 1 6 4
5437 aafb1193d86d7d57 119 4 1 6 2 1 6 4
5438 8531191bf0904616 119 4 1 6 2 1 6 3
5439 44dfcb92403cb8eb 119 4 1 6 2 1 6 3
5440 872cf7a435908877 119 4 1 6 2 1 6 3
5441 67b65ee0daf80e3f 120 4 1 6 2 1 6 3
5442 2f764941cf2b3723 122 4 1 6 2 1 7 3
5443 e1f7f6f7fff738e9 121 4 1 6 2 1 7 2
5444 e34a8850f7f409d3 120 4 1 6 2 1 7 2
5445 2c81c2ea6098e27d 120 4 1 6 2 1 7 2
5446 24bd4add7bebd892 121 4 1 6 2 1 7 2
5447 154e8e90622e998a 121 4 1 6 2 1 7 2
5448 a53b2716797096ce 120 4 1 6 2 1 7 1
5449 49274122d3aff42e 122 4 1 6 2 1 7 1
5450 73deb87b4d95db72 123 4 1 6 2 1 7 1
5451 586a47819cc257eb 123 4 1 6 2 1 7 1
5452 96d700f12557f3f0 124 4 1 6 2 1 8 1
5453 4b26c7262715863f 123 4 1 6 2 0 8 1
5454 ec1a50b7f9436654 124 4 1 6 2 0 8 1
5455 0af563ecfa972dc4 124 4 1 6 2 0 8 1
5456 8c357a43aa00e71c 123 4 1 6 2 0 8 0
5457 b9a521e8ded5704b 122 4 1 6 2 0 8 0
5458 4fc14951eb0f02df 122 4 1 6 2 0 8 0
5459 c2c284c179d57be7 122 4 1 6 2 0 8 0
5460 b701e408dc7d30da 122 4 1 6 2 0 8 0
5461 d9d7548d9701c431 123 4 1 6 2 0 9 0
5462 bed34f73aa31e7ee 123 4 1 6 2 0 9 0
5463 8be67331d80dd1b8 123 4 1 6 2 0 9 0
5464 8c694148d7514989 122 4 1 6 2 0 8 0
5465 c0d20ee23d886715 120 4 1 6 2 0 8 0
5466 e71da49efd0a7131 120 4 1 6 2 0 8 0
5467 e6e1b11b4add90f9 120 4 1 6 2 0 8 0
5468 3172b50b8876f7d3 121 4 1 6 2 0 8 0
5469 59f07b4ba4c73e04 122 4 1 6 2 0 8 0
5470 0a6242a9a592f6af 123 4 1 6 2 0 8 0
5471 1e8e95f1d767095d 123 4 1 6 2 0 8 0
5472 b0dd2fc9909f8032 123 4 1 6 2 0 8 0
5473 91436f8553848512 124 4 1 6 2 0 8 0
5474 2c68eb2122466698 126 4 1 6 2 0 8 0
5475 11174ddf630157af 126 4 1 6 2 0 8 0
5476 e972242ab1f3f4c8 126 4 1 6 2 0 8 0
5477 a8766be40b20f78d 125 4 1 6 2 0 8 0
5478 edfa435333061337 124 4 1 6 2 0 8 0
5479 6257f27e640f2aeb 125 4 1 6 2 0 8 0
5480 8be11d41e0427446 126 4 1 6 2 0 8 0
5481 2a94b826cfd05d73 126 4 1 6 2 0 8 0
5482 69e7fdbb3bc62552 126 4 1 6 2 0 8 0
5483 a027a7232c4874e6 126 4 1 6 2 0 8 0
5484 edea8100b86025e0 125 4 1 6 2 0 8 0
5485 6958c0cfa9114359 125 4 1 6 2 0 8 0
5486 2521db3af8e98608 124 4 1 6 2 0 7 0
5487 e8611576d6ef44d4 124 4 1 6 2 0 7 0
5488 fd6e12d6425d7bde 124 4 1 6 2 0 7 0
5489 b59a689bc42ce798 124 4 1 6 2 0 7 0
5490 ef9f4fdaa6fa7499 124 4 1 6 2 0 7 0
5491 16562d57ccd9acfb 125 4 2 6 2 0 7 0
5492 2d0279290a816f08 127 4 2 6 2 0 8 0
5493 26eedcf217ec6b6a 127 4 2 6 2 0 8 0
5494 a1069acdde9122be 127 4 2 6 2 0 8 0
5495 f2b8546f77bf9b53 127 4 2 6 2 0 8 0
5496 dee6bd30bda2a505 127 4 2 6 2 0 8 0
5497 0525b54b3f978d37 127 4 2 6 2 0 8 0
5498 45ab86d03d8c4ca8 126 4 2 6 2 0 8 0
5499 988d03961bbff3a8 126 4 2 6 2 0 8 0
5500 7955919391db9dc0 125 4 2 6 2 0 8 0
5501 050f8c83f3e97aaa 125 4 2 6 2 0 8 0
5502 336e4f9ff6127920 125 4 2 6 2 0 8 0
5503 ce76c8c1295d1c16 125 4 2 6 2 0 8 0
5504 cea31badca1ebd90 125 4 2 6 2 0 8 0
5505 c58f43fdcd27952d 125 4 2 6 2 0 8 0
5506 64b69d2f7ea1eba4 125 4 2 6 2 0 8 0
5507 eaec598f2a26e4b5 125 4 2 6 2 0 8 0
5508 458f9e8977497a17 125 4 2 6 2 0 8 0
5509 b1a8d3efda10c826 125 4 2 6 2 0 8 0
5510 cd12151f55f0ba0c 126 4 2 6 2 0 8 0
5511 e7434d6b6591eae0 126 4 2 6 2 0 8 0
5512 713da79cd6902799 126 4 2 6 2 0 8 0
5513 ebd1f4833144ef42 126 4 2 6 2 0 8 0
5514 d4262d59ebccbe8b 126 4 2 6 2 0 8 0
5515 7e31095fc0a9f80e 127 4 2 6 2 0 8 0
5516 48176281358ab98e 127 4 2 6 2 0 8 0
5517 4d0bab9f064c95d4 127 4 2 6 2 0 8 0
5518 1e957061253eaed9 128 4 2 6 2 0 8 0
5519 33a985b77d0d1636 129 4 2 6 2 0 8 0
5520 b6b5f7cd5042759e 129 4 2 6 2 0 8 0
5521 3cb7171b26be1e46 129 4 2 6 2 0 8 0
5522 bc5a7e11ed48b7d5 129 4 2 6 2 0 8 0
5523 05080b8ac553f151 129 4 2 6 2 0 8 0
5524 9e3f0656994b3c11 129 4 2 6 2 0 8 0
5525 99aa94ebec27353c 128 4 2 6 2 0 8 0
5526 e09bd985ed0e78f4 128 4 2 6 2 0 8 0
5527 ea1b10d7d01c06bc 128 4 2 6 2 0 8 0
5528 fa1f2fa1107945c6 128 4 2 6 2 0 8 0
5529 de6af7d35d1069b9 128 4 2 6 2 0 8 0
5530 6e2a9386e957be25 129 4 2 6 2 0 8 0
5531 5b077b90147d427b 129 4 2 6 2 0 8 0
5532 088e803cc0ec6046 130 4 2 6 2 0 9 0
5533 aa7d093ba6225d1e 130 4 2 6 2 0 9 0
5534 cc3848cf351482e3 129 4 2 6 2 0 9 0
5535 d8c49e81bab488ed 129 4 2 6 2 0 9 0
5536 f7ac763d050b15a5 129 4 2 6 2 0 9 0
5537 d9460b0d11d6a9b9 128 4 2 6 2 0 9 0
5538 e1704b7dd594b33a 128 4 2 6 2 0 9 0
5539 d7f0184377385fd4 127 4 2 6 2 0 9 0
5540 a7c9d1854673c028 128 4 2 6 2 0 9 0
5541 736eb47ec2316af1 128 4 2 6 2 0 9 0
5542 d61bb00a6d240248 128 4 2 6 2 0 9 0
5543 8aeedacdfc2e85a9 128 4 2 6 2 0 9 0
5544 83cc58f16e992c71 127 4 2 6 2 0 9 0
5545 ece72e99f7afb419 127 4 2 6 2 0 9 0
5546 7b687662f56d1ee3 127 4 2 6 2 0 9 0
5547 8cb7d15907c5b98d 127 4 2 6 2 0 9 0
5548 45d9765afe9c2be9 127 4 2 6 2 0 9 0
5549 f51b1fc43ca7e3a7 127 4 2 6 2 0 9 0
5550 c270fd31fff26df0 126 4 2 6 2 0 9 0
5551 746bbb9effc93cd8 126 4 2 6 2 0 9 0
5552 5263499352342a76 126 4 2 6 2 0 9 0
5553 d5b1da045e399b0e 126 4 2 6 2 0 9 0
5554 c33ffe7d67e8e86c 126 4 2 6 2 0 9 0
5555 1790e2e2cbf4a385 127 4 2 6 2 0 9 0
5556 e256d91d514433db 127 4 2 6 2 0 9 0
5557 d78c26881cdd2c1c 127 4 2 6 2 0 9 0
5558 560df7d6a1d98b9e 127 4 2 6 2 0 9 0
5559 36a48349a2131210 127 4 2 6 2 0 9 0
5560 ad786e3f3ed3dc43 127 4 2 6 2 0 9 0
5561 2f3ac1a851bbe1ee 127 4 2 6 2 0 9 0
5562 d2dd1cf77bf94f07 127 4 2 6 2 0 9 0
5563 945e4fddfd72671e 127 4 2 6 2 0 9 0
5564 da7ae894071b050c 127 4 2 6 2 0 9 0
5565 92d65df068d6ae91 127 4 2 6 2 0 9 0
5566 5256c7ce417dee6b 127 4 2 6 2 0 9 0
5567 700e56c18a23de58 127 4 2 6 2 0 9 0
5568 d2597ef163948fea 127 4 2 6 2 0 9 0
5569 6a28f572359b9461 126 4 2 6 2 0 9 0
5570 757fef418303c825 126 4 2 6 2 0 9 0
5571 f2008329c0baf109 127 4 2 6 2 0 9 0
5572 ebc3d5bab5734b16 127 4 2 6 2 0 9 0
5573 849d628360ebe190 127 4 2 6 2 0 9 0
5574 46bde775ff144ba8 127 4 2 6 2 0 9 0
5575 bcada1fb1d3e2445 126 4 2 6 2 0 9 0
5576 70d4f2ac8dfb2a9b 126 4 2 6 2 0 9 0
5577 80ab7410cab6eeae 126 4 2 6 2 0 9 0
5578 4f5286d3c17c2ee8 127 4 2 6 2 0 9 0
5579 5704105eea13bdd0 126 4 2 6 2 0 9 0
5580 9c2a8b931a8cfd4e 126 4 2 6 2 0 9 0
5581 7e9774f0c85ff5c4 127 4 2 6 2 0 9 0
5582 2bfdabfcff58a04e 127 4 2 6 2 0 9 0
5583 c916e56907c262fe 127 4 2 6 2 0 9 0
5584 a3cc25386a10f142 128 4 2 6 2 0 9 0
5585 f5b776bb5088e800 128 4 2 6 2 0 9 0
5586 b49da3186c2e561c 129 4 2 6 2 0 9 0
5587 85f0c73251607090 128 4 2 6 2 0 9 0
5588 369308349c63c554 128 4 2 6 2 0 9 0
5589 7d630ef43f96476a 129 4 2 6 2 0 9 0
5590 b6665766c23a62d5 128 4 2 6 2 0 9 0
5591 855d96ff242e4ed8 128 4 2 6 2 0 9 0
5592 e73af3e6d804cc82 128 4 2 6 2 0 9 0
5593 95df7e24c0337a40 128 4 2 6 2 0 9 0
5594 b09fcfe4ab75b526 128 4 2 6 2 0 9 0
5595 ff1bf930c53de9c6 128 4 2 6 2 0 9 0
5596 7508869a4cfe88d0 128 4 2 6 2 0 9 0
5597 f0ed8a89e9f79bc9 129 4 2 6 2 0 9 0
5598 78e82841134461b4 129 4 2 6 2 0 9 0
5599 84e993e3be6e7eac 130 4 2 6 2 0 9 1
5600 fc324cc423ce81f6 130 4 2 6 2 0 9 1
5601 f9de01e252226d43 129 4 2 6 2 0 9 1
5602 5438a89dd8b89c47 129 4 2 6 2 0 9 1
5603 e5fe02a172b412a0 129 4 2 6 2 0 9 1
5604 6c73478a967da936 129 4 2 6 2 0 9 1
5605 2c368add0defc197 130 4 2 6 2 0 9 2
5606 f4f125ac4141bb38 130 4 2 6 2 0 9 2
5607 e851434b7dbf0cbe 130 4 2 6 2 0 9 2
5608 13e22b59f062d3ce 131 4 2 6 2 0 9 2
5609 c55b56553f42e0d6 131 4 2 6 2 0 9 2
5610 7251f96a0e163a85 131 4 2 6 2 0 9 2
5611 39a39ec5a932fb0b 133 4 3 6 2 0 9 3
5612 fce028d2428e4ae3 133 4 3 6 2 0 9 3
5613 3631ed615c1cf077 133 4 3 6 2 0 9 3
5614 ab69a78317f1fa4d 133 4 3 6 2 0 9 3
5615 388f64f191b42658 133 4 3 6 2 0 9 3
5616 0357f8c3d1fe8ec8 133 4 3 6 2 0 9 3
5617 10d173a49f0bea15 134 4 3 6 2 0 9 4
5618 c4745245540ed46b 134 4 3 6 2 0 10 4
5619 fd0f656b78226b3e 135 4 3 6 2 0 10 5
5620 9715e32fc686116a 135 4 3 6 2 0 10 5
5621 a53766788a3667d7 136 4 3 6 2 0 10 5
5622 425c4cd6b47c62d3 136 4 3 6 2 0 10 5
5623 7b5e9e4df12ea571 137 4 3 6 2 0 10 6
5624 ac72e999c85568d3 137 4 3 6 2 0 10 6
5625 38730878d510be2c 138 4 3 6 2 0 10 7
5626 99670278eb411d5a 138 4 3 6 2 0 10 7
5627 80f0b00a7a86def4 138 4 3 6 2 0 10 7
5628 54d8417baf895913 137 4 3 6 2 0 10 7
5629 86221c78633f17e0 139 4 3 6 2 0 10 8
5630 0e5e9deef729e7e1 139 4 3 6 2 0 10 8
5631 8aba3ff753bad33c 140 4 3 6 2 0 10 9
5632 1983dda5ce01329b 140 4 3 6 2 0 10 9
5633 0a664b056d192315 139 4 3 6 2 0 9 9
5634 31884a04146546ba 139 4 3 6 2 0 9 9
5635 feecb779d0f28b88 139 4 3 6 2 0 9 10
5636 33dda77a5f857199 139 4 3 6 2 0 9 10
5637 c14c4a1ecf325907 139 4 3 6 2 0 9 11
5638 47dc2ec3ac97556f 139 4 3 6 2 0 9 11
5639 6debb4adc7c011ec 138 4 3 6 2 0 9 11
5640 42fab3cc6913e71a 138 4 3 6 2 0 9 11
5641 9bfc0f2599916145 140 4 3 6 3 0 9 12
5642 0a26766326629cf2 139 4 3 6 3 0 8 12
5643 29f3605be017751d 140 4 3 6 3 0 8 13
5644 e1462c6d2cd186c1 140 4 3 6 3 0 8 13
5645 8ab16336a092463b 140 4 3 6 3 0 8 13
5646 adef0c0a17cb18ed 141 4 3 6 3 0 8 13
5647 0c988f132be42e3d 142 4 3 6 3 0 8 13
5648 406e93c3bd8d0482 142 4 3 6 3 0 8 13
5649 bca62b0982138fb0 142 4 3 6 3 0 8 14
5650 e46e16bc41b7dacf 143 4 3 6 3 0 8 15
5651 c17b29f5e0766778 143 4 3 6 3 0 8 15
5652 81d316965c5054b5 143 4 3 6 3 0 8 15
5653 c38dde622f209419 142 4 3 6 3 0 8 15
5654 65c08c563fa92246 142 4 3 6 3 0 8 15
5655 b99e396aa0c8672c 143 4 3 6 3 0 8 16
5656 e29b84e0258b6087 143 4 3 6 3 0 8 16
5657 950b02fc1b95c8ee 144 4 3 6 3 0 8 16
5658 4617e4c954f7c1f4 145 4 3 6 3 1 9 16
5659 cf0a7d8e13b0d39d 145 4 3 6 3 1 9 16
5660 9710ae3360623b93 144 4 3 6 3 1 9 15
5661 c44897094018b7ef 144 4 3 5 3 1 9 16
5662 dfbb20321c2c1512 143 4 3 5 3 1 9 16
5663 462a4a3d10230b0d 140 4 3 5 3 0 8 16
5664 5e7357baaa71beac 141 4 3 5 3 1 8 16
5665 5fc5421bbfec78ef 141 4 3 5 3 1 8 16
5666 95407ee5f5456989 140 4 3 5 3 1 7 16
5667 0825e4947a56bf03 140 4 3 5 3 1 7 16
5668 02c85536fb050f20 141 4 3 5 3 1 7 16
5669 622c3802ad53f0a8 141 4 3 5 3 1 7 16
5670 5e372b609c6411f7 143 4 3 5 3 2 7 17
5671 ba4d734559cb3f55 143 4 3 5 3 2 7 17
5672 6ec78b597cdedecf 143 4 3 5 3 2 7 17
5673 e3028ca8fdc1ff1b 144 4 3 5 3 2 7 17
5674 3dd95e1ec3e7399c 143 4 3 5 3 1 7 17
5675 f2a47f54caaf1161 144 4 3 5 3 2 7 17
5676 961baa352aeaeeae 145 4 3 5 3 3 7 17
5677 dfe3cb595d9b8335 144 4 3 5 3 3 7 17
5678 36ee81b10d9841e4 144 4 3 5 3 3 7 17
5679 334ca94f1df68a8f 142 4 3 5 3 2 6 17
5680 a3888809d4e1e0ed 141 4 3 5 3 1 6 17
5681 fb5c3625eff42ac1 142 4 3 5 3 2 6 17
5682 b9e9a6d4b0652e59 143 4 3 5 3 3 6 17
5683 b6406a9ded6bbd8c 143 4 3 5 3 3 6 17
5684 813851e6c924914f 140 4 3 5 3 2 6 16
5685 13bf9b29b0678f1e 138 4 2 5 3 1 6 16
5686 b861b4a16111fd43 138 4 2 5 3 1 6 16
5687 d037eaa7094e7000 138 4 2 5 3 1 6 16
5688 38643617b03ce76b 138 4 2 5 3 1 6 16
5689 8bb9c4c50b03c557 138 4 2 5 3 1 6 16
5690 7bd641af8d7ec941 138 4 2 5 3 1 6 16
5691 ca8e8b56aae0a1d2 138 4 2 5 3 1 6 16
5692 2740772f26f72551 138 4 2 5 3 1 6 16
5693 b1045c7e5c393da1 138 4 2 5 3 1 6 16
5694 9121a3e470d4c663 137 4 2 5 3 1 6 16
5695 9cf11946c2a4c35d 137 4 2 5 3 1 6 16
5696 b1f8e81daa2eb3bd 137 4 2 5 3 1 6 16
5697 f849f181de309634 138 4 2 5 3 1 6 16
5698 eec414f2192fc3f3 138 4 2 5 3 1 7 16
5699 94877351788ef60c 138 4 2 5 3 1 7 16
5700 79e982996bc4461a 138 4 2 5 3 1 7 16
5701 c5df0621f46cfd3f 139 4 2 5 3 1 7 16
5702 f241eb13aa067eb6 138 4 2 5 3 1 7 15
5703 cd9c907d5b9ab665 136 4 1 5 3 1 7 15
5704 7e289c46150950d3 136 4 1 5 3 1 7 15
5705 7be16ebc2f5f50da 136 4 1 5 3 1 7 15
5706 798d9cae2d2f8d62 136 4 1 5 3 1 7 15
5707 fca977788884c994 136 4 1 5 3 1 7 15
5708 63db4e251b558884 137 4 1 5 3 1 7 15
5709 a3990d293c6897e2 137 4 1 5 3 1 7 15
5710 d2e4b36467b9fd4a 137 4 1 5 3 1 7 15
5711 11e1befdfb31f78c 137 4 1 5 3 1 7 15
5712 c583696504db9efa 136 4 1 5 3 1 6 15
5713 066a6d184257b4be 135 4 1 5 3 0 6 15
5714 c99765ad290cd8e1 135 4 1 5 3 0 6 15
5715 5f1c3a8bcacd90f2 135 4 1 5 3 0 6 15
5716 a760245a6bf36036 136 4 1 5 3 0 6 15
5717 c6b82256f5ef4bd5 136 4 1 5 3 0 6 15
5718 db5dde9281b34395 137 4 1 5 3 0 6 15
5719 031dd5da14e1d4b5 137 4 1 5 3 0 6 15
5720 15a3c6d9f30ed89c 137 4 1 5 3 0 6 15
5721 db3492d37c365961 138 4 1 5 3 0 6 15
5722 a0f3bf34b7d570e7 137 4 1 5 3 0 6 15
5723 01abe89e81a21a03 136 4 1 5 3 0 6 14
5724 699877c92f70ab11 135 4 1 5 3 0 6 14
5725 8a079ee039eadcfa 135 4 1 5 3 0 6 14
5726 f86b79a6fab34f61 135 4 1 5 3 0 6 14
5727 8905c7f6b3801a47 134 4 1 5 3 0 6 14
5728 56bc7148e94f865d 133 4 1 5 3 0 6 13
5729 b41140e0b0e54d71 132 4 1 5 3 0 6 12
5730 33840cb996dc656d 130 4 1 4 3 0 6 12
5731 1c567644ffd0b1e2 131 4 1 5 3 0 6 12
5732 2180a18a0c6a87b3 131 4 1 5 3 0 6 12
5733 3494aaabea911aab 131 4 1 5 3 0 6 12
5734 18aab10bdebb73da 131 4 1 5 3 0 6 12
5735 c37729fa4fecb459 131 4 1 5 3 0 6 12
5736 3fca7c322e14ea07 131 4 1 5 3 0 6 12
5737 8d477fa14e6b1648 131 4 1 5 3 0 6 12
5738 ae511b6d30afac16 131 4 1 5 3 0 6 12
5739 d2b449d36989abca 131 4 1 5 3 0 6 12
5740 9a2fea4db4e7265f 131 4 1 5 3 0 6 12
5741 a093c6631c4f5048 130 4 1 5 3 0 6 12
5742 8868b8dfac703a6f 130 4 1 5 3 0 6 12
5743 757ca39613ddb636 130 4 1 5 3 0 6 12
5744 1f87c518c293d3fc 130 4 1 5 3 0 6 12
5745 e23adab09078fc3c 130 4 1 5 3 0 6 12
5746 2187eea1fded8a02 131 4 1 5 3 0 7 12
5747 6c062bd232bceef4 130 4 1 5 3 0 7 12
5748 16a9fb8b3bbf5897 129 4 1 5 3 0 7 12
5749 e42ccbdd496daf78 129 4 1 5 3 0 7 12
5750 d79130ee18a0343d 129 4 1 5 3 0 7 12
5751 179b50a2fa72ad18 128 4 1 5 3 0 7 11
5752 a58952b7d726944d 128 4 1 4 3 0 7 11
5753 c7211d2c7048eccc 128 4 1 4 3 0 7 10
5754 079e7c250f402b91 128 4 1 4 3 0 7 10
5755 5636f291f52fd55b 128 4 1 4 3 0 7 10
5756 1cb2c6b21423404e 129 4 1 4 3 0 7 10
5757 525d13a3c3b24dc9 128 4 1 4 3 0 7 10
5758 5e84bafbab2bb918 128 4 1 4 3 0 7 10
5759 fa25154e35baa133 128 4 1 4 3 0 7 10
5760 0e1923a2d732f31f 128 4 1 4 3 0 7 10
5761 0f3a798c4a9ef686 128 4 1 4 3 0 7 10
5762 c41990e03819b578 126 4 1 4 3 0 6 9
5763 451db82b0e22a274 125 4 1 4 3 0 6 9
5764 1aef81e026d887b4 124 4 1 4 3 0 6 9
5765 9c72b2e5d8df5079 124 4 1 4 3 0 6 9
5766 7558da8aa87940e7 124 4 1 4 3 0 6 9
5767 559e8f50407e9fe6 124 4 1 4 3 0 6 9
5768 6805d41bfc9c8881 124 4 1 4 3 0 6 9
5769 5318b423eb36fc40 125 4 1 4 3 0 6 9
5770 266e5b146a1753ef 125 4 1 4 3 0 6 9
5771 a3a3de4183c64925 124 4 1 4 3 0 6 9
5772 1455edc8092df383 125 4 1 4 3 0 7 9
5773 839527bca2ccccba 126 4 1 4 3 0 7 9
5774 e11d89231b280525 126 4 1 4 3 0 7 9
5775 7dfa8e6ee62cee75 126 4 1 4 3 0 7 9
5776 b59b552f37283c4f 126 4 1 4 3 0 7 9
5777 9a1f9e51b51e4874 125 4 1 4 3 0 7 9
5778 9011008930449124 125 4 1 4 3 0 7 9
5779 39c1ef07f485a40d 125 4 1 4 3 0 7 9
5780 79e8b0a42b99d466 125 4 1 4 3 0 7 9
5781 0438228bb805a794 125 4 1 4 3 0 7 9
5782 28a0f8255e01db0d 125 4 1 4 3 0 7 9
5783 8590a85404fb5224 126 4 1 4 3 0 7 9
5784 f37504760fda6fe1 126 4 1 4 3 0 7 9
5785 e76ab984336422a1 126 4 1 4 3 0 7 9
5786 11d2c487fcc0b934 126 4 1 4 3 0 7 9
5787 30d7f0bd57880464 126 4 1 4 3 0 7 9
5788 2a084cfadb2694bf 126 4 1 4 3 0 7 9
5789 4f8ebf7bf5240c83 126 4 1 4 3 0 7 9
5790 391c06e8c2159c90 126 4 1 4 3 0 7 9
5791 f377987ee702d60a 126 4 1 4 3 0 7 9
5792 1386961645ca220c 126 4 1 4 3 0 7 9
5793 5de4e36ce57d6207 126 4 1 4 3 0 7 9
5794 57641c34e3112d34 126 4 1 4 3 0 7 9
5795 24a59d91c74d8175 126 4 1 4 3 0 7 9
5796 d50fd8d77c20b663 125 4 1 4 3 0 7 9
5797 1a2cf9575c90c663 125 4 1 4 3 0 7 9
5798 1177f0f747e409c2 127 4 1 4 3 0 8 9
5799 f4b7b5b3ea474ff1 127 4 1 4 3 0 8 9
5800 2350454dc4b0e939 128 4 1 4 3 0 8 9
5801 edcff67287bf2394 128 4 1 4 3 0 8 9
5802 8f5a692ebe6ed932 127 4 1 4 3 0 8 9
5803 1b7182b2e6bbf12b 128 4 1 4 3 0 8 9
5804 e8738a5859e27ddf 128 4 1 4 3 0 8 9
5805 5d7460006dbe503c 129 4 1 4 3 0 8 9
5806 7957323f89aa1afe 129 4 1 4 3 0 8 9
5807 d55bf04cd2a21a2c 129 4 1 4 3 0 8 9
5808 96337b83d7802fa0 129 4 1 4 3 0 8 9
5809 e5b8cacc97b5e79f 128 4 1 4 3 0 7 9
5810 d90c7ea776f2d115 130 4 1 4 3 0 8 9
5811 7fa4fcbec4157f1f 129 4 1 4 3 0 8 9
5812 b98e5e77e10b9ed9 129 4 1 4 3 0 8 9
5813 7567a97538222525 127 4 1 4 2 0 8 9
5814 773298505fcf934b 125 4 1 4 2 0 8 7
5815 9953d58d03515414 124 4 1 4 2 0 8 7
5816 c9c0d56e4d35d00a 124 4 1 4 2 0 8 7
5817 5e07033d64945787 122 4 1 4 2 0 7 6
5818 ccf24ce2b2e7421b 121 4 1 4 2 0 7 6
5819 9faa99aae0e2552e 121 4 1 4 2 0 7 6
5820 1a437be565dca23d 121 4 1 4 2 0 7 6
5821 43d7a44a8d370c6d 121 4 1 4 2 0 7 6
5822 19f1187579fa4e05 121 4 1 4 2 0 7 6
5823 b3135aa17b0a965d 122 4 1 4 2 0 7 6
5824 c616840688c38102 121 4 1 4 2 0 7 5
5825 dbf406ac928b0c01 120 4 1 4 2 0 7 4
5826 f808c82d4069daa4 120 4 1 4 2 0 7 4
5827 d7371df7ad97186c 120 4 1 4 2 0 7 4
5828 49ec9597497a9565 120 4 1 4 2 0 7 4
5829 7da310d8aef4d5cc 120 4 1 4 2 0 7 4
5830 ec0c96f664844bfb 120 4 1 4 2 0 7 4
5831 d4dcf5c408ee54dc 120 4 1 4 2 0 7 4
5832 582d1e9f042f7dda 120 4 1 4 2 0 7 4
5833 6d16455916c352ad 119 4 1 4 2 0 7 4
5834 a866efdb921b016a 119 4 1 4 2 0 7 4
5835 b638e155248ac6ca 119 4 1 4 2 0 7 4
5836 9a9c3aae6b9c5324 119 4 1 4 2 0 7 4
5837 fdd81b72ded0f282 119 4 1 4 2 0 7 4
5838 77b4bb185ed63df3 118 4 1 4 2 0 7 4
5839 6891c5a6eff07719 120 4 1 4 2 0 7 4
5840 c85d8bbb1ba1c10b 120 4 1 4 2 0 7 4
5841 37e502b3c03fedb2 120 4 1 4 2 0 7 4
5842 d8a6fc0fe4fa3301 121 4 1 4 2 0 7 4
5843 e97c8b8c92d9d63a 121 4 1 4 2 0 7 4
5844 5275f7405b06c806 121 4 1 4 2 0 7 4
5845 a6a1e66059297159 121 4 1 4 2 0 7 4
5846 876ff7e65be9c233 121 4 1 4 2 0 7 4
5847 0953e7ca4833d4d4 121 4 1 4 2 0 7 4
5848 65091318529adbc6 121 4 1 4 2 0 7 4
5849 f38ab97bee8424e2 121 4 1 4 2 0 7 4
5850 314b222b19aca551 122 4 1 4 2 0 7 4
5851 f038e2d80031ef12 122 4 2 4 2 0 7 4
5852 a295f3eb2f1dd89e 121 4 2 4 2 0 7 4
5853 c033a353f3ad7f39 122 4 2 4 2 0 7 4
5854 0ee8da41e85f9403 122 4 2 4 2 0 7 4
5855 dc4b9d47c5a48c14 122 4 2 4 2 0 7 4
5856 dc14a416f7700477 122 4 2 4 2 0 7 4
5857 5785b3d4cfef0092 120 4 2 4 2 0 6 4
5858 4788be1f84772b55 120 4 2 4 2 0 6 3
5859 cffc27b8fa87eb36 120 4 2 4 2 0 6 3
5860 d13eab48a4416a86 120 4 2 4 2 0 6 3
5861 ffd371f5b9bd0f22 121 4 2 4 2 0 6 3
5862 6a4cac4691c9de10 121 4 2 4 2 0 6 3
5863 ccd1d15c9994ece1 121 4 2 4 2 0 6 3
5864 1ff2b5f0ee5eb113 121 4 2 4 2 0 6 3
5865 8411b3251fb8e5ab 121 4 2 4 2 0 6 3
5866 f0c2c477683ad409 121 4 2 4 2 0 6 3
5867 647e8e8052422f1e 121 4 2 4 2 0 6 3
5868 19bf4211f64e9043 122 4 2 4 2 0 6 3
5869 1166403ba5a78294 122 4 2 4 2 0 6 3
5870 81560dcea860de11 122 4 2 4 2 0 6 3
5871 ae76c678f1d17d2b 121 4 2 4 2 0 6 3
5872 de9c32fad3086e86 121 4 2 4 2 0 6 3
5873 fe7ef781bb0c2233 121 4 2 4 2 0 6 3
5874 498afffa1265d9c8 121 4 2 4 2 0 6 3
5875 78cf672ac9f1e7c8 121 4 2 4 2 0 6 3
5876 30f7e94261624a5d 121 4 2 4 2 0 6 3
5877 9441916170b61e9b 121 4 2 4 2 0 6 3
5878 de883b36c2fc4c55 122 4 2 4 2 0 6 3
5879 d5bfcfa498d2477b 122 4 2 4 2 0 6 3
5880 0a1485db06b1641b 122 4 2 4 2 0 6 3
5881 d9545924620d21e6 121 4 2 4 2 0 5 3
5882 462616a4a38f9bf0 121 4 2 4 2 0 5 3
5883 010f25ca85859737 120 4 2 4 2 0 5 3
5884 86faf4759045e2e6 121 4 2 4 2 0 5 3
5885 4d6346425eaf64cc 121 4 2 4 2 0 5 3
5886 3d2c845cc4f3b291 121 4 2 4 2 0 5 3
5887 1d13c049d36ec790 121 4 2 4 2 0 5 3
5888 b0bc353c849a467e 121 4 2 4 2 0 5 3
5889 217a73488eb020c7 121 4 2 4 2 0 5 3
5890 7dfe7720026b06c3 120 4 2 4 2 0 5 3
5891 434df6a3948c35f6 121 4 2 4 2 0 5 3
5892 63ecd6e29d455817 119 4 2 4 2 0 4 2
5893 00684fd7687af37a 118 4 1 4 2 0 4 2
5894 039684faeb62a596 117 4 1 4 2 0 4 2
5895 361b08a77b3549af 117 4 1 4 2 0 4 2
5896 95842811f40b8205 117 4 1 4 2 0 4 2
5897 4c8a18761ac31fa0 117 4 1 4 2 0 4 2
5898 7e1eaf3affaf437f 117 4 1 4 2 0 4 2
5899 e2998888b8bc6f6b 117 4 1 4 2 0 4 2
5900 0ea0276b78606616 118 4 1 4 2 0 4 2
5901 acc2aaee9c27bf34 119 4 1 4 2 0 4 2
5902 32cc4320a54c5759 119 4 1 4 2 0 4 2
5903 e3bb4ad2be3482a0 119 4 1 4 2 0 4 2
5904 48c94459a96de3f3 119 4 1 4 2 0 4 2
5905 31172bd0fe715e1e 118 4 1 4 2 0 4 1
5906 1e07314991ff06ac 118 4 1 4 2 0 4 1
5907 adf74251a352b967 117 4 1 4 2 0 4 1
5908 44abe6ea41d11df2 117 4 1 4 2 0 4 1
5909 c236740da56f2d53 117 4 1 4 2 0 4 1
5910 8e298ee4b2ced518 117 4 1 4 2 0 4 1
5911 f02d7a8621a2c598 117 4 1 4 2 0 4 1
5912 99a8439126428c42 117 4 1 4 2 0 4 1
5913 958caa0c0d824944 116 4 1 4 2 0 3 1
5914 5152ace7eedecdaf 116 4 1 4 2 0 3 1
5915 264f1bf42fc3329c 117 4 1 4 2 0 3 1
5916 7eaabbcefd703d04 117 4 1 4 2 0 3 1
5917 d02f62c669f6d464 117 4 1 4 2 0 3 1
5918 8354071bec9d223f 116 4 1 4 2 0 3 1
5919 af9bbc435c172b77 117 4 1 4 2 0 3 1
5920 f53ca98dcbcab164 117 4 1 4 2 0 3 1
5921 b9e092e13d8e5a2c 116 4 1 4 2 0 3 1
5922 0cdb633dacfd50ff 116 4 1 4 2 0 3 1
5923 6062575982ea110d 116 4 1 4 2 0 3 1
5924 b262a482df7101b5 116 4 1 4 2 0 3 1
5925 bb76a5a1f9645e9e 116 4 1 4 2 0 3 1
5926 9281eea8ae322094 115 4 1 4 2 0 3 1
5927 70ebd1183848ddc3 115 4 1 4 2 0 3 1
5928 8b39eb98b635ea8a 116 4 1 4 2 0 3 1
5929 f67afe84b3d1a5eb 115 4 1 4 2 0 3 1
5930 916051abba14a0ee 114 4 1 4 2 0 3 1
5931 314e3f7f82e0f994 114 4 1 4 2 0 3 1
5932 0b95e1c45038dbdc 114 4 1 4 2 0 3 1
5933 6a0a96bc1188ea5d 114 4 1 4 2 0 3 1
5934 22e653b0ca9dbf0b 114 4 1 4 2 0 3 1
5935 b8e1a8759cc77cf5 113 4 1 4 2 0 3 1
5936 389aafc6090b3060 113 4 1 4 2 0 3 1
5937 693e46316cae1fc5 114 4 1 4 2 0 3 1
5938 db1ad5197b853639 113 4 1 4 2 0 2 1
5939 63f4434fdffa0ca3 113 4 1 4 2 0 2 1
5940 910dd5b66172ed83 113 4 1 4 2 0 2 1
5941 7a6604359131760e 113 4 1 4 2 0 2 1
5942 8a4974e5f811c5fd 113 4 1 4 2 0 2 1
5943 7ac478d1db4df567 114 4 1 4 2 0 2 1
5944 4dbfc41176b3de08 114 4 1 4 2 0 2 1
5945 43ca8ffa6c7d8a3a 115 4 1 4 2 0 2 1
5946 3ff223041bcaaa1b 115 4 1 4 2 0 2 1
5947 323d6c879d12e1e8 115 4 1 4 2 0 2 1
5948 d4396cda60cc9fcc 115 4 1 4 2 0 3 1
5949 388e4d63188e7fab 114 4 1 4 2 0 3 1
5950 a752b4ebf2abedff 112 4 1 4 2 0 3 0
5951 514a979a7dd91cbd 112 4 1 4 2 0 3 0
5952 ead33b8285e50d75 113 4 1 4 2 0 3 0
5953 53c55d6bdf85dab8 112 4 1 4 2 0 3 0
5954 808bcd88fc64b830 111 4 1 4 2 0 3 0
5955 5126c2d4d4c6a7e1 111 4 1 4 2 0 3 0
5956 86337046a5dfedb5 111 4 1 4 2 0 3 0
5957 0c708aab659f3f44 111 4 1 4 2 0 3 0
5958 6512d969ac2bc523 111 4 1 4 2 0 3 0
5959 519a26e7b6c3c2d9 110 4 1 4 2 0 3 0
5960 4cd27ace7e3830a6 109 4 1 4 2 0 3 0
5961 7dc1e29913c8a249 109 4 1 4 2 0 3 0
5962 fdcf93bd1e1385c4 110 4 1 4 2 0 3 0
5963 07437391e99260af 110 4 1 4 2 0 3 0
5964 912eba930cdf135a 110 4 1 4 2 0 3 0
5965 838703b8bc38d9df 110 4 1 4 2 0 3 0
5966 ef48d86245a054df 111 4 1 4 2 0 3 0
5967 1a1acdf342c6cf3f 111 4 1 4 2 0 3 0
5968 0c6cb0cc499c9164 111 4 1 4 2 0 3 0
5969 7bb15ee8a4867274 111 4 1 4 2 0 3 0
5970 18e0fcf691aaf908 110 4 1 4 2 0 3 0
5971 f8cbbdd6cc591776 111 4 2 4 2 0 3 0
5972 9a203673ef2e49b4 111 4 2 4 2 0 3 0
5973 356ae9b858862e68 111 4 2 4 2 0 3 0
5974 a417b223cf08fd1f 111 4 2 4 2 0 3 0
5975 fae43bd6b6b168b8 111 4 2 4 2 0 3 0
5976 7840fa9586f902d4 112 4 2 4 2 0 3 0
5977 630f31c4cfd1ec5a 112 4 2 4 2 0 3 0
5978 85e4375a90539cc9 113 4 2 4 2 0 3 0
5979 35c8890a4edc115a 113 4 2 4 2 0 3 0
5980 dd850fcf6ff06a47 113 4 2 4 2 0 3 0
5981 8011f673d2e2c69a 112 4 2 4 2 0 3 0
5982 21b26e6d60f49186 111 4 2 4 2 0 3 0
5983 b7b4a94751eb029b 111 4 2 4 2 0 3 0
5984 111999bd4dda10f1 112 4 2 4 2 0 3 0
5985 f6b30cfad5986072 112 4 2 4 2 0 3 0
5986 d9d1d68288b999a3 112 4 2 4 2 0 3 0
5987 8f607c954c33dbcb 112 4 2 4 2 0 3 0
5988 8efe48d8be427a9c 113 4 2 4 2 0 4 0
5989 d7a010ef7ea36a6e 113 4 2 4 2 0 4 0
5990 491f028c77419f39 111 4 2 4 2 0 4 0
5991 eaa4fdcada43f825 111 4 2 4 2 0 4 0
5992 b91d419f030ab7ff 111 4 2 4 2 0 4 0
5993 586890dce4f2ae53 111 4 2 4 2 0 4 0
5994 e22afe6a811189d5 111 4 2 4 2 0 4 0
5995 31b3b7d560e8e39a 110 4 2 4 2 0 4 0
5996 2899e5c391c48115 110 4 2 4 2 0 4 0
5997 8336fe36b63ecd9e 109 4 2 4 2 0 4 0
5998 d8cef7e4472193d5 108 4 2 4 2 0 4 0
5999 b36f5b2c5783f505 107 4 2 4 2 0 4 0
6000 44c09f249fca5d91 107 4 2 4 2 0 4 0
6001 9438b778c1b872ea 106 4 2 4 2 0 4 0
6002 1def17e1c4ff949c 106 4 2 4 2 0 4 0
6003 87b3d5316ac69b75 107 4 2 4 2 0 5 0
6004 362b48548de3ca77 107 4 2 4 2 0 5 0
6005 9abb29a2051e5bb5 107 4 2 4 2 0 5 0
6006 c2965bce64052af5 108 4 2 4 2 0 5 0
6007 18dc613ecdcebb1d 107 4 2 4 2 0 5 0
6008 3bb035bcc930756a 107 4 2 4 2 0 5 0
6009 e0e246a345ebc8ae 107 4 2 4 2 0 5 0
6010 5e1b5870f181f60b 106 4 2 4 2 0 5 0
6011 605c0d75f5faf644 106 4 2 4 2 0 5 0
6012 44620b78e948551c 106 4 2 4 2 0 5 0
6013 d59dad14ee3c29b7 107 4 2 4 2 0 5 0
6014 c578b68495d42a6e 108 4 2 4 2 1 5 0
6015 6752d39a0347fe25 108 4 2 4 2 1 5 0
6016 8c07c0fe94eaff1d 108 4 2 4 2 1 5 0
6017 97d7b1468667991b 108 4 2 4 2 1 5 0
6018 f3ff4c2375f4d274 109 4 2 4 2 1 5 0
6019 b58800825004fedd 109 4 2 4 2 1 5 0
6020 0cbbaf0f6e488c51 109 4 2 4 2 2 5 0
6021 8bb0aa75ef7857a5 108 4 2 4 2 1 5 0
6022 2a413ebf41865ca3 108 4 2 4 2 1 5 0
6023 e30449a9c335e9f6 108 4 2 4 2 1 5 0
6024 f08fdb2d6ff8fae7 108 4 2 4 2 1 5 0
6025 6ee0299f112fee34 109 4 2 4 2 1 5 0
6026 bfb2f15f0603590b 109 4 2 4 2 1 5 0
6027 2b82f361d0efdf29 109 4 2 4 2 1 5 0
6028 7ad038f0b49f9744 110 4 2 4 2 1 6 0
6029 adf31e349f099dc6 111 4 2 4 2 1 6 0
6030 98bc6c502a6df16c 111 4 2 4 2 1 6 0
6031 625817dbcb75102b 110 4 2 4 2 0 6 0
6032 cb89c0141c37e6d3 111 4 2 4 2 1 6 0
6033 ce8b85a5720d5210 110 4 2 4 2 1 5 0
6034 2d84a1b88e2c2cab 110 4 2 4 2 1 5 0
6035 1384e4adc086aa2a 110 4 2 4 2 1 5 0
6036 5d6bcbdeab6e1e87 110 4 2 4 2 1 5 0
6037 128c0d7b0f778783 109 4 2 4 2 0 5 0
6038 d0839796703e1479 111 4 2 4 2 1 5 0
6039 ab7a0312f3eb3390 111 4 2 4 2 1 5 0
6040 8c8baa4ab0cf8000 111 4 2 4 2 1 5 0
6041 ec543d4f86e779dd 111 4 2 4 2 1 5 0
6042 7232188837caabaa 110 4 2 4 2 0 4 0
6043 b1dc11b5ada4d813 111 4 2 4 2 0 5 0
6044 59030747ea3d1add 111 4 2 4 2 0 5 0
6045 3bacf05e4cec9774 112 4 2 4 2 0 5 0
6046 18e7d01434df56cc 113 4 2 4 2 0 5 0
6047 09dd8c0bb4824800 113 4 2 4 2 0 5 0
6048 261740642d187b00 112 4 2 4 2 0 5 0
6049 551b10f8386724e5 112 4 2 4 2 0 5 0
6050 9cf00ba6f3cd98ae 112 4 2 4 2 0 5 0
6051 0cc1c76e03ac74e8 112 4 2 4 2 0 5 0
6052 b0a310a1696186a5 112 4 2 4 2 0 5 0
6053 038315c465e41205 111 4 2 4 2 0 5 0
6054 9b8d01ec0b45cb95 112 4 2 4 2 0 5 0
6055 ded4461eb2bf0f49 112 4 2 4 2 0 5 0
6056 434505eec1b0f64a 112 4 2 4 2 0 5 0
6057 bb26655b82a5e4f3 111 4 2 4 2 0 4 0
6058 094000f816ba7407 110 4 2 4 2 0 4 0
6059 b5ca67c66aa8b24b 110 4 2 4 2 0 4 0
6060 74a1b99b7277b937 110 4 2 4 2 0 4 0
6061 cf4929f75d052324 109 4 2 4 2 0 4 0
6062 0d44e79adf558692 109 4 2 4 2 0 4 0
6063 8575f478b5a478b1 109 4 2 4 2 0 4 0
6064 b66466cbfb2b792c 109 4 2 4 2 0 4 0
6065 7b0ab427b946afd5 109 4 2 4 2 0 4 0
6066 7a53b1fb60ecd6a8 108 4 2 4 2 0 4 0
6067 05cc790e892a4ef1 108 4 2 4 2 0 4 0
6068 fe08e1e185f2c71d 108 4 2 4 2 0 4 0
6069 1f5bdb12005370af 107 4 2 4 2 0 4 0
6070 f68ed61256cdb46e 107 4 2 4 2 0 4 0
6071 5f55488faaced3ac 107 4 2 4 2 0 4 0
6072 038c13d92f63e0da 107 4 2 4 2 0 4 0
6073 188c7af2103803e8 107 4 2 4 2 0 4 0
6074 835d093017edd062 107 4 2 4 2 0 4 0
6075 a8902dcef98b4f3c 108 4 2 4 2 0 4 0
6076 e62c0c7d42e30efa 108 4 2 4 2 0 4 0
6077 a5e2e53c022da475 108 4 2 4 2 0 4 0
6078 10b5c27991a83243 108 4 2 4 2 0 4 0
6079 178005bafbc35ee9 109 4 2 4 2 0 4 1
6080 94e151c3f29a299b 109 4 2 4 2 0 4 1
6081 edb6801486a40e23 109 4 2 4 2 0 4 1
6082 202cd0c5ffbca8ec 109 4 2 4 2 0 4 1
6083 f94d49d491bf817f 110 4 2 4 2 0 5 1
6084 97ea5ca76e35c457 110 4 2 4 2 0 5 1
6085 20c27a244cd923dc 111 4 2 4 2 0 5 2
6086 f08c4ebcf194e748 112 4 2 4 2 0 5 2
6087 233f4ee49bc007ca 112 4 2 4 2 0 5 2
6088 165832ceaff5c132 112 4 2 4 2 0 5 3
6089 b45c50bc090334de 112 4 2 4 2 0 5 3
6090 ff85c383b623d2ca 112 4 2 4 2 0 5 3
6091 cfd31abef3bb2328 114 4 2 5 2 0 5 4
6092 32c2dec6d01b8c17 115 4 2 5 2 0 6 4
6093 3eebfda5e04666b9 115 4 2 5 2 0 6 4
6094 73a37653c613cfff 116 4 2 5 2 0 6 5
6095 9a32565b32df77e6 116 4 2 5 2 0 6 5
6096 90bb95a111c7b09d 116 4 2 5 2 0 6 5
6097 5aca3edd4f5da094 117 4 2 5 2 0 6 6
6098 fc3b80e36076b1bf 117 4 2 5 2 0 6 6
6099 3b0a1f47a86aa3c1 117 4 2 5 2 0 6 6
6100 28c79a80119b0bba 118 4 2 5 2 0 6 7
6101 d74a659f9bbf86cf 118 4 2 5 2 0 6 7
6102 8f6780da22e3257c 118 4 2 5 2 0 6 7
6103 6cf2628f2fb30995 118 4 2 5 2 0 5 8
6104 c3ab2edf07da74db 118 4 2 5 2 0 5 8
6105 55734576b3af0069 118 4 2 5 2 0 5 8
6106 43bf70fb4571736d 120 4 2 5 2 0 5 9
6107 4ee756907231be9b 120 4 2 5 2 0 5 9
6108 99de8c72dd6b5c62 121 4 2 5 2 0 5 9
6109 5b71ce1889b08021 121 4 2 5 2 0 5 10
6110 d31e1ffe6bc1973c 121 4 2 5 2 0 5 10
6111 a1dbb7b8e952bd53 121 4 2 5 2 0 5 10
6112 9f8e3c35f25786a0 123 4 2 5 2 0 6 11
6113 f5524512ccd8be5e 124 4 2 5 2 0 6 11
6114 b36f96a7fe75c052 125 4 2 5 2 0 6 11
6115 4c93771b533e436f 126 4 2 5 2 0 6 12
6116 450568a5f3a3b56c 126 4 2 5 2 0 6 12
6117 84f72419c257865f 126 4 2 5 2 0 6 12
6118 f21d48b24e81be1b 127 4 2 5 2 0 6 13
6119 a3d02301cca3c3e6 127 4 2 5 2 0 6 13
6120 befad4fe40543f8e 127 4 2 5 2 0 6 13
6121 2ea844e711dd9c29 129 4 2 5 3 0 6 14
6122 44f8f658f61719fa 128 4 2 5 3 0 5 14
6123 cb71d4ec6ade1b93 128 4 2 5 3 0 5 14
6124 dbc27d59d8d0bd24 129 4 2 5 3 0 5 15
6125 fcbf309b7e9769f3 129 4 2 5 3 0 5 15
6126 53dafb3d3f177e4c 130 4 2 5 3 0 5 15
6127 21f38c665c4d1319 129 4 2 5 3 0 5 15
6128 2e361fe9a764297a 129 4 2 5 3 0 5 15
6129 f27994a4354c0e73 130 4 2 5 3 0 5 15
6130 546d38bb3155b63c 133 4 2 5 3 0 5 17
6131 e7e68b5e84a50df3 133 4 2 5 3 0 5 17
6132 33595ee7eae7ae52 134 4 2 5 3 0 5 17
6133 a8d3052e7fd255fb 134 4 2 5 3 0 5 17
6134 712547942acd2799 134 4 2 5 3 0 5 17
6135 c8ae5da063dd3985 135 4 2 5 3 1 5 17
6136 b45f7508aa8b61cd 135 4 2 5 3 1 5 17
6137 133d2873d182a5d1 134 4 2 5 3 1 5 17
6138 bd6383c8b6a78052 134 4 2 5 3 1 5 17
6139 7406376e5df4e3db 135 4 2 5 3 1 5 18
6140 d9b154585f2e1ee4 135 4 2 5 3 1 5 18
6141 e7a36a20f577daec 136 4 2 5 3 2 5 18
6142 bd4231bb41500c76 135 4 2 5 3 1 5 18
6143 d85046fa2e42079d 135 4 2 5 3 1 5 18
6144 f5b6ee0556342a6f 136 4 2 5 3 1 5 18
6145 d46c334c00be1573 137 4 2 5 3 1 5 18
6146 1fe33fcda3230172 136 4 2 5 3 1 4 18
6147 93084ee2699dbd55 136 4 2 5 3 1 4 18
6148 3a70a15c4b2812cd 135 4 2 5 3 1 4 18
6149 40dc54a0068a9879 135 4 2 5 3 1 4 18
6150 6b4994b42a0b531e 135 4 2 5 3 1 4 18
6151 7bf664d1c8888fa5 135 4 2 5 3 1 4 18
6152 d9c98cfe4071f4f3 135 4 2 5 3 0 5 18
6153 64f17da2915a98a9 135 4 2 5 3 1 5 18
6154 266b7d6cd4d0bf01 135 4 2 5 3 1 5 18
6155 2d874d28fc85a6b9 135 4 2 5 3 1 5 18
6156 7432e2bf2f5dbf8c 135 4 2 5 3 1 5 18
6157 062306139ca1ec7e 136 4 2 5 3 1 5 18
6158 bc415804fe0b8967 136 4 2 5 3 0 5 18
6159 c87e929e44689fbd 137 4 2 5 3 1 5 18
6160 46ac766e6a72713c 137 4 2 5 3 1 5 18
6161 1b07e83ba1925b5b 137 4 2 5 3 1 5 18
6162 1bfc112f575dadaf 138 4 2 5 3 1 5 18
6163 d314f34c2e2bb445 139 4 2 5 3 0 5 18
6164 cff4d661d81f8a47 139 4 2 5 3 0 5 18
6165 3d27ee440d1f139b 139 4 2 5 3 0 5 18
6166 119e394b5103f59d 139 4 2 5 3 0 5 18
6167 677ead5adb2953e3 139 4 2 5 3 0 5 18
6168 e02a4a669c2fa016 139 4 2 5 3 0 5 18
6169 c2110c413e5a5f8a 139 4 2 5 3 0 5 18
6170 ae0831c9ed35cf08 138 4 2 5 3 0 4 18
6171 ac02708680ec4a9d 138 4 2 5 3 0 4 18
6172 cd752954b49f65b9 139 4 2 5 3 0 4 18
6173 1063bf176c34b828 139 4 2 5 3 0 4 18
6174 bd32a59e9bd03ecc 140 4 2 5 3 0 4 18
6175 d31ce9b8b9f86ad6 141 4 2 5 3 0 4 18
6176 58cd75670c4c3db1 141 4 2 5 3 0 4 18
6177 700b88236593709d 140 4 2 5 3 0 4 18
6178 d85d4d23d007b544 140 4 2 5 3 0 4 18
6179 c2e9936eecebebac 139 4 2 5 3 0 4 17
6180 6537eb21c5826b7c 137 4 1 5 3 0 4 16
6181 189d60e6b9624764 136 4 1 5 3 0 4 16
6182 47ed5eacf27a5a33 136 4 1 5 3 0 4 16
6183 5f53ba3d0dba5788 136 4 1 5 3 0 4 16
6184 bee365e6d4d5ba6f 135 4 1 5 3 0 4 16
6185 cdb683b90fd199c0 135 4 1 5 3 0 4 16
6186 ffe2efbf28b0066c 135 4 1 5 3 0 4 16
6187 356c52b3a5cb0c09 135 4 1 5 3 0 4 16
6188 882b434b75f6ed8d 134 4 1 5 3 0 4 16
6189 ee45aee47ce432b2 134 4 1 5 3 0 4 16
6190 68a6c1fdb8dc7de8 134 4 1 5 3 0 4 16
6191 0a710b4c83bf868c 133 4 1 5 3 0 3 16
6192 1bb20cf02fc383b7 133 4 1 5 3 0 3 16
6193 d989bbd7f9394ad8 133 4 1 5 3 0 3 16
6194 0ad64868e6e9a8fc 133 4 1 5 3 0 3 16
6195 e4aa7399a22631fb 132 4 1 5 3 0 3 16
6196 fbdcd039b067f97e 131 4 1 5 3 0 3 16
6197 9ff1d3b7a461e702 131 4 1 5 3 0 3 16
6198 2612879ecff4a4ec 130 4 1 5 3 0 3 16
6199 6537d77a4ccfae1c 130 4 1 5 3 0 3 16
6200 6d9e0fc99e5b0eb0 130 4 1 5 3 0 3 16
6201 c41f70bb549d272f 129 4 1 5 3 0 3 16
6202 f13199adc7413c48 129 4 1 5 3 0 3 16
6203 49aba9e6a3b81257 129 4 1 5 3 0 3 16
6204 4026515c9d19ed18 130 4 1 5 3 0 3 16
6205 8b18c298caf00605 130 4 1 5 3 0 3 16
6206 6a3c4dd5bebdb584 130 4 1 5 3 0 3 16
6207 43c37a29d4d7268a 130 4 1 5 3 0 3 16
6208 715228b53520e35a 130 4 1 5 3 0 3 16
6209 47f0ea4ba0c5b62e 130 4 1 5 3 0 3 16
6210 1ebae7a985e3aa99 130 4 1 5 3 0 3 16
6211 f2f5904739a214ae 131 4 2 5 3 0 3 16
6212 46682868be1f25c3 131 4 2 5 3 0 3 16
6213 0fae3f5fad831735 130 4 2 5 3 0 3 16
6214 d36acdce2f71bc99 130 4 2 5 3 0 3 16
6215 b09d15dab0a8da0e 129 4 2 5 3 0 2 16
6216 54bce5a86d7ac509 129 4 2 5 3 0 2 16
6217 667a3f9567800da4 129 4 2 5 3 0 2 16
6218 ecfe946fdf4b1d28 129 4 2 5 3 0 2 16
6219 5de1e8f2ab1a1c7c 129 4 2 5 3 0 2 16
6220 4d6c1c8ec4497d63 129 4 2 5 3 0 2 16
6221 15ee4896707554ef 129 4 2 5 3 0 2 16
6222 35772c4276fef206 129 4 2 5 3 0 2 16
6223 577b3b604813f887 129 4 2 5 3 0 2 16
6224 ff7f7d0c13dc0745 130 4 2 5 3 0 2 16
6225 b95e4292a85d3253 130 4 2 5 3 0 2 16
6226 2a6cab834410429a 129 4 2 5 3 0 2 15
6227 2e17ff1eacc5525e 128 4 1 5 3 0 2 15
6228 9ac5dc0b434c8f73 129 4 1 5 3 0 2 15
6229 bc086a30f0f36e29 128 4 1 5 3 0 1 15
6230 1863fbf5b0d389d5 128 4 1 5 3 0 1 15
6231 dc97800cc9eecc70 127 4 1 5 3 0 1 14
6232 576c863916d698c0 127 4 1 5 3 0 1 14
6233 d0860002e154a496 126 4 1 5 3 0 1 14
6234 684bea12d179ce2e 126 4 1 5 3 0 1 14
6235 73b647f8115e0f7d 126 4 1 5 3 0 1 14
6236 264b36ef3444ce1c 126 4 1 5 3 0 1 14
6237 b21b92dba579455e 126 4 1 5 3 0 1 14
6238 d5af801e6189062f 126 4 1 5 3 0 1 14
6239 da9d735ffabaa415 127 4 1 5 3 0 1 14
6240 eb68291f112dcb36 127 4 1 5 3 0 1 14
6241 76901f8228dfa0df 127 4 1 5 3 0 1 14
6242 4fd9a1c68ae1f334 127 4 1 5 3 0 1 14
6243 3bfc8afcca5ce98f 128 4 1 5 3 0 1 14
6244 34850e0ec1e21f63 128 4 1 5 3 0 1 14
6245 602d50c1aa5a23ac 128 4 1 5 3 0 1 14
6246 a8d5b43e632f8745 129 4 1 5 3 0 1 14
6247 0f201311b53715dd 130 4 1 5 3 0 1 14
6248 eb310e484c5c3c92 131 4 1 5 3 0 1 14
6249 c34eda81e66121be 131 4 1 5 3 0 1 14
6250 4c6b3db3f2bcaf47 131 4 1 5 3 0 1 14
6251 989a1cc9adac012d 131 4 1 5 3 0 1 14
6252 d7b95a0e177f1390 131 4 1 5 3 0 1 14
6253 ab6117afd2f333ff 130 4 1 5 3 0 1 14
6254 949dc2f6b3aadbc0 130 4 1 5 3 0 1 14
6255 688261732aa19624 130 4 1 5 3 0 1 14
6256 7fa08ffeba64091c 131 4 1 5 3 0 1 14
6257 4462905268816ad0 131 4 1 5 3 0 1 14
6258 cc3987330553cf19 131 4 1 5 3 0 1 14
6259 9a430aa8d8b66e5f 131 4 1 5 3 0 1 14
6260 579a09d39687d974 131 4 1 5 3 0 1 14
6261 8b34594d4168412f 131 4 1 5 3 0 1 14
6262 8ff3f1e6197daa43 131 4 1 5 3 0 1 14
6263 c1e6084279a37454 129 4 1 5 3 0 1 13
6264 2daf0515d65a4483 128 4 1 5 3 0 1 12
6265 e1ef8dc4ed37272a 128 4 1 5 3 0 1 12
6266 627905ef5841416d 128 4 1 5 3 0 1 12
6267 933b42f32a5b91c1 129 4 1 5 3 0 1 12
6268 8ab71336ec8f40f9 129 4 1 5 3 0 1 12
6269 79dadc61f2deb53f 130 4 1 5 3 0 1 12
6270 43204131b719c187 130 4 1 5 3 0 1 12
6271 fa2c23fc6faf3e22 130 4 1 5 3 0 1 12
6272 3250405fae5ebac5 130 4 1 5 3 0 1 12
6273 e80425e87ce7c4a0 130 4 1 5 3 0 1 12
6274 d728ab6352522e87 130 4 1 5 3 0 1 12
6275 65694cf0dae3baab 130 4 1 5 3 0 1 12
6276 459469144a0095f4 130 4 1 5 3 0 1 12
6277 f4fd6dc26f5b3497 130 4 1 5 3 0 1 12
6278 d0e98922596329b4 130 4 1 5 3 0 1 12
6279 094b73deff8b2a40 131 4 1 5 3 0 1 12
6280 beb5713d421cff45 130 4 1 5 3 0 1 12
6281 8625ac7f253f43b7 130 4 1 5 3 0 1 12
6282 80d0e8f4448cb4c8 130 4 1 5 3 0 1 12
6283 05a75bfcce170f2e 130 4 1 5 3 0 1 12
6284 8039a9af2669b055 131 4 1 5 3 0 1 12
6285 3cc9deab3e7301b1 131 4 1 5 3 0 1 12
6286 1cdcc7fae39288af 131 4 1 5 3 0 1 12
6287 6b9f181ea4de968f 132 4 1 5 3 0 1 12
6288 9647743b822e184e 133 4 1 5 3 0 1 12
6289 c2bb627ac72c48db 133 4 1 5 3 0 1 12
6290 aa399b1af18702f9 132 4 1 5 3 0 1 12
6291 b71220142a7bb27b 132 4 1 5 3 0 1 12
6292 5ddec961180ef18c 133 4 1 5 3 0 1 12
6293 62770dec88c6e800 133 4 1 5 3 0 1 12
6294 7bbaaae61308c294 133 4 1 5 3 0 1 12
6295 1defa216c8b798b2 133 4 1 5 3 0 1 12
6296 2614cc3c89f735ea 133 4 1 5 3 0 1 12
6297 c0dde666af0ea941 133 4 1 5 3 0 1 12
6298 153ca5b99ec9e76f 133 4 1 5 3 0 1 12
6299 bd5f545028c12b3d 133 4 1 5 3 0 1 12
6300 7ac472643007871e 133 4 1 5 3 0 1 12
6301 a1445e42980b820c 133 4 1 5 3 0 1 12
6302 fc5eab3adce8d33c 134 4 1 5 3 0 1 12
6303 30c79bee40d7ea89 133 4 1 5 3 0 1 12
6304 47ab4e1ff1d70772 133 4 1 5 3 0 1 12
6305 2ed2182953d49db2 133 4 1 5 3 0 1 12
6306 9c5a7af635e13cf0 133 4 1 5 3 0 1 12
6307 4cc507bb57cd210b 133 4 1 5 3 0 1 12
6308 ed37e99be97d9bfa 133 4 1 5 3 0 1 12
6309 3bb9fbc4dcbe1065 134 4 1 5 3 0 1 12
6310 69589b348d6f8952 134 4 1 5 3 0 1 12
6311 9f9a2a1ae8ca9d4d 133 4 1 5 3 0 1 12
6312 61dcb7c9ee01374a 133 4 1 5 3 0 1 12
6313 f3d6c073166ac41e 133 4 1 5 3 0 1 12
6314 036194c8aa9f7393 133 4 1 5 3 0 1 12
6315 d216bf6dbefb3f6c 134 4 1 5 3 0 1 12
6316 92b25b2d52598ab3 134 4 1 5 3 0 1 12
6317 840c8d3d0260179f 134 4 1 5 3 0 1 12
6318 8c84cd05857acc59 134 4 1 5 3 0 1 12
6319 2bff4ccf20bf7cd4 133 4 1 5 3 0 1 12
6320 901c4913ba18004c 133 4 1 5 3 0 1 12
6321 aa0e45ba29599d95 133 4 1 5 3 0 1 12
6322 6d1c5de31300dd90 133 4 1 5 3 0 1 12
6323 9799a7115de7565c 134 4 1 5 3 0 2 12
6324 0afc39a14dd6e085 134 4 1 5 3 0 2 12
6325 8c5ef763767a0c4c 134 4 1 5 3 0 2 12
6326 4bdc7f24ca90b02b 135 4 1 5 3 0 2 12
6327 8144902345a685a3 135 4 1 5 3 0 2 12
6328 4f2a0fd9b0b3db40 135 4 1 5 3 0 2 12
6329 d292d3351b538915 136 4 1 5 3 0 2 12
6330 3d106884d048b25e 135 4 1 5 3 0 2 12
6331 d426b2f6dbf667fd 136 4 2 5 3 0 2 12
6332 17b129df73bb7702 136 4 2 5 3 0 2 12
6333 1d609e063e5eaffb 136 4 2 5 3 0 2 12
6334 cd26cd4f7a288a25 136 4 2 5 3 0 2 12
6335 551017f86afbe051 136 4 2 5 3 0 2 12
6336 156e4410dd76654c 135 4 2 5 3 0 2 11
6337 e13f8008a5d3ae94 135 4 1 5 3 0 2 11
6338 736e850038e35349 133 4 1 5 3 0 1 11
6339 35a87d7feadff109 133 4 1 5 2 0 1 11
6340 77e380bd146ed6d2 133 4 1 5 2 0 1 11
6341 496973f7185959bf 133 4 1 5 2 0 1 11
6342 99f14ef8553c51e6 134 4 1 5 2 0 1 11
6343 c3440796b54babec 134 4 1 5 2 0 1 11
6344 962cbbf2f61cebdd 134 4 1 5 2 0 1 11
6345 6703c98a2e800e2e 134 4 1 5 2 0 1 11
6346 bb65512f82ee914a 134 4 1 5 2 0 1 10
6347 19a7c0f592b7e6a7 134 4 1 5 2 0 1 10
6348 a19cbef3964fc0ce 133 4 1 5 2 0 1 10
6349 e111e4380b4f7cbb 133 4 1 5 2 0 1 10
6350 e695b844a689495b 133 4 1 5 2 0 1 10
6351 618eb7e6a80d8055 132 4 1 5 2 0 1 10
6352 798c556bf0abbeab 132 4 1 5 2 0 1 10
6353 6dfb3b82d45973ae 132 4 1 5 2 0 1 10
6354 e92eb182912d9592 132 4 1 5 2 0 1 10
6355 f6c957088f263ab7 133 4 1 5 2 0 1 10
6356 116e32cfae16cda7 133 4 1 5 2 0 1 10
6357 b7ec5da1ad1587cd 133 4 1 5 2 0 1 10
6358 fe84c9826030fad4 133 4 1 5 2 0 1 10
6359 9a51bb4bae1f54e6 133 4 1 5 2 0 1 10
6360 7fcafe1161b41ac3 133 4 1 5 2 0 1 10
6361 a5bd0366eb23aed5 134 4 1 5 2 0 1 10
6362 481fdfddfb5319f7 134 4 1 5 2 0 1 10
6363 0ce55459543f7620 135 4 1 5 2 0 2 10
6364 4f8c81dc78b46629 133 4 1 5 2 0 2 10
6365 398d1dc139220c95 133 4 1 5 2 0 2 10
6366 5d59ede794ea1554 133 4 1 5 2 0 2 10
6367 a928c4e811be6d47 133 4 1 5 2 0 2 10
6368 e2f852c48c8566dc 133 4 1 5 2 0 2 10
6369 9b37d2b39ff01cd3 134 4 1 5 2 0 2 10
6370 bcaf7f2dc7b12e32 135 4 1 5 2 0 2 10
6371 29da9c568f8bd835 134 4 1 5 2 0 2 10
6372 8ab384c7816b3566 135 4 1 5 2 0 2 10
6373 41da24304ab2c8aa 135 4 1 5 2 0 2 10
6374 c86340ea8d061f56 136 4 1 5 2 0 2 10
6375 085b29af02066975 136 4 1 5 2 0 2 10
6376 a32227e09f3abf5c 136 4 1 5 2 0 2 10
6377 49b5a7c9e8917d10 136 4 1 5 2 0 2 10
6378 b2d8286731545446 136 4 1 5 2 0 2 10
6379 a8bb6fbcb4495762 136 4 1 5 2 0 2 10
6380 fd64ece44fe3a7c1 136 4 1 5 2 0 2 10
6381 570c44624c234e39 136 4 1 5 2 0 2 10
6382 e7f3ebddf6a187c4 136 4 1 5 2 0 2 10
6383 5ef2883058ccb1d7 136 4 1 5 2 0 2 10
6384 f7fa4684ce7973ea 136 4 1 5 2 0 2 10
6385 be74d845b8178a84 135 4 1 5 2 0 2 9
6386 c87fbbf06f22d025 135 4 1 5 2 0 2 9
6387 5e372b308169520f 136 4 1 5 2 0 2 9
6388 3541631534421b10 136 4 1 5 2 0 2 9
6389 2a4cd940ac1bbeb7 136 4 1 5 2 0 2 9
6390 04cb9dada0ebfa55 136 4 1 5 2 0 2 9
6391 7fa367fdfe54160f 135 4 1 5 2 0 2 8
6392 100a83deeb0ef1c5 135 4 1 5 2 0 2 8
6393 0283fa5230c65a95 136 4 1 5 2 0 2 8
6394 0b06c8998907a4bf 136 4 1 5 2 0 2 8
6395 206762d486279e50 135 4 1 5 2 0 2 8
6396 0d950314dfaabc62 135 4 1 5 2 0 2 8
6397 e3d02cacc83f7f13 134 4 1 5 2 0 2 8
6398 c76224729c38b56e 134 4 1 5 2 0 2 8
6399 031a9949278ef00e 134 4 1 5 2 0 2 8
6400 5532dcfcbdb64122 134 4 1 5 2 0 2 8
6401 a9f64078c95edba7 134 4 1 5 2 0 2 8
6402 609c3306049aed72 132 4 1 5 2 0 2 8
6403 f0701de5163566a9 131 4 1 5 2 0 2 7
6404 36b2b6e74ed01b17 130 4 1 5 2 0 2 7
6405 4c349b177972c4b1 132 4 1 5 2 0 2 7
6406 1b849bfc91502ad6 131 4 1 5 2 0 2 6
6407 50669fc604eb9f81 131 4 1 5 2 0 2 6
6408 d526735a1f01c40b 130 4 1 5 2 0 2 6
6409 1dcc498ef9da48f2 130 4 1 5 2 0 2 6
6410 cab2216c94a71c16 130 4 1 5 2 0 2 6
6411 986c5de217ad42c0 129 4 1 5 2 0 2 6
6412 4ab03f0eddc6dd27 129 4 1 5 2 0 2 6
6413 da6d6dda29fe0ac6 128 4 1 5 2 0 1 6
6414 59697e2bd804e410 128 4 1 5 2 0 1 6
6415 b3848c246d42e293 128 4 1 5 2 0 1 6
6416 e0252afc56dff07b 128 4 1 5 2 0 1 6
6417 7b95db7b7b20ab6b 128 4 1 5 2 0 1 6
6418 42553b9bc29c9ade 127 4 1 5 2 0 1 5
6419 4ed985a2eafb6b3a 127 4 1 5 2 0 1 5
6420 cd4ec76dcde4b541 127 4 1 5 2 0 1 5
6421 9d0ef62d4050764a 126 4 1 5 2 0 1 4
6422 a6c054f437f3de01 126 4 1 5 2 0 1 4
6423 eba2594fad0eaf11 125 4 1 5 2 0 1 4
6424 9892acafa25b00a3 124 4 1 5 2 0 1 3
6425 26bd89929d170a82 124 4 1 5 2 0 2 3
6426 b6ac67fefb06a2c9 124 4 1 5 2 0 2 3
6427 32267f3027be8e1e 125 4 1 5 2 0 2 3
6428 fa6d9b2bb16aa246 125 4 1 5 2 0 2 3
6429 25b62521ec76b80b 126 4 1 5 2 0 2 3
6430 e030d9fdbbc591b8 124 4 1 5 2 0 2 1
6431 1e1e334f0662b536 124 4 1 5 2 0 2 1
6432 cf68499b49a93725 123 4 1 5 2 0 2 1
6433 0ce5d9e48356a389 123 4 1 5 2 0 2 1
6434 b9f0f56c2e19acb7 123 4 1 5 2 0 2 1
6435 9bd9ca7630c68dd0 123 4 1 5 2 0 2 1
6436 c325771cb0585f82 123 4 1 5 2 0 2 1
6437 af374eacf9b2d321 124 4 1 5 2 0 2 1
6438 86338192a50d6f65 123 4 1 5 2 0 2 1
6439 1015c5f9f9a1816a 122 4 1 5 2 0 2 0
6440 9aebef186cb7c929 123 4 1 5 2 0 2 0
6441 2c53e78894c586ae 123 4 1 5 2 0 2 0
6442 e2f7d0dbe8b1de97 122 4 1 5 2 0 1 0
6443 f67f783b41dbfb00 122 4 1 5 2 0 1 0
6444 65c0980a0f4079ff 122 4 1 5 2 0 1 0
6445 10833ca13ab06c9f 122 4 1 5 2 0 1 0
6446 494f888b368a2ac6 122 4 1 5 2 0 1 0
6447 fac5d23820e730f4 122 4 1 5 2 0 1 0
6448 e267e15ee1950c41 123 4 1 5 2 0 1 0
6449 4e654a6bd629ada7 124 4 1 5 2 0 1 0
6450 376d041420729d88 125 4 1 5 2 0 1 0
6451 586bde81bd53869a 126 4 1 6 2 0 1 0
6452 22a60332ec8a2abe 124 4 1 6 2 0 1 0
6453 ee3bde5e7c4a7f0e 124 4 1 6 2 0 1 0
6454 88d8debbeba69f42 125 4 1 6 2 0 1 0
6455 24bf160636ec8561 125 4 1 6 2 0 1 0
6456 4e3fe5166f77d74a 124 4 1 6 2 0 1 0
6457 20225c7e7985a298 125 4 1 6 2 0 1 0
6458 9b7d0488bce5243d 124 4 1 6 2 0 1 0
6459 c6283dabdffaeb6f 124 4 1 6 2 0 1 0
6460 feece0493ed485c5 124 4 1 6 2 0 1 0
6461 ef8e966c90006551 123 4 1 6 2 0 0 0
6462 f4388e511242d5ae 123 4 1 6 2 0 0 0
6463 e05eb570f5865a70 123 4 1 6 2 0 0 0
6464 1cbf0a4cc3461914 122 4 1 6 2 0 0 0
6465 59e68abb3d76d539 123 4 1 6 2 0 1 0
6466 38d473d8a380ddb0 123 4 1 6 2 0 1 0
6467 493867e89bc5d40b 123 4 1 6 2 0 1 0
6468 96d4b60ec2141651 123 4 1 6 2 0 1 0
6469 21e089134f14b53b 123 4 1 6 2 0 1 0
6470 952c66e499f5e275 123 4 1 6 2 0 1 0
6471 79db9a1904f508ef 123 4 1 6 2 0 1 0
6472 9d19bbdbb92946c0 123 4 1 6 2 0 1 0
6473 3d94652ec5144117 123 4 1 6 2 0 1 0
6474 ef135076ead37293 123 4 1 6 2 0 1 0
6475 63f5ea0267574233 123 4 1 6 2 0 1 0
6476 4e5e0ebf391a2ea0 123 4 1 6 2 0 1 0
6477 fb08f00131c087ff 124 4 1 6 2 0 1 0
6478 6992a21ea1e768e6 124 4 1 6 2 0 1 0
6479 83377b5146c57189 124 4 1 6 2 0 1 0
6480 1b4892cbf0230a8b 125 4 1 6 2 0 1 0
6481 4aa27d166f0d5b9a 124 4 1 6 2 0 0 0
6482 10d4e1493d121309 124 4 1 6 2 0 0 0
6483 07288b3f3b45ba76 124 4 1 6 2 0 0 0
6484 26310114b6d0d147 126 4 1 6 2 1 0 0
6485 d4e40cacdf8e1edc 126 4 1 6 2 1 0 0
6486 cf6c9f9a9be15eb5 125 4 1 6 2 1 0 0
6487 732ab4bc5c99f7f1 125 4 1 6 2 1 0 0
6488 e0f78642f3fdeb2c 126 4 1 6 2 1 0 0
6489 3f79febc2e297526 126 4 1 6 2 1 0 0
6490 9bee587a8251a8f5 127 4 1 6 2 2 0 0
6491 1f146cd518a62803 126 4 1 6 2 1 0 0
6492 ebdb86d7e05fb54c 127 4 1 6 2 1 0 0
6493 54ed5c64e94b0ce3 126 4 1 6 2 1 0 0
6494 d7c4dbd76c5400b2 126 4 1 6 2 1 0 0
6495 dbd356aac5a71a80 127 4 1 6 2 1 0 0
6496 01041e9ead978e66 127 4 1 6 2 1 0 0
6497 931c1a315fc5c4b2 127 4 1 6 2 1 0 0
6498 0ecf9e9b32b9764d 128 4 1 6 2 1 1 0
6499 926d9f9571a33e72 128 4 1 6 2 1 1 0
6500 b5918ead9ea9f7a4 129 4 1 6 2 1 1 0
6501 77dffeaf134ec434 128 4 1 6 2 0 1 0
6502 21569699abe9bf0b 129 4 1 6 2 1 1 0
6503 41a068e684511688 129 4 1 6 2 1 1 0
6504 e98c6c0c6a959a49 129 4 1 6 2 1 1 0
6505 5a862a8f1f3fd148 129 4 1 6 2 1 2 0
6506 96c99c712864ec13 130 4 1 6 2 1 2 0
6507 b95a60905211ad94 129 4 1 6 2 0 2 0
6508 3bf8693de2dd8f54 130 4 1 6 2 1 2 0
6509 db7f0bf1db2eb4d0 129 4 1 6 2 1 2 0
6510 f760819c654a9a3e 129 4 1 6 2 1 2 0
6511 0633863ff8349053 129 4 1 6 2 1 2 0
6512 38cfe8268ccb787e 129 4 1 6 2 0 2 0
6513 9e22e055b835db87 130 4 1 6 2 0 2 0
6514 41cac491d5b7206d 130 4 1 6 2 0 2 0
6515 0aa2714b3688c472 129 4 1 6 2 0 2 0
6516 075ca1328c48ac2d 129 4 1 6 2 0 2 0
6517 fc2df6177368b363 129 4 1 6 2 0 2 0
6518 519ddbfaf9472eef 128 4 1 6 2 0 2 0
6519 ea4671b0ddeb8fcb 129 4 1 6 2 0 2 0
6520 3267b963f2cae782 130 4 1 6 2 0 2 0
6521 5da7274b159df859 130 4 1 6 2 0 2 0
6522 044225ed27cc5407 130 4 1 6 2 0 2 0
6523 cec864b2716354fa 130 4 1 6 2 0 2 0
6524 8d8600c8b66096ac 130 4 1 6 2 0 2 0
6525 b5e1a757706affc8 129 4 1 6 2 0 1 0
6526 29132e0bc1d9fa55 127 4 1 6 1 0 1 0
6527 c56097bc4dde796d 127 4 1 6 1 0 1 0
6528 838d5c0ce98a8cde 127 4 1 6 1 0 1 0
6529 3edb6165350fa696 128 4 1 6 1 0 1 0
6530 71e4a6e027f662b8 128 4 1 6 1 0 1 0
6531 8535c2abc79d0f06 128 4 1 6 1 0 1 0
6532 d69aa633c45ff81e 128 4 1 6 1 0 1 0
6533 2c12cca0022be00f 128 4 1 6 1 0 1 0
6534 25ad016161f05bd5 127 4 1 6 1 0 1 0
6535 aa5f93e7b4727a03 127 4 1 6 1 0 1 0
6536 4a656fe2d7b4f1ef 127 4 1 6 1 0 1 0
6537 4f9e9700592693c8 127 4 1 6 1 0 1 0
6538 a4101cd110d18405 127 4 1 6 1 0 1 0
6539 6f1f88a946382d4e 127 4 1 6 1 0 1 0
6540 cd781cfa6c63141b 127 4 1 6 1 0 1 0
6541 14403fca9c987419 127 4 1 6 1 0 1 0
6542 65d062a58db6bce1 127 4 1 6 1 0 1 0
6543 16ed9ab7cbf2f436 127 4 1 6 1 0 1 0
6544 facfc22cf209b3a7 126 4 1 6 1 0 1 0
6545 0d2d269fb9c91048 128 4 1 6 1 0 2 0
6546 a11a3245c53a6894 128 4 1 6 1 0 2 0
6547 c6c45a16ce851b58 128 4 1 6 1 0 2 0
6548 35e1625dedf3097f 128 4 1 6 1 0 2 0
6549 e8f6fa1e2a8f61d4 127 4 1 6 1 0 1 0
6550 6ff784fdff866f7f 127 4 1 6 1 0 1 0
6551 43a37a9fe2d95848 127 4 1 6 1 0 1 0
6552 6f9efff6776e0ac9 127 4 1 6 1 0 1 0
6553 d83e9264e23a004d 127 4 1 6 1 0 2 0
6554 8476eea32fa9b32b 127 4 1 6 1 0 2 0
6555 e70d3e54ea1024d3 126 4 1 6 1 0 2 0
6556 16b059270b12bdf9 126 4 1 6 1 0 2 0
6557 4e470216923f2a4c 124 4 1 6 1 0 1 0
6558 ed3336b22f131ceb 124 4 1 6 1 0 1 0
6559 0d7dd04fea5b1097 124 4 1 6 1 0 1 0
6560 8e04641dc24fa464 124 4 1 6 1 0 1 0
6561 6b6c140d82dde3e6 122 4 0 6 1 0 1 0
6562 7076e8f4d4b0afb0 122 4 0 6 1 0 1 0
6563 5991d68b9983615a 122 4 0 6 1 0 1 0
6564 3bc5fe36e07ad9d7 122 4 0 6 1 0 1 0
6565 29a1b918b94d286f 122 4 0 6 1 0 1 0
6566 a54d1ab1b2016944 122 4 0 6 1 0 1 1
6567 f4a611ff15930a2b 123 4 0 6 1 0 1 1
6568 c292142109533c7b 124 4 0 6 1 0 1 1
6569 95b04f0665c45651 124 4 0 6 1 0 1 1
6570 5af9214a2e3a79fd 124 4 0 6 1 0 1 1
6571 e4808823e3f5c09a 125 4 1 6 1 0 1 1
6572 47f6e7bb8ab91a83 126 4 1 6 1 0 1 2
6573 b121e8cb5f1cbde8 126 4 1 6 1 0 1 2
6574 51dc60cdd7852ed5 126 4 1 6 1 0 1 2
6575 958f21817b498986 126 4 1 6 1 0 1 2
6576 9fb7a5f6fd046abe 126 4 1 6 1 0 1 2
6577 3691b2b603db9578 127 4 1 6 1 0 1 2
6578 ed5200d871d7aa77 128 4 1 6 1 0 1 3
6579 2ba2c1e9502b78ee 128 4 1 6 1 0 1 3
6580 7acb1a601d67423c 128 4 1 6 1 0 1 3
6581 9e800ddc55c5d52a 128 4 1 6 1 0 1 3
6582 d22bc903523aa30d 129 4 1 6 1 0 1 3
6583 79a783a28834072e 129 4 1 6 1 0 1 3
6584 10152ac114aa11bb 130 4 1 6 1 0 1 4
6585 80aba0e72e163311 130 4 1 6 1 0 1 4
6586 40cd4f92a13eb67e 129 4 1 6 1 0 1 4
6587 bde0a54ae89ebf6f 130 4 1 6 1 0 1 4
6588 8152aecaf8c0ffde 130 4 1 6 1 0 1 4
6589 0f6cc66d644ba2d2 130 4 1 6 1 0 1 4
6590 f67991108650ac60 131 4 1 6 1 0 1 5
6591 3bb1e3c09ecc6cd4 130 4 1 6 1 0 0 5
6592 7e1deb8ca953a400 131 4 1 6 1 0 0 5
6593 f408fee01d415be5 131 4 1 6 1 0 1 5
6594 e3be8048b6366ae6 130 4 1 6 1 0 1 5
6595 28a8969e7537b74d 130 4 1 6 1 0 1 5
6596 aa4a30444d748032 131 4 1 6 1 0 1 6
6597 67457e49c74718c5 131 4 1 6 1 0 1 6
6598 97219a1f19ba7fa9 131 4 1 6 1 0 1 6
6599 7b35147eb0b6d5dc 131 4 1 6 1 0 1 6
6600 df804f556decb5ce 131 4 1 6 1 0 1 6
6601 96a0cc947158b48e 132 4 1 6 2 0 1 6
6602 4a43bf0ad188b655 133 4 1 6 2 0 1 7
6603 e9bbad05dbf330c1 133 4 1 6 2 0 1 7
6604 a48078053bfe38d9 133 4 1 6 2 0 1 7
6605 ddb8943a935f4403 133 4 1 6 2 0 1 7
6606 e493d24537dba382 133 4 1 6 2 0 1 7
6607 3c3e1671ad1f792a 132 4 1 6 2 0 1 6
6608 61cc62ec090d26a6 132 4 1 6 2 0 1 6
6609 87b06bc5afa47b11 132 4 1 6 2 0 1 6
6610 0e76a69c9622d760 129 4 1 6 2 0 0 6
6611 1b6f6f62ede7f24c 130 4 1 6 2 0 0 7
6612 a4dc30882e756c27 130 4 1 6 2 0 0 7
6613 c12be1532fb665f3 131 4 1 6 2 0 0 7
6614 eebd7bfe9e91411f 131 4 1 6 2 0 0 7
6615 7bd5b7626e32e2be 131 4 1 6 2 0 0 7
6616 8ee403dbe27e1cc5 131 4 1 6 2 0 0 7
6617 b086994187070474 130 4 1 6 2 0 0 7
6618 dd673fe1cb8eb8fa 130 4 1 6 2 0 0 7
6619 12987e73e0d2e277 130 4 1 6 2 0 0 7
6620 4358bdb7906feb51 130 4 1 6 2 0 0 7
6621 6c09ca6522501b08 130 4 1 6 2 0 0 7
6622 a5925ed337072601 130 4 1 6 2 0 0 7
6623 7f92844f191bf9fe 130 4 1 6 2 0 0 7
6624 21c251f0d0e99dea 129 4 1 6 2 0 0 7
6625 70513ea247fcfa76 127 4 1 6 2 0 0 6
6626 7f9f08294f00fa32 127 4 1 6 2 0 0 6
6627 888825ef824e015d 127 4 1 6 2 0 0 6
6628 16f9a4eaa78be330 127 4 1 6 2 0 0 6
6629 7e4f1cb6d820ebd3 127 4 1 6 2 0 0 6
6630 7c4b820a7f30f4b4 127 4 1 6 2 0 0 6
6631 661ea2d4af136344 126 4 1 6 2 0 0 5
6632 4da115041c0f1633 126 4 1 6 2 0 0 5
6633 517cae8ff3b14292 127 4 1 6 2 0 1 5
6634 a289d10981a7f1e5 127 4 1 6 2 0 1 5
6635 97ca7a328d4367c2 128 4 1 6 2 0 2 5
6636 b9a14bf747d17fd7 128 4 1 6 2 0 2 5
6637 575385a8e67baa20 126 4 1 6 2 0 2 4
6638 ad93b0c746892cd9 126 4 1 6 2 0 2 4
6639 ea957f81124ff7e3 126 4 1 6 2 0 2 4
6640 40f9da7a96fec92f 126 4 1 6 2 0 2 4
6641 e0a9925c62ceb449 126 4 1 6 2 0 2 4
6642 002118002fdfec34 126 4 1 6 2 0 2 4
6643 6f25542ed663b6be 126 4 1 6 2 0 2 4
6644 e396f3271d9f2175 126 4 1 6 2 0 2 4
6645 cd7f8cddc8d4b650 126 4 1 6 2 0 2 4
6646 41731ac635b8b11c 126 4 1 6 2 0 2 4
6647 6076eab32c67a6aa 126 4 1 6 2 0 2 4
6648 e38a6060f7919705 126 4 1 6 2 0 2 4
6649 399decc6a9ae7774 126 4 1 6 2 0 2 4
6650 bce2b7b59f5d7544 126 4 1 6 2 0 2 4
6651 dde37bcbe29c7af4 126 4 1 6 2 0 2 4
6652 dcf37d99febbfc6d 124 4 1 6 2 0 1 4
6653 cf277700b4356c16 125 4 1 6 2 0 1 4
6654 0c085d553f3e8e38 124 4 1 6 2 0 1 4
6655 095df131489d7a59 123 4 1 6 2 0 1 4
6656 8e68a030d2553ac7 122 4 1 6 2 0 1 4
6657 5034d1481a7cd6e1 123 4 1 6 2 0 1 4
6658 99f21124062e4ca3 123 4 1 6 2 0 1 4
6659 5e2995f31051811b 124 4 1 6 2 0 1 4
6660 d6c2d397a25ad830 124 4 1 6 2 0 1 4
6661 3044ba246305b0f4 124 4 1 6 2 0 1 4
6662 19cd0db44962bb6c 124 4 1 6 2 0 1 4
6663 85a4d0604f80dcb2 125 4 1 6 2 0 1 4
6664 87afe3451ad6d823 125 4 1 6 2 0 1 4
6665 0d8b898c3f4575c0 125 4 1 6 2 0 1 3
6666 1f168fd36c5fa5e1 124 4 0 6 2 0 1 3
6667 0e6858f664138354 124 4 0 6 2 0 1 3
6668 97f7e772c16f2f46 124 4 0 6 2 0 1 3
6669 54c5839b2eda6f03 124 4 0 6 2 0 1 3
6670 a1bb4598d5792960 125 4 0 6 2 0 1 3
6671 d476fb27f8a68311 125 4 0 6 2 0 1 3
6672 e4b008873ff24acb 126 4 0 6 2 0 1 3
6673 537a86c2b53acd69 126 4 0 6 2 0 1 3
6674 94f5a8619b92b420 126 4 0 6 2 0 1 3
6675 bfa624155426cc7d 127 4 0 6 2 0 2 3
6676 630050cf4ae6b648 129 4 0 6 2 0 3 3
6677 927241ffd41d505e 129 4 0 6 2 0 3 3
6678 20ea45b93946cb1e 129 4 0 6 2 0 3 3
6679 895bf066f9ff313d 130 4 0 6 2 0 3 3
6680 331b25858ba8953c 131 4 0 6 2 0 3 3
6681 6943c5d3a427da2c 131 4 0 6 2 0 3 3
6682 6adfabee89f1d672 131 4 0 6 2 0 3 3
6683 e67dfbc224e1d340 131 4 0 6 2 0 3 3
6684 3c12cd4e7ca919fb 130 4 0 6 2 0 3 3
6685 2a979cf13f9f3d17 130 4 0 6 2 0 3 3
6686 a4ab494bea9df637 130 4 0 6 2 0 3 3
6687 ff93c03c4b188721 130 4 0 6 2 0 3 3
6688 e60fa3b46470cd06 130 4 0 6 2 0 3 3
6689 94b925c60cf37c1c 130 4 0 6 2 0 3 3
6690 752ae047dfd2ee66 130 4 0 6 2 0 3 3
6691 51166ca2d3373058 131 4 1 6 2 0 3 3
6692 ed8f3ce6ed1ba04d 132 4 1 6 2 0 3 3
6693 8f00928be0ef14a6 132 4 1 6 2 0 3 3
6694 d93d1bbe807bbdd6 132 4 1 6 2 0 3 3
6695 015d62674e32cca8 132 4 1 6 2 0 3 3
6696 1a981c4c14d4bd30 132 4 1 6 2 0 3 3
6697 61c180ee7f031b07 132 4 1 6 2 0 3 3
6698 7d440ea1897e8405 131 4 1 6 2 0 3 3
6699 1dbe6cc7562498aa 132 4 1 6 2 0 3 3
6700 d7a2a4aa93cce108 131 4 1 6 2 0 3 3
6701 a836c8394639d9ad 131 4 1 6 2 0 3 3
6702 a69fdcb13944e4a4 130 4 1 6 2 0 2 3
6703 457e92792dae5c22 130 4 1 6 2 0 2 3
6704 389864c4a95e7abe 129 4 1 6 2 0 2 3
6705 1fc9e6220fb90944 129 4 1 6 2 0 2 3
6706 139404b5a509d734 129 4 1 6 2 0 2 3
6707 c1d8a598e20871b7 127 4 1 6 2 0 1 3
6708 2b5a04c0774d3f11 126 4 1 6 2 0 1 3
6709 eab6fca5ba3db696 126 4 1 6 2 0 1 3
6710 3ba9ad34b4e441cf 126 4 1 6 2 0 1 3
6711 b00ad97f92751e6a 126 4 1 6 2 0 1 3
6712 3d8170aef9a640c7 126 4 1 6 2 0 1 3
6713 820ea624f1c34955 126 4 1 6 2 0 1 3
6714 4ac86ba59f0ba2b6 126 4 1 6 2 0 1 3
6715 940945611816aa52 127 4 1 6 2 0 2 3
6716 8e87c620fe51152d 128 4 1 6 2 0 3 3
6717 5adf137d96484cdc 128 4 1 6 2 0 3 3
6718 e60983af97e17fd6 128 4 1 6 2 0 3 3
6719 54224367373859a1 127 4 1 6 2 0 3 3
6720 03619216d603672a 127 4 1 6 2 0 3 3
6721 f6dc0e4c28e8b1d7 127 4 1 6 2 0 3 3
6722 559841082ee805c4 127 4 1 6 2 0 3 3
6723 9849057720686f47 127 4 1 6 2 0 3 3
6724 eea94e86bc22bba8 127 4 1 6 2 0 3 3
6725 3f7897c6d5675f11 126 4 1 6 2 0 3 3
6726 3f8fac74367fc39c 125 4 1 6 2 0 3 3
6727 e855f08b893f4407 124 4 1 6 2 0 3 3
6728 45d8aed65a34bec9 123 4 1 6 2 0 3 3
6729 7d08576a81170d36 123 4 1 6 2 0 3 3
6730 ac2534e5eaea31dc 123 4 1 6 2 0 3 3
6731 4f34a417fd1d159a 123 4 1 6 2 0 3 3
6732 97a33899af41f653 123 4 1 6 2 0 3 3
6733 bc185c7b3c69b863 124 4 1 6 2 0 4 3
6734 78846c75317a0cd2 124 4 1 6 2 0 4 3
6735 c0a742565c1a4403 125 4 1 6 2 0 4 3
6736 5df1e2f26810faeb 124 4 1 6 2 0 4 3
6737 2bd1271730d039ce 126 4 1 6 2 0 4 3
6738 ac6c44b788b898f7 126 4 1 6 2 0 4 3
6739 e5c9e661181bfbc0 126 4 1 6 2 0 4 3
6740 486462af80457dea 126 4 1 6 2 0 4 3
6741 97350232d527c242 126 4 1 6 2 0 4 3
6742 17abbbe91d4af38c 125 4 1 6 2 0 3 3
6743 991295474a156a50 124 4 1 6 1 0 3 3
6744 9a10024cff87472d 124 4 1 6 1 0 3 3
6745 3197eca701e9466c 124 4 1 6 1 0 3 3
6746 31135d5e68fdcc1f 123 4 1 6 1 0 2 3
6747 6535e275bc7f461e 124 4 1 6 1 0 2 3
6748 0d2e0989a66dcc85 124 4 1 6 1 0 2 3
6749 9e72489ec65d52e2 125 4 1 6 1 0 2 3
6750 8a212aa673b09396 125 4 1 6 1 0 2 3
6751 b4c7d15e23da496a 125 4 1 6 1 0 2 3
6752 6ba0a9443a4b059f 124 4 1 6 1 0 2 2
6753 184e972c87e5a89a 125 4 1 6 1 0 2 2
6754 f30465f846eba77a 125 4 1 6 1 0 2 2
6755 43dee61648a35c6c 125 4 1 6 1 0 2 2
6756 da8a796ad7a0b0a1 126 4 1 6 1 0 3 2
6757 61a97b6633c8a8ff 126 4 1 6 1 0 3 2
6758 1063274e9f0eddf0 127 4 1 6 1 0 3 2
6759 1767f335ec591c6f 126 4 1 6 1 0 3 2
6760 0c68bbd7b7cb87d6 127 4 1 6 1 0 3 2
6761 7cd96dbf344efb18 127 4 1 6 1 0 3 2
6762 af280af94dd4e0d6 126 4 1 6 1 0 3 2
6763 373f0f1424f57b8e 126 4 1 6 1 0 3 2
6764 012f3d0b4f05458d 126 4 1 6 1 0 3 2
6765 c280551a11ae4778 126 4 1 6 1 0 3 2
6766 260b27b4aa44a72d 127 4 1 6 1 0 3 2
6767 0336404197b9af54 126 4 1 6 1 0 3 2
6768 17d773c39f4a7a4b 125 4 1 6 1 0 3 2
6769 fd6d2178165e1938 125 4 1 6 1 0 3 2
6770 9ec27e52bece82fe 125 4 1 6 1 0 3 2
6771 782d1eda8718d0e1 125 4 1 6 1 0 3 2
6772 1057a7a16292eb2b 123 4 1 6 1 0 3 1
6773 e5b69fdb1d0cbb35 124 4 1 6 1 0 4 1
6774 6e2753fc86e7ecfe 124 4 1 6 1 0 4 1
6775 0fef1ab3e622fde5 124 4 1 6 1 0 4 1
6776 aad66b88afc56597 125 4 1 6 1 0 4 1
6777 98d86152fafa6ac0 125 4 1 6 1 0 4 1
6778 6121d86435955f7c 125 4 1 6 1 0 4 1
6779 b1707a329fceac76 125 4 1 6 1 0 4 1
6780 ecfece0472cf366a 125 4 1 6 1 0 4 1
6781 8bae4dbc8a20b7d4 126 4 1 6 1 0 4 1
6782 9b321971e5684513 126 4 1 6 1 0 4 1
6783 c982eba28b28332e 126 4 1 6 1 0 4 1
6784 de3cd129f8b60e53 126 4 1 6 1 0 4 1
6785 68ba997f5a5d2f17 126 4 1 6 1 0 4 1
6786 690abe9426334453 126 4 1 6 1 0 4 1
6787 f8e19d11a37affda 127 4 1 6 1 0 4 1
6788 95fb517fd5c226f8 127 4 1 6 1 0 4 1
6789 3b930c0f29dbf8b5 126 4 1 6 1 0 4 1
6790 606d5dd16e7873d2 126 4 1 6 1 0 4 1
6791 dd355a425a616526 126 4 1 6 1 0 4 1
6792 7b17aac503691028 127 4 1 6 1 0 4 1
6793 5fd57d898890a73a 127 4 1 6 1 0 4 1
6794 b467c2e334399419 127 4 1 6 1 0 4 1
6795 900a723384d03472 127 4 1 6 1 0 4 1
6796 627518a43c80801e 128 4 1 6 1 0 5 1
6797 8b9c4dd99f6ddbb6 128 4 1 6 1 0 5 1
6798 4e52980de6628cf1 129 4 1 6 1 0 5 1
6799 98147872a9f24e56 129 4 1 6 1 0 5 1
6800 d5216d2bb94312d0 129 4 1 6 1 0 5 1
6801 5a88849acaaaac07 129 4 1 6 1 0 5 1
6802 8fe0adf253f21cc4 128 4 1 6 1 0 5 1
6803 d82a202d472e38b0 128 4 1 6 1 0 5 1
6804 838bd28de5819df4 128 4 1 6 1 0 5 1
6805 26765eb0a520bd53 129 4 1 6 1 0 5 1
6806 7b548ba3b91285b3 128 4 1 6 1 0 5 1
6807 b4ed850ced0f0fe8 128 4 1 6 1 0 5 1
6808 58cf8e3fba94c544 129 4 1 6 1 0 5 1
6809 2078a40db1b9417d 128 4 1 6 1 0 5 1
6810 0643f8820416fcbf 128 4 1 6 1 0 5 1
6811 e83419ed83e6b1ad 129 4 1 7 1 0 5 1
6812 88dd729615db0de4 130 4 1 7 1 0 5 1
6813 440444474bd566e2 131 4 1 7 1 0 5 1
6814 f2c5b4ab9009c07f 131 4 1 7 1 0 5 1
6815 4080b48e371a49aa 131 4 1 7 1 0 5 1
6816 fdbf736e8c1de715 131 4 1 7 1 0 5 1
6817 138eca2101ce45e0 130 4 1 7 1 0 5 1
6818 2b233f8ddffeda1a 131 4 1 7 1 0 6 1
6819 32d7053c8c9ec2d6 130 4 1 7 1 0 6 1
6820 3222ee5e30f694dd 129 4 1 7 1 0 6 1
6821 09336c46b0737e6c 128 4 1 7 1 0 6 1
6822 dbea4ed7a9575358 128 4 1 7 1 0 6 1
6823 8b8657d6587335fa 128 4 1 7 1 0 6 1
6824 9514146423344d9a 128 4 1 7 1 0 6 1
6825 ea2354c382e95035 128 4 1 7 1 0 6 1
6826 b10e361fc68fd437 127 4 1 7 1 0 6 1
6827 8febdabbe37ae0fd 126 4 1 7 1 0 5 1
6828 17eef100b1782cfe 126 4 1 7 1 0 5 1
6829 4517af9186e8053f 126 4 1 7 1 0 5 1
6830 bd2c620b3138aa52 126 4 1 7 1 0 5 1
6831 bc8e09e26e8d31aa 126 4 1 7 1 0 5 1
6832 98f39a1ab7c2e15e 126 4 1 7 1 0 5 1
6833 d934375b51477e33 126 4 1 7 1 0 5 1
6834 388187d76b3e0ee2 126 4 1 7 1 0 5 1
6835 2390e763939ca056 125 4 1 7 1 0 5 1
6836 c146e55a25eb867e 125 4 1 7 1 0 5 1
6837 eca97608cce11df9 125 4 1 7 1 0 5 1
6838 4893a33410fe507c 125 4 1 7 1 0 5 1
6839 276566dcfceea69f 125 4 1 7 1 0 5 1
6840 54998e317929c650 126 4 1 7 1 0 5 1
6841 e4f832bab55214f7 125 4 1 7 1 0 5 1
6842 ab845316b1dd203e 125 4 1 7 1 1 5 1
6843 6084c8ca427e583d 126 4 1 7 1 1 5 1
6844 d4a56b49547406f3 126 4 1 7 1 1 5 1
6845 1b689ff12b532f52 126 4 1 7 1 1 5 1
6846 c015e5c3600d40fe 126 4 1 7 1 1 4 1
6847 faf3be48ca781eb9 124 4 1 7 1 0 4 1
6848 ef2f28704e3bed63 124 4 1 7 1 1 4 1
6849 00378974ba298f0d 124 4 1 7 1 1 4 1
6850 a1d3c1fe959fced9 125 4 1 7 1 1 4 1
6851 b3a72e62eb90216f 125 4 1 7 1 1 4 1
6852 651f85fc4bddddd6 125 4 1 7 1 1 4 1
6853 1084f6f810a1c927 124 4 1 7 1 0 4 1
6854 afa8584a9cbccb96 124 4 1 7 1 1 4 1
6855 c8070e399da8a6bb 125 4 1 7 1 1 4 1
6856 ba97b43c53e01402 125 4 1 7 1 1 4 1
6857 f5ca675b6fdd7f5a 125 4 1 7 1 1 4 1
6858 3a920cba1354a986 124 4 1 7 1 0 5 1
6859 b1f78341dbb6a09f 124 4 1 7 1 0 5 1
6860 4da1e0bb6191a292 124 4 1 7 1 1 5 1
6861 685dc6ba2a10cf77 123 4 1 7 1 1 5 1
6862 dba4d4ff342335cc 123 4 1 7 1 1 5 1
6863 3fa5b3899cf78117 122 4 1 7 1 0 5 1
6864 26e23855a1ce07f4 122 4 1 7 1 0 5 1
6865 9ace555206a71d40 122 4 1 7 1 0 5 1
6866 1266d9d08ae0952c 121 4 1 7 1 1 4 1
6867 fe0a36b97d457814 121 4 1 7 1 1 4 1
6868 4d02915cc801c3a4 119 4 1 7 1 0 4 1
6869 0a134c20a38bc85f 120 4 1 7 1 0 4 1
6870 eee0b344adcebe85 121 4 1 7 1 0 4 1
6871 fcd2c72a981a881a 121 4 1 7 1 0 4 1
6872 55d5733574ddbbcf 121 4 1 7 1 0 4 1
6873 cc42054466860b50 121 4 1 7 1 0 4 1
6874 9a432b3a48b4a707 122 4 1 7 1 0 4 1
6875 dd1e7002c4e08b78 122 4 1 7 1 0 4 1
6876 2c80a2e25ce64e7d 123 4 1 7 1 0 4 1
6877 3c93a63703c431f8 123 4 1 7 1 0 4 1
6878 2ae6f9cfb5988c89 122 4 1 7 1 0 4 0
6879 9ab7cf4bd0a74f47 122 4 1 7 1 0 4 0
6880 36607cd4a26b424e 122 4 1 7 1 0 4 0
6881 65b82972c814398e 122 4 1 7 1 0 4 0
6882 70bcc66b339ebed8 122 4 1 7 1 0 4 0
6883 362c677360c15543 122 4 1 7 1 0 4 0
6884 189fea732d69e5a0 122 4 1 7 1 0 4 0
6885 fa2687432154ca3a 121 4 1 7 1 0 4 0
6886 14653cd63b20efca 121 4 1 7 1 0 4 0
6887 24dcce1a58e47de9 122 4 1 7 1 0 4 0
6888 2a999314e6f0cd33 122 4 1 7 1 0 4 0
6889 02724e531fcca801 122 4 1 7 1 0 4 0
6890 163e85a895f3c805 123 4 1 7 1 0 4 0
6891 4cd26f4b35037017 123 4 1 7 1 0 4 0
6892 39d6851009dd6f3a 123 4 1 7 1 0 4 0
6893 2a87e4c3e3fc1367 124 4 1 7 1 0 4 0
6894 b04e4f2a08571818 124 4 1 7 1 0 4 0
6895 aa93cc98296d8ca5 124 4 1 7 1 0 4 0
6896 203309ba84ae71d0 124 4 1 7 1 0 4 0
6897 6f36da28641795da 124 4 1 7 1 0 4 0
6898 8857bfd5e719b650 126 4 1 7 1 0 5 0
6899 26c6ddad2cd3a2a2 126 4 1 7 1 0 5 0
6900 d0761da7cb49d9d7 126 4 1 7 1 0 5 0
6901 3643a2cc660ad69a 125 4 1 7 1 0 5 0
6902 c9e06d13d68d117f 125 4 1 7 1 0 5 0
6903 f9f63fba96a01fa3 125 4 1 7 1 0 5 0
6904 defc328bdd1cd470 126 4 1 7 1 0 5 0
6905 b31f9a741dc064c9 126 4 1 7 1 0 5 0
6906 5e8c8ede661ad0ca 125 4 1 7 1 0 4 0
6907 636bf8aeae6527d4 125 4 1 7 1 0 4 0
6908 43ad5e1a5d12628b 125 4 1 7 1 0 4 0
6909 df50b5cb93bd4c2f 124 4 1 7 1 0 4 0
6910 1284f73d88f4830d 124 4 1 7 1 0 4 0
6911 897cd295923dc7eb 124 4 1 7 1 0 4 0
6912 0266fddfd632edcf 124 4 1 7 1 0 4 0
6913 14cf23e8e615648e 124 4 1 7 1 0 4 0
6914 831d02f2f1a77005 124 4 1 7 1 0 4 0
6915 39442349420fc404 124 4 1 7 1 0 4 0
6916 4b4ebfa420109c8c 124 4 1 7 1 0 4 0
6917 2904836cea37d2fd 124 4 1 7 1 0 4 0
6918 71d5ff0b442c236a 124 4 1 7 1 0 4 0
6919 9971325fc324ab61 124 4 1 7 1 0 4 0
6920 423b119d658608e7 125 4 1 7 1 0 4 0
6921 b2611470cf6f7c26 125 4 1 7 1 0 4 0
6922 11f873fa9fb5c897 125 4 1 7 1 0 4 0
6923 33deb81963db67ac 125 4 1 7 1 0 4 0
6924 592695e6442d384a 125 4 1 7 1 0 4 0
6925 4365ba417e25a84a 125 4 1 7 1 0 4 0
6926 9b2f501f1582cf1d 124 4 1 7 1 0 4 0
6927 bdedf40ae28c519b 124 4 1 7 1 0 4 0
6928 26b99fc7f97b75b1 123 4 1 7 1 0 4 0
6929 e8698992e73fbc33 123 4 1 7 1 0 4 0
6930 a35ff1829670016f 122 4 1 7 1 0 4 0
6931 2b355cf3a9fc5e76 123 4 2 7 1 0 4 0
6932 2fae5ce3318ba030 123 4 2 7 1 0 4 0
6933 844e15faa4caf004 123 4 2 7 1 0 4 0
6934 d403a8c83b6a50ee 122 4 2 7 1 0 4 0
6935 e4f390ee4894c6cc 122 4 2 7 1 0 4 0
6936 add8ac2751f28e67 122 4 2 7 1 0 4 0
6937 23a4ee6fb27457f5 122 4 2 7 1 0 4 0
6938 008a76fe60a97493 123 4 2 7 1 0 5 0
6939 69626ba395b822d4 123 4 2 7 1 0 5 0
6940 f79f702cb4926cdc 123 4 2 7 1 0 5 0
6941 0ee2dcaaec5e1b90 123 4 2 7 1 0 5 0
6942 4de9b91ccf9ffadb 123 4 2 7 1 0 5 0
6943 93743b64a1d27d71 123 4 2 7 1 0 5 0
6944 f47f8b3f8a8320df 123 4 2 7 1 0 5 0
6945 ef7e07d41e44aa53 123 4 2 7 1 0 5 0
6946 0a195e6cab427f5d 123 4 2 7 1 0 5 0
6947 547899d220c7f49b 123 4 2 7 1 0 5 0
6948 381eae61307f37bb 123 4 2 7 1 0 5 0
6949 e49083b3c68aacf7 125 4 2 7 1 0 6 0
6950 3c976be9204006d5 124 4 2 7 1 0 5 0
6951 54262cc1f6804a65 124 4 2 7 1 0 5 0
6952 047f072cfa0f6966 124 4 2 7 1 0 5 0
6953 adb05cc5bd0ac653 125 4 2 7 1 0 5 0
6954 61b6ac7b86041746 126 4 2 7 1 0 5 0
6955 f0788fc11616ca00 126 4 2 7 1 0 5 0
6956 8b62e30e8d4c33c0 127 4 2 7 1 0 5 0
6957 95d08e8c4c7e7e2f 126 4 2 7 1 0 5 0
6958 eac4ea8f6f88214f 127 4 2 7 1 0 5 0
6959 5f2ca6b973a44062 127 4 2 7 1 0 5 0
6960 62c63d26fe21385b 126 4 2 7 1 0 5 0
6961 5ec4e1103784df4d 126 4 2 7 1 0 5 0
6962 8ecccd0b07384b4a 126 4 2 7 1 0 5 0
6963 578e9be78af49187 126 4 2 7 1 0 5 0
6964 a43120328bc3766e 126 4 2 7 1 0 5 0
6965 a3e6a0ff5dc300b8 126 4 2 7 1 0 5 0
6966 0539bcee5b51e102 126 4 2 7 1 0 5 0
6967 03cdb978db20ab48 126 4 2 7 1 0 5 0
6968 007fb3410ed0ff67 125 4 2 7 1 0 5 0
6969 c5c8aae5e9014a27 124 4 2 7 1 0 5 0
6970 19a22c2488c5c161 124 4 2 7 1 0 5 0
6971 0939a8521102367d 125 4 2 7 1 0 5 0
6972 21d38ba9d321524a 125 4 2 7 1 0 5 0
6973 532ef21fa0c37fef 126 4 2 7 1 0 5 0
6974 94735869fe52cac9 126 4 2 7 1 0 5 0
6975 c2ed080e89eb07b3 126 4 2 7 1 0 5 0
6976 225f8f3e36fb70f4 127 4 2 7 1 0 5 0
6977 4553059b6d2ed73f 127 4 2 7 1 0 5 0
6978 6f67c5863f91ae8c 127 4 2 7 1 0 5 0
6979 3462877ab68024f4 127 4 2 7 1 0 5 0
6980 2a5ec98cea84f568 127 4 2 7 1 0 5 0
6981 98b6d9fa00aac630 127 4 2 7 1 0 5 0
6982 5ca47efca1c945be 127 4 2 7 1 0 5 0
6983 13448a2058b97c3a 127 4 2 7 1 0 5 0
6984 8650500ff1db135f 127 4 2 7 1 0 5 0
6985 62c2c578d8ae6c3c 127 4 2 7 1 0 5 0
6986 13456923e983d268 125 4 2 7 1 0 5 0
6987 118441310f4ac75a 125 4 2 7 1 0 5 0
6988 34e343ebbe04135b 125 4 2 7 1 0 5 0
6989 0f3ec98914451c55 125 4 2 7 1 0 5 0
6990 91d4eefc3863668c 125 4 2 7 1 0 5 0
6991 ac9503a11329c39d 124 4 2 7 1 0 4 0
6992 93208cfcfd7fd8c7 123 4 2 7 1 0 4 0
6993 c4b341cac2b96bfd 123 4 2 7 1 0 4 0
6994 0499f139bdca7d96 123 4 2 7 1 0 4 0
6995 42569423b68f067a 125 4 2 7 1 0 5 0
6996 ee6a1a3eb93f4930 126 4 2 7 1 0 5 0
6997 7e1f50551f094916 126 4 2 7 1 0 5 0
6998 326059df5df1e54c 125 4 2 7 1 0 5 0
6999 a0078a301859fbff 125 4 2 7 1 0 5 0
7000 e89448def60cfbdd 125 4 2 7 1 0 5 0
7001 8e3577449658cc5f 124 4 2 7 1 0 4 0
7002 b271168aa49dda3f 124 4 2 7 1 0 4 0
7003 8d6bd76dee524040 124 4 2 7 1 0 4 0
7004 043333c505631de0 121 4 2 7 1 0 2 0
7005 ec149d84e0a63cb0 121 4 2 7 1 0 2 0
7006 9b2c35349f5113eb 121 4 2 7 1 0 2 0
7007 9fbf99c6da7bcd4f 121 4 2 7 1 0 2 0
7008 c1476cbefe840f17 121 4 2 7 1 0 2 0
7009 56c56d5d3821c22b 121 4 2 7 1 0 2 0
7010 75c2b621c8e017d7 121 4 2 7 1 0 2 0
7011 07ae4d2713170ab4 120 4 2 7 1 0 2 0
7012 6958bee7da6737bf 120 4 2 7 1 0 2 0
7013 32120d3bd7f7d7e0 121 4 2 7 1 0 2 0
7014 72adc4e2c6d5b800 121 4 2 7 1 0 2 0
7015 3a6b0bedfc3038e8 121 4 2 7 1 0 2 0
7016 4133eb5b5de4c896 121 4 2 7 1 0 2 0
7017 7b5cd04209be5a78 121 4 2 7 1 0 2 0
7018 8d9a59abbf7055ee 121 4 2 7 1 0 2 0
7019 27b5af411dcdfce2 121 4 2 7 1 0 2 0
7020 2f86a6bb3ac6f6de 121 4 2 7 1 0 2 0
7021 d57969792a42cda6 121 4 2 7 1 0 2 0
7022 26c151ee44e61b5e 121 4 2 7 1 0 2 0
7023 20ecf883b6e23d71 121 4 2 7 1 0 2 0
7024 1cd2a07c27417c3c 121 4 2 7 1 0 2 0
7025 e68a9b89e1f9cdb0 120 4 2 7 1 0 2 0
7026 da34ece799fa89a8 121 4 2 7 1 0 2 0
7027 ed44cce8d9c21c54 121 4 2 7 1 0 2 0
7028 398a3455baa9b859 121 4 2 7 1 0 2 0
7029 46875c5008ed5d9c 121 4 2 7 1 0 2 0
7030 db74c4cf3ce8160e 122 4 2 7 1 0 2 0
7031 396dc20f67e11df2 122 4 2 7 1 0 2 0
7032 4af914cbf5b9573a 122 4 2 7 1 0 2 0
7033 b8aa9e4c637feb11 123 4 2 7 1 0 2 0
7034 0b81fc7e8725486e 123 4 2 7 1 0 2 0
7035 0ed48e3b77de9276 124 4 2 7 1 0 2 0
7036 e90ee21687fae1e5 124 4 2 7 1 0 2 0
7037 6f98ef2479c50be6 124 4 2 7 1 0 2 0
7038 4a6d8aa03f049e49 124 4 2 7 1 0 2 0
7039 23bb91fcf1bf9f5a 123 4 2 7 1 0 2 0
7040 27d1b3ac0e37b8fe 124 4 2 7 1 0 2 1
7041 9dc44c5e0b7e82e0 124 4 2 7 1 0 2 1
7042 6c7fe843a77d6ee7 124 4 2 7 1 0 2 1
7043 756211e871aec384 124 4 2 7 1 0 2 1
7044 408233300b78a923 124 4 2 7 1 0 2 1
7045 c9129982b5368199 123 4 2 7 1 0 1 1
7046 33059bfc22023607 125 4 2 7 1 0 1 2
7047 edade1e4706fda4d 125 4 2 7 1 0 1 2
7048 cb6ac86555264e86 124 4 2 7 1 0 1 2
7049 22a7fe8d83f79d07 124 4 2 7 1 0 1 2
7050 631284f52a0dad8c 124 4 2 7 1 0 1 2
7051 a6033fecccedd350 125 4 3 7 1 0 1 2
7052 8565443f5cccf3e8 126 4 3 7 1 0 1 3
7053 3b361cadae73b2ee 126 4 3 7 1 0 1 3
7054 e48ae8408541168a 127 4 3 7 1 0 1 3
7055 592778b36dd991c9 128 4 3 7 1 0 1 3
7056 9c06e6b64925e99b 128 4 3 7 1 0 1 3
7057 ce02541bc6629dca 130 4 3 7 1 0 2 3
7058 592844118614ec7d 131 4 3 7 1 0 2 4
7059 609b7fdd98cd6764 131 4 3 7 1 0 2 4
7060 1bc8467cae8776d7 131 4 3 7 1 0 2 4
7061 e729f6134d41d93f 131 4 3 7 1 0 2 4
7062 114439db63757d5c 130 4 3 7 1 0 2 4
7063 d18fd7a4abb77172 130 4 3 7 1 0 2 4
7064 9a6d5cc3d86af3d4 131 4 3 7 1 0 2 5
7065 6f6666769dec8a9b 131 4 3 7 1 0 2 5
7066 b9ee7e6d94744a50 132 4 3 7 1 0 2 5
7067 5f25a08df5d06b97 131 4 3 7 1 0 2 5
7068 d626b9440c5241c2 131 4 3 7 1 0 2 5
7069 6aa1dbcbc06fd8d0 131 4 3 7 1 0 2 5
7070 232509400eab7d3d 132 4 3 7 1 0 2 6
7071 e18aec6d561bb526 133 4 3 7 1 0 2 6
7072 24910312962b09dd 132 4 3 7 1 0 2 6
7073 0af7cbec63340161 132 4 3 7 1 0 2 6
7074 b43afce3f4b3143e 132 4 3 7 1 0 2 6
7075 751ef84c190e2912 132 4 3 7 1 0 2 6
7076 091cc90301530b3a 133 4 3 7 1 0 2 7
7077 401607d8501bc3cc 133 4 3 7 1 0 2 7
7078 24c3ca2557f317fb 133 4 3 7 1 0 2 7
7079 b65c7cd42c828899 134 4 3 7 1 0 2 7
7080 ebb59028cabaf69c 134 4 3 7 1 0 2 7
7081 4e37e1054f33adb3 135 4 3 7 2 0 2 7
7082 f85155cdaf2bda2a 136 4 3 7 2 0 2 8
7083 2dc554acbc41465d 136 4 3 7 2 0 2 8
7084 e64dfeb90edd8382 135 4 3 7 2 0 1 8
7085 78331a57cb31360c 135 4 3 7 2 0 1 8
7086 67caba00c5a715cc 135 4 3 7 2 0 1 8
7087 0216761a4ebc4ac6 136 4 3 7 2 0 1 8
7088 f1d74dd99d2aa945 136 4 3 7 2 0 1 8
7089 990ced8afb966e10 137 4 3 7 2 0 2 8
7090 84ff7f2352005059 138 4 3 7 2 0 2 8
7091 533aa635e107f3d5 139 4 3 7 2 0 2 9
7092 c0e992a2bdc6911b 138 4 3 7 2 0 2 9
7093 bcc32e144c4644b8 137 4 3 7 2 0 2 9
7094 1c1a0717fad4cd62 137 4 3 7 2 0 2 9
7095 3206314b516ea8fb 138 4 3 7 2 0 2 9
7096 31e0ea2cea80b74b 138 4 3 7 2 0 2 9
7097 727578d2c2520659 139 4 3 7 2 0 3 9
7098 1dcc8a78a46d9a80 139 4 3 7 2 0 3 9
7099 561f6415fbc3bdc4 139 4 3 7 2 0 3 9
7100 5d473d0f6ba07939 139 4 3 7 2 0 3 9
7101 6cd63c3f87e08474 139 4 3 7 2 0 3 9
7102 a0013aabe8b6b021 140 4 3 7 2 1 3 9
7103 0d5017b845b8c96f 141 4 3 7 2 1 3 9
7104 f3c22a73cfa29804 141 4 3 7 2 1 3 9
7105 53b69aa04f482d69 141 4 3 7 2 0 3 9
7106 652da4d5d7886c13 142 4 3 7 2 0 3 9
7107 eb92aed5d9154fc2 143 4 3 7 2 0 3 9
7108 a1ae119858a34d2c 144 4 3 7 2 1 3 9
7109 db63a9fa3c1116aa 144 4 3 7 2 1 3 9
7110 ce27266baec8c605 143 4 3 7 2 0 3 9
7111 568d88b250f957b0 143 4 3 7 2 0 3 9
7112 06952979302d5371 142 4 3 7 2 0 3 9
7113 1250b073c822f308 142 4 3 7 2 0 3 9
7114 178ab5f946018c88 144 4 3 7 2 1 4 9
7115 4053f6af0a46c1e9 143 4 3 7 2 0 4 9
7116 170ba9e96d8207f5 144 4 3 7 2 0 4 9
7117 61ef013ee845b0af 143 4 3 7 2 0 3 9
7118 23876560505bf382 142 4 3 7 2 0 3 9
7119 32f1e2448cf767f4 141 4 3 7 2 0 2 9
7120 24bdf88235f32ced 141 4 3 7 2 0 2 9
7121 2df7d6deba6991fb 141 4 3 7 2 0 2 9
7122 5f3f460a193fbd89 140 4 3 7 2 0 2 9
7123 dc4f479840a0ff2e 139 4 3 7 2 0 2 9
7124 7b40835f8b1fdb30 139 4 3 7 2 0 2 9
7125 a9336c221236617e 139 4 3 7 2 0 2 9
7126 84a7c6b23d205de3 139 4 3 7 2 0 2 9
7127 499690adf6fea122 139 4 3 7 2 0 2 9
7128 4439bd49b0a994a4 138 4 3 7 2 0 2 9
7129 559d3e115fbfa871 139 4 3 7 2 0 3 9
7130 87451e56cfdbd9eb 139 4 3 7 2 0 3 9
7131 121ddc6bfefc9a6f 140 4 3 7 2 0 3 9
7132 09822e8e6dff55c3 141 4 3 7 2 0 3 9
7133 d99037cd8b456946 140 4 3 7 2 0 3 9
7134 6f867ae791ae1c36 140 4 3 7 2 0 3 9
7135 7fd4b42900508b3f 140 4 3 7 2 0 3 9
7136 36cb59936d36dbf9 140 4 3 7 2 0 3 9
7137 a9a6d47a5d0d4804 140 4 3 7 2 0 4 9
7138 3705658b760a3d55 140 4 3 7 2 0 4 9
7139 11e9fb7d4d00c86a 139 4 3 7 2 0 4 9
7140 6ba08ca08ffe097c 138 4 3 7 2 0 4 8
7141 d82a116856b9b6e6 138 4 3 7 2 0 4 8
7142 5d8926ae6e911dab 138 4 3 7 2 0 4 8
7143 39a17ff63c847c52 137 4 3 7 2 0 4 8
7144 4f35ea8c95c4024f 137 4 3 7 2 0 4 8
7145 2ee58111c5d3ec50 136 4 3 7 2 0 4 8
7146 5dc735a8483695b7 136 4 3 7 2 0 4 8
7147 79507f54b97f1bc3 136 4 3 7 2 0 3 8
7148 8396c0b5aaa62093 135 4 3 7 1 0 3 8
7149 8a9062ef83442555 135 4 3 7 1 0 3 8
7150 822b74b0d0c3cb0e 134 4 3 7 1 0 3 8
7151 5b9e68bbb32d0d98 134 4 3 7 1 0 3 8
7152 97030896547f0b06 133 4 3 7 1 0 3 8
7153 c9bafafdae714aa9 134 4 3 7 1 0 3 8
7154 8f2382d34889e072 135 4 3 7 1 0 4 8
7155 72668296d80443b4 135 4 3 7 1 0 4 8
7156 92bc2254b75819d8 134 4 3 7 1 0 4 8
7157 3cd1f726d94657c9 135 4 3 7 1 0 4 8
7158 c2236c0740bee8cd 135 4 3 7 1 0 4 8
7159 2d02891c84f9fcb5 134 4 3 7 1 0 4 8
7160 7297946629e1a510 133 4 3 7 1 0 4 8
7161 bea5f3d129045409 133 4 3 7 1 0 4 8
7162 1fa3b5a9a3d52f1c 133 4 3 7 1 0 4 8
7163 d1cda8116f01370a 133 4 3 7 1 0 4 8
7164 c064db0dd03c4731 133 4 3 7 1 0 4 8
7165 57ecbc035558ba78 133 4 3 7 1 0 4 8
7166 d10baf743622ba5c 132 4 3 7 1 0 4 8
7167 f079ac8962b363e6 131 4 3 7 1 0 4 7
7168 6596aa3efc8cd00a 129 4 2 7 1 0 3 7
7169 838e90797cd22a5d 130 4 2 7 1 0 4 7
7170 f3aaf23c1fce6b08 130 4 2 7 1 0 4 7
7171 0d1c8665f93a0bbf 130 4 2 8 1 0 3 7
7172 42afbbae14b15061 129 4 2 8 1 0 3 7
7173 e1caf8e15d19c56e 129 4 2 8 1 0 3 7
7174 266b3de7877dcd3b 129 4 2 8 1 0 3 7
7175 fccd443a04778bdc 129 4 2 8 1 0 3 7
7176 861be3f502ec400e 128 4 2 8 1 0 3 7
7177 4d2472d765a8ced4 129 4 2 8 1 0 4 7
7178 e8f6cc3c387ae66f 130 4 2 8 1 0 5 7
7179 bf0b6aa744f8e04f 129 4 2 8 1 0 5 7
7180 dfd0faffe34ce63d 129 4 2 8 1 0 5 7
7181 e1016c44b6fa232d 129 4 2 8 1 0 5 7
7182 2ae6e4583ad4e701 129 4 2 8 1 0 5 7
7183 960fdbe245379f1a 129 4 2 8 1 0 5 7
7184 ee0f9c83c22c9866 129 4 2 8 1 0 5 7
7185 2fd5c472903633d8 130 4 2 8 1 0 5 7
7186 786b7a605d7f6685 130 4 2 8 1 0 5 7
7187 503b9e086acd083d 130 4 2 8 1 0 5 7
7188 41593ed435860481 130 4 2 8 1 0 5 7
7189 423f534d2bb2c22c 130 4 2 8 1 0 5 7
7190 69d7f69120b9f29c 131 4 2 8 1 0 5 7
7191 4d9b8b9f516eaa53 132 4 2 8 1 0 5 7
7192 55635f43b3be597e 132 4 2 8 1 0 5 7
7193 78db67b9734886bd 133 4 2 8 1 1 5 7
7194 7c347ee59e12d082 134 4 2 8 1 1 6 7
7195 710a9b36eee2d09e 134 4 2 8 1 1 6 7
7196 8f52e63530ad439e 133 4 2 8 1 1 6 7
7197 d5c3a7c5cbc8a6c8 133 4 2 8 1 1 6 7
7198 a305f5bc743c6bc1 133 4 2 8 1 1 6 7
7199 b5b6e6e6a659c4f3 133 4 2 8 1 1 6 7
7200 451a323c70b33847 133 4 2 8 1 1 6 7
7201 1323e2f757c05418 133 4 2 8 1 1 6 7
7202 520897210a0c8163 133 4 2 8 1 1 6 7
7203 ad14fca76708d1cd 133 4 2 8 1 1 6 7
7204 d10f7d15fab61004 132 4 2 8 1 0 6 7
7205 02f6ed39af82fc68 133 4 2 8 1 1 6 7
7206 7568dac1a0a4986a 132 4 2 8 1 1 6 6
7207 bf78d6a8c0c79d5f 131 4 2 7 1 1 6 6
7208 e01c28237dd88a2a 132 4 2 7 1 1 6 6
7209 a091744a2e630a0b 131 4 2 7 1 0 6 6
7210 9de225a58b2711bf 131 4 2 7 1 0 6 6
7211 a7bc29c1135b0fb1 132 4 2 7 1 1 6 6
7212 b525e327afe71f27 132 4 2 7 1 1 6 6
7213 6a134d1d2fd1a57b 133 4 2 7 1 1 6 6
7214 c9318e49300cbc9b 132 4 2 7 1 0 6 6
7215 84a7114055e3a69c 131 4 2 7 1 0 6 6
7216 8e35e7df606cc8bd 131 4 2 7 1 0 6 6
7217 689c025c61de367d 131 4 2 7 1 1 6 6
7218 45ef70508bdf3341 130 4 2 7 1 1 6 5
7219 27076fb184106f99 130 4 2 7 1 1 6 5
7220 988795a7d6d019ee 129 4 2 7 1 0 6 5
7221 051924a731361f9c 129 4 2 7 1 0 6 5
7222 48c115d227f17c30 130 4 2 7 1 0 6 5
7223 d6d75bbfc12ff2a9 131 4 2 7 1 0 6 5
7224 91079c30124bf6f1 130 4 2 7 1 0 6 4
7225 20b2aac649280ad2 130 4 2 7 1 0 6 4
7226 9c7aabfd53d768f1 131 4 2 7 1 0 6 4
7227 a93a984b8da48fe5 131 4 2 7 1 0 6 4
7228 e78b7bd00157a388 131 4 2 7 1 0 6 4
7229 9db418ae419f5d6f 130 4 2 7 1 0 6 4
7230 028e766ce8f0f3db 130 4 2 7 1 0 6 4
7231 a92770e6b818a386 130 4 2 7 1 0 6 4
7232 8d7290a4c85160cd 130 4 2 7 1 0 6 4
7233 c684a9a1c12ac4f9 129 4 2 7 1 0 6 4
7234 0a5798c9494e6624 130 4 2 7 1 0 7 4
7235 4b80135fb1252fcc 130 4 2 7 1 0 7 4
7236 6f376f90e31aee73 131 4 2 7 1 0 7 4
7237 bb2d4cf77474263c 131 4 2 7 1 0 7 4
7238 dd26dd6a3470e3a3 130 4 2 7 1 0 7 4
7239 865850ee6823c893 130 4 2 7 1 0 7 4
7240 d8c46521a6c3965d 130 4 2 7 1 0 7 4
7241 d716f64ca65264e9 130 4 2 7 1 0 7 4
7242 481bbb4a8e5ea5df 130 4 2 7 1 0 7 4
7243 5f844334944d8163 131 4 2 7 1 0 7 4
7244 54ceaa957e6f7198 131 4 2 7 1 0 7 4
7245 4e2aa78cf7164104 131 4 2 7 1 0 7 4
7246 f62d578244c5de2d 130 4 2 7 1 0 7 4
7247 3e757901712d8f31 131 4 2 7 1 0 7 4
7248 0faa0e260cd022f5 131 4 2 7 1 0 7 4
7249 1ea2fb03f5cc8592 131 4 2 7 1 0 7 4
7250 6c1c32e7da81eec6 131 4 2 7 1 0 7 4
7251 eafe6263c39b5f7b 131 4 2 7 1 0 7 4
7252 4aa25a0bbf90125c 132 4 2 7 1 0 7 4
7253 a59835d884e104e7 132 4 2 7 1 0 7 4
7254 ad0392c454c628a1 132 4 2 7 1 0 7 4
7255 d2d01bb303b4ae5b 132 4 2 7 1 0 7 4
7256 82ad022548dd7844 132 4 2 7 1 0 7 4
7257 52682e8529089ff2 132 4 2 7 1 0 7 4
7258 2f4ecab4ba135e9a 133 4 2 7 1 0 7 4
7259 87924a236bb1edb9 133 4 2 7 1 0 7 4
7260 85f35aeff1e12d76 133 4 2 7 1 0 7 4
7261 1fb240c097fc1d2d 133 4 2 7 1 0 7 4
7262 a23233bdd22f35e9 134 4 2 7 1 0 7 4
7263 eb0d8bc00c2aa79e 135 4 2 7 1 0 8 4
7264 9ebbdc0c739a1a07 135 4 2 7 1 0 8 4
7265 a069ff1c6172e4a1 136 4 2 7 1 0 8 4
7266 8c8596d040e82e61 136 4 2 7 1 0 8 4
7267 a32dad6a32302dfe 135 4 2 7 1 0 8 4
7268 a06240a5253275ba 136 4 2 7 1 0 8 4
7269 bb8a26715bf8b3f3 136 4 2 7 1 0 8 4
7270 98c5fbcb70e80aac 136 4 2 7 1 0 8 4
7271 73015fdddb0b0839 135 4 2 7 1 0 7 4
7272 180be0705ee4f45b 135 4 2 7 1 0 7 4
7273 afd789be486e0adb 135 4 2 7 1 0 7 4
7274 1953b5cfe6915b7f 135 4 2 7 1 0 7 4
7275 4fb3eb858484320b 134 4 2 7 1 0 7 4
7276 1764bf048ca31e7e 134 4 2 7 1 0 7 4
7277 19e215bed0ad5099 135 4 2 7 1 0 7 4
7278 39124b375c7b2728 134 4 2 7 1 0 7 4
7279 0f3b907447f00a95 135 4 2 7 1 0 7 4
7280 bc4c295716983f02 135 4 2 7 1 0 7 4
7281 a1882096bda2ddf9 135 4 2 7 1 0 7 4
7282 828f914f1334ceac 135 4 2 7 1 0 7 4
7283 154733674d876c53 135 4 2 7 1 0 7 4
7284 2bf3905f4a0f916e 136 4 2 7 1 0 7 4
7285 649c5dafa000fbdc 135 4 2 7 1 0 7 4
7286 a194e22759a57260 135 4 2 7 1 0 7 4
7287 43b8de4b4eb1612c 135 4 2 7 1 0 7 4
7288 98079492ab3643fc 134 4 2 7 1 0 7 4
7289 6d48e7207672cec4 134 4 2 7 1 0 7 4
7290 a5926ffa6d7e6974 134 4 2 7 1 0 7 4
7291 5b7b2ff646fd7eeb 135 4 3 7 1 0 7 4
7292 d3576767ec17f244 135 4 3 7 1 0 7 4
7293 4a4530d96c1e7f25 134 4 3 7 1 0 7 4
7294 f7f8fb92661703bf 134 4 3 7 1 0 7 4
7295 f7213e041bd9fa16 135 4 3 7 1 0 7 4
7296 aa952ddaecb771ae 136 4 3 7 1 0 7 4
7297 856c5a1368f245f0 137 4 3 7 1 0 7 4
7298 0ed7fe196af32045 137 4 3 7 1 0 7 4
7299 11e7664ca9fe2cf2 138 4 3 7 1 0 7 4
7300 a3b599156b2ea419 138 4 3 7 1 0 7 4
7301 45fa22fa0134b134 138 4 3 7 1 0 7 4
7302 8b0f14f9f65d33cf 137 4 3 7 1 0 7 4
7303 b13b3ae8275e96bd 138 4 3 7 1 0 8 4
7304 1a9bb66037e2a0c3 139 4 3 7 1 0 8 4
7305 32fc5143d8f5eb33 139 4 3 7 1 0 8 4
7306 8c9d20de4dbc2add 139 4 3 7 1 0 8 4
7307 13bcc2d0f0ec8a30 139 4 3 7 1 0 8 4
7308 c6cecde6bad758ae 139 4 3 7 1 0 8 4
7309 dd338c43777daf83 140 4 3 7 1 0 8 4
7310 3bf40178220f42ce 140 4 3 7 1 0 8 4
7311 a7b91313dbf6027c 140 4 3 7 1 0 8 4
7312 529b002402636b9e 140 4 3 7 1 0 8 4
7313 6a9593845da02549 140 4 3 7 1 0 8 4
7314 7b1fe1bd03386f79 140 4 3 7 1 0 8 4
7315 dce5928c0313da42 139 4 3 7 1 0 7 4
7316 4b6ba265fcd571d1 139 4 3 7 1 0 7 4
7317 2bde3ead537a690e 139 4 3 7 1 0 7 4
7318 3ae55409d7f40e06 139 4 3 7 1 0 7 4
7319 7f86517ab5a0d963 139 4 3 7 1 0 7 4
7320 229170175e847ec2 139 4 3 7 1 0 7 4
7321 a2c5bc7c00f2eb1f 140 4 3 7 1 0 7 4
7322 750eb504d188342f 139 4 3 7 1 0 6 4
7323 a4fd6abde22d31e1 138 4 3 7 1 0 6 4
7324 6578b562f542f6fb 138 4 3 7 1 0 6 4
7325 1cf5b8dd863b9836 139 4 3 7 1 0 6 4
7326 a0fbb04b987ddedb 138 4 3 7 1 0 6 4
7327 126fc07545a92abf 138 4 3 7 1 0 6 4
7328 eea45bc62a3fdd7d 138 4 3 7 1 0 6 4
7329 4f3e71834e00393f 137 4 3 7 1 0 6 4
7330 3bbfea4c7d2a1fba 136 4 3 7 1 0 6 4
7331 9454c6e79ead0e3e 136 4 3 7 1 0 6 4
7332 87c4f8d0c7a70240 135 4 3 7 1 0 6 4
7333 8068ebc05f551bbf 135 4 3 7 1 0 6 4
7334 6f6c18bda4ad68f8 135 4 3 7 1 0 6 4
7335 d0da8a0a0fb61a16 134 4 3 7 1 0 6 4
7336 dffd9bfacc7342dd 133 4 3 7 1 0 6 4
7337 1eaa19eefcfe0f3b 133 4 3 7 1 0 6 4
7338 0bc859da1320a34b 134 4 3 7 1 0 6 4
7339 0aa1866c83aab25b 134 4 3 7 1 0 6 4
7340 0cce3a8373c167e8 134 4 3 7 1 0 6 4
7341 3b940639618662c1 135 4 3 7 1 0 6 4
7342 9781c18926822498 135 4 3 7 1 0 6 4
7343 5600ce28171b008d 136 4 3 7 1 0 7 4
7344 e761f0f9ef43dd2e 136 4 3 7 1 0 7 4
7345 0c0ccb7a4df85fe6 136 4 3 7 1 0 7 4
7346 658493f0e0f83119 135 4 3 7 1 0 7 4
7347 c1318b461c2eac83 135 4 3 7 1 0 7 4
7348 907fb1b35ed9b559 135 4 3 7 1 0 7 4
7349 d40308c3240349a8 134 4 3 7 1 0 7 4
7350 ca18e9d56ff00890 133 4 3 7 1 0 7 4
7351 4a147585f0c07c18 133 4 3 7 1 0 7 4
7352 1a190e2b0daa256d 133 4 3 7 1 0 7 4
7353 02452f1ce5f479c3 132 4 3 7 1 0 7 4
7354 9a9b3cb75b14085a 132 4 3 7 1 0 7 4
7355 97228312a2713660 132 4 3 7 1 0 7 4
7356 d91000e5718db7cb 132 4 3 7 1 0 7 4
7357 d93a58dc93d93c0c 132 4 3 7 1 0 7 4
7358 e5750c167a647275 132 4 3 7 1 0 7 4
7359 d9292c3c8af54788 131 4 3 7 1 0 6 4
7360 b51f57e5ecb2b321 131 4 3 7 1 0 6 4
7361 175e3598b2c9d692 131 4 3 7 1 0 6 4
7362 88f6e205d9976f67 131 4 3 7 1 0 6 4
7363 be14d736b4e83bf8 130 4 3 7 1 0 6 4
7364 f35973db52aa09de 131 4 3 7 1 0 6 4
7365 449a925e53f598bf 131 4 3 7 1 0 6 4
7366 0cb52322feff1371 131 4 3 7 1 0 6 4
7367 4fa35849a5e25dd9 130 4 3 7 1 0 6 4
7368 a5bc1f30fcece338 130 4 3 7 1 0 6 4
7369 d647804d4552af39 130 4 3 7 1 0 6 4
7370 4a1e134113e6737c 129 4 3 7 1 0 6 3
7371 8b29b1179e938201 129 4 3 7 1 0 6 3
7372 ae550d5e5428829d 129 4 3 7 1 0 6 3
7373 e42b1ffeb631907b 129 4 3 7 1 0 6 3
7374 1b7fa3f3fcc0e023 129 4 3 7 1 0 6 3
7375 7dc4b48835e7a93b 128 4 3 7 1 0 6 3
7376 f276d84a2305d120 127 4 3 7 1 0 6 2
7377 7baa0d3f5dfbf7df 126 4 3 7 1 0 6 2
7378 872a1166d5b0193b 126 4 3 7 1 0 6 2
7379 628843ba999d86d2 126 4 3 7 1 0 6 2
7380 bd3e92940ffbf71c 126 4 3 7 1 0 7 2
7381 102290a71b84d1e6 126 4 3 7 1 0 7 2
7382 f9591edfb5353388 125 4 3 7 1 0 7 1
7383 c7a7cf37b3c4598f 126 4 3 7 1 0 8 1
7384 79108cc2ca492c01 125 4 3 7 1 0 8 1
7385 4afaa38472487d40 125 4 3 7 1 0 8 1
7386 f7d8a64afb4fe056 126 4 3 7 1 0 8 1
7387 4a6ca2bd267194f0 125 4 3 7 1 0 8 1
7388 bdd0f6b19f35f629 125 4 3 7 1 0 8 1
7389 90e7a236aa4088dc 126 4 3 7 1 0 8 1
7390 9dd392bbc0bb8e31 126 4 3 7 1 0 8 1
7391 824d87519378e24b 125 4 3 7 1 0 8 0
7392 ff232bc33c788306 125 4 3 7 1 0 8 0
7393 08b7996e021c3257 125 4 3 7 1 0 8 0
7394 e34e17ea4f65b62a 125 4 3 7 1 0 8 0
7395 c9c0b1e81c71a1db 125 4 3 7 1 0 8 0
7396 ea2203a9ab4059ce 125 4 3 7 1 0 8 0
7397 a0c5b0f66d2d642e 124 4 3 7 1 0 8 0
7398 f09bdb6aaf75e886 124 4 3 7 1 0 8 0
7399 4cdd84a1af30e65f 124 4 3 7 1 0 8 0
7400 e1e24a48e36482c4 124 4 3 7 1 0 8 0
7401 8b52a2a3b52cc8a1 125 4 3 7 1 0 8 0
7402 13e1fd66639be9bf 123 4 3 7 1 0 6 0
7403 cba1aa722bb45ac3 124 4 3 7 1 0 6 0
7404 5388c77b34cc358b 124 4 3 7 1 0 6 0
7405 533d04079e753c4b 123 4 3 7 1 0 5 0
7406 de3881684cebbda6 123 4 3 7 1 0 5 0
7407 b72e77036ef1267d 124 4 3 7 1 0 5 0
7408 6e90377cb38777da 125 4 3 7 1 0 5 0
7409 2227efdb89f6b03c 124 4 3 7 1 0 5 0
7410 d0023ad18e53fd4a 124 4 3 7 1 0 5 0
7411 c7b73153f179558d 124 4 4 7 1 0 5 0
7412 116fd163a263ac40 124 4 4 7 1 0 5 0
7413 54c04358cb5e98c2 124 4 4 7 1 0 5 0
7414 46522c20ccbc50f9 124 4 4 7 1 0 5 0
7415 f19837c8f6af90dd 124 4 4 7 1 0 5 0
7416 c3cb51166498daa1 124 4 4 7 1 0 5 0
7417 8f279c06c5777d95 123 4 4 7 1 0 5 0
7418 e54f4ee2afd189bf 124 4 4 7 1 0 5 0
7419 0778da9b72778f14 124 4 4 7 1 0 5 0
7420 d0c1c11f765e553b 126 4 4 7 1 0 6 0
7421 66cd72e7e3c96c97 127 4 4 7 1 0 6 0
7422 e3f4907651440127 127 4 4 7 1 0 6 0
7423 486ad447ad7f1cfb 127 4 4 7 1 0 6 0
7424 30286d6540f3f468 127 4 4 7 1 0 6 0
7425 f565605bdf7aba19 126 4 4 7 1 0 5 0
7426 3819bd64e3dfa57f 126 4 4 7 1 0 5 0
7427 b8ba0ffd820e4b35 126 4 4 7 1 0 5 0
7428 220a97a09a54d876 126 4 4 7 1 0 5 0
7429 89aae80bfdedce6c 125 4 4 7 1 0 5 0
7430 ee0aa81f368321bf 124 4 4 7 1 0 4 0
7431 c870eda14a131fb5 123 4 4 7 1 0 3 0
7432 938f87cd85657f39 122 4 4 7 1 0 2 0
7433 9c26fa736ac959a1 121 4 4 7 1 0 2 0
7434 2e9d8848508fb541 120 4 4 7 1 0 2 0
7435 6b96325e1d098089 120 4 4 7 1 0 2 0
7436 e6a63fd07d701b12 120 4 4 7 1 0 2 0
7437 f95d50d333d41f07 122 4 4 7 1 1 2 0
7438 76e847a9c2196147 121 4 4 7 1 1 2 0
7439 0885ec22c8fe765d 120 4 4 7 1 1 2 0
7440 eea18be974246e5f 121 4 4 7 1 1 2 0
7441 ad46bbe0de4ca082 121 4 4 7 1 1 2 0
7442 e0a875cd11e12214 121 4 4 7 1 1 2 0
7443 6e7ba61841e0ba8d 121 4 4 7 1 1 2 0
7444 b81cbbe78706146f 121 4 4 7 1 1 2 0
7445 f5b41e42b5e1f620 121 4 4 7 1 1 2 0
7446 ecb7357961e8ece8 122 4 4 7 1 1 2 0
7447 75337ef1248b000e 122 4 4 7 1 1 2 0
7448 756b8099e48a3ffa 122 4 4 7 1 1 2 0
7449 96102c0416aa1a3c 122 4 4 7 1 1 2 0
7450 87126cf5d6d20609 122 4 4 7 1 1 2 0
7451 37dca947f6185ec4 121 4 4 7 1 1 2 0
7452 198443272bc2efa7 120 4 4 7 1 1 2 0
7453 1cb9c511488a9f3a 120 4 4 7 1 1 2 0
7454 9d405c08b998876d 119 4 4 7 1 0 2 0
7455 4efa648b51228fe5 120 4 4 7 1 1 2 0
7456 10c155768500b42a 119 4 4 7 1 1 2 0
7457 9822cc1ef53b462d 120 4 4 7 1 1 2 0
7458 4e99e438f4e85892 121 4 4 7 1 1 2 0
7459 2b92780b8410a6f8 120 4 4 7 1 0 2 0
7460 47d04796e10e6782 120 4 4 7 1 0 3 0
7461 ba1ea08efb338bae 121 4 4 7 1 1 3 0
7462 8ac97030a4b2c3de 121 4 4 7 1 1 3 0
7463 dbd60abc36b507d0 121 4 4 7 1 1 3 0
7464 38364283463bda17 120 4 4 7 1 0 3 0
7465 11e8712d3c418378 121 4 4 7 1 0 3 0
7466 5f55a3c94dc65f3c 121 4 4 7 1 0 3 0
7467 8ebc290d9fb52dae 120 4 4 7 1 0 2 0
7468 204ee5fa76fed528 120 4 4 7 1 0 2 0
7469 d109445446da1e05 120 4 4 7 1 0 2 0
7470 83810a77084a00ec 121 4 4 7 1 0 2 0
7471 30094b20f4f7aef7 121 4 4 7 1 0 2 0
7472 76e341029a9b9388 122 4 4 7 1 1 2 0
7473 043799a5bf5f45a3 121 4 4 7 1 0 2 0
7474 6920980a133ae675 121 4 4 7 1 0 2 0
7475 4c40dab9f8310050 119 4 4 7 1 0 2 0
7476 7e44bb32f202ee2e 118 4 4 7 1 0 2 0
7477 47bc79a4e363bf3f 118 4 4 7 1 0 1 0
7478 63524ae80cd749ca 118 4 4 7 1 0 1 0
7479 65bbc089cb4705d0 119 4 4 7 1 0 1 0
7480 b72cafc0352c1ea9 119 4 4 7 1 0 1 0
7481 1b4221fea76382f4 120 4 4 7 1 0 1 0
7482 dbdab20f37842c0c 120 4 4 7 1 0 1 0
7483 0036cd5ca3fbee42 120 4 4 7 1 0 1 0
7484 8be26d2df19cc7e2 121 4 4 7 1 0 2 0
7485 31daf2e3c4ea6182 121 4 4 7 1 0 2 0
7486 5894d3340a27d1a0 121 4 4 7 1 0 2 0
7487 4668196350efe216 121 4 4 7 1 0 2 0
7488 7ca5cdff7dd2c8d2 121 4 4 7 1 0 2 0
7489 c53d9b2f17ab7fa0 121 4 4 7 1 0 2 0
7490 60f7ce70aa461569 121 4 4 7 1 0 2 0
7491 87a4d3bdfda5301c 121 4 4 7 1 0 2 0
7492 0585320343d71299 120 4 4 7 1 0 2 0
7493 408cf462443ec67f 120 4 4 7 1 0 2 0
7494 e6b9d2c3cce5cc02 120 4 4 7 1 0 2 0
7495 04f29e2236b7112e 120 4 4 7 1 0 2 0
7496 c24eb061d2e20d6e 120 4 4 7 1 0 2 0
7497 ba6388a639429033 120 4 4 7 1 0 2 0
7498 df7bd6badf2d2fde 120 4 4 7 1 0 2 0
7499 ad0ed6ec6a61f247 120 4 4 7 1 0 2 0
7500 4c171640be80be7d 121 4 4 7 1 0 3 0
7501 21d3dc76998f990e 121 4 4 7 1 0 3 0
7502 a854733dca058343 122 4 4 7 1 0 3 0
7503 8206de57f0d5b042 122 4 4 7 1 0 3 0
7504 75e72318f9163c5f 123 4 4 7 1 0 3 0
7505 553f5e5e5110bcfa 123 4 4 7 1 0 3 0
7506 5bb50867183849b0 121 4 4 7 1 0 2 0
7507 0fd3404ad2511e2d 121 4 4 7 1 0 2 0
7508 4de862ed6d7c43dd 121 4 4 7 1 0 2 0
7509 549c439e33e247d8 122 4 4 7 1 0 2 0
7510 513054cd0fb992e8 121 4 4 7 1 0 2 0
7511 4c49d4baf66cc6fc 121 4 4 7 1 0 2 0
7512 c3f3759cf635386b 121 4 4 7 1 0 2 0
7513 ea629e2ed22adc50 120 4 4 7 1 0 2 0
7514 96986b2f94a0620a 120 4 4 7 1 0 2 0
7515 57a56e594c10185b 119 4 4 7 1 0 2 0
7516 145faf2bd8ef428f 119 4 4 7 1 0 2 0
7517 489c133798e2a6ac 119 4 4 7 1 0 2 0
7518 71009a0b4143bbfe 121 4 4 7 1 0 2 1
7519 8e951e90e55d2dc3 121 4 4 7 1 0 2 1
7520 9cf4fdb46f07cf5c 121 4 4 7 1 0 2 1
7521 c705ed9c0de5d1d2 121 4 4 7 1 0 2 1
7522 190ea6b17ed7bf74 120 4 4 7 1 0 1 1
7523 d393560b7b094141 120 4 4 7 1 0 1 1
7524 a357b3255b7e7aa3 122 4 4 7 1 0 2 2
7525 e766111a197923d2 122 4 4 7 1 0 2 2
7526 850dda4fa9a195cf 121 4 4 7 1 0 2 2
7527 629b2c5996b40d81 121 4 4 7 1 0 2 2
7528 608c1a0fc063998e 121 4 4 7 1 0 2 2
7529 e997444086bfa040 122 4 4 7 1 0 2 2
7530 92dd4ed8c1b404c0 123 4 4 7 1 0 2 3
7531 77c9e7aa65351fa7 124 4 4 8 1 0 2 3
7532 aa24ce0f31661f15 125 4 4 8 1 0 2 3
7533 2b5e08b615209fee 125 4 4 8 1 0 2 3
7534 df767d4f2b68fdb5 124 4 4 8 1 0 2 3
7535 84dd89670927af2d 123 4 4 8 1 0 2 3
7536 8a4da77e71fa3d5c 124 4 4 8 1 0 2 4
7537 e617ab0dcda1bbfd 123 4 4 8 1 0 2 4
7538 4d98b27681b31a3c 123 4 4 8 1 0 2 4
7539 584aa73a63a92958 123 4 4 8 1 0 2 4
7540 b880e5c58647b01c 123 4 4 8 1 0 2 4
7541 7c9830cff92e475b 123 4 4 8 1 0 2 4
7542 000a04c85d68189f 124 4 4 8 1 0 2 5
7543 332842e14817b1e0 125 4 4 8 1 1 2 5
7544 5d62e077b0d30fbd 125 4 4 8 1 1 2 5
7545 b4816ece6a0d2249 125 4 4 8 1 1 2 5
7546 2cfb2d3756e2b5b0 124 4 4 8 1 1 1 5
7547 3167ac87c2d03561 124 4 4 8 1 1 1 5
7548 4fe4c8e9a9f4f517 125 4 4 8 1 1 1 6
7549 29ecbd3df665d2a8 125 4 4 8 1 1 1 6
7550 e0bc120d16fd115e 125 4 4 8 1 1 1 6
7551 3038685395b98668 124 4 4 8 1 1 1 6
7552 6c27f28e67a33095 124 4 4 8 1 1 1 6
7553 6105e51a8b8823d0 124 4 4 8 1 1 1 6
7554 2d0bd1e3f1eb25d9 125 4 4 8 1 0 1 7
7555 a5c111df5bb0c158 127 4 4 8 1 1 1 7
7556 560065b54c5d4bd3 127 4 4 8 1 1 1 7
7557 e92496ea16d4f077 128 4 4 8 1 1 1 7
7558 046cf7127ef1633b 128 4 4 8 1 1 1 7
7559 a2eaa6cabf70c105 128 4 4 8 1 1 1 7
7560 2ec2f6ba6d0ea27b 128 4 4 8 1 0 1 8
7561 4139a54a2660f267 130 4 4 8 2 1 1 8
7562 a7fcfc354e61b4bc 130 4 4 8 2 1 1 8
7563 bc8372526cfa9496 129 4 4 8 2 1 1 8
7564 795db123fb16f841 129 4 4 8 2 1 2 7
7565 116efbaa4e03a50b 128 4 4 8 2 0 2 7
7566 1e25bf3a61f23305 128 4 4 8 2 0 2 7
7567 d1ddf81718584073 129 4 4 8 2 1 2 7
7568 4430f41981b99c6f 129 4 4 8 2 1 2 7
7569 6fe1143d1e18cc39 131 4 4 8 2 1 2 8
7570 bfbd2631997f84bb 129 4 4 8 2 0 2 8
7571 325dfe97fb8712a1 129 4 4 8 2 0 2 8
7572 7a808034eac21485 129 4 4 8 2 0 2 8
7573 f972dcefcb80aa46 130 4 4 8 2 0 2 8
7574 e331fddc911d619b 130 4 4 8 2 0 2 8
7575 b722562468f3796a 129 4 4 8 2 0 2 8
7576 8cc10ef4c5883c14 129 4 4 8 2 0 2 8
7577 57e6c8bf21865e21 130 4 4 8 2 0 2 8
7578 aaddb5029ac8efb5 130 4 4 8 2 0 2 8
7579 070270b140c127cb 130 4 4 8 2 0 2 8
7580 a5c3c12b4a95784c 130 4 4 8 2 0 2 8
7581 020181c4a6e95c6d 130 4 4 8 2 0 2 8
7582 06c683686668c7b5 130 4 4 8 2 0 2 8
7583 f818cda9af482424 130 4 4 8 2 0 2 8
7584 f0326103a6de765d 130 4 4 8 2 0 2 8
7585 e2d1b1bd706c1afe 131 4 4 8 2 0 2 8
7586 ba4eef1e17ee5c75 132 4 4 8 2 0 2 8
7587 23f7eebf748d8698 130 4 4 8 2 0 1 8
7588 b171eedbf7ae098b 130 4 4 8 2 0 1 8
7589 dd35f891359dd94a 130 4 4 8 2 0 1 8
7590 c03c50a758aef1ac 130 4 4 8 2 0 1 8
7591 0b1425dbdaef5bdd 130 4 4 8 2 0 1 8
7592 dfb8bcfecb7f2c92 130 4 4 8 2 0 1 8
7593 10a35acf7ac73801 130 4 4 8 2 0 1 8
7594 b80d629def40bdd9 131 4 4 8 2 1 1 8
7595 b41df8d06c2a8fe8 130 4 4 8 2 0 1 8
7596 e80bdb68b02813a5 128 4 4 8 2 0 1 7
7597 5fd6ec5990504413 128 4 4 8 2 0 1 7
7598 edb15b9eaaa6662c 127 4 4 8 2 0 1 7
7599 3277dd9275d77f8d 126 4 4 8 2 0 1 7
7600 80e3d60dce82f649 127 4 4 8 2 0 1 7
7601 7f463dc01ef800f2 126 4 4 8 2 0 1 7
7602 3e21affb46515aa2 126 4 4 8 2 0 1 7
7603 1a10fa1502fb85ea 126 4 4 8 2 0 1 7
7604 72536c79970ecf2b 128 4 4 8 2 0 2 7
7605 ce687cd7346d61bd 129 4 4 8 2 0 2 7
7606 58fcdd3fc201708c 131 4 4 8 2 0 3 7
7607 73d40b5d92877914 130 4 4 8 2 0 2 7
7608 b98c65aedb7a3eb7 131 4 4 8 2 0 2 7
7609 e7ef796acdb0f05c 130 4 4 8 2 0 2 6
7610 78b3947ca6a570a9 129 4 3 8 2 0 2 6
7611 56c3a07abbc4f043 127 4 3 8 2 0 1 6
7612 d835dd29431bb999 126 4 3 8 2 0 1 6
7613 1a994aff4341a88e 126 4 3 8 2 0 1 6
7614 cef479cee246860a 126 4 3 8 2 0 1 6
7615 f97fb53ffdf51703 126 4 3 8 2 0 1 6
7616 26c39e0f14802f5a 126 4 3 8 2 0 1 6
7617 fc12787044506ae0 127 4 3 8 2 0 1 6
7618 549cc2a84f5ca6d7 127 4 3 8 2 0 1 6
7619 362c8891bc70fa6e 127 4 3 8 2 0 1 6
7620 1e0ae324b0c1356c 127 4 3 8 2 0 1 6
7621 c25aa92510c284dd 127 4 3 8 2 0 1 6
7622 e1b4cdc7437a480f 127 4 3 8 2 0 1 6
7623 51739adf4bad4c18 127 4 3 8 2 0 1 6
7624 302cad549d3b0dff 127 4 3 8 2 0 1 6
7625 c0d09ece56d57613 127 4 3 8 2 0 1 6
7626 d7a3a81468a15da3 127 4 3 8 2 0 1 6
7627 40c956ed4328aa28 126 4 3 8 2 0 1 6
7628 0553f6ebdbbca2d8 126 4 3 8 2 0 1 6
7629 6588a675d3edaf85 127 4 3 8 2 0 1 6
7630 3fe7abcd90c3324d 127 4 3 8 2 0 1 6
7631 70f286a627440726 127 4 3 8 2 0 1 6
7632 ce2000a74ecdb5fc 127 4 3 8 2 0 1 6
7633 cc8a0f3fe0bc8e5c 127 4 3 8 2 0 1 6
7634 0ab03fa07a5dcbab 127 4 3 8 2 0 1 6
7635 5367312f04bd0072 127 4 3 8 2 0 1 6
7636 00324c9f01c8f9d9 127 4 3 8 2 0 1 6
7637 62f89f12e223239f 126 4 3 8 2 0 1 6
7638 6482ced7aaaf64f9 127 4 3 8 2 0 1 6
7639 fe994f205747aeaf 127 4 3 8 2 0 1 6
7640 a4465cc50623a2a4 128 4 3 8 2 0 1 6
7641 703ab124d3aba78c 129 4 3 8 2 0 1 6
7642 3bb40153b08dd4c1 129 4 3 8 2 0 1 6
7643 5d41eb65c77a9463 129 4 3 8 2 0 1 6
7644 1d357e892f5f55f0 129 4 3 8 2 0 1 6
7645 762fbc043f6160d6 129 4 3 8 2 0 1 6
7646 d98e115d43461212 130 4 3 8 2 0 2 6
7647 35b88c6f1463696a 130 4 3 8 2 0 2 6
7648 c34cb5696b67ae33 130 4 3 8 2 0 2 6
7649 740ef8a19a57d008 130 4 3 8 2 0 2 6
7650 3d7aba3aec6c4183 131 4 3 8 2 0 2 6
7651 a74c4942a065cffd 133 4 4 8 2 0 2 6
7652 820ab76872d1e08b 133 4 4 8 2 0 2 6
7653 8022e4ac156250e6 133 4 4 8 2 0 2 6
7654 7c4e3d634bbf460f 133 4 4 8 2 0 2 6
7655 9cef64e46516b53e 133 4 4 8 2 0 2 6
7656 5e224dbaf5dee7eb 133 4 4 8 2 0 2 6
7657 34512e060c715ee9 133 4 4 8 2 0 2 6
7658 b94410c443fe38fd 133 4 4 8 2 0 2 6
7659 2af1b9a5d79d4646 133 4 4 8 2 0 2 6
7660 6a7d24815da34a45 133 4 4 8 2 0 2 6
7661 a44b45efc37682c4 133 4 4 8 2 0 2 6
7662 d2933e5aed94c6e6 133 4 4 8 2 0 2 6
7663 7d9946335fe5cd4b 133 4 4 8 2 0 2 6
7664 a3f6e5125a9dc0eb 133 4 4 8 2 0 2 6
7665 6e945cb4fc0fa636 131 4 4 8 2 0 2 6
7666 4b2d322035c70f41 131 4 4 8 2 0 2 6
7667 2e3814088b25ba2b 131 4 4 8 2 0 2 6
7668 dc3895693de2942d 131 4 4 8 2 0 2 6
7669 fd07205ff979d2f0 132 4 4 8 2 0 2 6
7670 c8f011c9ec322f61 130 4 4 8 2 0 1 6
7671 7f4aee5c1d7dcccb 130 4 4 8 2 0 1 6
7672 29c4a4863ca50976 130 4 4 8 2 0 1 6
7673 bad020a20d4ab1fa 130 4 4 8 2 0 1 6
7674 eaa378028c9e796e 131 4 4 8 2 0 1 6
7675 d6bb697279c68a8c 131 4 4 8 2 0 1 6
7676 9c0cc72a79280ba3 131 4 4 8 2 0 1 6
7677 f5e16eb2925c8e3e 132 4 4 8 2 0 1 6
7678 4832c323ec674388 133 4 4 8 2 0 1 6
7679 cc41fdf5962348e6 133 4 4 8 2 0 1 6
7680 2e67ba708f63e376 133 4 4 8 2 0 1 6
7681 660f403186b27c13 133 4 4 8 2 0 1 6
7682 0cd50886edf6017e 133 4 4 8 2 0 1 6
7683 9cb6b2b6e8e6e1dd 133 4 4 8 2 0 1 6
7684 d048ce201b03bc30 132 4 4 8 2 0 1 5
7685 b45b56a6ee9e9ac3 131 4 3 8 2 0 1 5
7686 16c254642042dc19 131 4 3 8 2 0 2 5
7687 4bd3705fafcff00d 131 4 3 8 2 0 2 5
7688 e02c34a84213d147 130 4 3 8 2 0 2 5
7689 f6ce0ea265983c60 131 4 3 8 2 0 2 5
7690 ef6c7e10906661f9 131 4 3 8 2 0 2 5
7691 f673fcfa7228ebd9 131 4 3 8 2 0 2 5
7692 b84a21ab1ea50065 131 4 3 8 2 0 2 5
7693 d3949c2dc9978ef7 130 4 3 8 2 0 2 5
7694 8053b82c91a350d7 129 4 3 8 2 0 2 4
7695 1fa0b6d867bca8de 128 4 3 7 2 0 2 4
7696 013e46d2fa726cb7 128 4 3 7 2 0 2 4
7697 0d1bc2d26a1ba426 128 4 3 7 2 0 2 4
7698 00e7a16e0c7a214a 128 4 3 7 2 0 2 4
7699 2fba7e137b65eb9b 129 4 3 7 2 0 2 4
7700 f0f5479686376178 129 4 3 7 2 0 2 4
7701 45f7673a87fd1b68 129 4 3 7 2 0 2 4
7702 f237495fb4884c31 128 4 3 7 2 0 2 4
7703 92a7190737e68ff7 126 4 3 7 2 0 2 3
7704 898708704c24dbd1 125 4 2 7 2 0 2 3
7705 faacad5625a31db1 124 4 2 7 2 0 2 3
7706 2e6048bf03812b93 124 4 2 7 2 0 2 3
7707 9849a3200bfdf73c 124 4 2 7 2 0 2 3
7708 395c25aa91b9c121 124 4 2 7 2 0 2 3
7709 ddc17bc66d909ec0 124 4 2 7 2 0 2 3
7710 e671e2db2f9255ec 124 4 2 7 2 0 2 3
7711 04fd54842f994a93 123 4 2 7 2 0 1 3
7712 ccafa7c72113ebc3 123 4 2 7 1 0 1 3
7713 f9e211eb41071b87 123 4 2 7 1 0 1 3
7714 5099dec2006c78ea 123 4 2 7 1 0 1 3
7715 e48b86e281c181fb 124 4 2 7 1 0 1 3
7716 9069e880311b05b7 123 4 2 7 1 0 1 3
7717 aa8cc6665e82f684 123 4 2 7 1 0 1 3
7718 aee4377032a86287 123 4 2 7 1 0 1 3
7719 b205a8d6aa09f59d 124 4 2 7 1 0 1 3
7720 8f73d8623f636452 123 4 2 7 1 0 1 3
7721 f49a14067a2e71a8 123 4 2 7 1 0 1 3
7722 404b24bbfb519d92 124 4 2 7 1 0 1 3
7723 892985de81a413ad 123 4 2 7 1 0 1 3
7724 653482c7debf3617 124 4 2 7 1 0 1 3
7725 8133ced1e9ee0ef3 124 4 2 7 1 0 1 3
7726 02f3bcbc7864118c 125 4 2 7 1 0 2 3
7727 1284388f3709061f 125 4 2 7 1 0 2 3
7728 07fe6a8202f2811c 125 4 2 7 1 0 2 3
7729 f3faf69a2f8f295e 126 4 2 7 1 0 2 3
7730 5f9315fc76e38393 125 4 2 7 1 0 1 3
7731 ba016a974ace4531 125 4 2 7 1 0 1 3
7732 c3aef964460ba5b2 124 4 2 7 1 0 1 3
7733 2dd5c36a3a7ae413 124 4 2 7 1 0 1 3
7734 3443d5e1c31f7951 124 4 2 7 1 0 1 3
7735 e35175c62846acba 125 4 2 7 1 0 1 3
7736 0217d0591abdb353 127 4 2 7 1 0 1 3
7737 c27e035abdab86cf 127 4 2 7 1 0 1 3
7738 7c4f268f632d453a 126 4 2 7 1 0 1 3
7739 1c39aafc32ac7efe 126 4 2 7 1 0 1 3
7740 d77f9f5dbfaf3e43 126 4 2 7 1 0 1 3
7741 7f4938302fa3b315 127 4 2 7 1 0 1 3
7742 723f8bfc84925d5e 127 4 2 7 1 0 1 3
7743 a4b996e7ff284195 127 4 2 7 1 0 1 3
7744 3e6cf5eeef66bcc4 127 4 2 7 1 0 1 3
7745 3fbf62cba4965ce1 126 4 2 7 1 0 1 3
7746 2248bc9d920f0d5e 127 4 2 7 1 0 1 3
7747 ff05c7adf5997f42 128 4 2 7 1 0 1 3
7748 386b7ed830a2adaf 127 4 2 7 1 0 1 3
7749 fc1591d3e6396a8c 127 4 2 7 1 0 1 3
7750 4e753670e0c8e603 127 4 2 7 1 0 1 3
7751 ffa5e8bbdc76800a 127 4 2 7 1 0 1 3
7752 e37cbf7079fb3268 126 4 2 7 1 0 1 3
7753 2b9b2e3d4ce44ec6 128 4 2 7 1 0 3 3
7754 7579ded596846451 129 4 2 7 1 0 4 3
7755 11f57d52437a770e 131 4 2 7 1 0 4 3
7756 dd3f03ac209bcdec 131 4 2 7 1 0 4 3
7757 c29c48187e9b531d 131 4 2 7 1 0 4 3
7758 5cf11de0b82d179d 131 4 2 7 1 0 4 3
7759 c422c36452251089 130 4 2 7 1 0 4 3
7760 4d8ed1b3d7f72102 130 4 2 7 1 0 4 3
7761 a7a60c04164eb084 130 4 2 7 1 0 4 3
7762 0ed19b6d86b5f7b9 131 4 2 7 1 0 4 3
7763 402caa68cbefaf0d 131 4 2 7 1 0 4 3
7764 c20c8ba309544a8d 130 4 2 7 1 0 4 3
7765 f3286cf46cd82c6d 130 4 2 7 1 0 4 3
7766 6c40e750cc9d91c8 130 4 2 7 1 0 4 3
7767 f9d16f4352fb4a1a 131 4 2 7 1 0 4 3
7768 c778128f0a573145 131 4 2 7 1 0 4 3
7769 f7191ecb0643e19d 131 4 2 7 1 0 4 3
7770 85f24d5c072a7830 132 4 2 7 1 0 4 3
7771 7e3ef3d79ecb6ca1 133 4 3 7 1 0 4 3
7772 c3fa8ce8b9574474 133 4 3 7 1 0 4 3
7773 99f59174866e3e0b 133 4 3 7 1 0 4 3
7774 52acc809ad234fd3 132 4 3 7 1 0 3 3
7775 40b7ee6cd553788c 131 4 3 7 1 0 3 3
7776 e28de614a69d8922 130 4 3 7 1 0 3 3
7777 d1e6ceea75f93ca6 130 4 3 7 1 0 3 3
7778 5967737f3dda351d 131 4 3 7 1 0 3 3
7779 f6816ff46991e07b 131 4 3 7 1 0 3 3
7780 5997d4e6fe79f478 131 4 3 7 1 0 3 3
7781 b3a517464aee735d 131 4 3 7 1 0 3 3
7782 7b5dc7847122bb2e 131 4 3 7 1 0 3 3
7783 eb4ae8646a22bde1 131 4 3 7 1 0 3 3
7784 d876deed1d803631 130 4 3 7 1 0 3 3
7785 5d23b9c2d7beb115 130 4 3 7 1 0 3 3
7786 3c3abd101e5012e9 130 4 3 7 1 0 3 3
7787 c0e015c93846df01 130 4 3 7 1 0 3 3
7788 7b9a71c0025519a8 131 4 3 7 1 0 3 3
7789 69fe98490fcd1512 131 4 3 7 1 0 3 3
7790 870997ef2206b17e 131 4 3 7 1 0 3 3
7791 851ac1ae14e262fc 131 4 3 7 1 0 3 3
7792 a99cb45d386f270e 131 4 3 7 1 0 3 3
7793 2401088298cea7a4 133 4 3 7 1 0 5 3
7794 b5030a7ef01319d8 135 4 3 7 1 0 6 3
7795 8e2f0c22df570089 135 4 3 7 1 0 6 3
7796 78cd711758498448 135 4 3 7 1 0 6 3
7797 8ba1bbda9cceae47 136 4 3 7 1 1 6 3
7798 2bc892f28c445f78 135 4 3 7 1 1 6 3
7799 959d70ab19d25a54 135 4 3 7 1 1 6 3
7800 8e2d0ba0d2dc9af0 135 4 3 7 1 1 6 3
7801 eb0aa2f70cd503bb 134 4 3 7 1 1 6 3
7802 4c9616e9da4904fc 133 4 3 7 1 0 6 3
7803 451dcf0d967c4c14 134 4 3 7 1 1 6 3
7804 a3765d00166ff36e 135 4 3 7 1 1 6 3
7805 16a68606c8d78ac0 134 4 3 7 1 1 5 3
7806 d6d9ea7937c3efb1 134 4 3 7 1 1 5 3
7807 b034ab3ce4d08df6 134 4 3 7 1 1 5 3
7808 1b053099d7f4f699 133 4 3 7 1 0 5 3
7809 329ac6824a1f07af 134 4 3 7 1 1 5 3
7810 ed9cf0095fe2806f 134 4 3 7 1 1 5 3
7811 7076800ed08ed6c5 134 4 3 7 1 1 5 3
7812 ac218118ccfa2450 134 4 3 7 1 1 5 3
7813 0b1933cb0f37e98c 133 4 3 7 1 0 5 3
7814 439b9cfdfb7c602e 133 4 3 7 1 0 5 3
7815 854bf5b28c97ffd9 134 4 3 7 1 1 5 3
7816 16c57c6368e84ee5 135 4 3 7 1 1 5 3
7817 af2c49e34d36b626 136 4 3 7 1 1 5 3
7818 9e77e2197946fca2 136 4 3 7 1 1 5 3
7819 b027f59a8e7d209e 135 4 3 7 1 0 5 3
7820 39b2cbd7ffdaa0f8 135 4 3 7 1 0 5 3
7821 ba4a3b617c447c4b 136 4 3 7 1 1 5 3
7822 6ce65f480b1df931 136 4 3 7 1 1 5 3
7823 51292676201ffdc6 136 4 3 7 1 1 5 3
7824 afa38ecb2893e4b4 135 4 3 7 1 0 5 3
7825 a9991516cf4d00a2 135 4 3 7 1 0 5 3
7826 91d1b20951126758 136 4 3 7 1 0 5 3
7827 db3d0888535a35dd 138 4 3 7 1 1 5 3
7828 64d87424e6f78a67 138 4 3 7 1 0 5 3
7829 a54ce9ee4265a9c7 138 4 3 7 1 0 5 3
7830 617d35ca073fb24d 139 4 3 7 1 0 5 3
7831 0256df248b1d37e4 139 4 3 7 1 0 5 3
7832 c8318baa074776cb 139 4 3 7 1 0 5 3
7833 27c9286b27554095 140 4 3 7 1 0 6 3
7834 75a576900aa99d2c 140 4 3 7 1 0 7 3
7835 2a0e54f408ed494f 140 4 3 7 1 0 7 3
7836 726c99932943d364 140 4 3 7 1 0 7 2
7837 1565daae93dbdb64 140 4 3 7 1 0 7 2
7838 feb7b5c537c3e68e 140 4 3 7 1 0 7 2
7839 3a5f1045510d2be7 140 4 3 7 1 0 7 2
7840 a4f4defd38d790f9 140 4 3 7 1 0 7 2
7841 dd2996abd1d5e267 140 4 3 7 1 0 7 2
7842 fc9a001db4661c6a 139 4 3 7 1 0 6 2
7843 387340a91cfc688a 139 4 3 7 1 0 6 2
7844 319ba3400cc6c37d 138 4 3 7 1 0 6 2
7845 aa5b10804241bffb 138 4 3 7 1 0 6 2
7846 7f505c5d0ed700d5 137 4 3 7 1 0 6 2
7847 167d9ae25cec5ca2 138 4 3 7 1 0 6 2
7848 39061dc57309f1db 137 4 3 7 1 0 6 1
7849 49ba5034f913d922 138 4 3 7 1 0 6 1
7850 bb67e1808edbff8c 137 4 3 7 1 0 6 1
7851 394f3d538f5f8cac 137 4 3 7 1 0 6 1
7852 b0d606836d9f3940 137 4 3 7 1 0 6 1
7853 2220424c3b837e70 138 4 3 7 1 0 6 1
7854 67e3957bb4b175a3 138 4 3 7 1 0 6 1
7855 e59ff137fe9e06ec 138 4 3 7 1 0 6 1
7856 bcc734f0e2fe12d9 138 4 3 7 1 0 6 1
7857 0143b85247a79ef1 138 4 3 7 1 0 6 1
7858 033c2c322797ce8e 137 4 3 7 1 0 6 1
7859 b8fd3881fe232fe9 137 4 3 7 1 0 6 1
7860 aecc464c15cf469a 137 4 3 7 1 0 6 1
7861 d1a9f698abb1f08b 137 4 3 7 1 0 6 1
7862 4937a56f2191489a 138 4 3 7 1 0 6 1
7863 a0ea6d7f0e2a0d8d 138 4 3 7 1 0 6 1
7864 8a88908664c5ccd1 138 4 3 7 1 0 6 1
7865 71d4b362ff53dcdf 138 4 3 7 1 0 6 1
7866 b13e36cb0721495e 137 4 3 7 1 0 6 1
7867 174051bc7f0655af 138 4 3 7 1 0 6 1
7868 02e00bbf74e5923c 139 4 3 7 1 0 6 1
7869 c32e9cf39fd4307b 137 4 3 7 1 0 6 0
7870 cbed70442c6b2ed3 137 4 3 7 1 0 6 0
7871 851888bf7538b31f 137 4 3 7 1 0 6 0
7872 d68f3cbd7804dbb8 137 4 3 7 1 0 6 0
7873 d7d3d109d1545325 139 4 3 7 1 0 7 0
7874 470410a70ff049d7 140 4 3 7 1 0 7 0
7875 b13fea95b701c55b 140 4 3 7 1 0 7 0
7876 da507b939e52bf33 140 4 3 7 1 0 7 0
7877 ea7ecc5c8fcd9b5f 140 4 3 7 1 0 7 0
7878 5b45919793f10b71 140 4 3 7 1 0 7 0
7879 4a9aa140c4f737a4 140 4 3 7 1 0 7 0
7880 733031ce59d5405b 138 4 3 7 1 0 6 0
7881 b479d016b2366087 137 4 3 7 1 0 6 0
7882 e968e167b18b74a7 137 4 3 7 1 0 6 0
7883 1508d81bbd304902 136 4 3 7 1 0 6 0
7884 6d28d941766f8bb8 136 4 3 7 1 0 6 0
7885 32eef34b7a3da874 136 4 3 7 1 0 6 0
7886 1ca080856081bec1 137 4 3 7 1 0 6 0
7887 29b693a6109bd516 136 4 3 7 1 0 6 0
7888 2b1e322ede0eb581 136 4 3 7 1 0 6 0
7889 e440c68bed0525ba 136 4 3 7 1 0 6 0
7890 509e15145fbb0857 137 4 3 7 1 0 6 0
7891 bdd596825ff922cc 138 4 3 8 1 0 6 0
7892 d0a02799d4cce224 138 4 3 8 1 0 6 0
7893 20c54fcee631cfea 138 4 3 8 1 0 6 0
7894 35efc522a7128cdc 138 4 3 8 1 0 6 0
7895 1cb96350bc907c4b 138 4 3 8 1 0 6 0
7896 83879e9d3b0d3755 138 4 3 8 1 0 6 0
7897 117e87bba99b8e59 138 4 3 8 1 0 6 0
7898 9efbdbe5aaa28308 136 4 3 8 1 0 6 0
7899 ee88c10f459bb6b2 136 4 3 8 1 0 6 0
7900 27921296cc846bba 136 4 3 8 1 0 6 0
7901 330c130339a7845e 135 4 3 8 1 0 6 0
7902 0935f1e554828d61 135 4 3 8 1 0 6 0
7903 e1ff269f67636296 135 4 3 8 1 0 6 0
7904 e304eede82bfe196 136 4 3 8 1 0 6 0
7905 979475ed05dc9c52 136 4 3 8 1 0 6 0
7906 a7a175fea0261d14 136 4 3 8 1 0 6 0
7907 4585ae8c13a24e96 136 4 3 8 1 0 6 0
7908 d0962557f033384d 135 4 3 8 1 0 6 0
7909 e466489fc7e3b460 135 4 3 8 1 0 6 0
7910 0663cc48b3513aa8 135 4 3 8 1 0 6 0
7911 722afc69733af258 135 4 3 8 1 0 6 0
7912 0a185f07340db501 135 4 3 8 1 0 6 0
7913 864e6b52b40ac12a 137 4 3 8 1 0 7 0
7914 d7a2aa7427f6ec0f 137 4 3 8 1 0 7 0
7915 7b56c57a4aff16eb 137 4 3 8 1 0 7 0
7916 b413476b4f4ba9ee 136 4 3 8 1 0 7 0
7917 e67482ff10d638b2 135 4 3 8 1 0 7 0
7918 4e60b4be5634daac 135 4 3 8 1 0 7 0
7919 12ac2cab2e3b597b 135 4 3 8 1 0 7 0
7920 08d869472222c454 134 4 3 8 1 0 6 0
7921 1374a5df929a52b2 134 4 3 8 1 0 6 0
7922 c1a507f7eb2793b0 134 4 3 8 1 0 6 0
7923 fe9b13f1793ed4b7 134 4 3 8 1 0 6 0
7924 13d9b8b6cb18e6e5 133 4 3 8 1 0 6 0
7925 2fc9c22d23368787 133 4 3 8 1 0 6 0
7926 76831240297ae484 132 4 3 8 1 0 6 0
7927 0180daa1ccc8721d 132 4 3 8 1 0 6 0
7928 81f12b1e13bd7af3 132 4 3 8 1 0 6 0
7929 96ee53ddbb6b70b8 133 4 3 8 1 1 6 0
7930 143f06ca76018822 133 4 3 8 1 1 6 0
7931 3ecfcb7d842e932a 133 4 3 8 1 1 6 0
7932 01ffe9179cf4a765 133 4 3 8 1 1 6 0
7933 062cb13e51a41bee 131 4 3 8 1 0 6 0
7934 c94ec09cefff63e3 131 4 3 8 1 0 6 0
7935 39f9f4b2ce29683e 133 4 3 8 1 1 6 0
7936 61fb49d15b311425 133 4 3 8 1 1 6 0
7937 97a37913bb36d2d0 133 4 3 8 1 1 6 0
7938 345582b0274b6dc9 132 4 3 8 1 1 6 0
7939 de781faad104581a 131 4 3 8 1 0 6 0
7940 04364b49ee4b2525 130 4 3 8 1 0 6 0
7941 8270e572806de623 131 4 3 8 1 1 6 0
7942 53391581ba4ae7d6 131 4 3 8 1 1 6 0
7943 b5649a83a9dee608 131 4 3 8 1 1 6 0
7944 df704ed0988f02b4 130 4 3 8 1 0 6 0
7945 e4472e8557e75a92 129 4 3 8 1 0 6 0
7946 7c68aabad21f309a 129 4 3 8 1 0 6 0
7947 6aef78d2249fd85d 130 4 3 8 1 1 6 0
7948 f4607ed12b0a76be 130 4 3 8 1 1 6 0
7949 0f8f49aaee3278bc 129 4 3 8 1 0 6 0
7950 cde346889f6cf2db 129 4 3 8 1 0 6 0
7951 5be3a6e6ebae9047 129 4 3 8 1 0 6 0
7952 25573db7061e1a0e 129 4 3 8 1 0 6 0
7953 505057aa836ded99 131 4 3 8 1 1 7 0
7954 85a42f62c323d175 129 4 3 8 1 0 6 0
7955 ba87ebea616e951f 129 4 3 8 1 0 6 0
7956 2e8bcab75dd6f268 130 4 3 8 1 0 6 0
7957 492c80d2e773709f 129 4 3 8 1 0 6 0
7958 8f8a186bb0f90a91 129 4 3 8 1 0 6 0
7959 c12615ec53d1a1ff 129 4 3 8 1 0 6 0
7960 22f7d41cc68fb7cb 129 4 3 8 1 0 6 0
7961 e71726ee05012ce8 128 4 3 8 1 0 6 0
7962 3000aed5328d2473 127 4 3 8 1 0 5 0
7963 caec3b182b4699ea 127 4 3 8 1 0 5 0
7964 ff3bdf33e960b27a 127 4 3 8 1 0 5 0
7965 5c89c4acab8e6ed1 127 4 3 8 1 0 4 0
7966 867a00825503a5a3 127 4 3 8 1 0 4 0
7967 db4b20d2c068a103 127 4 3 8 1 0 4 0
7968 a5616d5d7835c044 128 4 3 8 1 0 4 0
7969 9d1275c71068a0d4 128 4 3 8 1 0 4 0
7970 0665546ebcaa6c5f 128 4 3 8 1 0 4 0
7971 b150c40440c9d570 128 4 3 8 1 0 4 0
7972 d950c7e8e21f08ef 128 4 3 8 1 0 4 0
7973 3f9c3656adc087e6 128 4 3 8 1 0 4 0
7974 f26ac35fe6466b23 128 4 3 8 1 0 4 0
7975 295ad7fa85d0e5b9 128 4 3 8 1 0 4 0
7976 00ee6891f6a75946 128 4 3 8 1 0 4 0
7977 a62db25f07ccf03c 128 4 3 8 1 0 4 0
7978 d2d5e6f77147447f 128 4 3 8 1 0 4 0
7979 90732ec601b6fe13 128 4 3 8 1 0 4 0
7980 7f0f6319932b2d57 129 4 3 8 1 0 4 0
7981 b35210754cba6ce5 129 4 3 8 1 0 4 0
7982 ff4d8b505a39b641 128 4 3 8 1 0 4 0
7983 ab68515377b1fd06 128 4 3 8 1 0 4 0
7984 6daee7e3762eb470 127 4 3 8 1 0 4 0
7985 b3c6f5466539da1b 128 4 3 8 1 0 4 0
7986 adcefd79fa6116e4 129 4 3 8 1 0 4 0
7987 98960794d216c237 130 4 3 8 1 0 4 0
7988 ea5e29769d7bd537 130 4 3 8 1 0 4 0
7989 7d5c5bbd8eb3830f 129 4 3 8 1 0 4 0
7990 ee279a857ad87e34 129 4 3 8 1 0 4 0
7991 dd81d515961ef478 129 4 3 8 1 0 4 0
7992 ce36acae12cc2099 129 4 3 8 1 0 4 0
7993 120c1778c338d4c2 130 4 3 8 1 0 5 0
7994 2e67dc64b3a52330 131 4 3 8 1 0 5 0
7995 50e50f9e1b8153c1 131 4 3 8 1 0 5 0
7996 a622d4bcda57ee20 131 4 3 8 1 0 5 0
7997 f10c2485ee36aba5 130 4 3 8 1 0 4 0
7998 6d365dc7db11e806 129 4 3 8 1 0 4 0
7999 b76865da26e62037 130 4 3 8 1 0 4 1
8000 e9e619cc454f6364 131 4 3 8 1 0 4 1
8001 169bdc2e4099b694 132 4 3 8 1 0 4 1
8002 0258a3b54525a6de 133 4 3 8 1 0 4 1
8003 43a8ed2174992248 134 4 3 8 1 0 4 1
8004 afb54b7fb1106515 134 4 3 8 1 0 4 1
8005 979aa2511b57c071 135 4 3 8 1 0 4 2
8006 0e84bc51b1a41d6f 135 4 3 8 1 0 4 2
8007 0f2f053c34ea062d 136 4 3 8 1 0 4 2
8008 536fa1a3120d0244 138 4 3 8 1 0 4 2
8009 8d87486fce1efe8c 137 4 3 8 1 0 4 2
8010 c7a74e78620873e8 138 4 3 8 1 0 4 2
8011 d25c6160bad466ea 139 4 4 8 1 0 3 3
8012 cbb04b5baca7eceb 138 4 4 8 1 0 3 3
8013 d9c9280fe7b9c982 139 4 4 8 1 0 3 3
8014 e0f7bf8af98a5e7f 139 4 4 8 1 0 3 3
8015 888e2404d0b6071d 139 4 4 8 1 0 3 3
8016 4f2b0eb377b29a24 140 4 4 8 1 0 3 3
8017 646bc0e49d3452b6 141 4 4 8 1 0 3 4
8018 00331d065d9bd9f2 142 4 4 8 1 0 3 4
8019 db3c7e5247bb98fd 142 4 4 8 1 0 3 4
8020 efc67e16c225361b 141 4 4 8 1 0 2 4
8021 689cb588e1b46006 141 4 4 8 1 0 2 4
8022 a3dff9d725036048 142 4 4 8 1 0 2 4
8023 17027af541c8b633 143 4 4 8 1 0 2 5
8024 228ccb2a2692d170 143 4 4 8 1 0 2 5
8025 35a6b2e243cceaa8 143 4 4 8 1 0 2 5
8026 06b78ea0ff3cfb74 143 4 4 8 1 0 2 5
8027 7a3549d258f56eaf 143 4 4 8 1 0 2 5
8028 e79162207318086b 144 4 4 8 1 0 2 5
8029 f0db33de176c4113 145 4 4 8 1 0 2 6
8030 cae71d4da76b84ae 146 4 4 8 1 0 2 6
8031 f3bc1a85a7fd19ad 146 4 4 8 1 0 2 6
8032 e11675f8342b6100 146 4 4 8 1 0 2 6
8033 b7617461f7355ce9 148 4 4 8 1 0 3 6
8034 8e0a2e244ce0b587 147 4 4 8 1 0 3 6
8035 8f650534d04fb861 148 4 4 8 1 0 3 7
8036 bf6c8ace5543988a 148 4 4 8 1 0 3 7
8037 9507dc76b9e6aa2c 147 4 4 8 1 0 3 7
8038 fe014a14de86c1d9 147 4 4 8 1 0 3 7
8039 429a370d97ab2717 146 4 4 8 1 0 3 7
8040 bb9c640b421348d6 146 4 4 8 1 0 3 7
8041 43b55ab4ccc408ab 148 4 4 8 2 0 3 8
8042 44bcbf72d889dcf3 148 4 4 8 2 0 3 8
8043 63217413c0d3441c 149 4 4 8 2 0 4 8
8044 12bf9a2edb5cba87 149 4 4 8 2 0 4 8
8045 54f66977298a5f73 149 4 4 8 2 0 4 8
8046 ea446a4203526fb5 148 4 4 8 2 0 4 8
8047 2f5060e4619aa4b3 147 4 4 8 2 0 3 8
8048 b995861b375d26ff 147 4 4 8 2 0 3 8
8049 61700ee35640fcae 147 4 4 8 2 0 4 8
8050 43758560225a2055 149 4 4 8 2 0 4 9
8051 d4c5639475d70108 149 4 4 8 2 0 4 9
8052 a8859d6f1f41aca9 149 4 4 8 2 0 4 9
8053 129fae7b6e323954 148 4 4 8 2 0 4 9
8054 8a0612be60053d59 148 4 4 8 2 0 4 9
8055 f199ad8c193813f6 148 4 4 8 2 0 4 9
8056 0c9a00b866fed0ee 148 4 4 8 2 0 4 9
8057 6dee235e007d6f78 148 4 4 8 2 0 4 9
8058 878f63c5d411fd3d 148 4 4 8 2 0 4 9
8059 9600fd5a25ea2709 148 4 4 8 2 0 4 9
8060 d4c78548664e829e 148 4 4 8 2 0 4 9
8061 92183a1c2909eea6 148 4 4 8 2 0 4 9
8062 bc3ff5688d442be0 148 4 4 8 2 0 3 9
8063 eebeead22bf8814a 148 4 4 8 2 0 3 9
8064 fe1923b70d9717bd 149 4 4 8 2 0 3 9
8065 41db0f51df831668 148 4 4 8 2 0 3 9
8066 7b961bd5cd7b01c4 147 4 4 8 2 0 3 9
8067 a5ecefbab1fe1458 147 4 4 8 2 0 3 9
8068 29c878e86e33e724 146 4 4 8 2 0 3 8
8069 fa7343c9ace093ee 147 4 4 8 2 0 3 8
8070 a7709465c9404c79 147 4 4 8 2 0 3 8
8071 0527737f8ca1f74e 147 4 4 8 2 0 3 8
8072 e37f3e522ec0ec93 147 4 4 8 2 0 3 8
8073 69101797e6ae2e46 147 4 4 8 2 0 3 8
8074 97d15f0de3b6a4fb 147 4 4 8 2 0 3 8
8075 9544a9bd52d82c45 147 4 4 8 2 0 3 8
8076 452c3516590babb3 147 4 4 8 2 0 3 8
8077 07b8c49d1d1ce646 148 4 4 8 2 0 3 8
8078 e38027713bd745e0 148 4 4 8 2 0 3 8
8079 22776c8cc0822407 147 4 4 8 2 0 2 8
8080 7eaae868c4ce0863 146 4 4 8 2 0 1 8
8081 29643bbe0d44ad6b 146 4 4 8 2 0 1 8
8082 00f8a9b95c4bc2a9 145 4 4 8 2 0 1 7
8083 1504f058e2dec387 146 4 4 8 2 0 2 7
8084 1f1c41d104dbd94e 145 4 4 8 2 0 2 6
8085 4b52ac11b7855a0e 145 4 4 8 2 0 1 6
8086 bba8359bfefad41c 145 4 4 8 2 0 1 6
8087 386e56e2ce5420c9 146 4 4 8 2 0 1 6
8088 1f1f348385da56f8 145 4 4 8 2 0 1 5
8089 b273f9b7a383d341 146 4 4 8 2 0 1 5
8090 f5c091036dafd7bc 146 4 4 8 2 0 1 5
8091 8d9b05436b0942ca 146 4 4 8 2 0 1 5
8092 653d48d9bd107687 145 4 4 8 2 0 1 5
8093 c87a9810a4582403 145 4 4 8 2 0 1 5
8094 f6d95d94e9a90474 145 4 4 8 2 0 0 5
8095 765e635dba9fef78 144 4 4 8 1 0 0 5
8096 099a969c9878c4fc 145 4 4 8 1 0 0 5
8097 0e8709462c1eefef 145 4 4 8 1 0 1 5
8098 fc793b1c653de3ca 145 4 4 8 1 0 1 5
8099 777e3851266f55fd 145 4 4 8 1 0 1 5
8100 451729a513e406e2 145 4 4 8 1 0 1 5
8101 a596dd014ca63854 146 4 4 8 1 0 1 5
8102 3b823fc82b1b3850 146 4 4 8 1 0 1 5
8103 7f4bbceeab7d1858 146 4 4 8 1 0 1 5
8104 8c57fea83aa0a5c2 146 4 4 8 1 0 1 5
8105 107b4012fa6d163d 146 4 4 8 1 0 1 5
8106 83a5568e9b4d9566 147 4 4 8 1 0 1 5
8107 11bfffb167d794f4 147 4 4 8 1 0 1 5
8108 91966a3da310c056 147 4 4 8 1 0 1 5
8109 26b8421c3a735952 146 4 4 8 1 0 1 5
8110 3dd8938382587db7 146 4 4 8 1 0 1 5
8111 3871f486162da718 147 4 4 8 1 0 1 5
8112 a4edfabf34e42c9f 147 4 4 8 1 0 1 5
8113 8d9feaabd4f60f43 145 4 4 8 1 0 1 4
8114 65ff246e068c09f5 144 4 3 8 1 0 1 4
8115 dc87d8c8d6f4beee 144 4 3 8 1 0 1 4
8116 b3dcc303bfcb3fda 144 4 3 8 1 0 1 4
8117 a45efb34e9f0aac1 145 4 3 8 1 1 1 4
8118 d017260a3d29cecd 143 4 3 8 1 0 1 4
8119 2df74a109a723059 144 4 3 8 1 0 1 4
8120 fac8ab0a417338fc 144 4 3 8 1 0 1 4
8121 d205f93492640cca 143 4 3 8 1 0 1 4
8122 961616c3bb6d3044 143 4 3 8 1 0 1 4
8123 f0abdafaca2ced41 145 4 3 8 1 0 2 4
8124 a3716c10919b1c07 145 4 3 8 1 0 2 4
8125 f43b60a7baa1237b 145 4 3 8 1 0 2 4
8126 759adb1780ab4d51 146 4 3 8 1 0 3 4
8127 f094987450d9b3ce 147 4 3 8 1 0 3 4
8128 befe5d2e3bcbde93 147 4 3 8 1 0 3 4
8129 36596360b36b2f5c 148 4 3 8 1 0 3 4
8130 809cf6975878b0bb 147 4 3 8 1 0 3 4
8131 cee02340fe716582 147 4 4 8 1 0 3 4
8132 14256aaee366da11 147 4 4 8 1 0 3 4
8133 6bd0d4201bcfeda9 148 4 4 8 1 0 3 4
8134 706b1ba2802958e4 148 4 4 8 1 0 3 4
8135 91d90d2710cc7618 148 4 4 8 1 0 3 4
8136 5bf7e5e6018362c2 148 4 4 8 1 0 3 4
8137 2605e552f116e4aa 148 4 4 8 1 0 3 4
8138 b8cc082d01f3c7e4 148 4 4 8 1 0 3 4
8139 5e5334c112a71ca0 148 4 4 8 1 0 3 4
8140 e48bf6537048c8cf 148 4 4 8 1 0 3 4
8141 473d79d8205b12f8 148 4 4 8 1 0 3 4
8142 c03674566dbe4fcb 148 4 4 8 1 0 3 4
8143 73750e6664c4135d 148 4 4 8 1 0 3 4
8144 05cfbbce74c57885 148 4 4 8 1 0 3 4
8145 a82a485a8d6430f0 148 4 4 8 1 0 3 4
8146 22305c9687403c1b 148 4 4 8 1 0 3 4
8147 3dbdfefa91eeb06c 148 4 4 8 1 0 3 4
8148 708f7c5c4ab5360e 149 4 4 8 1 0 3 4
8149 ba890cc81aef2941 148 4 4 8 1 0 3 4
8150 b9a5d059f61ab5d7 148 4 4 8 1 0 3 4
8151 85ab4bf82b1c7555 148 4 4 8 1 0 4 4
8152 89138df80648a230 148 4 4 8 1 0 4 4
8153 2727c696e5171a53 148 4 4 8 1 0 4 4
8154 4d097229bc2cd164 148 4 4 8 1 0 4 4
8155 a0ef50a7af88cd93 148 4 4 8 1 0 4 4
8156 d4c5c37932e715b1 148 4 4 8 1 0 4 4
8157 9c50caa0c0be69af 147 4 4 8 1 0 4 4
8158 3172a9f2c131ffb8 146 4 4 8 1 0 4 4
8159 a70bb590fb4f16bc 146 4 4 8 1 0 4 4
8160 1f5abb3d682fad49 146 4 4 8 1 0 4 4
8161 7dc068791ae80d38 146 4 4 8 1 1 4 3
8162 fdd66a0919c0e457 146 4 3 8 1 1 4 3
8163 f40655d9a05d0627 148 4 3 8 1 1 5 3
8164 270a653af6ad97ae 149 4 3 8 1 1 5 3
8165 f8dc5532fb56fb46 149 4 3 8 1 1 5 3
8166 499bab4eb8861990 149 4 3 8 1 0 6 3
8167 dfcf2cbf2fb74852 149 4 3 8 1 0 6 3
8168 d6751a31b7386d8c 149 4 3 8 1 0 6 3
8169 e1e170cecc7f5865 148 4 3 8 1 0 6 3
8170 2ac1bce3d70f639e 149 4 3 8 1 0 6 3
8171 e13ad98c610f5445 149 4 3 8 1 0 6 3
8172 f9b710f88900e9c4 149 4 3 8 1 0 6 3
8173 6a6296a19f72aa0c 149 4 3 8 1 0 6 3
8174 06cbe2085aeb55ef 149 4 3 8 1 0 6 3
8175 048f84dc35baaf0e 148 4 3 8 1 0 5 3
8176 ac08c7a56d69c020 148 4 3 8 1 0 5 3
8177 b4d11ac49f26aafb 147 4 3 8 1 0 5 2
8178 e17fd9d0f2018f18 146 4 2 8 1 0 5 2
8179 41224b0b6ebafc13 146 4 2 8 1 0 6 2
8180 a431b77044f2ceff 146 4 2 8 1 0 6 2
8181 d35d2535087a9b6e 146 4 2 8 1 0 6 2
8182 e8a94b5159f56666 145 4 2 8 1 0 6 2
8183 8149a99e1562847b 145 4 2 8 1 0 6 2
8184 8f5d75c7e4bd1bd1 145 4 2 8 1 0 6 2
8185 67bcb3ee41b6f2e3 144 4 2 8 1 0 5 2
8186 d9dcd46e538deaa7 144 4 2 8 1 0 5 2
8187 e6dae08a5b983423 144 4 2 8 1 0 5 2
8188 8bde43cbb65b4cbc 145 4 2 8 1 0 5 2
8189 557f9c7c65b4e5d2 145 4 2 8 1 0 5 2
8190 1ff233575591997f 145 4 2 8 1 0 5 2
8191 c3aff18cb2c40f30 146 4 2 8 1 0 6 2
8192 4df82c9ee120a637 146 4 2 8 1 0 6 2
8193 b54f2a5baa93106a 147 4 2 8 1 0 6 2
8194 0ca0f7f13a2af595 147 4 2 8 1 0 6 2
8195 79926d0452162f00 146 4 2 8 1 0 6 2
8196 fbb82437b2967cb9 147 4 2 8 1 0 6 2
8197 0fe2fcda9fb5d87f 147 4 2 8 1 0 6 2
8198 ef2eecda8da4c224 148 4 2 8 1 0 6 2
8199 54627032f343247e 147 4 2 8 1 0 6 2
8200 4911caa84bbc6011 147 4 2 8 1 0 6 2
8201 24f323e407e00f69 147 4 2 8 1 0 6 2
8202 3043cb2d419f4eb9 146 4 2 8 1 0 6 2
8203 220eb5aed921a08c 145 4 2 8 1 0 6 2
8204 f7ba1ee059715db1 143 4 2 8 1 0 6 2
8205 b6eea96bf0b1a07c 143 4 2 8 1 0 6 2
8206 a88ebf946331c204 145 4 2 8 1 0 7 2
8207 fd9785f059fe200b 144 4 2 8 1 0 7 2
8208 3bd12033e966088a 144 4 2 8 1 0 7 2
8209 7782e6aed440a563 144 4 2 8 1 0 7 2
8210 5dbfe224206b9a5d 144 4 2 8 1 0 7 2
8211 8b4fb064dc1bf6c5 144 4 2 8 1 0 7 2
8212 49a64111bdf06f43 145 4 2 8 1 0 7 2
8213 80b1809da622f3cb 145 4 2 8 1 0 7 2
8214 88e895bae6614bb6 145 4 2 8 1 0 7 2
8215 81cec513b743cc0a 145 4 2 8 1 0 6 2
8216 d7131d2aa749e5bc 145 4 2 8 1 0 6 2
8217 07a8591edaa741e7 145 4 2 8 1 0 6 2
8218 5f3b479adad048d5 146 4 2 8 1 0 6 2
8219 873241b353065171 146 4 2 8 1 0 6 2
8220 5200e3952bdd1f51 146 4 2 8 1 0 6 2
8221 b3d52f2d44638e2a 145 4 2 8 1 0 6 2
8222 ff59a6da149b355b 145 4 2 8 1 0 6 2
8223 d18f3735fba843d5 146 4 2 8 1 0 6 2
8224 807bb7194e9ff583 146 4 2 8 1 0 6 2
8225 975e2d108873da40 146 4 2 8 1 0 6 2
8226 7ddf9cf56c1a5caa 145 4 2 8 1 0 6 2
8227 6e047d1b5d63aa4d 144 4 2 8 1 0 6 2
8228 a90fe51df984293b 144 4 2 8 1 0 6 2
8229 40898ca56b704860 145 4 2 8 1 0 6 2
8230 f430c638a8f89840 145 4 2 8 1 0 6 2
8231 06e02fd22c21dcbb 146 4 2 8 1 0 7 2
8232 9d6e6afc321527fa 146 4 2 8 1 0 7 2
8233 fde17491f7586597 146 4 2 8 1 0 7 2
8234 85f6701f7fba616e 146 4 2 8 1 0 7 2
8235 ad8a621599faead3 145 4 2 8 1 0 7 2
8236 ee3ca8ffe28c0fde 146 4 2 8 1 0 7 2
8237 d4bd460532e80d94 146 4 2 8 1 0 7 2
8238 53807f9c51119947 146 4 2 8 1 0 7 2
8239 2e770740bbe2a8f5 147 4 2 8 1 0 7 2
8240 c5f454b343e9c56a 147 4 2 8 1 0 7 2
8241 9df5e668d203887c 148 4 2 8 1 0 7 2
8242 46f50245a125a2e6 147 4 2 8 1 0 7 2
8243 8a8e76eb03d12906 147 4 2 8 1 0 7 2
8244 54e85ef59c2f7680 147 4 2 8 1 0 7 2
8245 92f27ea9f10cb92d 147 4 2 8 1 0 7 2
8246 eef8927d21a5e25e 149 4 2 8 1 0 8 2
8247 2e14d089e99f31b3 148 4 2 8 1 0 8 2
8248 b6b3191060964070 148 4 2 8 1 0 8 2
8249 1af9ee931c6413ea 149 4 2 8 1 0 8 2
8250 03aaafa7cc0fb53c 148 4 2 8 1 0 8 2
8251 25efc48edaebb0c9 148 4 2 9 1 0 7 2
8252 2a18283c555da0fc 148 4 2 9 1 0 7 2
8253 4a1dd1fed055738e 148 4 2 9 1 0 7 2
8254 e12b85dd8c820572 148 4 2 9 1 0 7 2
8255 7a17e6252cb7fd7b 148 4 2 9 1 0 7 2
8256 998372eb67ad5fc3 149 4 2 9 1 0 7 2
8257 a3ddeade81bcd002 148 4 2 9 1 0 7 2
8258 c89ba555530793c9 147 4 2 9 1 0 7 2
8259 cf404e2e833ae89f 147 4 2 9 1 0 7 2
8260 d646174b0142ef56 147 4 2 9 1 0 7 2
8261 35227f22ec488242 147 4 2 9 1 0 7 2
8262 e800256fd352562b 147 4 2 9 1 0 7 2
8263 c8b997f12f0b23bd 147 4 2 9 1 0 7 2
8264 724d0563d59adb40 147 4 2 9 1 0 7 2
8265 12bc642a82b25b47 147 4 2 9 1 0 7 2
8266 0f25f07ed399d3dc 147 4 2 9 1 0 7 2
8267 70b54b937870f487 147 4 2 9 1 0 7 2
8268 212cbd1cafa9c89c 146 4 2 9 1 0 7 2
8269 abf3b8a4f1f416ea 146 4 2 9 1 0 7 2
8270 16a41bb354c95198 146 4 2 9 1 0 7 2
8271 8b7272b12169e300 147 4 2 9 1 0 8 2
8272 9c1c71ab4d750f10 147 4 2 9 1 0 8 2
8273 7fead389e0e3494d 147 4 2 9 1 0 8 2
8274 0352a07f6f3ed893 147 4 2 9 1 0 8 2
8275 7c4863c94fa076e1 147 4 2 9 1 0 8 2
8276 9a422bc5e271912f 147 4 2 9 1 0 8 2
8277 70a21b3d5cab58bb 147 4 2 9 1 0 8 2
8278 c388963fa327bf58 147 4 2 9 1 0 8 2
8279 56417c39cd2aa5ff 147 4 2 9 1 0 8 2
8280 883b7433bdf7b4b4 148 4 2 9 1 0 8 2
8281 ff433a71fc6d2006 148 4 2 9 1 0 8 2
8282 3d44e8402b68c2d5 147 4 2 9 1 0 8 1
8283 88178efe7662e616 146 4 2 9 1 0 7 1
8284 6dc9513747e186b6 145 4 2 9 1 0 7 1
8285 462dc14653e0e5ee 146 4 2 9 1 0 7 1
8286 5db71e1cf2f41a33 146 4 2 9 1 0 7 1
8287 19f4d83854bdff65 147 4 2 9 1 0 7 1
8288 dcdaaf0c3b04c1c6 148 4 2 9 1 0 7 1
8289 5d7749d5fd9cf9d7 149 4 2 9 1 0 7 1
8290 1eae391610657b82 150 4 2 9 1 0 7 1
8291 711ff83ed33d0e7f 150 4 2 9 1 0 7 1
8292 8d4f9d073f5f54ed 149 4 2 9 1 0 6 1
8293 a706423a50f07a12 149 4 2 9 1 0 6 1
8294 4e5e8eba6dba41d0 149 4 2 9 1 0 6 1
8295 6027be6383ab956c 150 4 2 9 1 1 6 1
8296 0e3df60bd5eb83b8 149 4 2 9 1 1 6 1
8297 61cecbc6ce268d85 148 4 2 9 1 1 6 1
8298 05672ff71716057e 146 4 2 9 1 0 6 1
8299 16d22031b0a016b4 146 4 2 9 1 0 6 1
8300 54123a30c38b4639 146 4 2 9 1 0 6 1
8301 d1ca1987c5738f95 147 4 2 9 1 1 6 1
8302 203a7ba6bc66ff4b 147 4 2 9 1 1 6 1
8303 e26e0770596fa1e2 146 4 2 9 1 0 6 1
8304 43d04a99628fa64d 146 4 2 9 1 0 6 1
8305 5d1bbe4fb28d2d98 145 4 2 9 1 0 6 1
8306 5d0b2648e8e67003 145 4 2 9 1 0 6 1
8307 d2b4669800012051 145 4 2 9 1 1 6 1
8308 b46ecebf5d187d9c 144 4 2 9 1 1 6 1
8309 448df9669d34d6e5 143 4 2 9 1 0 6 1
8310 d4a74d2af44370e0 143 4 2 9 1 0 6 1
8311 34af273c13508416 144 4 2 9 1 0 6 1
8312 b92defe138492148 144 4 2 9 1 0 6 1
8313 814fae8c74d857c7 145 4 2 9 1 1 6 1
8314 fe48902cf4d7afd8 144 4 2 9 1 0 6 1
8315 ec9d07d63b11dd0e 144 4 2 9 1 0 6 1
8316 fefa60a26af0fd53 144 4 2 9 1 0 6 1
8317 dbf86319ed305a1c 144 4 2 9 1 0 6 1
8318 412e0ee655539e54 144 4 2 9 1 0 6 1
8319 ad1c6f7851a65d84 144 4 2 9 1 0 6 1
8320 3a1ff07e226092d6 145 4 2 9 1 0 6 1
8321 c5d5f714f3ccc91e 145 4 2 9 1 0 6 1
8322 b6fd6aa46bfcc951 145 4 2 9 1 0 6 1
8323 93ddacd931996dc2 144 4 2 9 1 0 6 0
8324 7002f14f76ade04f 144 4 2 9 1 0 6 0
8325 e77b6500963a72b9 144 4 2 9 1 0 6 0
8326 b156a873a6fc662e 144 4 2 9 1 0 6 0
8327 fc64c137e51ac8fb 144 4 2 9 1 0 6 0
8328 b5d00107f2ad781f 144 4 2 9 1 0 6 0
8329 4f4e7855d9feadfe 143 4 2 9 1 0 6 0
8330 cd26219fb876acd1 143 4 2 9 1 0 6 0
8331 49ab7f4a85c20661 143 4 2 9 1 0 6 0
8332 c5b79733632f490d 143 4 2 9 1 0 6 0
8333 c12dbe97b956974b 144 4 2 9 1 0 6 0
8334 b039c0567a8b189a 144 4 2 9 1 0 6 0
8335 d96bee7e2be50137 144 4 2 9 1 0 6 0
8336 4b8b5c467069101a 144 4 2 9 1 0 6 0
8337 e4bfc6b9eb20fc60 144 4 2 9 1 0 6 0
8338 e850c7129e448b0e 144 4 2 9 1 0 6 0
8339 90f3e8c1df23259c 145 4 2 9 1 0 6 0
8340 c29601515b962dbd 145 4 2 9 1 0 6 0
8341 fb1f382ea43b885a 144 4 2 9 1 0 6 0
8342 591b2a85e72b7ead 143 4 2 9 1 0 6 0
8343 af268fe2872a4166 143 4 2 9 1 0 6 0
8344 c6c817dce462a944 144 4 2 9 1 0 6 0
8345 f39cc1d6eb6ea81c 145 4 2 9 1 0 6 0
8346 ab3d18b77171716c 145 4 2 9 1 0 6 0
8347 6068f2519ec0ef7a 144 4 2 9 1 0 6 0
8348 1a762282e758b4cd 144 4 2 9 1 0 6 0
8349 2fc73ddddbdbf24e 144 4 2 9 1 0 6 0
8350 ad20c3e47a33c144 144 4 2 9 1 0 6 0
8351 c0b15c0c2df17d69 144 4 2 9 1 0 6 0
8352 553342a9fa4e5879 145 4 2 9 1 0 6 0
8353 e97c0c380aa5f02f 144 4 2 9 1 0 6 0
8354 c0d92632e7264afa 142 4 2 9 1 0 6 0
8355 548f459ee2708951 142 4 2 9 1 0 6 0
8356 d81ea947648e9c26 142 4 2 9 1 0 6 0
8357 9179fa379117de66 142 4 2 9 1 0 6 0
8358 8f030b8e52be27d1 142 4 2 9 1 0 6 0
8359 74a93000789c0685 142 4 2 9 1 0 6 0
8360 04f45764e03e8eed 143 4 2 9 1 0 6 0
8361 c04b2c4d441b7ea1 143 4 2 9 1 0 6 0
8362 c5cf2f642b5a98ac 143 4 2 9 1 0 6 0
8363 f8359022ecddbbc0 143 4 2 9 1 0 6 0
8364 72bb069fc6ddf513 143 4 2 9 1 0 6 0
8365 17630bf90ab6f7c3 143 4 2 9 1 0 6 0
8366 ae6f76238f55eed5 143 4 2 9 1 0 6 0
8367 07308a50b1752fa2 143 4 2 9 1 0 6 0
8368 5384dbfe60fbae38 142 4 2 9 1 0 6 0
8369 374eeb79e483439d 141 4 2 9 1 0 5 0
8370 5444bbbc5c4c4055 140 4 2 9 1 0 5 0
8371 b4a642f47fc49a76 142 4 3 9 1 0 5 0
8372 58edb7db5c5faeaa 142 4 3 9 1 0 5 0
8373 946d8d84f95a5f99 142 4 3 9 1 0 5 0
8374 b62c3b05459fd259 143 4 3 9 1 0 5 0
8375 6d1f7ed05d125f83 144 4 3 9 1 0 5 0
8376 586786e0f78da86b 144 4 3 9 1 0 5 0
8377 8272f1128f68ebf2 144 4 3 9 1 0 5 0
8378 2ec94b9df8b749de 144 4 3 9 1 0 5 0
8379 87dc9b7a772f030d 144 4 3 9 1 0 5 0
8380 a3c36812521341e1 143 4 3 9 1 0 5 0
8381 408a9b2813c6f188 144 4 3 9 1 0 5 0
8382 b4bb16ebb9ef6ce8 144 4 3 9 1 0 5 0
8383 b118677b10cdf15c 144 4 3 9 1 0 5 0
8384 cea0911f32634b6e 144 4 3 9 1 0 5 0
8385 335215d319e87b15 144 4 3 9 1 0 5 0
8386 c63f48646c58d778 144 4 3 9 1 0 5 0
8387 15a3f8e7075c8532 144 4 3 9 1 0 5 0
8388 9ca9cb2e29bd7f26 144 4 3 9 1 0 5 0
8389 e734090d3011e8cd 145 4 3 9 1 0 5 0
8390 161ee04e22b4a13e 145 4 3 9 1 0 5 0
8391 6b4303abe4735946 145 4 3 9 1 0 5 0
8392 e4c4cfb385dd1ee6 145 4 3 9 1 0 5 0
8393 96929b3468cbfe27 144 4 3 9 1 0 5 0
8394 1620253c4abc7e0e 144 4 3 9 1 0 5 0
8395 2b43ec2fb082f0f9 145 4 3 9 1 0 5 0
8396 b89d656fb77cabbd 145 4 3 9 1 0 5 0
8397 45a84273aa5b1182 146 4 3 9 1 0 5 0
8398 decfa1dd4247318f 147 4 3 9 1 0 5 0
8399 83d96a56ce65ac31 147 4 3 9 1 0 5 0
8400 819cc96ee54da7b7 148 4 3 9 1 0 5 0
8401 d448575eab8e7a41 148 4 3 9 1 0 5 0
8402 2fec3416107b4231 148 4 3 9 1 0 5 0
8403 0ac91de80a30b2d3 148 4 3 9 1 0 5 0
8404 53c715c981481ddd 148 4 3 9 1 0 5 0
8405 643df3b75e5ab89b 149 4 3 9 1 0 5 0
8406 692fe6bad5508b2c 149 4 3 9 1 0 5 0
8407 1e3db7a36a1ff271 150 4 3 9 1 0 5 0
8408 3868056280414cb2 150 4 3 9 1 0 5 0
8409 43408be2d74c039b 150 4 3 9 1 0 5 0
8410 6aa0cde0c7b2be2d 150 4 3 9 1 0 5 0
8411 e04179d24fb7cbbe 151 4 3 9 1 0 5 0
8412 1b28f71c3572d265 151 4 3 9 1 0 5 0
8413 730e44290d39d65b 151 4 3 9 1 0 5 0
8414 324353cc5f67a4f7 151 4 3 9 1 0 5 0
8415 1a1a68b046ce554b 149 4 3 9 1 0 4 0
8416 afb063fc96cd2236 149 4 3 9 1 0 4 0
8417 63ed393a0bbe11d0 148 4 3 9 1 0 4 0
8418 e25a7d4e05355285 149 4 3 9 1 0 4 0
8419 8bc7f12fd13fb460 149 4 3 9 1 0 4 0
8420 48927bcf0cb8b84f 149 4 3 9 1 0 4 0
8421 412a6bc5a61c6f39 149 4 3 9 1 0 4 0
8422 2bcaeecd29419ff1 149 4 3 9 1 0 4 0
8423 3cc620c34ed13214 149 4 3 9 1 0 4 0
8424 1b1ab03dcccd3dd4 149 4 3 9 1 0 4 0
8425 91dbe3ed182e703c 150 4 3 9 1 0 4 0
8426 e912402d32a2836d 151 4 3 9 1 0 4 0
8427 cc40d80870ee5e6f 151 4 3 9 1 0 4 0
8428 a3604827600f11a0 151 4 3 9 1 0 4 0
8429 c50723b98f270049 151 4 3 9 1 0 4 0
8430 744e51147daaec0a 150 4 3 9 1 0 4 0
8431 d013b89db3330cf6 151 4 3 9 1 0 4 0
8432 6d73dce106615e01 152 4 3 9 1 0 4 0
8433 efa8dda8d3e7edf3 153 4 3 9 1 0 4 0
8434 722ba90295568b26 153 4 3 9 1 0 4 0
8435 d3ee79642305234f 153 4 3 9 1 0 4 0
8436 961b9e44e5f6726f 152 4 3 9 1 0 4 0
8437 f617241dc329453d 152 4 3 9 1 0 4 0
8438 c2b28b8a64680256 152 4 3 9 1 0 4 0
8439 df72a2cc5fa23b65 151 4 3 9 1 0 4 0
8440 c0b58325b3dc5714 151 4 3 9 1 0 4 0
8441 da2137a2795ab477 151 4 3 9 1 0 4 0
8442 5bdc7da9c22622a1 151 4 3 9 1 0 4 0
8443 f5c665edcd4f551b 151 4 3 9 1 0 4 0
8444 4862f579c586dfc1 152 4 3 9 1 0 4 0
8445 0c1a25026421fb5f 151 4 3 9 1 0 4 0
8446 c8c21c753921a4a2 151 4 3 9 1 0 4 0
8447 3b2cd7e4c077a959 151 4 3 9 1 0 4 0
8448 314c89379d3fb21e 150 4 3 9 1 0 4 0
8449 61d16dbc2273f25c 150 4 3 9 1 0 4 0
8450 163b059a1c61ce24 150 4 3 9 1 0 4 0
8451 d429d1946e45c41a 150 4 3 9 1 0 4 0
8452 8a0f106db240885e 152 4 3 9 1 0 5 0
8453 6a565833601f68e3 152 4 3 9 1 0 5 0
8454 536eafaa5d56b6ec 152 4 3 9 1 0 5 0
8455 70ad8380ff0fdde2 152 4 3 9 1 0 5 0
8456 29824659abfab3d8 152 4 3 9 1 0 5 0
8457 a42af44eb87f974e 153 4 3 9 1 0 5 0
8458 a5252e9cd32c70e5 153 4 3 9 1 0 5 0
8459 532ba3f49c0ec5ae 153 4 3 9 1 0 5 0
8460 07ae88471d4a982d 152 4 3 9 1 0 5 0
8461 e541cc06837feda3 152 4 3 9 1 0 5 0
8462 9d5a6acb10dceba2 152 4 3 9 1 0 4 0
8463 0cbe73626a47b2c9 152 4 3 9 1 0 4 0
8464 29dae02448f14a1b 152 4 3 9 1 0 4 0
8465 793dd52543f564d5 152 4 3 9 1 0 4 0
8466 71f212214751964c 151 4 3 9 1 0 4 0
8467 895eefa1a0cfe0bd 150 4 3 9 1 0 4 0
8468 c11ac71d72797945 151 4 3 9 1 0 4 0
8469 ccf4e75d634c1ce9 151 4 3 9 1 0 4 0
8470 5790ec2cc1e8055c 151 4 3 9 1 0 4 0
8471 c32cf4bf94a27892 152 4 3 9 1 0 4 0
8472 fca0eb7b31727566 153 4 3 9 1 0 4 0
8473 9a6b5735d341dc3f 153 4 3 9 1 0 4 0
8474 5ffa67b2d92b2517 153 4 3 9 1 0 4 0
8475 e9056bb74f49884f 153 4 3 9 1 0 4 0
8476 9e919e3c7554c510 153 4 3 9 1 0 4 0
8477 7c07c0a3210cc702 152 4 3 9 1 0 3 0
8478 a7ba5026054bf6d3 153 4 3 9 1 0 3 1
8479 47647470343123df 153 4 3 9 1 0 3 1
8480 fe020a4e5cc7f39c 153 4 3 9 1 1 3 1
8481 386237672f97555d 152 4 3 9 1 1 3 1
8482 9d04a9f3be3d0d59 150 4 3 9 1 0 3 1
8483 2218d9e693120415 149 4 3 9 1 0 3 1
8484 d8617a3f689a77d1 150 4 3 9 1 0 3 2
8485 96d5c3ca4803b78e 149 4 3 9 1 0 3 2
8486 7d5c40c6b34b1ebc 150 4 3 9 1 1 3 2
8487 d8eeaf253616f3df 148 4 3 9 1 0 3 2
8488 310e2f016b6f9e47 147 4 3 9 1 0 3 2
8489 dfbb28f3c6708be0 147 4 3 9 1 0 3 2
8490 6194f97eabbe40af 147 4 3 9 1 0 3 3
8491 2a6b788de21f9350 148 4 4 9 1 0 3 3
8492 f2ed2004d3ccd35e 150 4 4 9 1 0 4 3
8493 d87372e7c536f064 149 4 4 9 1 0 4 3
8494 510b6cc732f1a878 150 4 4 9 1 0 4 3
8495 8b6b44278594865c 151 4 4 9 1 0 4 3
8496 f6c8b49ca3e2c2b1 151 4 4 9 1 0 4 4
8497 55f356e407be57eb 151 4 4 9 1 0 4 4
8498 2e27dbd5d71450d2 150 4 4 9 1 0 4 4
8499 b711749498f756e4 150 4 4 9 1 0 4 4
8500 2879bc5da1d24794 150 4 4 9 1 0 4 4
8501 d2822e133c576aa1 150 4 4 9 1 0 4 4
8502 4e0f689333c5e069 150 4 4 9 1 0 4 5
8503 d8a777278df7e7b3 149 4 4 9 1 0 4 5
8504 6454cd16ff888872 149 4 4 9 1 0 4 5
8505 2d1751ed9cab4d58 149 4 4 9 1 0 4 5
8506 9f77f3b6dc8c7936 149 4 4 9 1 0 4 5
8507 0bcdb3755f58ea3d 149 4 4 9 1 0 4 5
8508 474656f00775428d 151 4 4 9 1 0 4 6
8509 8c85a880a1210220 151 4 4 9 1 0 4 6
8510 4948514df07bf259 150 4 4 9 1 0 4 6
8511 2ada498495152202 150 4 4 9 1 0 4 6
8512 22e4d4692ee45669 149 4 4 9 1 0 3 6
8513 7682d04507e0192f 149 4 4 9 1 0 3 6
8514 f1fa426944e2386c 150 4 4 9 1 0 3 7
8515 b2c0c7c7177902ca 149 4 4 9 1 0 3 7
8516 10e3dcd2769af1e1 149 4 4 9 1 0 3 7
8517 3ed2bd43890f530c 149 4 4 9 1 0 3 7
8518 400e0e8deaaf2fff 151 4 4 9 1 0 4 7
8519 381c245fe38e3474 152 4 4 9 1 0 5 7
8520 e079591b591aa7ad 154 4 4 9 1 0 5 8
8521 de7787ba3d6a195d 155 4 4 9 2 0 5 8
8522 f09e8c5e553c280d 157 4 4 9 2 0 6 8
8523 3b4833523f3ef823 157 4 4 9 2 0 6 8
8524 1b7a78171dbee161 157 4 4 9 2 0 6 8
8525 870508d2d03688f8 157 4 4 9 2 0 6 8
8526 99c7b74d3d1c3dba 157 4 4 9 2 0 6 8
8527 9fa09c385a29f79b 157 4 4 9 2 0 6 8
8528 03ffcc45f25d1003 157 4 4 9 2 0 6 8
8529 0c8c1f0a15a905fa 157 4 4 9 2 0 6 8
8530 002d0148b0b878d1 155 4 4 9 2 0 5 8
8531 3d34ebe84aba51f3 154 4 4 9 2 0 4 8
8532 11eb7136ceaee0e2 155 4 4 9 2 0 5 8
8533 99809486dbc6dad4 155 4 4 9 2 0 5 7
8534 d9ac3652f5f3a7d1 153 4 3 9 2 0 5 7
8535 f38094231e252255 152 4 3 9 2 0 4 7
8536 f3cbf3ac141ce2da 153 4 3 9 2 0 4 7
8537 2857e04772002151 151 4 3 9 2 0 3 7
8538 f992c31bdf56f761 152 4 3 9 2 0 3 7
8539 b1ad58ab1811a99b 153 4 3 9 2 0 4 7
8540 dda4e80844d645ad 153 4 3 9 2 0 4 7
8541 f1252a281580b1a8 154 4 3 9 2 1 4 7
8542 b925cb45495ce3ed 153 4 3 9 2 1 4 7
8543 51aa9cccea4b166a 151 4 3 9 2 0 3 7
8544 6260355fe0b2faea 150 4 3 9 2 0 3 7
8545 7bc487144128caa1 150 4 3 9 2 0 3 7
8546 372f0481083b469d 151 4 3 9 2 0 3 7
8547 7af2d7303d038fa8 152 4 3 9 2 1 3 7
8548 0b9fa0441ed096a2 152 4 3 9 2 1 3 7
8549 2196c0f40d6498be 151 4 3 9 2 0 3 7
8550 08a59df7bc4fd9e5 151 4 3 9 2 0 3 7
8551 37926ddbd095e50f 151 4 3 9 2 0 3 7
8552 d7a5a6745ced02e4 151 4 3 9 2 0 3 7
8553 4f8f9b1f7bea3a31 152 4 3 9 2 1 3 7
8554 f9abd2534f91bd1e 151 4 3 9 2 0 3 7
8555 190278b1d96203a4 151 4 3 9 2 0 3 7
8556 f9adb7a7c991ca68 151 4 3 9 2 0 3 7
8557 ec52453a4d238b6b 150 4 3 9 2 0 3 7
8558 ccdbfa99958550c4 151 4 3 9 2 0 4 7
8559 6d54e5bdb5e70cba 152 4 3 9 2 0 5 7
8560 d4085433e1127bab 153 4 3 9 2 0 5 7
8561 3e47bed49dc77186 153 4 3 9 2 0 5 7
8562 788b38761ce6f0c2 155 4 3 9 2 0 7 7
8563 21effa81bf755443 155 4 3 9 2 0 7 7
8564 6e1dc3add5f89792 155 4 3 9 2 0 7 7
8565 fa7517dbdc9fed9a 155 4 3 9 2 0 7 7
8566 6c3030cab0b54a44 155 4 3 9 2 0 7 7
8567 39ee2091db0ed07d 154 4 3 9 2 0 7 7
8568 36671f4387eeef1b 154 4 3 9 2 0 7 7
8569 7e3633635281226d 153 4 3 9 2 0 7 7
8570 333fb91095e47642 153 4 3 9 2 0 7 7
8571 56132b7ff1e98d2c 152 4 3 9 2 0 6 7
8572 3118ad6b7e4e45ea 152 4 3 9 2 0 6 7
8573 b4c653f2fd6db2ab 152 4 3 9 2 0 6 7
8574 6b5181e83d96244f 152 4 3 9 2 0 6 7
8575 382b2e5d5e1c6c0a 153 4 3 9 2 0 6 7
8576 35c3cd31fdfb8953 153 4 3 9 2 0 6 7
8577 6cd579f177b0a347 152 4 3 9 2 0 5 7
8578 73844d1ed4f2c270 152 4 3 9 2 0 5 7
8579 c50cd229623c7462 153 4 3 9 2 0 6 7
8580 ef6af5622d0b24ed 153 4 3 9 2 0 5 7
8581 65b937dcc1102553 151 4 3 9 1 0 5 7
8582 04858cd49b90b55f 151 4 3 9 1 0 5 7
8583 896afa1beaca74ba 151 4 3 9 1 0 5 7
8584 25beff153b50ecdb 150 4 3 9 1 0 5 7
8585 e67f10495db9f063 150 4 3 9 1 0 5 7
8586 a79dd690925d605d 149 4 3 9 1 0 5 7
8587 258a3845a5924ac5 149 4 3 9 1 0 5 7
8588 7013c8dd22bb77f8 150 4 3 9 1 0 5 7
8589 4ea3da749d9df4ef 151 4 3 9 1 0 5 7
8590 73d444b72af4fae5 151 4 3 9 1 0 5 7
8591 099fcb872e40a2f4 150 4 3 9 1 0 5 7
8592 a0fb10d6af4e6f6c 150 4 3 9 1 0 5 7
8593 7fa2f632aea232a7 149 4 3 9 1 0 5 7
8594 649d5f41b6ec75b3 149 4 3 9 1 0 5 7
8595 f461b98b668f1d9f 148 4 3 9 1 0 4 7
8596 8b9a89cadfbee4a2 148 4 3 9 1 0 4 7
8597 31fcd1efad8688ed 148 4 3 9 1 0 4 7
8598 0d2a7da53db7ae4e 149 4 3 9 1 0 5 7
8599 7bbf7a1d243425fb 151 4 3 9 1 0 6 7
8600 cdad88d3359657f9 150 4 3 9 1 0 6 7
8601 3a2636b2a5746afd 150 4 3 9 1 0 6 7
8602 f65118d8bf4d7d52 152 4 3 9 1 0 8 7
8603 566b7099983d7004 152 4 3 9 1 0 8 7
8604 7588ad20e216c97c 152 4 3 9 1 0 8 7
8605 0503db81f611f4fd 152 4 3 9 1 0 8 7
8606 867a043a5b6af14c 152 4 3 9 1 0 8 7
8607 a8ccb53d68ca23c9 151 4 3 9 1 0 8 7
8608 2cc5f919a3e27a69 151 4 3 9 1 0 8 7
8609 689c5f0a34726bd3 150 4 3 9 1 0 8 7
8610 2dc046c1ca9f6256 150 4 3 9 1 0 8 7
8611 92437bb02e134e55 152 4 3 10 1 0 8 7
8612 24f29e0b7dc43bb3 151 4 3 10 1 0 8 6
8613 bb54e7f5f19b595f 149 4 2 10 1 0 8 6
8614 11e98bb3f3649e7b 149 4 2 10 1 0 8 6
8615 18cc54932d87692d 149 4 2 10 1 0 8 6
8616 17e5d180cdbc17ac 149 4 2 10 1 0 8 6
8617 a9b2a473ef028ece 149 4 2 10 1 0 8 6
8618 af1bb22017bc70e3 149 4 2 10 1 0 8 6
8619 cf735570bdcdc144 150 4 2 10 1 0 9 6
8620 ec8c4c1714003a58 151 4 2 10 1 0 10 6
8621 741707204c16b003 151 4 2 10 1 0 10 6
8622 c41082dc03250a63 152 4 2 10 1 0 10 6
8623 26b55aaee332165b 152 4 2 10 1 0 10 6
8624 0856307969b7ac16 152 4 2 10 1 0 10 6
8625 ab52b322a3526343 152 4 2 10 1 0 10 6
8626 53f82a5466de2418 152 4 2 10 1 0 10 6
8627 49ac688ffae10dd6 151 4 2 10 1 0 10 6
8628 f5816bc6784f5709 150 4 2 10 1 0 10 6
8629 cda157aa424a651e 150 4 2 10 1 0 10 6
8630 4042e3883c5df572 150 4 2 10 1 0 10 6
8631 b85b04567b50a13d 149 3 2 10 1 0 10 6
8632 2d8c29248d31dd78 149 3 2 10 1 0 10 6
8633 cf59238fce38a2de 149 3 2 10 1 0 10 6
8634 c7a80fadd9688ddf 149 3 2 10 1 0 10 6
8635 c5b582312b74d35f 149 3 2 10 1 0 10 6
8636 881014d9a859658b 149 3 2 10 1 0 10 6
8637 b73f768b81fb2065 149 3 2 10 1 0 10 6
8638 33c932ac4fbc44ae 150 3 2 10 1 0 11 6
8639 57d43bdef80bd339 151 3 2 10 1 0 12 6
8640 e2142e19c3371070 151 3 2 10 1 0 12 6
8641 e8a1659ef443891a 151 3 2 10 1 0 12 6
8642 ad052111d0830bb1 153 3 2 10 1 0 14 6
8643 5467e7f78f682862 152 3 2 10 1 0 14 6
8644 57e59b4e235b84f8 151 3 2 10 1 0 14 6
8645 b1193b0ced7a74a2 151 3 2 10 1 0 14 6
8646 a9d736541dd1a8d8 152 3 2 10 1 0 14 6
8647 c6ceec309d1f5423 152 3 2 10 1 0 14 6
8648 6c39e4d85a385cff 152 3 2 10 1 0 14 6
8649 bf15e46dc8fb3be7 152 3 2 10 1 0 14 6
8650 a6f61761d2ffe087 152 3 2 10 1 0 14 6
8651 f074004b08c6fc08 152 3 2 10 1 0 14 6
8652 f4c4c3cacb4cf8fc 152 3 2 10 1 0 13 6
8653 3f0c2d921619970b 153 3 2 10 1 0 13 6
8654 c5ae4bc1602a478b 153 3 2 10 1 0 13 6
8655 839b335835757072 153 3 2 10 1 0 13 6
8656 6105b43cb481e050 153 3 2 10 1 0 13 6
8657 2b444191945b5d14 153 3 2 10 1 0 13 6
8658 9602ea8ef0e70d64 153 3 2 10 1 0 13 6
8659 de82103c88c373ad 154 3 2 10 1 0 14 6
8660 5113935e88a76004 155 3 2 10 1 0 15 6
8661 4219656c99334896 155 3 2 10 1 0 15 6
8662 108a264651fb8479 155 3 2 10 1 0 15 6
8663 21e8f2f317d06c09 155 3 2 10 1 0 15 6
8664 13c33565197e95e1 154 3 2 10 1 0 15 6
8665 2cb6a0ee52a6bd26 154 3 2 10 1 0 15 6
8666 fd2b8bc35f971602 155 3 2 10 1 1 15 6
8667 b65dd034bfe162b0 155 3 2 10 1 1 15 6
8668 6f28c29c84b00a1d 155 3 2 10 1 1 16 6
8669 bcdceb11cddd8edb 155 3 2 10 1 1 16 6
8670 c331da93999c834e 155 3 2 10 1 1 16 6
8671 fc7932287fa4ec45 155 3 2 10 1 1 16 6
8672 7338f44c3aa1b1a0 154 3 2 10 1 1 16 6
8673 0f1e4e37685ed97c 153 3 2 10 1 1 16 6
8674 c87aeccc54b5932a 153 3 2 10 1 1 16 6
8675 acbd0de220afaa4c 153 3 2 10 1 1 16 6
8676 74177b68f398bbae 153 3 2 10 1 1 16 6
8677 79b82ba934194b2c 153 3 2 10 1 1 16 6
8678 80561f23a3e7d0e9 152 3 2 10 1 1 16 6
8679 f86a1fff555ad590 151 3 2 10 1 1 16 6
8680 e0bc96e6f9d99878 151 3 2 10 1 1 16 6
8681 b591c17195373927 151 3 2 10 1 1 16 6
8682 b489454cfd630a5d 151 3 2 10 1 1 16 5
8683 954adc8e473207b4 151 3 1 10 1 0 17 5
8684 ebbce90899301b21 151 3 1 10 1 0 17 5
8685 224a77b3baf80a26 150 3 1 10 1 0 17 5
8686 0f93901a6d53737b 150 3 1 10 1 0 17 5
8687 1190a207ede8cccc 151 3 1 10 1 0 17 5
8688 91505d9ac4396198 151 3 1 10 1 0 17 5
8689 9d2e111ad4936e48 151 3 1 10 1 0 17 5
8690 b1f8758e78e8432a 151 3 1 10 1 0 17 5
8691 59c2a6468376cea0 151 3 1 10 1 0 17 5
8692 e38731c2c8250406 151 3 1 10 1 0 17 5
8693 29052ab59028583f 151 3 1 10 1 0 17 5
8694 e8a2a214ab794962 151 3 1 10 1 0 17 5
8695 6839f138fff1f942 151 3 1 10 1 0 17 5
8696 fbf4cf9fc8666537 150 3 1 10 1 0 17 5
8697 2459a752e0ca5b71 150 3 1 10 1 0 17 5
8698 d369b14c38aef134 149 3 1 10 1 0 17 5
8699 cf1b2d9d3c76d84d 148 3 1 10 1 0 16 5
8700 6da6a4301a1f82fd 149 3 1 10 1 0 17 5
8701 5f833199c123c2e6 150 3 1 10 1 0 17 5
8702 423f2147e6b0cd91 150 3 1 10 1 0 17 5
8703 db1118d931bfdbe2 149 3 1 10 1 0 17 5
8704 71fba2d65b02ab9d 148 3 1 10 1 0 16 5
8705 3c03fd1a9bd908d7 148 3 1 10 1 0 16 5
8706 9473113a98ce7ef4 149 3 1 10 1 0 16 5
8707 6014385e63b5a553 149 3 1 10 1 0 16 5
8708 3bd4d5072bdd9e97 150 3 1 10 1 0 17 5
8709 e4bbe7b776e45677 150 3 1 10 1 0 17 5
8710 0f20e28a39df8f81 150 3 1 10 1 0 17 5
8711 b181f01795434115 150 3 1 10 1 0 17 5
8712 d9e166e50ff77de1 150 3 1 10 1 0 17 5
8713 f1139e05f8e236c2 151 3 1 10 1 0 17 5
8714 40feadffc3e09f3e 151 3 1 10 1 0 17 5
8715 1de7800a5b27a8cb 152 3 1 10 1 0 17 5
8716 1ce8e99b25e862a8 151 3 1 10 1 0 17 5
8717 a902e6e3f6aa18bb 150 3 1 10 1 0 17 5
8718 a5458880d59d1e0a 149 3 1 10 1 0 17 5
8719 8ec0b5d557e3f4a3 148 3 1 10 1 0 17 5
8720 eae30fc5d9d67932 148 3 1 10 1 0 17 5
8721 837bc8806bd0099e 147 3 1 10 1 0 17 5
8722 40771e86307b5bf9 147 3 1 10 1 0 17 5
8723 8caf35fb0b11631b 149 3 1 10 1 0 18 5
8724 504db6981d2bd8cf 149 3 1 10 1 0 18 5
8725 047a78bf01800594 149 3 1 10 1 0 18 5
8726 7cb1099d72e27157 148 3 1 10 1 0 18 5
8727 94b6f74087704da2 148 3 1 10 1 0 18 5
8728 fd67a582c20fa669 148 3 1 10 1 0 18 5
8729 94fcbdc655b543a5 148 3 1 10 1 0 18 5
8730 dc8c2bda5ba65077 148 3 1 10 1 0 18 5
8731 b727929ae62951c2 149 3 2 10 1 0 18 5
8732 2c0456a263992693 148 3 2 10 1 0 17 5
8733 73c2b95a01aa3400 148 3 2 10 1 0 17 5
8734 50acfee82778956d 148 3 2 10 1 0 17 5
8735 32c676a5ce665d00 148 3 2 10 1 0 17 5
8736 b22495540e50c6d6 149 3 2 10 1 0 17 5
8737 a8a8da00bf4cdd7d 149 3 2 10 1 0 17 5
8738 1a85e3bce3dc9170 149 3 2 10 1 0 17 5
8739 3e55ef3a7c7f8ea6 149 3 2 10 1 0 17 5
8740 ea68cd740f797adc 148 3 2 10 1 0 17 4
8741 ea7dc52e026e2b8e 147 3 1 10 1 0 16 4
8742 c93f652d46dd3535 148 3 1 10 1 0 16 4
8743 371a0e145a6490a9 149 3 1 10 1 0 16 4
8744 ab073e240edb6ed9 149 3 1 10 1 0 16 4
8745 83ef4d4e3394227e 149 3 1 10 1 0 16 4
8746 4b232bd2349f8b69 149 3 1 10 1 0 16 4
8747 6bbdab9f1095c29f 149 3 1 10 1 0 16 4
8748 83d1129d961dc07c 151 3 1 10 1 0 17 4
8749 985b2f1322ad01a5 152 3 1 10 1 0 17 4
8750 795958265384fc5d 152 3 1 10 1 0 17 4
8751 058459776f69d51b 153 3 1 10 1 0 17 4
8752 eadb93ded64b47e0 153 3 1 10 1 0 17 4
8753 cc3a7566b7722142 152 3 1 10 1 0 17 4
8754 818e608e6fa99934 151 3 1 10 1 0 17 4
8755 e7a852177f090d8b 151 3 1 10 1 0 17 4
8756 7549acdb7353595d 151 3 1 10 1 0 17 4
8757 b9b94d29e04c3f9e 151 3 1 10 1 0 17 4
8758 3d3b766da019d9c3 152 3 1 10 1 0 17 4
8759 59241798816d1c7b 152 3 1 10 1 0 17 4
8760 ee40259704bf7cc1 151 3 1 10 1 0 17 4
8761 f6a3e1f66a031378 151 3 1 10 1 0 17 4
8762 a0f8338dd459e6e6 151 3 1 10 1 0 17 4
8763 84cb2ebe94ff74b3 153 3 1 10 1 0 18 4
8764 23c25e926851e8d1 153 3 1 10 1 0 18 4
8765 6f3fc2528b50b085 152 3 1 10 1 0 18 4
8766 339d70a02af8fd9d 152 3 1 10 1 0 18 4
8767 0040f3d48a2cda98 152 3 1 10 1 0 18 4
8768 3cc1b719a7ef9118 152 3 1 10 1 0 18 4
8769 18d7e166f07bdc08 150 3 1 10 1 0 18 4
8770 aba7ff3b928e9a19 149 3 1 10 1 0 18 4
8771 797a08e078fa3edd 149 3 1 10 1 0 18 4
8772 b3ad5d744902f503 149 3 1 10 1 0 18 4
8773 f523469efa340e24 149 3 1 10 1 0 18 4
8774 b1b825d68d4e90e3 149 3 1 10 1 0 18 4
8775 20d7c8c59e84d4a3 149 3 1 10 1 0 18 4
8776 1b92dcf8babf556d 149 3 1 10 1 0 18 4
8777 5e40ff0cfd688ce7 150 3 1 10 1 0 18 4
8778 c775b35ebe0d6069 150 3 1 10 1 0 18 4
8779 0f237e38adc98480 150 3 1 10 1 0 18 4
8780 f81d425f75a22402 151 3 1 10 1 0 18 4
8781 71d2e9b9bf565564 152 3 1 10 1 0 18 4
8782 da76457b16d37a5a 152 3 1 10 1 0 18 4
8783 ecbf69003a9338f8 152 3 1 10 1 0 18 4
8784 5d886e4957f41b64 151 3 1 10 1 0 18 3
8785 42ca751da286fab7 151 3 1 10 1 0 18 3
8786 c216a324c42944a7 151 3 1 10 1 0 18 3
8787 acefa7672090d835 152 3 1 10 1 0 18 3
8788 0fccbfd5b7c228a7 152 3 1 10 1 0 18 3
8789 9e220725f94b41a7 152 3 1 10 1 0 18 3
8790 b028d20f17b50d5c 152 3 1 10 1 0 18 3
8791 f1e7f1e6f744dbce 151 3 1 10 1 0 18 3
8792 1b00c82fc71ca5fb 151 3 1 10 1 0 18 3
8793 5500932234246943 151 3 1 10 1 0 18 3
8794 62028d716782815f 151 3 1 10 1 0 18 3
8795 b7e7d683f5427470 151 3 1 10 1 0 18 3
8796 78a3b43a203565de 150 3 1 10 1 0 18 3
8797 13a21a2eaef1fd5c 150 3 1 10 1 0 18 3
8798 33e41b19bbadd483 150 3 1 10 1 0 18 3
8799 bbb442486eec9b2e 150 3 1 10 1 0 18 3
8800 85624a01ac30c780 149 3 1 10 1 0 18 3
8801 193c6b9683da97d8 149 3 1 10 1 0 18 3
8802 830c50a453396170 149 3 1 10 1 0 18 3
8803 c07c890213482187 150 3 1 10 1 0 19 3
8804 e514520c1631732b 150 3 1 10 1 0 19 3
8805 2ec1b05aa14f4dae 150 3 1 10 1 0 19 3
8806 1b0cdec42075f4c3 150 3 1 10 1 0 19 3
8807 796f6e9c8ac43eb1 149 3 1 10 1 0 19 3
8808 b6fd3355372cbb8c 149 3 1 10 1 0 19 3
8809 a83fe63d8dc2c3de 150 3 1 10 1 0 19 3
8810 0884ec322fa2e0f1 151 3 1 10 1 0 19 3
8811 1236c091437df0cf 151 3 1 10 1 0 19 3
8812 2abdb73dc15d6839 151 3 1 10 1 0 19 3
8813 d5f5f81dbaecd6ab 150 3 1 10 1 0 19 3
8814 c54930fceaa21761 149 3 1 10 1 0 19 2
8815 44131be08d927711 148 3 1 10 1 0 19 2
8816 8af15d04413b19b2 148 3 1 10 1 0 19 2
8817 681102f60ca68119 148 3 1 10 1 0 19 2
8818 0f7b90d7d2173650 148 3 1 10 1 0 19 2
8819 71045a893e2df97a 148 3 1 10 1 0 19 2
8820 b6e62763bafbf7aa 147 3 1 10 1 0 19 1
8821 462c61e1735ed72d 147 3 1 10 1 0 19 1
8822 fe15b1e4e9b2abf5 147 3 1 10 1 0 19 1
8823 d5ac1fb37eebf00d 147 3 1 10 1 0 19 1
8824 7d2d4adc0306a977 146 3 1 10 1 0 19 1
8825 08ad0febafa6039d 146 3 1 10 1 0 19 1
8826 a068b8d810036ae2 146 3 1 10 1 0 19 1
8827 f34db509077986e0 147 3 1 10 1 0 19 1
8828 55b3ffb711f95351 146 3 1 10 1 0 19 1
8829 273fc4bdae60d448 145 3 1 10 1 0 19 0
8830 06618e21ae5c9047 145 3 1 10 1 0 19 0
8831 9da16bf1e073ddd3 145 3 1 10 1 0 19 0
8832 6fa997969b67be2e 144 3 1 10 1 0 19 0
8833 26e41f47cda56f63 145 3 1 10 1 0 19 0
8834 9985132440f05c07 145 3 1 10 1 0 19 0
8835 d270b4b442fee9bc 144 3 1 10 1 0 18 0
8836 b5f588f414be3de4 144 3 1 10 1 0 17 0
8837 59c2a3e7e2a956d4 144 3 1 10 1 0 17 0
8838 dbfdd52eeb9dc4f9 144 3 1 10 1 0 17 0
8839 bd9d588440fcb5c5 144 3 1 10 1 0 17 0
8840 101c77f4a11d80d1 144 3 1 10 1 0 17 0
8841 e7014b7f5d89c304 144 3 1 10 1 0 17 0
8842 f093fe0dfa895e17 144 3 1 10 1 0 17 0
8843 ace0e43eccc6be89 145 3 1 10 1 0 17 0
8844 033e8e93ca08382e 146 3 1 10 1 0 18 0
8845 3e42487dbbb0f1c5 146 3 1 10 1 0 18 0
8846 67f5239b434e1c84 146 3 1 10 1 0 18 0
8847 f5183d0009b750fd 146 3 1 10 1 0 18 0
8848 430e0e061e4ffec6 146 3 1 10 1 0 18 0
8849 527bde3c29d2b689 146 3 1 10 1 0 18 0
8850 fe863cdcaafdbc07 146 3 1 10 1 0 18 0
8851 8eefe745a039c031 146 3 2 10 1 0 18 0
8852 4865ad054413d001 146 3 2 10 1 0 18 0
8853 c5140367176cbf46 147 3 2 10 1 0 18 0
8854 74e5fc3bd983cc3c 146 3 2 10 1 0 18 0
8855 cd21fb9898ee2a1d 144 3 2 10 1 0 17 0
8856 ddd7bc2bfa032072 143 3 2 10 1 0 16 0
8857 e744bbf5c727886c 144 3 2 10 1 0 16 0
8858 5b51bc11ceb8e140 144 3 2 10 1 0 16 0
8859 e0fe619812427afd 144 3 2 10 1 0 16 0
8860 eb781dc96715bf40 144 3 2 10 1 0 16 0
8861 86e6d926d3251188 144 3 2 10 1 0 16 0
8862 a3b0ba50493dbf4f 144 3 2 10 1 0 16 0
8863 0d5b5792a1e78a3e 144 3 2 10 1 0 16 0
8864 0cfe26497dd509b6 144 3 2 10 1 0 16 0
8865 dd837fc7b65d2f66 144 3 2 10 1 0 16 0
8866 ad5f3d91a3438192 144 3 2 10 1 0 16 0
8867 d9b33bfdfa53e428 144 3 2 10 1 0 16 0
8868 1cb7790d93535bf9 145 3 2 10 1 0 16 0
8869 3db9724695d52b47 144 3 2 10 1 0 16 0
8870 ea38faf799d67fb6 144 3 2 10 1 0 16 0
8871 7097c8c2816f3ca2 144 3 2 10 1 0 16 0
8872 6dbeafe862faa5ca 144 3 2 10 1 0 16 0
8873 8447178dbd00c6de 144 3 2 10 1 0 16 0
8874 b20e04be8536a1f9 144 3 2 10 1 0 16 0
8875 9b7ea7ec6daa616c 142 3 2 10 1 0 15 0
8876 edeb9cbcb614cec8 143 3 2 10 1 0 15 0
8877 43dd442cc0f88404 142 3 2 10 1 0 15 0
8878 06188447b90e93a2 141 3 2 10 1 0 15 0
8879 46486cd11d4a11d1 140 3 2 10 1 0 14 0
8880 ff0f4beb89b2d0d1 140 3 2 10 1 0 14 0
8881 738c835dc10ffb95 140 3 2 10 1 0 14 0
8882 876a6527f82b286a 140 3 2 10 1 0 14 0
8883 892609b0d68eb94d 141 3 2 10 1 0 14 0
8884 57895d2777493a68 143 3 2 10 1 0 15 0
8885 5279142bd767fadc 143 3 2 10 1 0 15 0
8886 7ab3e60178bd50fd 144 3 2 10 1 0 15 0
8887 8070a25b218157bd 142 3 2 10 1 0 15 0
8888 3495f4ee64c3ae50 142 3 2 10 1 0 15 0
8889 ff595af6482114fa 142 3 2 10 1 0 15 0
8890 afaa481b1c63d3c6 142 3 2 10 1 0 15 0
8891 24928e4340fe616f 140 3 2 10 1 0 14 0
8892 78291079579abb07 141 3 2 10 1 0 14 0
8893 84b8c17dbdadfb81 142 3 2 10 1 0 14 0
8894 a8c72598ea7cbc44 142 3 2 10 1 0 14 0
8895 74f32c3efabfca73 142 3 2 10 1 0 13 0
8896 a9b1280a512671d6 142 3 2 10 1 1 12 0
8897 642b09021c50908a 142 3 2 10 1 1 12 0
8898 edac4d65bfe1d3c9 141 3 2 10 1 1 12 0
8899 5b22ac4f9592497f 141 3 2 10 1 1 12 0
8900 4d97f309016d9bff 141 3 2 10 1 1 12 0
8901 ce102a9905bc00bf 141 3 2 10 1 1 12 0
8902 a37d14c6c9a311d4 142 3 2 10 1 2 12 0
8903 838778c337232713 141 3 2 10 1 1 12 0
8904 8236cf36cead3022 142 3 2 10 1 1 13 0
8905 07f4902c6ad36526 141 3 2 10 1 1 12 0
8906 9aefb1bd839fa291 139 3 2 10 0 1 12 0
8907 9463828fa3722833 139 3 2 10 0 1 12 0
8908 ab4ae0340c7dd35f 140 3 2 10 0 1 12 0
8909 798a1b64b25f9cf4 139 3 2 10 0 1 12 0
8910 df81ddc7488bedee 139 3 2 10 0 1 12 0
8911 63517d2174bf1875 139 3 2 10 0 1 12 0
8912 e4f5cb55795b1bfe 138 3 2 10 0 1 11 0
8913 22519da2733de23a 137 3 2 10 0 1 11 0
8914 c3c6e161153ba76d 137 3 2 10 0 1 11 0
8915 9f26907d4fa7c6e1 137 3 2 10 0 1 11 0
8916 936838477cfaebdb 136 3 2 10 0 1 10 0
8917 588a79ce8a589d10 137 3 2 10 0 1 10 0
8918 e72b9a4b60ac6415 137 3 2 10 0 1 10 0
8919 52affd1730882e6f 137 3 2 10 0 1 10 0
8920 fe93d85bde84dc97 138 3 2 10 0 1 10 0
8921 db0c6fa611d28e15 138 3 2 10 0 1 10 0
8922 fe5719249e090039 138 3 2 10 0 1 10 0
8923 9ea74dc9170db8b4 138 3 2 10 0 1 10 0
8924 1b550ac1642fb830 138 3 2 10 0 1 11 0
8925 6f42c0223da86af5 138 3 2 10 0 1 11 0
8926 cf1ddcf0cd3b134e 138 3 2 10 0 1 11 0
8927 36ef79965ebcdc88 138 3 2 10 0 1 11 0
8928 0f91a90f7f324dae 137 3 2 10 0 1 10 0
8929 a9a648641c1cf825 137 3 2 10 0 1 10 0
8930 364c174949008301 137 3 2 10 0 1 10 0
8931 b86429d8c823d4df 137 3 2 10 0 1 10 0
8932 1a33f6ecd703f2f2 135 3 2 10 0 1 10 0
8933 04c4f180bf153e29 134 3 2 10 0 1 10 0
8934 c51aff33b2fac5ac 134 3 2 10 0 1 10 0
8935 2083f7c337a4496b 135 3 2 10 0 1 10 0
8936 d2a651da1ee2f83c 135 3 2 10 0 1 10 0
8937 1278474c152574c4 134 3 2 10 0 1 10 0
8938 e857f8db67038de0 133 3 2 10 0 1 9 0
8939 9897054354f6bbc4 133 3 2 10 0 1 9 0
8940 89a1590906b86129 133 3 2 10 0 1 9 0
8941 c288a4cd6685ed68 133 3 2 10 0 1 9 0
8942 6be72ce7c823dc78 134 3 2 10 0 1 9 0
8943 68028a431c7f81ed 134 3 2 10 0 1 9 0
8944 260c1b98d6591304 133 3 2 10 0 1 9 0
8945 763502c63a01c906 133 3 2 10 0 1 9 0
8946 1ca0d44ba2a07c98 133 3 2 10 0 1 9 0
8947 e6be0c7b9c08b789 133 3 2 10 0 1 9 0
8948 e5348688784f5d74 134 3 2 10 0 1 11 0
8949 fd86659890d4576b 134 3 2 10 0 1 11 0
8950 38065b478b02f924 135 3 2 10 0 1 11 0
8951 d184a4b3b9cfedb0 134 3 2 10 0 1 11 0
8952 2264c010dc868d73 133 3 2 10 0 1 11 0
8953 a11e76784d254123 132 3 2 10 0 0 11 0
8954 6bead20a51110159 132 3 2 10 0 0 11 0
8955 a903ae94525cd28f 132 3 2 10 0 0 11 0
8956 34a62720c3dae17f 132 3 2 10 0 0 11 0
8957 495fb6ccfced2670 133 3 2 10 0 0 11 0
8958 939ba3251eee7ca4 133 3 2 10 0 0 11 0
8959 d154d7fbe8922d27 133 3 2 10 0 0 11 0
8960 20071aff06676f41 133 3 2 10 0 0 11 0
8961 0077a13488c8b528 133 3 2 10 0 0 11 0
8962 e711b5904c1f517c 133 3 2 10 0 0 11 0
8963 d6d2b1e3e9107894 133 3 2 10 0 0 10 0
8964 e72c0872a55c1dfe 135 3 2 10 0 0 11 0
8965 60301f65cca24e69 134 3 2 10 0 0 10 0
8966 99546262116eaeac 134 3 2 10 0 0 10 0
8967 30055a56fc9e35bf 134 3 2 10 0 0 10 0
8968 cd73c9383ba1814a 135 3 2 10 0 0 10 0
8969 14222296fd9dde02 135 3 2 10 0 0 10 0
8970 291333826f14d520 135 3 2 10 0 0 10 0
8971 d534c697d019a9f3 136 3 2 11 0 0 10 0
8972 d0a9bfbac82e9018 135 3 2 11 0 0 10 0
8973 7d6cbc8960047389 135 3 2 11 0 0 10 0
8974 07e44e46dbd0cb06 133 3 2 11 0 0 10 0
8975 8d43f48241267317 133 3 2 11 0 0 10 0
8976 70c203c70b858df7 133 3 2 11 0 0 10 0
8977 06b3c4147f4e6167 133 3 2 11 0 0 10 0
8978 00b7b6c09e0a7948 134 3 2 11 0 0 10 0
8979 e920015d351802e7 135 3 2 11 0 0 10 0
8980 6c2dea0468df30cd 134 3 2 11 0 0 10 0
8981 42723058118dfbe7 134 3 2 11 0 0 10 0
8982 aa3b997bc179d8d4 134 3 2 11 0 0 10 0
8983 d8050721dce34519 134 3 2 11 0 0 10 0
8984 29b749d12135b5fe 134 3 2 11 0 0 10 0
8985 d32f7747672e3b6e 134 3 2 11 0 0 10 0
8986 4ad35bc25114ad20 134 3 2 11 0 0 10 0
8987 11fad033ef3aeb3a 134 3 2 11 0 0 10 0
8988 1331d15cb7a112a2 136 3 2 11 0 0 12 0
8989 1defc41fb785447a 136 3 2 11 0 0 12 0
8990 ab24d5b56563e0d4 136 3 2 11 0 0 12 0
8991 19fb89edd9dcd3b8 136 3 2 11 0 0 12 0
8992 0201c009d763f982 136 3 2 11 0 0 12 0
8993 7a81859ba975c228 135 3 2 11 0 0 12 0
8994 3b6896a14cdf0066 135 3 2 11 0 0 12 0
8995 b272623087166971 135 3 2 11 0 0 12 0
8996 09e4481e2bebb325 135 3 2 11 0 0 12 0
8997 1f9a40f8f9e3f1a7 135 3 2 11 0 0 12 0
8998 5a5417af3e83227b 135 3 2 11 0 0 12 0
8999 2d227301edf83b23 134 3 2 11 0 0 12 0
9000 f4b5fa32eb4383e2 133 3 2 11 0 0 12 0
9001 0c400b03de48bf53 133 3 2 11 0 0 12 0
9002 90682f35ee2a0702 132 3 2 11 0 0 12 0
9003 68b41c7177d5e602 132 3 2 11 0 0 12 0
9004 f2c94c9407b010a5 131 3 2 11 0 0 12 0
9005 931c9cde83e10da7 131 3 2 11 0 0 12 0
9006 8281d7f812d97b4b 131 3 2 11 0 0 12 0
9007 207c5ae5b6834b65 131 3 2 11 0 0 12 0
9008 32684da3c03416ce 131 3 2 11 0 0 12 0
9009 c9d0579ae2be7fe9 131 3 2 11 0 0 12 0
9010 391fef39cfd12587 131 3 2 11 0 0 12 0
9011 ef33fa02fd50a998 131 3 2 11 0 0 12 0
9012 ed15353090db9f9c 131 3 2 11 0 0 12 0
9013 228065c51e0ea593 131 3 2 11 0 0 12 0
9014 ec66120572a964e1 132 3 2 11 0 0 12 0
9015 3e96dd777081a578 132 3 2 11 0 0 12 0
9016 d68f6d0560c76087 131 3 2 11 0 0 12 0
9017 33ed9c245a5a32a6 131 3 2 11 0 0 12 0
9018 81d4b4160b2d1b54 130 3 2 11 0 0 12 0
9019 572ac9b73093f1d2 130 3 2 11 0 0 12 0
9020 29e0a11d39bd1801 130 3 2 11 0 0 12 0
9021 08a0d630453bd289 130 3 2 11 0 0 12 0
9022 a6ecf9e17a2a9761 130 3 2 11 0 0 12 0
9023 af49ab9f7dbb66e4 130 3 2 11 0 0 12 0
9024 84803f2f853a5138 128 3 2 11 0 0 11 0
9025 ea9856444d8309a7 129 3 2 11 0 0 11 0
9026 d4c097223fbafc5a 131 3 2 11 0 0 12 0
9027 067cee8d9ab436d5 132 3 2 11 0 0 12 0
9028 7f7e75c92cf0ab75 133 3 2 11 0 0 13 0
9029 c3faa25151a08916 132 3 2 11 0 0 13 0
9030 92120691be1a373f 132 3 2 11 0 0 13 0
9031 bed34321a1e818e6 131 3 2 11 0 0 13 0
9032 672eb8c5425863ad 131 3 2 11 0 0 13 0
9033 572f816703ae136d 132 3 2 11 0 0 13 0
9034 a10946877183ca45 132 3 2 11 0 0 13 0
9035 6c46d665dd8ddf49 132 3 2 11 0 0 13 0
9036 f80f4b8c0e7d6cfe 132 3 2 11 0 0 13 0
9037 c2c3d54a7ff0eade 132 3 2 11 0 0 13 0
9038 6a899eec49a051bf 132 3 2 11 0 0 13 0
9039 b66a808f28190db9 132 3 2 11 0 0 13 0
9040 d69a3aaec615c4d5 130 3 2 11 0 0 12 0
9041 fe91b8c6e0c275c9 130 3 2 11 0 0 12 0
9042 f2dbff0ddfb5d837 131 3 2 11 0 0 12 0
9043 fd711b6dbe7c4d81 131 3 2 11 0 0 12 0
9044 09d0b8e87f48a910 131 3 2 11 0 0 12 0
9045 fa20870308c6cd2e 130 3 2 11 0 0 12 0
9046 164b1a716b255fd2 131 3 2 11 0 0 12 0
9047 61881a9e69a0d3be 132 3 2 11 0 0 12 0
9048 c0b7a06bb2f35a4b 132 3 2 11 0 0 12 0
9049 502f9d7e1aa5b298 132 3 2 11 0 0 12 0
9050 111ab51f8585db7d 132 3 2 11 0 0 12 0
9051 de1069b610640767 132 3 2 11 0 0 12 0
9052 0e9a3213bf268966 132 3 2 11 0 0 12 0
9053 5c323570bceef3eb 132 3 2 11 0 0 12 0
9054 96dd05ac6afd4a7b 131 3 2 11 0 0 12 0
9055 7894034567aa1e38 130 3 2 11 0 0 12 0
9056 f732569534133808 129 3 2 11 0 0 12 0
9057 d06e94a3c6edf223 129 3 2 11 0 0 12 0
9058 cde8aca79566fc9c 129 3 2 11 0 0 12 0
9059 761222f1974a133d 129 3 2 11 0 0 12 0
9060 091b04d4b28309be 128 3 2 11 0 0 12 0
9061 88dd0e881f048f09 127 3 2 11 0 0 12 0
9062 ea371f51b7062ce3 127 3 2 11 0 0 12 0
9063 4cd65afdcf4e4212 127 3 2 11 0 0 12 0
9064 bfd18b50c5a51d87 129 3 2 11 0 0 13 0
9065 05fa8e438a3bb78c 129 3 2 11 0 0 13 0
9066 cb6952aa5623eb02 130 3 2 11 0 0 14 0
9067 e2f97697ea9b41ca 130 3 2 11 0 0 14 0
9068 060cdb3f64a13023 130 3 2 11 0 0 15 0
9069 f1cda30fdbe1102f 129 3 2 11 0 0 15 0
9070 59599a0c87b75a00 128 3 2 11 0 0 14 0
9071 acc74662176df64d 128 3 2 11 0 0 14 0
9072 4954673e64f1c3b2 128 3 2 11 0 0 14 0
9073 5fb2ef559d013cd2 126 3 2 11 0 0 12 0
9074 c47ea06d0a904939 126 3 2 11 0 0 12 0
9075 a081ca37ad17ef7d 126 3 2 11 0 0 12 0
9076 eb8874d5c4cd5b6e 126 3 2 11 0 0 12 0
9077 145bda93f4762b70 126 3 2 11 0 0 12 0
9078 341ebe76695ac88a 126 3 2 11 0 0 12 0
9079 d68ec476ca9e8c7b 126 3 2 11 0 0 13 0
9080 01b9df9f800d7dba 126 3 2 11 0 0 13 0
9081 81032a168541fa8a 126 3 2 11 0 0 13 0
9082 b3579cc3e1bef548 126 3 2 11 0 0 13 0
9083 5afc550dad648da4 126 3 2 11 0 0 13 0
9084 a7bfd775b8a3cbb4 126 3 2 11 0 0 13 0
9085 7fd8172866daa7c2 126 3 2 11 0 0 13 0
9086 798c7346b9e1a185 126 3 2 11 0 0 13 0
9087 649053d38d64be81 126 3 2 11 0 0 13 0
9088 07bf8f398764de04 127 3 2 11 0 0 13 0
9089 14a1c12b16c39400 127 3 2 11 0 0 13 0
9090 ae65a9689871a8c4 127 3 2 11 0 0 13 0
9091 bccaf3633f55abca 128 3 3 11 0 0 13 0
9092 a5dcd094f532582f 128 3 3 11 0 0 13 0
9093 1e7fda3ad43364af 128 3 3 11 0 0 13 0
9094 1e669e785375bad9 128 3 3 11 0 0 13 0
9095 c48ba99e7e7ca2b6 129 3 3 11 0 0 13 0
9096 b90d8ed28ee53671 129 3 3 11 0 0 13 0
9097 e8a5b47619853265 129 3 3 11 0 0 13 0
9098 52619fb038cd8b78 129 3 3 11 0 0 13 0
9099 396e6aaaaf5dbdfc 129 3 3 11 0 0 13 0
9100 c88fbae98e7cea48 131 3 3 11 0 0 14 0
9101 104d0a4a9d803933 131 3 3 11 0 0 14 0
9102 3e2409fc791152f6 131 3 3 11 0 0 14 0
9103 5479ac9d6c6367a2 132 3 3 11 0 0 14 0
9104 2d5f3e8a9dbe4b82 133 3 3 11 0 0 15 0
9105 02b4d935b6903f01 134 3 3 11 0 0 15 0
9106 79d24d9545984a35 135 3 3 11 0 0 16 0
9107 704a2d3c69d59cec 135 3 3 11 0 0 16 0
9108 9d4379135824de1f 136 3 3 11 0 0 16 0
9109 f7c76ca4171e25ba 136 3 3 11 0 0 16 0
9110 8636721faccbcb22 138 3 3 11 0 1 16 0
9111 2555be1be605a6f2 139 3 3 11 0 1 17 0
9112 0d616067fa58367f 139 3 3 11 0 1 17 0
9113 99e8aa5664c72d6c 139 3 3 11 0 1 17 0
9114 45fdd2f3f6a58359 138 3 3 11 0 0 17 0
9115 44a84e8dca2c12a6 138 3 3 11 0 0 17 0
9116 f52ed0a792323a85 140 3 3 11 0 2 17 0
9117 e330b41a39afbdc7 140 3 3 11 0 2 17 0
9118 52f97560f56674de 139 3 3 11 0 2 16 0
9119 20881f4fe173cf75 140 3 3 11 0 1 17 0
9120 b7e3cc40ff3c3b9c 140 3 3 11 0 1 17 0
9121 8bbc7ae6ffaa0845 140 3 3 11 0 0 17 0
9122 ab795f0ea5a3fef9 142 3 3 11 0 2 18 0
9123 7996ea34f91f593b 142 3 3 11 0 2 18 0
9124 13be3b8ca69fe6df 141 3 3 11 0 1 18 0
9125 cbf224f01f57ffb7 142 3 3 11 0 1 18 0
9126 c20bda9cb13d0efe 140 3 3 11 0 0 18 0
9127 4bdbca47647f2aa3 139 3 3 11 0 0 17 0
9128 1eb9151b23000590 141 3 3 11 0 2 17 0
9129 f4cb029ad2f51066 140 3 3 11 0 1 17 0
9130 f2a68717f7bf3252 140 3 3 11 0 1 17 0
9131 eed40c1a32f94df0 141 3 3 11 0 1 17 0
9132 81367e5c84fcaa2b 140 3 3 11 0 0 18 0
9133 d29feee578d2693d 138 3 3 11 0 0 17 0
9134 128ae7eb229361c9 140 3 3 11 0 1 17 0
9135 c8ab734be242328f 140 3 3 11 0 1 17 0
9136 450c676eab58b1e1 141 3 3 11 0 1 17 0
9137 4d8e8db7ff129c79 141 3 3 11 0 0 17 0
9138 2966a0614ba02194 140 3 3 11 0 0 16 0
9139 e750fa06096ba8ac 140 3 3 11 0 0 16 0
9140 15201fa19719c144 142 3 3 11 0 1 17 0
9141 f7e06d73a75218ad 143 3 3 11 0 2 17 0
9142 5a3094b9dfa3133c 142 3 3 11 0 1 17 0
9143 1479b0b8f9401246 140 3 3 11 0 0 16 0
9144 6bd691cfd8798a3a 141 3 3 11 0 0 17 0
9145 5e321378d644c56e 140 3 3 11 0 0 17 0
9146 6141488988d73bbd 141 3 3 11 0 0 17 0
9147 2d46a361d812e339 143 3 3 11 0 1 17 0
9148 df9031fdf47c4fe5 144 3 3 11 0 0 18 0
9149 a033c5fc7edfe511 144 3 3 11 0 0 18 0
9150 aca767480d2ffec9 144 3 3 11 0 0 18 0
9151 fec5ea20532c5e8b 145 3 3 11 0 0 19 0
9152 38291331547c6658 144 3 3 11 0 0 18 0
9153 352445e4b8906aa1 144 3 3 11 0 0 18 0
9154 b4e4455d0bb4621f 144 3 3 11 0 0 18 0
9155 3c7ab7498c06a371 144 3 3 11 0 0 18 0
9156 7e9cdf57114d744f 143 3 3 11 0 0 18 0
9157 c1357c1cfda7f9dc 143 3 3 11 0 0 18 0
9158 96a36410939e1ceb 143 3 3 11 0 0 18 0
9159 1bd39aa66a9230eb 144 3 3 11 0 0 19 0
9160 e839deaea1a9a6f1 144 3 3 11 0 0 19 0
9161 ab7989f099bbba30 143 3 3 11 0 0 18 0
9162 d65553f2ae71c9d1 144 3 3 11 0 0 19 0
9163 315752b073434841 141 3 3 11 0 0 18 0
9164 02b4dcd594175441 141 3 3 11 0 0 18 0
9165 67dd1748ed84db9a 141 3 3 11 0 0 18 0
9166 f1e738d4ba07b741 139 3 3 11 0 0 16 0
9167 75faf517fec16867 138 3 3 11 0 0 16 0
9168 c14b85511bdfd131 138 3 3 11 0 0 16 0
9169 a0ceb2b023da1b2e 137 3 3 11 0 0 16 0
9170 84406ed19a5c281b 137 3 3 11 0 0 16 0
9171 d5e59874266af7fc 137 3 3 11 0 0 16 0
9172 544a19e1ba0de639 138 3 3 11 0 0 17 0
9173 0b6a31873c47d0c0 139 3 3 11 0 0 17 0
9174 e2144a3f554f48fd 139 3 3 11 0 0 17 0
9175 c59fa3085ad430b6 138 3 3 11 0 0 16 0
9176 a46f5ca84e9edfbd 138 3 3 11 0 0 16 0
9177 6a2b5ad21e0d80d3 137 3 3 11 0 0 15 0
9178 4f13a3b105e4bd85 136 3 3 11 0 0 14 0
9179 a22c553dc2a28570 136 3 3 11 0 0 14 0
9180 0cea9fc97c480b0f 135 3 3 11 0 0 13 0
9181 ba987e2bd6a90090 135 3 3 11 0 0 13 0
9182 5421673f28965d21 135 3 3 11 0 0 13 0
9183 c99eff595d4ead04 135 3 3 11 0 0 13 0
9184 480a54274f9c4dfc 135 3 3 11 0 0 13 0
9185 f5b8a6d07f7049a8 134 3 3 11 0 0 12 0
9186 763b90c981c07f55 134 3 3 11 0 0 12 0
9187 06a60c0bd9b524f7 134 3 3 11 0 0 12 0
9188 5875e0f806a533e6 135 3 3 11 0 0 13 0
9189 17485dcb4d93cc3e 135 3 3 11 0 0 13 0
9190 a7f0b9022fdad4ff 135 3 3 11 0 0 13 0
9191 ca617bf63257e76b 137 3 3 11 0 0 14 0
9192 ee1074fe333f7f52 137 3 3 11 0 0 14 0
9193 e5f0b0a71ced4d46 136 3 3 11 0 0 14 0
9194 d4ce06df785a9fa8 135 3 3 11 0 0 13 0
9195 06afdbe8ac69bfb0 134 3 3 11 0 0 13 0
9196 6044c6039e53f7c1 134 3 3 11 0 0 13 0
9197 6bd683b51875b821 134 3 3 11 0 0 13 0
9198 26f65a05d59a1ac7 134 3 3 11 0 0 13 0
9199 a8f0620567064f59 134 3 3 11 0 0 13 0
9200 ff28c7a7ba8ff64a 134 3 3 11 0 0 13 0
9201 1708d3dba0f09c59 134 3 3 11 0 0 13 0
9202 ad6be54e527d638e 133 3 3 11 0 0 13 0
9203 2f90eb22b78a8db9 133 3 3 11 0 0 13 0
9204 10431ecd0d1c3069 133 3 3 11 0 0 13 0
9205 33b4108b5a194cbf 134 3 3 11 0 0 13 0
9206 705d340d92941a47 133 3 3 11 0 0 13 0
9207 b57600e4c2afff39 133 3 3 11 0 0 13 0
9208 36bd5ce8b0a363ba 133 3 3 11 0 0 13 0
9209 6855fd8f8aa5165d 132 3 3 11 0 0 13 0
9210 88d30ea6236a2070 131 3 3 11 0 0 12 0
9211 61331cb1de5ad8fb 132 3 4 11 0 0 12 0
9212 a29c855587f52470 133 3 4 11 0 0 13 0
9213 de4e9ecace6948ee 133 3 4 11 0 0 13 0
9214 f3ed0708d18624a0 134 3 4 11 0 0 13 0
9215 f902cc252c4f698d 134 3 4 11 0 0 13 0
9216 0c87fed69c095445 134 3 4 11 0 0 13 0
9217 f41a37b5266ade0b 134 3 4 11 0 0 13 0
9218 99cd17921b1e3f16 133 3 4 11 0 0 12 0
9219 9bd2b24ff604dac3 133 3 4 11 0 0 12 0
9220 22acf633866c46b6 133 3 4 11 0 0 12 0
9221 d28b2af02f07144c 131 3 4 11 0 0 12 0
9222 268e750e269dfaa1 130 3 4 11 0 0 11 0
9223 011435893e444826 129 3 4 11 0 0 11 0
9224 4a8dd6e09172194c 129 3 4 11 0 0 11 0
9225 fd5d03aef56a5a59 129 3 4 11 0 0 11 0
9226 14ff022113d2329b 129 3 4 11 0 0 11 0
9227 d8f5749c83d22413 128 3 4 11 0 0 10 0
9228 cae2555bc751e042 128 3 4 11 0 0 11 0
9229 d0f01fee72161444 126 3 4 11 0 0 10 0
9230 a723ebec0262c009 126 3 4 11 0 0 10 0
9231 89f08226ae051d95 125 3 4 11 0 0 10 0
9232 facec90e8281e2f4 126 3 4 11 0 0 10 0
9233 80854e29f429f9de 126 3 4 11 0 0 10 0
9234 dd73a92e2c8dbae1 125 3 4 11 0 0 9 0
9235 c4fef8cfac7cca1d 126 3 4 11 0 1 9 0
9236 2c00c41affcbadea 126 3 4 11 0 1 9 0
9237 6a09bce4d06b0535 126 3 4 11 0 1 9 0
9238 520cc1d27f263efe 126 3 4 11 0 1 9 0
9239 5fe13bd42dad78a0 125 3 4 11 0 0 9 0
9240 8a21912e880501f8 125 3 4 11 0 0 9 0
9241 4c01f4568e669a73 126 3 4 11 0 1 9 0
9242 0dbf7f8c61f9b8ac 127 3 4 11 0 1 10 0
9243 b96fbe735996fb05 126 3 4 11 0 1 10 0
9244 89774a7180ddffd7 126 3 4 11 0 1 10 0
9245 8669320c25468171 125 3 4 11 0 0 10 0
9246 a6769a56d432d354 125 3 4 11 0 0 10 0
9247 991ed2f055c46e5a 126 3 4 11 0 1 11 0
9248 966c6faeca4944c0 126 3 4 11 0 1 11 0
9249 667ac5297c35c407 126 3 4 11 0 1 11 0
9250 cf0d214618ccb1df 125 3 4 11 0 1 10 0
9251 48e5bb2366ff0b89 124 3 4 11 0 0 10 0
9252 e1ec7dc95baebe4e 125 3 4 11 0 0 11 0
9253 5fc894669f1563aa 126 3 4 11 0 1 11 0
9254 deaeea5ad248c0ba 126 3 4 11 0 1 11 0
9255 2ad7768f0f40d9df 125 3 4 11 0 1 10 0
9256 a87f94645e3fc2c1 124 3 4 11 0 0 10 0
9257 ee2c3a24b43b818d 123 3 4 11 0 0 10 0
9258 1e76e869384e64e4 123 3 4 11 0 0 10 0
9259 314528a76c7add04 124 3 4 11 0 1 10 0
9260 8dfcba2e61a71cc8 123 3 4 11 0 1 10 0
9261 32f7a70d1752997a 121 3 4 11 0 0 10 0
9262 e4c8dbbcf438b2d6 121 3 4 11 0 0 9 0
9263 e2bb4c58ca333b5d 121 3 4 11 0 0 9 0
9264 6186fe201093c4d0 122 3 4 11 0 0 9 0
9265 5df6eb1a7463f871 122 3 4 11 0 0 9 0
9266 f75c28f71e823806 120 3 4 11 0 0 8 0
9267 bb3f85ba0327319a 119 3 4 11 0 0 8 0
9268 8440196554a14e8c 119 3 4 11 0 0 8 0
9269 8d9cc4ddcd2ec3a0 120 3 4 11 0 0 8 0
9270 f3c60f15a4af3e51 120 3 4 11 0 0 8 0
9271 9bce821deb4afe01 120 3 4 11 0 0 8 0
9272 eb1bab3d1617b92e 120 3 4 11 0 0 8 0
9273 67c213c177764e0f 120 3 4 11 0 0 8 0
9274 0502d198824d7909 120 3 4 11 0 0 8 0
9275 8e2dca0d83119749 120 3 4 11 0 0 8 0
9276 ad14d2668c024dea 120 3 4 11 0 0 8 0
9277 c1ac143c3e3c5e5b 120 3 4 11 0 0 8 0
9278 9e6adcebf060c8d5 120 3 4 11 0 0 8 0
9279 96642cb81fcdfa8b 121 3 4 11 0 0 8 0
9280 ebf483762b80d36a 120 3 4 11 0 0 7 0
9281 8717fccc457f8d13 119 3 4 11 0 0 7 0
9282 939515437d567a5f 119 3 4 11 0 0 7 0
9283 cc0bba2de1925fe8 119 3 4 11 0 0 7 0
9284 2ddd757e6c67fe61 119 3 4 11 0 0 7 0
9285 af74a1f16ecbf81a 119 3 4 11 0 0 7 0
9286 4d0d8bb68d9f83bd 118 3 4 11 0 0 6 0
9287 fbb31fdd3c0f2975 119 3 4 11 0 0 7 0
9288 b8313aa13f1542b6 119 3 4 11 0 0 7 0
9289 42ae80bbcea0ef86 118 3 4 11 0 0 7 0
9290 42e9414984983ec9 118 3 4 11 0 0 7 0
9291 489d22ee40198f7e 118 3 4 11 0 0 7 0
9292 be9247298e1fb64d 118 3 4 11 0 0 7 0
9293 dc6172ba746e5c45 118 3 4 11 0 0 7 0
9294 c8c5fde5d0907663 117 3 4 11 0 0 7 0
9295 845ebaf55e900e9f 117 3 4 11 0 0 7 0
9296 8cfd1f50d8cfc9e9 117 3 4 11 0 0 6 0
9297 e581d14023d6a989 117 3 4 11 0 0 6 0
9298 de1cde74feca88d3 117 3 4 11 0 0 6 0
9299 56d2522d0d3c8db2 116 3 4 11 0 0 6 0
9300 ddaf85b9432aae92 115 3 4 11 0 0 6 0
9301 9de255d410960f22 115 3 4 11 0 0 6 0
9302 fc1a9c4f7d3987f6 115 3 4 11 0 0 6 0
9303 f0ce3dcd99d2ead2 115 3 4 11 0 0 6 0
9304 f94f884315919df6 115 3 4 11 0 0 6 0
9305 2f3e96678ce7f137 115 3 4 11 0 0 6 0
9306 b1aa2db480221a04 115 3 4 11 0 0 6 0
9307 59ceb4dda7d93a54 114 3 4 11 0 0 6 0
9308 9423e9fbf03338b3 114 3 4 11 0 0 6 0
9309 7379b316a57d9230 114 3 4 11 0 0 6 0
9310 6ab2168a6ea9c3fc 115 3 4 11 0 0 6 0
9311 ffde194ebb85acb2 115 3 4 11 0 0 6 0
9312 e4879b08cbf306d6 116 3 4 11 0 0 6 0
9313 3852729c691863b6 116 3 4 11 0 0 6 0
9314 4ba7c12c17703454 116 3 4 11 0 0 6 0
9315 8c2327e40bc23e2f 116 3 4 11 0 0 6 0
9316 5d9ccafd963196e0 116 3 4 11 0 0 6 0
9317 c35f9952587000be 117 3 4 11 0 0 7 0
9318 6c65193636e40ea9 117 3 4 11 0 0 7 0
9319 aa4ef7539cf7c66a 117 3 4 11 0 0 7 0
9320 94221760ede27517 116 3 4 11 0 0 7 0
9321 c5c21ece6c1e1283 116 3 4 11 0 0 7 0
9322 1526651015be9d2c 115 3 4 11 0 0 7 0
9323 e034c2cddc40b143 115 3 4 11 0 0 7 0
9324 b4fc782a2849e40f 115 3 4 11 0 0 7 0
9325 5d83c4f29ffb7e47 115 3 4 11 0 0 7 0
9326 cdfacbf2966cde7f 115 3 4 11 0 0 7 0
9327 cead23240a0fe26d 115 3 4 11 0 0 7 0
9328 8593d667d9cfca33 115 3 4 11 0 0 7 0
9329 2f9aaa072f48fcb7 115 3 4 11 0 0 7 0
9330 0e379ef49a52413c 115 3 4 11 0 0 7 0
9331 ddefa2da509d4646 116 3 4 12 0 0 7 0
9332 3f0f1d31318ceb0b 116 3 4 12 0 0 7 0
9333 f77b426aadcb75e8 116 3 4 12 0 0 7 0
9334 208208a09c9d1439 116 3 4 12 0 0 7 0
9335 cbb8392a7f8fa157 115 3 4 12 0 0 7 0
9336 300a6f6a0dbad14a 115 3 4 12 0 0 7 0
9337 a4c8e1c9681ad015 114 3 4 12 0 0 7 0
9338 b49325c298f7498d 114 3 4 12 0 0 7 0
9339 388e7bc967b88f47 114 3 4 12 0 0 7 0
9340 47bc638442f459b7 114 3 4 12 0 0 7 0
9341 2d89a23adf4a8c71 113 3 4 12 0 0 7 0
9342 112cb242363c048f 113 3 4 12 0 0 7 0
9343 9bf3f588e5a51e7e 113 3 4 12 0 0 7 0
9344 d50b58d4362ab766 113 3 4 12 0 0 7 0
9345 0888b86b3b88587a 113 3 4 12 0 0 7 0
9346 e308787241d24b48 113 3 4 12 0 0 7 0
9347 6c82bccdae7c4cfb 111 3 4 12 0 0 5 0
9348 6ec0f2bbe59f65fa 110 3 4 12 0 0 5 0
9349 bbf0fd631505b0c1 110 3 4 12 0 0 5 0
9350 aa02ca642b371d05 110 3 4 12 0 0 5 0
9351 b1cc266b25244384 110 3 4 12 0 0 5 0
9352 a3c9117cc1dcf35c 110 3 4 12 0 0 5 0
9353 a43e3512727870a3 110 3 4 12 0 0 5 0
9354 03d898f74c0230b4 110 3 4 12 0 0 5 0
9355 ab5be4767643d0fb 111 3 4 12 0 0 5 0
9356 96897552845fee98 110 3 4 12 0 0 5 0
9357 ba244f396f3ab487 110 3 4 12 0 0 6 0
9358 b2d3281a7427b027 110 3 4 12 0 0 6 0
9359 322d6612340822d5 110 3 4 12 0 0 6 0
9360 e1497cd076829e64 109 3 4 12 0 0 6 0
9361 29e2f82b02e2b829 109 3 4 12 0 0 6 0
9362 4804b5e3d2459dbe 109 3 4 12 0 0 6 0
9363 7646e11042eda8ee 109 3 4 12 0 0 6 0
9364 7431abbf940752df 109 3 4 12 0 0 6 0
9365 0a0f1bd7038d426a 109 3 4 12 0 0 6 0
9366 87b3b13e62cfc7e9 108 3 4 12 0 0 6 0
9367 9cab44c683009d9a 108 3 4 12 0 0 6 0
9368 efb8e3f9392a59e2 108 3 4 12 0 0 6 0
9369 3eaa60d5cbd22124 108 3 4 12 0 0 6 0
9370 2a49ec5d497c6cb5 109 3 4 12 0 0 6 0
9371 7b20af914acbdd05 109 3 4 12 0 0 6 0
9372 931e872d1415e615 108 3 4 12 0 0 6 0
9373 238456e02dda0631 107 3 4 12 0 0 6 0
9374 53e5dc711de05369 107 3 4 12 0 0 6 0
9375 b8345893bdc62016 107 3 4 12 0 0 6 0
9376 caec5692f77aee92 107 3 4 12 0 0 6 0
9377 37c9125c26368a31 107 3 4 12 0 0 6 0
9378 a7fb432363e2024a 107 3 4 12 0 0 6 0
9379 b4a624528cef3f9a 107 3 4 12 0 0 5 0
9380 a6f1f32f0366e037 107 3 4 12 0 0 5 0
9381 096d8450053b6af0 107 3 4 12 0 0 5 0
9382 8e23ec79ae31d220 107 3 4 12 0 0 5 0
9383 30de5f03184cabeb 107 3 4 12 0 0 5 0
9384 d47dd5f40340c812 108 3 4 12 0 0 5 0
9385 e7758e0a05b0a170 109 3 4 12 0 0 6 0
9386 26cc42448a3010eb 109 3 4 12 0 0 6 0
9387 571c20d011d1cca7 109 3 4 12 0 0 6 0
9388 388a3b1bbf91d72b 108 3 4 12 0 0 6 0
9389 79539d625e90a279 108 3 4 12 0 0 6 0
9390 a1da34cb7b13ec97 108 3 4 12 0 0 6 0
9391 614a96465fda869f 108 3 4 12 0 0 6 0
9392 cedfc11649aec9cd 108 3 4 12 0 0 6 0
9393 deab7e44eedae755 107 3 4 12 0 0 5 0
9394 344def9f9a034c33 108 3 4 12 0 0 5 0
9395 b89389e706c9188d 108 3 4 12 0 0 5 0
9396 2db8f519a09a2f83 108 3 4 12 0 0 5 0
9397 2ff616aac484b2c9 108 3 4 12 0 0 6 0
9398 74c6eea1561e1ac9 108 3 4 12 0 0 6 0
9399 7c246ad46f7d6ef1 108 3 4 12 0 0 6 0
9400 1e1b075eacb283d3 107 3 4 12 0 0 6 0
9401 7854fee9163954a8 107 3 4 12 0 0 6 0
9402 4bd2ac866cb96118 107 3 4 12 0 0 6 0
9403 b23fd940641d8f83 107 3 4 12 0 0 6 0
9404 353b88d46c018eea 107 3 4 12 0 0 6 0
9405 b098e4174ce9f4ff 107 3 4 12 0 0 6 0
9406 a7c341b41b5e8344 107 3 4 12 0 0 6 0
9407 c67e09a91d098516 108 3 4 12 0 0 6 0
9408 59b85f2c759cfc29 108 3 4 12 0 0 6 0
9409 349da4413006ffd8 108 3 4 12 0 0 6 0
9410 99727edba1e1d45e 108 3 4 12 0 0 6 0
9411 74edde0b64d43ba5 108 3 4 12 0 0 6 0
9412 eef3430d8fabb126 107 3 4 12 0 0 5 0
9413 471b09035b421484 107 3 4 12 0 0 5 0
9414 ebe5ad127e4e02bd 107 3 4 12 0 0 5 0
9415 0687851ebf239edc 107 3 4 12 0 0 5 0
9416 834cbcaafa53d598 108 3 4 12 0 0 5 0
9417 7dfd5bf7fa064b73 108 3 4 12 0 0 5 0
9418 9f4e2dca42ab6949 108 3 4 12 0 0 5 0
9419 8ad05366d5821343 108 3 4 12 0 0 5 0
9420 d1f76e1f783d7c78 108 3 4 12 0 0 5 0
9421 b2645d5ef6c1f32b 109 3 4 12 0 0 5 0
9422 a7afc0677d1e7bf7 108 3 4 12 0 0 5 0
9423 d1712d8d7723f6e0 108 3 4 12 0 0 5 0
9424 86ad4fbde6836bf2 108 3 4 12 0 0 5 0
9425 d398b2b3f1dd2f6e 109 3 4 12 0 0 6 0
9426 a06204425618ee78 109 3 4 12 0 0 6 0
9427 64062a78af7553ad 108 3 4 12 0 0 6 0
9428 414959e4833821a2 108 3 4 12 0 0 6 0
9429 11cb473df9f02018 109 3 4 12 0 0 6 0
9430 ca0fea2d84aea1b7 108 3 4 12 0 0 6 0
9431 4c76f7495e63ea6d 109 3 4 12 0 0 6 0
9432 9e1c61c69c8e90df 109 3 4 12 0 0 6 0
9433 71403c224b7ddb5a 109 3 4 12 0 0 6 0
9434 3bac686f0da3432f 109 3 4 12 0 0 6 0
9435 74e7323556e156c9 109 3 4 12 0 0 6 0
9436 6ca5e5bedc77b453 110 3 4 12 0 0 7 0
9437 f3ec2e7378cb679c 110 3 4 12 0 0 8 0
9438 ac52ad411da36657 110 3 4 12 0 0 8 0
9439 380226694f2e32ed 111 3 4 12 0 0 8 0
9440 bca5667fa9be0377 111 3 4 12 0 0 8 0
9441 ef6a286912174b6c 112 3 4 12 0 0 8 0
9442 017064b3a3365e05 111 3 4 12 0 0 7 0
9443 8f8944d24b5eab08 110 3 4 12 0 0 7 0
9444 cae1e9a10b80462b 109 3 4 12 0 0 7 0
9445 a7ee13ff8c129aea 109 3 4 12 0 0 7 0
9446 1dd22841728fb233 109 3 4 12 0 0 7 0
9447 5d41e50e618c32dd 109 3 4 12 0 0 7 0
9448 67892a2b45fe1a1a 108 3 4 12 0 0 7 0
9449 5c535e1f3cd88f92 108 3 4 12 0 0 7 0
9450 b9f6a55da89d10e7 108 3 4 12 0 0 7 0
9451 8705e3a4593498b3 109 3 5 12 0 0 7 0
9452 e70e4f3bb12a54a0 110 3 5 12 0 1 7 0
9453 9692f7c9718ce1db 111 3 5 12 0 1 7 0
9454 c68099070bfa1f2a 111 3 5 12 0 1 7 0
9455 814799712bdb616e 110 3 5 12 0 1 7 0
9456 2519a270148e93af 110 3 5 12 0 1 7 0
9457 87b296c4f952f20e 110 3 5 12 0 1 7 0
9458 1c6206c26e21296c 110 3 5 12 0 2 7 0
9459 ea9f2fbaaab056b4 108 3 5 12 0 1 7 0
9460 db8bdc3ad626a49e 107 3 5 12 0 1 6 0
9461 e6d10bda3356c3d1 107 3 5 12 0 1 6 0
9462 1fe775096b7cd56d 107 3 5 12 0 1 6 0
9463 ca4f8151a553780b 108 3 5 12 0 1 6 0
9464 0d43d68f4fbe0865 109 3 5 12 0 1 6 0
9465 024cb49d4a8e7d76 109 3 5 12 0 0 7 0
9466 ac150a4f6245a3b4 110 3 5 12 0 1 7 0
9467 89dc9215fba9dfff 109 3 5 12 0 1 6 0
9468 d516ca17be6c3338 108 3 5 12 0 1 6 0
9469 33e9065ad77faec6 107 3 5 12 0 0 6 0
9470 6e00607ae3cad46c 108 3 5 12 0 1 6 0
9471 90abc339c3527036 109 3 5 12 0 1 6 0
9472 42aa212b1ab85b4f 111 3 5 12 0 3 5 0
9473 61e39673a1bc5191 110 3 5 12 0 3 4 0
9474 e14109c95b278276 110 3 5 12 0 3 4 0
9475 953933e82a863886 108 3 5 12 0 1 4 0
9476 4e4fcb9117936696 108 3 5 12 0 0 5 0
9477 acf06cb5592ab1aa 109 3 5 12 0 1 5 0
9478 294d21ed202dcf0d 110 3 5 12 0 3 5 0
9479 68447134a285f2f4 110 3 5 12 0 3 5 0
9480 4b3afc65f0bc4b9c 108 3 5 12 0 1 5 0
9481 47555cc834034286 108 3 5 12 0 1 5 0
9482 6475de7efabbf5a3 107 3 5 12 0 0 5 0
9483 33a847afb80bb9a7 108 3 5 12 0 1 5 0
9484 06d16c57e51c1968 110 3 5 12 0 2 5 0
9485 ea36e645921c61e2 110 3 5 12 0 1 5 0
9486 d1a2c24b9d33c46b 110 3 5 12 0 1 5 0
9487 3948f7c8a0918be3 110 3 5 12 0 1 5 0
9488 7f338713c63dbe07 109 3 5 12 0 0 5 0
9489 ddd49c2f80d2aa89 110 3 5 12 0 1 5 0
9490 656c96791a250e6f 111 3 5 12 0 1 5 0
9491 d21ab528fe15986e 110 3 5 12 0 1 4 0
9492 18021c6367107641 110 3 5 12 0 1 4 0
9493 63e66d48212186f3 108 3 5 12 0 0 4 0
9494 ea8ba85e06896d7e 106 3 5 12 0 0 4 0
9495 1e4d3fd80bb2964c 107 3 5 12 0 1 4 0
9496 b2d91a294d9ca876 108 3 5 12 0 1 4 0
9497 f22bf78b709fb45e 108 3 5 12 0 1 4 0
9498 322d2d8eed91596f 107 3 5 12 0 0 4 0
9499 d9d6a7f36d02a6f5 107 3 5 12 0 0 4 0
9500 c5513a2d5dd1014d 107 3 5 12 0 0 4 0
9501 b49cb283cfa9caee 107 3 5 12 0 0 4 0
9502 b0c06539ede1cecc 107 3 5 12 0 0 4 0
9503 bbadf9a404524b8e 107 3 5 12 0 0 4 0
9504 225382706ac9758b 108 3 5 12 0 0 4 0
9505 6578e68ac426eccd 108 3 5 12 0 0 5 0
9506 b9e0d18ddf8d5b23 107 3 5 12 0 0 5 0
9507 9aa12f13767e7510 106 3 5 12 0 0 5 0
9508 94bfd86ac90f7353 106 3 5 12 0 0 5 0
9509 5ff62707e3596596 106 3 5 12 0 0 5 0
9510 88a5bcb7f016b31f 105 3 5 12 0 0 5 0
9511 f2c0c98b0566d413 105 3 5 12 0 0 5 0
9512 f671731c9b58fc6c 105 3 5 12 0 0 5 0
9513 e63dfd60c5393a25 104 3 5 12 0 0 5 0
9514 d623e67150bb595d 104 3 5 12 0 0 5 0
9515 efc41c1c56518696 104 3 5 12 0 0 5 0
9516 3b76695396b12951 105 3 5 12 0 0 6 0
9517 90ac8933e31f5c7c 106 3 5 12 0 0 6 0
9518 ff54c421acc10f92 106 3 5 12 0 0 6 0
9519 c4ad0527671785d3 106 3 5 12 0 0 6 0
9520 c5be3ef8124b0fbc 106 3 5 12 0 0 6 0
9521 ebba05fb5ab5feaf 106 3 5 12 0 0 6 0
9522 f4b7d9fd8e0b3929 106 3 5 12 0 0 6 0
9523 b6d506497f21cc9c 106 3 5 12 0 0 6 0
9524 110febc96e7666f4 106 3 5 12 0 0 6 0
9525 6853ae624f6fc6c4 106 3 5 12 0 0 6 0
9526 d1d9864ac65611c5 105 3 5 12 0 0 6 0
9527 a1ab9385efb7715d 104 3 5 12 0 0 6 0
9528 83c76de66e8805c2 104 3 5 12 0 0 6 0
9529 dbfc2682379f0494 104 3 5 12 0 0 6 0
9530 e01aaa05bd76d5dd 104 3 5 12 0 0 6 0
9531 e75b9e180e03c193 105 3 5 12 0 0 6 0
9532 5e0ccd5a5f23fa16 106 3 5 12 0 0 6 0
9533 79d2bd1a31b6411a 107 3 5 12 0 0 6 0
9534 8bfe4e92989b9c1b 107 3 5 12 0 0 6 0
9535 e8be6702651f0b00 106 3 5 12 0 0 5 0
9536 80e42689ffe050ec 106 3 5 12 0 0 5 0
9537 648bf3dd0856f57d 106 3 5 12 0 0 5 0
9538 e23fa98a02a0db54 106 3 5 12 0 0 5 0
9539 2fbc7e55d6f11ed3 106 3 5 12 0 0 5 0
9540 b09e362a4287550d 107 3 5 12 0 0 5 0
9541 eff32ef14d3a6771 107 3 5 12 0 0 5 0
9542 89ccb2e146a018da 108 3 5 12 0 0 5 0
9543 70baad440c3b2557 108 3 5 12 0 0 5 0
9544 1f09a2f0c0fda999 107 3 5 12 0 0 5 0
9545 9cce383539639a40 107 3 5 12 0 0 5 0
9546 0454bd8fb14c6dcd 108 3 5 12 0 0 5 0
9547 cba5c719c9d48e98 109 3 5 12 0 0 6 0
9548 0837d26db8c00df0 109 3 5 12 0 0 6 0
9549 b25f48d5f2cf7d7e 109 3 5 12 0 0 6 0
9550 10a3aadcc1e1006d 108 3 5 12 0 0 5 0
9551 f7ad8badc7345306 108 3 5 12 0 0 5 0
9552 43924ce5f8e50221 108 3 5 12 0 0 5 0
9553 9d7c28cba41b79bb 108 3 5 12 0 0 5 0
9554 120930108ceddb72 109 3 5 12 0 0 5 0
9555 10649010fd9297fc 110 3 5 12 0 0 6 0
9556 d685fa6d2485d2cd 111 3 5 12 0 0 7 0
9557 e8814e11cd3e387b 111 3 5 12 0 0 7 0
9558 2dd43f9d4bf9de48 112 3 5 12 0 0 7 0
9559 85aa0c16881b3e75 113 3 5 12 0 0 7 0
9560 7ea97b9dc9d1d8b8 113 3 5 12 0 0 7 0
9561 6b2de2c96c7cf5a8 113 3 5 12 0 0 7 0
9562 0b957b7e36b04bac 113 3 5 12 0 0 7 0
9563 5308c2623e88a3b3 113 3 5 12 0 0 7 0
9564 4874d19cd452d955 113 3 5 12 0 0 7 0
9565 c9ed333e96e90f38 113 3 5 12 0 0 7 0
9566 d4277b17a0ffe266 113 3 5 12 0 0 7 0
9567 043dc8d003e0fb59 114 3 5 12 0 0 7 0
9568 1c24f377b4e34f56 113 3 5 12 0 0 7 0
9569 a119e406087ee095 113 3 5 12 0 0 7 0
9570 84de470d9466c782 113 3 5 12 0 0 7 0
9571 6ff3c3bc022a60a3 114 3 6 12 0 1 7 0
9572 c24fff06b83083fc 115 3 6 12 0 1 8 0
9573 7c4ddc9343e0000d 114 3 6 12 0 0 8 0
9574 37310c4198582555 114 3 6 12 0 0 8 0
9575 c0866f94a68a18e8 114 3 6 12 0 0 8 0
9576 29a20f1f9bf47724 115 3 6 12 0 0 8 0
9577 77d8d62d2b75c26b 116 3 6 12 0 1 8 0
9578 8e24611f567e3e71 115 3 6 12 0 0 8 0
9579 e615209868353a46 115 3 6 12 0 0 8 0
9580 bf1735964fab6726 115 3 6 12 0 0 8 0
9581 73e7e7d0d9298e59 116 3 6 12 0 0 8 0
9582 d2987b0a356a61b6 117 3 6 12 0 0 8 0
9583 e9ab801858b1a04b 117 3 6 12 0 1 8 0
9584 1661129080d9ce69 115 3 6 12 0 0 7 0
9585 27c44534f2a04bd3 114 3 6 12 0 0 7 0
9586 0ffa69bc150dc1b4 114 3 6 12 0 0 7 0
9587 03f0ff8076f6aa2a 114 3 6 12 0 0 7 0
9588 dbc5a500af22a7ff 114 3 6 12 0 0 7 0
9589 1acb9e6d02357e97 115 3 6 12 0 1 7 0
9590 4dee32579af0e8bf 113 3 6 12 0 0 7 0
9591 5be1a3fbdee11434 113 3 6 12 0 0 7 0
9592 25aa5eec01ca5244 113 3 6 12 0 0 7 0
9593 c65dc9b838b92c2b 116 3 6 12 0 1 7 0
9594 5affc339c26c8ed2 116 3 6 12 0 1 7 0
9595 96b6ed47e398521b 118 3 6 12 0 1 8 0
9596 104928dc0a401e85 118 3 6 12 0 1 8 0
9597 1976b6446daebdb6 117 3 6 12 0 0 8 0
9598 c005d0ad23ff76dd 119 3 6 12 0 0 9 0
9599 56d39b5aaf3ccfd6 119 3 6 12 0 1 9 0
9600 48f3a3a6637f593c 119 3 6 12 0 1 9 0
9601 03b93a70fde6ce52 118 3 6 12 0 1 9 0
9602 9ec4e31cab84d9b3 118 3 6 12 0 1 9 0
9603 db2b3442cb9cec6f 117 3 6 12 0 0 9 0
9604 b6be20a190fef1c2 117 3 6 12 0 0 9 0
9605 2cc8dfaef41720a4 118 3 6 12 0 1 9 0
9606 4b8302d5daf9d5ff 119 3 6 12 0 1 9 0
9607 4454309f2449c19a 119 3 6 12 0 1 9 0
9608 3532a871a339ae41 118 3 6 12 0 0 9 0
9609 e2551558af08a6fc 118 3 6 12 0 0 9 0
9610 9ed0d4a43ea2ba1a 118 3 6 12 0 0 8 0
9611 f96cc483fadbe798 118 3 6 12 0 1 8 0
9612 e0083e4c6902b32e 120 3 6 12 0 1 9 0
9613 c807974992aeacc8 120 3 6 12 0 1 9 0
9614 329a0f462e2042ac 118 3 6 12 0 0 9 0
9615 2d505ed212301df7 118 3 6 12 0 0 9 0
9616 3c45630fe026cf95 117 3 6 12 0 0 9 0
9617 85efb6203744434c 117 3 6 12 0 1 9 0
9618 6bbae35c7692c355 117 3 6 12 0 1 9 0
9619 ce0546194e58b878 116 3 6 12 0 0 8 0
9620 d457f883cb54a453 116 3 6 12 0 0 8 0
9621 52658a5ba1c5b721 116 3 6 12 0 0 8 0
9622 bb481b8efab85757 115 3 6 12 0 0 7 0
9623 c2c91736db257803 115 3 6 12 0 0 7 0
9624 24190484f660e07d 115 3 6 12 0 0 7 0
9625 f1886b4cb722a370 115 3 6 12 0 0 7 0
9626 0791a51695adf0a7 114 3 6 12 0 0 7 0
9627 c7f266802726d706 114 3 6 12 0 0 8 0
9628 0d382d133d505957 113 3 6 12 0 0 8 0
9629 49a74bac6a6988f0 113 3 6 12 0 0 8 0
9630 f61861fb282a3613 113 3 6 12 0 0 8 0
9631 20852f1e7c6ae4ce 112 3 6 12 0 0 7 0
9632 e82f1a0c0c983609 112 3 6 12 0 0 7 0
9633 a123f6c2df734bf8 112 3 6 12 0 0 7 0
9634 6c3c1d51fda0a4b5 113 3 6 12 0 0 7 0
9635 76ce7a30b05f8e41 114 3 6 12 0 0 8 0
9636 b0f34c1f3da1cf99 114 3 6 12 0 0 8 0
9637 1fae3b7f6963c040 114 3 6 12 0 0 8 0
9638 bc7c89c92ee2bca8 115 3 6 12 0 0 9 0
9639 4b0b856212cb49f1 115 3 6 12 0 0 9 0
9640 a51eb642ee4c17df 114 3 6 12 0 0 8 0
9641 d5efa4adaf946b18 114 3 6 12 0 0 8 0
9642 f110ffdecfb2f3dc 115 3 6 12 0 0 8 0
9643 1402642de619087f 115 3 6 12 0 0 8 0
9644 c24bf80223509156 115 3 6 12 0 0 8 0
9645 5488556586cb8059 115 3 6 12 0 0 8 0
9646 11e86cb30fcf3fc0 114 3 6 12 0 0 8 0
9647 64a91f4c34e9153f 114 3 6 12 0 0 8 0
9648 41f5433b2129ef36 114 3 6 12 0 0 8 0
9649 e88ee7992205e5fa 115 3 6 12 0 0 8 0
9650 46eb5b6f2277d3d8 116 3 6 12 0 0 8 0
9651 18802dde3f7d47cc 116 3 6 12 0 0 8 0
9652 b9a456a1368be76b 118 3 6 12 0 0 10 0
9653 6c52aa3e74bfbfa8 117 3 6 12 0 0 10 0
9654 3c1be9bd279e34f2 117 3 6 12 0 0 10 0
9655 b96284b6a29778c0 118 3 6 12 0 0 10 0
9656 bba3f5bad13f6436 118 3 6 12 0 0 10 0
9657 ef43941def8aa1b6 117 3 6 12 0 0 9 0
9658 68599a65f7540f46 116 3 6 12 0 0 8 0
9659 21bdbf429fbcdb7a 116 3 6 12 0 0 8 0
9660 fcb0fd5d991c9adc 116 3 6 12 0 0 8 0
9661 b241747e142e072d 116 3 6 12 0 0 8 0
9662 d63c282c40d8710e 116 3 6 12 0 0 8 0
9663 fa8c539eed28c57a 116 3 6 12 0 0 8 0
9664 83ea70dbbaae23ff 116 3 6 12 0 0 8 0
9665 e8eae4f1e6249553 116 3 6 12 0 0 8 0
9666 94e8f7a7bf214c4c 115 3 6 12 0 0 8 0
9667 04122149c4d468e8 117 3 6 12 0 0 9 0
9668 1b75d0f80f815ffe 117 3 6 12 0 0 9 0
9669 de88feb74cf8390e 117 3 6 12 0 0 9 0
9670 83fc43a6fd03bf4d 117 3 6 12 0 0 9 0
9671 4bf4de4178921b20 115 3 6 12 0 0 8 0
9672 1a93215065daf2c2 115 3 6 12 0 0 8 0
9673 582894fb4383fd31 115 3 6 12 0 0 8 0
9674 b6a28fd900bc37f5 114 3 6 12 0 0 7 0
9675 d2500b8bdb4ea753 115 3 6 12 0 0 8 0
9676 f43f570d4e9aca23 115 3 6 12 0 0 8 0
9677 45b925e4cbae6445 116 3 6 12 0 0 8 0
9678 6b9fd425e8d38cbf 117 3 6 12 0 0 9 0
9679 90faa703043c0d4c 116 3 6 12 0 0 8 0
9680 7cff99b61d7b966e 116 3 6 12 0 0 8 0
9681 cd63685e54ea113a 117 3 6 12 0 0 8 0
9682 3bfae46e65c30fa9 117 3 6 12 0 0 8 0
9683 06d4a221792021f9 116 3 6 12 0 0 7 0
9684 1f531425f6385e6e 116 3 6 12 0 0 7 0
9685 cfdc5fc794f47676 116 3 6 12 0 0 8 0
9686 1d9a1fecef3c6352 116 3 6 12 0 0 8 0
9687 43f5e82ba73ec55d 116 3 6 12 0 0 8 0
9688 cd97271e9e4b3893 116 3 6 12 0 0 8 0
9689 a29a150a001de449 116 3 6 12 0 0 8 0
9690 f32cbab5fe638a40 116 3 6 12 0 0 8 0
9691 4856ef589b31fa52 117 3 6 13 0 0 8 0
9692 26e04138f1149d86 118 3 6 13 0 0 9 0
9693 e0fb33aae4dfbfdd 117 3 6 13 0 0 8 0
9694 7a24fb1edcdc9ce2 115 3 6 13 0 0 8 0
9695 b8717e86e36d5bc2 115 3 6 13 0 0 8 0
9696 968408765397d41e 116 3 6 13 0 0 8 0
9697 2deda0bd5b4e76e3 116 3 6 13 0 0 8 0
9698 8c22d1cc864c77b2 116 3 6 13 0 0 8 0
9699 519a13eced60ea12 115 3 6 13 0 0 8 0
9700 62c3cbf4de7c7755 116 3 6 13 0 0 9 0
9701 0f7bb44d6cacee89 117 3 6 13 0 1 9 0
9702 039d335ec6bb9a95 117 3 6 13 0 1 9 0
9703 15cb411417c49ae4 117 3 6 13 0 1 9 0
9704 a976af54d99e9b91 116 3 6 13 0 1 8 0
9705 cf3cb5b5a68dc1b7 115 3 6 13 0 0 8 0
9706 5a7f53593a402d89 115 3 6 13 0 0 8 0
9707 7cdaefdb137c2a72 116 3 6 13 0 1 8 0
9708 c3b281638dd6431d 114 3 6 13 0 1 6 0
9709 e263174e292f2826 114 3 6 13 0 1 6 0
9710 b40a3fd8f8817061 113 3 6 13 0 0 6 0
9711 4707b6cbf6b58c5c 113 3 6 13 0 0 6 0
9712 b99ac84c8bd2c7ea 112 3 6 13 0 0 5 0
9713 a022e034d71a79bf 113 3 6 13 0 1 5 0
9714 27e851878f3b65d6 112 3 6 13 0 1 4 0
9715 488b7b892ff3692e 112 3 6 13 0 1 4 0
9716 cf9d6bd375797230 112 3 6 13 0 0 4 0
9717 4aab6acc76e25678 113 3 6 13 0 0 5 0
9718 4302cabee29fde2c 114 3 6 13 0 0 6 0
9719 ec4b8d9a611fc774 115 3 6 13 0 1 6 0
9720 f6add044cf58bf3d 115 3 6 13 0 1 6 0
9721 3272fe690f11e1d8 114 3 6 13 0 0 6 0
9722 0810efb126a62f93 114 3 6 13 0 0 6 0
9723 55da5085597617cb 114 3 6 13 0 0 6 0
9724 197e26ce97023e3b 114 3 6 13 0 0 6 0
9725 ea66f754e61184ce 116 3 6 13 0 1 7 0
9726 7aa57f3ffc9f21a4 117 3 6 13 0 1 7 0
9727 f8b350578acfb807 116 3 6 13 0 0 7 0
9728 3f2946e4d9f74011 116 3 6 13 0 0 7 0
9729 5d7028fb290a4fb3 115 3 6 13 0 0 6 0
9730 2f368443b869c73d 115 3 6 13 0 0 6 0
9731 5150c399890c2318 116 3 6 13 0 0 6 0
9732 c4c0e5992eb0f429 116 3 6 13 0 0 6 0
9733 c75260c0136a7a26 116 3 6 13 0 0 6 0
9734 de14a475448f147c 116 3 6 13 0 0 6 0
9735 0622074cdc32aa9a 116 3 6 13 0 0 6 0
9736 a5aba74e3d8be52b 116 3 6 13 0 0 6 0
9737 f7386dd9334813e6 116 3 6 13 0 0 6 0
9738 25ac85590fe05b62 116 3 6 13 0 0 6 0
9739 0c892628b8b1a042 116 3 6 13 0 0 6 0
9740 c4c8245c03f3d472 117 3 6 13 0 0 7 0
9741 bffc878b7b90c8df 118 3 6 13 0 0 7 0
9742 64dfe67860d610c3 117 3 6 13 0 0 7 0
9743 dabad1a5a887a663 116 3 6 13 0 0 6 0
9744 3b54ff9ffbe85b87 115 3 6 13 0 0 6 0
9745 39e80d58f9ee80a0 115 3 6 13 0 0 6 0
9746 05259c6a6f3f5623 116 3 6 13 0 0 6 0
9747 34cfaa0122c0b86b 116 3 6 13 0 0 6 0
9748 66c1851eb829ae3f 117 3 6 13 0 0 6 0
9749 972f61910d2a3365 116 3 6 13 0 0 6 0
9750 4ca6868a5b3fd685 115 3 6 13 0 0 5 0
9751 0a0e15b682c84805 115 3 6 13 0 0 5 0
9752 704f4c3d894051a8 115 3 6 13 0 0 5 0
9753 79616a055ef9fbb4 115 3 6 13 0 0 5 0
9754 a93ea381d2e36cb4 114 3 6 13 0 0 4 0
9755 b548784750c9ace3 114 3 6 13 0 0 4 0
9756 c102e3fc075c6ff7 115 3 6 13 0 0 4 0
9757 ed547ee8ae9b9376 116 3 6 13 0 0 5 0
9758 2816857eb8ff53df 117 3 6 13 0 0 5 0
9759 b8e1d8118402cc92 116 3 6 13 0 0 5 0
9760 3b56ad782a2bc2ba 116 3 6 13 0 0 5 0
9761 2f74d8a335d7722b 115 3 6 13 0 0 4 0
9762 63d801d6651ad0b7 115 3 6 13 0 0 4 0
9763 79807ade685999e8 115 3 6 13 0 0 4 0
9764 0329657e60636d7f 115 3 6 13 0 0 4 0
9765 45261b89a9c41189 115 3 6 13 0 0 4 0
9766 74657017435c2736 115 3 6 13 0 0 4 0
9767 51b3e8c1957bd26e 116 3 6 13 0 0 4 0
9768 ece73489c3872aa4 116 3 6 13 0 0 4 0
9769 6d9a311b5a62bf47 116 3 6 13 0 0 4 0
9770 9794b5637aa2e5dc 116 3 6 13 0 0 4 0
9771 a7fd84f66adcd64c 115 3 6 13 0 0 4 0
9772 b3e74461b0476d13 115 3 6 13 0 0 4 0
9773 f07e6c00229bb6e3 115 3 6 13 0 0 4 0
9774 5c1a9c4c1f05d616 115 3 6 13 0 0 4 0
9775 f43f4cde8c0ed316 116 3 6 13 0 0 4 0
9776 01de6a84017d1250 117 3 6 13 0 0 4 0
9777 4f133dd9b6225f2b 117 3 6 13 0 0 4 0
9778 d14f7d2d1a7ba81a 117 3 6 13 0 0 4 0
9779 0857f8be9c88cdb5 117 3 6 13 0 0 4 0
9780 864c93f602263fae 118 3 6 13 0 0 5 0
9781 69db91086da44a94 118 3 6 13 0 0 5 0
9782 52ecb72799d5946e 120 3 6 13 0 0 6 0
9783 80cb707114b5a955 120 3 6 13 0 0 6 0
9784 0f556edcc3db20c7 120 3 6 13 0 0 6 0
9785 993c32c4f053cae8 119 3 6 13 0 0 5 0
9786 deb219af286a6b31 119 3 6 13 0 0 5 0
9787 8d660aed318011a5 119 3 6 13 0 0 5 0
9788 5dfa04754af5914f 119 3 6 13 0 0 5 0
9789 d6a44012ba642c72 120 3 6 13 0 0 6 0
9790 deb1ab5568474d9a 120 3 6 13 0 0 6 0
9791 1badfd5897c1ded2 120 3 6 13 0 0 6 0
9792 2ecefb733590beff 119 3 6 13 0 0 6 0
9793 cba1818293be0cd7 118 3 6 13 0 0 6 0
9794 bf7661abe54faf95 118 3 6 13 0 0 6 0
9795 d9d085084cfa4c62 118 3 6 13 0 0 6 0
9796 e98d5dd3af91c5bc 117 3 6 13 0 0 6 0
9797 1fc728cb5c082530 118 3 6 13 0 0 7 0
9798 eaec497b2d85117c 119 3 6 13 0 1 7 0
9799 e8df653d8b91cef2 119 3 6 13 0 1 7 0
9800 b7db5e50f3e354ce 119 3 6 13 0 1 7 0
9801 c824db98913dd044 118 3 6 13 0 0 7 0
9802 e8e28a0bfcef1ee6 119 3 6 13 0 0 7 0
9803 45f4a8edeb601fc2 118 3 6 13 0 0 7 0
9804 1fad4dd353358c4f 119 3 6 13 0 1 7 0
9805 c50569f4daca352a 120 3 6 13 0 1 7 0
9806 fb7a0beed0fb11bc 119 3 6 13 0 0 7 0
9807 6d53c13bf303294c 119 3 6 13 0 0 7 0
9808 b847a7a40d787d9c 119 3 6 13 0 0 7 0
9809 ec0bb50c007d5f73 120 3 6 13 0 0 7 0
9810 9cf0c29754ecc342 121 3 6 13 0 1 6 0
9811 34825e8a74654062 119 3 7 13 0 0 4 0
9812 803026c25fa42abd 119 3 7 13 0 0 4 0
9813 5ff5b3a59ae3c62b 118 3 7 13 0 0 4 0
9814 fc65654ae92edc35 118 3 7 13 0 0 4 0
9815 a644d0a55bf7d255 118 3 7 13 0 0 4 0
9816 e0ce6fbca69a4926 120 3 7 13 0 2 4 0
9817 0598b27e6825d2c2 119 3 7 13 0 1 4 0
9818 34c1d4d954910db1 120 3 7 13 0 1 4 0
9819 8a01ac828647e3b4 120 3 7 13 0 1 4 0
9820 15a5593cd4352648 120 3 7 13 0 1 4 0
9821 93c7c3f5ee6371d4 119 3 7 13 0 0 4 0
9822 222af00845b5c09f 121 3 7 13 0 1 5 0
9823 79f8ac0c55d6a440 121 3 7 13 0 1 5 0
9824 01cd1923daf42eab 121 3 7 13 0 1 5 0
9825 dc3055c4d545d824 121 3 7 13 0 1 5 0
9826 8f17e5bced4d7e34 121 3 7 13 0 1 5 0
9827 bced6a2fc5986bb4 120 3 7 13 0 0 5 0
9828 12c4bb79f349cdb7 121 3 7 13 0 1 5 0
9829 2b42d6b8c337ca3c 121 3 7 13 0 1 5 0
9830 8a93004a773b629b 121 3 7 13 0 1 5 0
9831 68a30004d4defbe5 120 3 7 13 0 1 5 0
9832 b0cf85165d34d9ef 119 3 7 13 0 0 5 0
9833 f479ce1b8e18ae5d 119 3 7 13 0 0 5 0
9834 116c59e1c5cfe123 121 3 7 13 0 2 5 0
9835 7f43691ed1387bd6 121 3 7 13 0 2 5 0
9836 136c21dc3fd33e19 122 3 7 13 0 2 5 0
9837 45168429313a7f6d 122 3 7 13 0 1 6 0
9838 26ece294149010a7 121 3 7 13 0 0 6 0
9839 024b1fa8454e5447 121 3 7 13 0 0 6 0
9840 fb718f6bac07f047 122 3 7 13 0 2 5 0
9841 ba094389f3231810 122 3 7 13 0 2 5 0
9842 58f66e4130280bec 121 3 7 13 0 1 5 0
9843 10a3a20d00d10389 120 3 7 13 0 1 5 0
9844 5f30f6086ee6e9ec 118 3 7 13 0 0 5 0
9845 036c462e2ebd4759 119 3 7 13 0 0 5 0
9846 27c7576025aa5033 121 3 7 13 0 1 6 0
9847 9c64f8234f7afbe5 121 3 7 13 0 1 6 0
9848 f55c97ecdd83b6c6 121 3 7 13 0 1 6 0
9849 a9cafb43f3f4de95 120 3 7 13 0 0 6 0
9850 005128f0d111a6e6 118 3 7 13 0 0 5 0
9851 26e0776f7dbe6feb 118 3 7 13 0 0 5 0
9852 04cc3b52b7a6661b 120 3 7 13 0 1 4 0
9853 1ed7571576d5c41d 120 3 7 13 0 1 4 0
9854 896db8332140c20e 120 3 7 13 0 1 4 0
9855 d5bf0d381998b0d3 119 3 7 13 0 0 4 0
9856 a744fa4e9dcca829 119 3 7 13 0 0 4 0
9857 74298d8d20efa34b 119 3 7 13 0 0 4 0
9858 a9691dfd30f3609a 121 3 7 13 0 1 4 0
9859 7a74c2c861d9691d 120 3 7 13 0 1 4 0
9860 ecb0078b407e6d30 119 3 7 13 0 0 4 0
9861 2f4314e4c0a80a90 119 3 7 13 0 0 4 0
9862 29ec746d5af349d4 120 3 7 13 0 0 5 0
9863 acb29f8e4b5f4e93 120 3 7 13 0 0 5 0
9864 e025755232adb844 119 3 7 13 0 0 5 0
9865 0fe1cf2030cf04f8 119 3 7 13 0 0 5 0
9866 e3a43745fcc0a00a 119 3 7 13 0 0 5 0
9867 69fb7ce8069b9f09 119 3 7 13 0 0 5 0
9868 c13d2ac2ce973533 119 3 7 13 0 0 5 0
9869 735de33409ea76e5 120 3 7 13 0 0 6 0
9870 49539b2f6ec5dfea 121 3 7 13 0 0 6 0
9871 b04fe8f2e5d3e239 121 3 7 13 0 0 6 0
9872 877f58a3421a8a0a 120 3 7 13 0 0 5 0
9873 522b638345e3deb6 120 3 7 13 0 0 5 0
9874 a5726b5478c01101 120 3 7 13 0 0 5 0
9875 a02ed5ec92b2527b 120 3 7 13 0 0 5 0
9876 75495367456a29df 120 3 7 13 0 0 5 0
9877 3ba57af4c098ffba 120 3 7 13 0 0 5 0
9878 ca1f845778b7a70c 120 3 7 13 0 0 5 0
9879 5e6664ea5f446877 120 3 7 13 0 0 5 0
9880 a2f0dbdb7ccf05ad 120 3 7 13 0 0 5 0
9881 468cc7d91ab11802 120 3 7 13 0 0 5 0
9882 a0625f2f4acbeca8 120 3 7 13 0 0 5 0
9883 4069c487cbe765cd 119 3 7 13 0 0 4 0
9884 dec945ee131da6c4 119 3 7 13 0 0 4 0
9885 4c067a1c5bc8e350 118 3 7 13 0 0 3 0
9886 c51214f8ff53cd6c 120 3 7 13 0 0 4 0
9887 092668d8c7e1c6bd 119 3 7 13 0 0 4 0
9888 018d71d12312b7ab 119 3 7 13 0 0 4 0
9889 3e72ff194c2755d4 119 3 7 13 0 0 4 0
9890 665e572deaa86bd5 119 3 7 13 0 0 4 0
9891 73c17b7d9b800a50 119 3 7 13 0 0 4 0
9892 ae7df956815f7db0 118 3 7 13 0 0 3 0
9893 15781b660a58dd2d 118 3 7 13 0 0 3 0
9894 3238cebe7c048983 118 3 7 13 0 0 3 0
9895 1f17ef8d01001c68 116 3 7 13 0 0 3 0
9896 d0b56fab2eb2cc60 115 3 7 13 0 0 3 0
9897 b3b6219f83a6715d 115 3 7 13 0 0 3 0
9898 55785b566046b39e 115 3 7 13 0 0 3 0
9899 6c2d899c198d1891 115 3 7 13 0 0 3 0
9900 d88bbcc8cdeaab0d 115 3 7 13 0 0 3 0
9901 689ebfbadc429434 115 3 7 13 0 0 3 0
9902 03efd6cdd422ff88 115 3 7 13 0 0 3 0
9903 541f33232d1cdb51 115 3 7 13 0 0 3 0
9904 3be6a00005dd844e 116 3 7 13 0 0 4 0
9905 c775aa5d3c3935c9 117 3 7 13 0 0 4 0
9906 fbe90fb6203e778b 116 3 7 13 0 0 3 0
9907 200c3c50c3c50ceb 116 3 7 13 0 0 3 0
9908 6828515e53263fbe 116 3 7 13 0 0 3 0
9909 720fff2f7f3039c1 115 3 7 13 0 0 4 0
9910 71ed29be09b1026b 116 3 7 13 0 0 5 0
9911 1d2239b62df21061 116 3 7 13 0 1 5 0
9912 69f9fa376c733f47 116 3 7 13 0 1 5 0
9913 56f583a8304c92e9 116 3 7 13 0 1 5 0
9914 43b383e095b80966 116 3 7 13 0 1 5 0
9915 3e822f07d8aff000 116 3 7 13 0 1 5 0
9916 7cc62815d22bf408 116 3 7 13 0 0 5 0
9917 9340705ab04d617a 117 3 7 13 0 1 5 0
9918 445d41a8ae44e172 117 3 7 13 0 1 5 0
9919 026c24be90f47628 116 3 7 13 0 1 5 0
9920 6d370805278626b7 118 3 7 13 0 2 5 0
9921 aaae8fb6d7f871c3 117 3 7 13 0 1 5 0
9922 e073aef495bf2306 117 3 7 13 0 1 5 0
9923 9b50b01c30044a8e 118 3 7 13 0 2 5 0
9924 e2f670e6cc14b459 118 3 7 13 0 2 5 0
9925 fafe3905646b5f11 117 3 7 13 0 1 5 0
9926 9d35e39f20c44bed 118 3 7 13 0 1 6 0
9927 d7a314e514d13bc5 118 3 7 13 0 1 6 0
9928 dd3a7ce6a6f55559 118 3 7 13 0 1 6 0
9929 82ac0ff4be213b78 119 3 7 13 0 2 6 0
9930 2b62cf7fce6dec0f 118 3 7 13 0 1 6 0
9931 c3de87f17a16d0b6 119 3 8 13 0 0 6 0
9932 ada5d8258dc22797 119 3 8 13 0 1 5 0
9933 2bf05b4524690de6 118 3 8 13 0 1 5 0
9934 4e57208c913a485e 118 3 8 13 0 1 5 0
9935 aaf60548195b9520 120 3 8 13 0 2 5 0
9936 df5dc3290c0bd820 118 3 8 13 0 0 5 0
9937 c0589a483dca3247 118 3 8 13 0 0 5 0
9938 8d7482f722541ec4 119 3 8 13 0 1 5 0
9939 ef12181360083007 119 3 8 13 0 1 5 0
9940 cbd38ce2f4887e32 119 3 8 13 0 1 5 0
9941 bd5decad2b45b720 118 3 8 13 0 0 5 0
9942 be1553f3f364a40e 119 3 8 13 0 0 5 0
9943 d59b4039447db1ad 117 3 8 13 0 0 4 0
9944 3d5673fbaff04fe1 120 3 8 13 0 2 5 0
9945 342f9b195603194a 120 3 8 13 0 2 5 0
9946 7f0bfe533b4977e6 119 3 8 13 0 1 4 0
9947 c0aab239609b2d8c 119 3 8 13 0 1 4 0
9948 3889295b378efa98 118 3 8 13 0 0 3 0
9949 155951ae6b5eba38 118 3 8 13 0 0 3 0
9950 a534359e128eef37 120 3 8 13 0 1 4 0
9951 1488210020850f38 121 3 8 13 0 1 5 0
9952 bc2c151ffdb47e75 121 3 8 13 0 1 5 0
9953 f9803231b0d2d800 120 3 8 13 0 0 5 0
9954 bd52c9662ba6e3ed 120 3 8 13 0 0 5 0
9955 611e808285f25068 122 3 8 13 0 1 5 0
9956 2eeb26455d9e099d 123 3 8 13 0 2 5 0
9957 8d1450da76f504f0 123 3 8 13 0 2 5 0
9958 b051f18ea626de8a 123 3 8 13 0 1 5 0
9959 cbad3f252caeb4b0 122 3 8 13 0 0 5 0
9960 5b7679968a93ba4b 122 3 8 13 0 0 5 0
9961 b3f5465b0aa66891 123 3 8 13 0 1 5 0
9962 c0378eacc52336fe 124 3 8 13 0 2 5 0
9963 88ed9cf5db3a5553 124 3 8 13 0 2 5 0
9964 b380e67a7e4d3527 121 3 8 13 0 0 5 0
9965 7af4d51122b43136 120 3 8 13 0 0 5 0
9966 72c06c7e97ab9f55 121 3 8 13 0 0 6 0
9967 f5f3eb4c89ecd1c3 122 3 8 13 0 1 6 0
9968 9a9912cccc9e951f 123 3 8 13 0 2 6 0
9969 6b1b3920a6031661 122 3 8 13 0 1 6 0
9970 6bd7edc8af593ecf 120 3 8 13 0 0 6 0
9971 23695bd7fdf84873 119 3 8 13 0 0 5 0
9972 7b89ca15b93ce8ba 119 3 8 13 0 0 5 0
9973 b7b16f56fb90f97c 120 3 8 13 0 1 5 0
9974 8ac9a9bf4c03d4c3 120 3 8 13 0 1 5 0
9975 f63f31ef86f3b457 120 3 8 13 0 0 5 0
9976 d48a7f6358dc8d0c 119 3 8 13 0 0 5 0
9977 29fb8d02299ff5f6 118 3 8 13 0 0 4 0
9978 93c5855badc63f41 119 3 8 13 0 0 4 0
9979 8f6b9007126de6c1 120 3 8 13 0 1 4 0
9980 0782ec9717078c01 120 3 8 13 0 1 4 0
9981 7cc31d5e21273fc5 119 3 8 13 0 0 4 0
9982 adffd92b225978a4 119 3 8 13 0 0 4 0
9983 df9c7ab52651eea8 119 3 8 13 0 0 4 0
9984 d6863ed0742c668d 119 3 8 13 0 0 5 0
9985 3ebce0c599abf4a8 119 3 8 13 0 0 4 0
9986 a52a64bb8c64d69c 120 3 8 13 0 0 4 0
9987 efc319165728b8d7 120 3 8 13 0 0 4 0
9988 a9cb4e780d18cee4 121 3 8 13 0 0 4 0
9989 59b5f5201852f978 121 3 8 13 0 0 4 0
9990 27abfe397b0d5e3c 122 3 8 13 0 0 5 0
9991 e16c9bd94883ac9f 123 3 8 13 0 0 6 0
9992 f0473810ddaaff79 123 3 8 13 0 0 6 0
9993 02d764e1c7a6dd86 123 3 8 13 0 0 6 0
9994 a4ed81f2d360f92a 123 3 8 13 0 0 6 0
9995 810178059bfb9516 123 3 8 13 0 0 6 0
9996 e96315ffdf0288ab 123 3 8 13 0 0 6 0
9997 120f7043c8f9d6fd 122 3 8 13 0 0 6 0
9998 3da7e1735abc9662 123 3 8 13 0 0 6 0
9999 497d77784bcc5446 123 3 8 13 0 0 6 0
10000 6e8bc1b566727e58 123 3 8 13 0 0 6 0
10001 18be112619c1ddb4 123 3 8 13 0 0 6 0
10002 a8122caccb25a0bc 122 3 8 13 0 0 6 0
10003 291bbb7969f6aa3e 122 3 8 13 0 0 6 0
10004 a9d9fc1a1ff49de9 122 3 8 13 0 0 6 0
10005 588b0863e5590210 122 3 8 13 0 0 6 0
10006 99b6bd72886dcfe6 122 3 8 13 0 0 6 0
10007 650fcb4a1e5cb256 122 3 8 13 0 0 6 0
10008 3850e3cfadd7e822 122 3 8 13 0 0 6 0
10009 20304691f8e90674 122 3 8 13 0 0 6 0
10010 da94072e95d84780 122 3 8 13 0 0 6 0
10011 0b4b99d49c19caa3 121 3 8 13 0 0 6 0
10012 dd0cf512ab909f7a 119 3 8 13 0 0 5 0
10013 4329e16615345692 118 3 8 13 0 0 5 0
10014 d47cbee370a481d2 118 3 8 13 0 0 5 0
10015 80942543ea40fed2 117 3 8 13 0 0 4 0
10016 96a854fa366f0438 117 3 8 13 0 0 4 0
10017 1f8bf04a0a2b824b 117 3 8 13 0 0 4 0
10018 e3fca2e08e2557da 117 3 8 13 0 0 4 0
10019 edc28808622d8815 117 3 8 13 0 0 4 0
10020 36118d30e2d2ca3b 115 3 8 13 0 0 4 0
10021 b202663fc71864b9 115 3 8 13 0 0 4 0
10022 8a07d074cd3eb2ff 115 3 8 13 0 0 4 0
10023 dff56afe2dfedf50 115 3 8 13 0 0 4 0
10024 f04dc9432fd26d8f 116 3 8 13 0 0 5 0
10025 4f08d00bea8e1a54 116 3 8 13 0 0 5 0
10026 84611ae5ed97e5f7 115 3 8 13 0 0 5 0
10027 041a922c5daa1daf 115 3 8 13 0 0 5 0
10028 539e57f52967e20a 115 3 8 13 0 0 5 0
10029 0be9c1fc4a092617 115 3 8 13 0 0 5 0
10030 59864953cd5e660a 117 3 8 13 0 0 6 0
10031 7ea69181ab2b9c03 119 3 8 13 0 0 7 0
10032 49580d44a6e070e3 119 3 8 13 0 0 7 0
10033 17553a0ba75dc8c8 120 3 8 13 0 0 7 0
10034 a2a771b44eedc9fb 119 3 8 13 0 0 7 0
10035 8453b4810a60047f 119 3 8 13 0 0 7 0
10036 058c2c9e6cdc0e9d 119 3 8 13 0 0 7 0
10037 75eeb1069b2ed52d 119 3 8 13 0 0 7 0
10038 f3fa1277291d17fe 118 3 8 13 0 0 7 0
10039 2a854f8e3b96a452 118 3 8 13 0 0 7 0
10040 356e1b968ad8b58a 120 3 8 13 0 0 7 0
10041 b5ace0f7e100b32c 121 3 8 13 0 0 7 0
10042 a224c5e0a40dffaf 121 3 8 13 0 0 7 0
10043 416e156b88eebd0c 121 3 8 13 0 0 7 0
10044 8bbb890e1c54c3b5 121 3 8 13 0 0 7 0
10045 80405b9324263426 121 3 8 13 0 0 7 0
10046 0e8aaa677c7f240f 121 3 8 13 0 0 7 0
10047 7b8a5e9d968aa8f9 120 3 8 13 0 0 7 0
10048 1eb692b4ce7ad99b 120 3 8 13 0 0 7 0
10049 1212cbdfdf923c19 120 3 8 13 0 0 7 0
10050 b9ebb5e10644fd8e 120 3 8 13 0 0 7 0
10051 5fb7804aee1df29e 121 3 8 14 0 0 7 0
10052 edf35c5440ec3b0a 121 3 8 14 0 0 7 0
10053 df5c15abde7e7720 121 3 8 14 0 0 7 0
10054 135f288d17831557 121 3 8 14 0 0 7 0
10055 ec025b36cee31bdd 121 3 8 14 0 0 7 0
10056 50aac0ddf4fc7427 120 3 8 14 0 0 7 0
10057 ecb59c71cbfc4d90 120 3 8 14 0 0 7 0
10058 5f99af33b225087e 119 3 8 14 0 0 6 0
10059 30043e2328464c48 120 3 8 14 0 0 6 0
10060 c22a46cd07c7f0ec 121 3 8 14 0 0 6 0
10061 b4ac06909358e646 120 3 8 14 0 0 6 0
10062 f6d25c2f058042c3 120 3 8 14 0 0 6 0
10063 6885f5a454be7f85 119 3 8 14 0 0 6 0
10064 704b4ba1c59a78c4 120 3 8 14 0 0 6 0
10065 7c148013db7093d5 121 3 8 14 0 0 6 0
10066 d374e9fd2e5cd8e1 120 3 8 14 0 0 5 0
10067 84fbfa1ffbb0964b 120 3 8 14 0 0 5 0
10068 11194d3d3757b440 119 3 8 14 0 0 5 0
10069 a27eb3ad4be5143d 120 3 8 14 0 1 5 0
10070 3826929e9d149bb2 120 3 8 14 0 1 5 0
10071 2d789c27a772185e 121 3 8 14 0 1 5 0
10072 f6989fe7237e212e 123 3 8 14 0 1 6 0
10073 99bde2cf6c76823b 121 3 8 14 0 0 6 0
10074 df6aea31cc3ccaab 121 3 8 14 0 0 6 0
10075 72647c4a71e874f1 121 3 8 14 0 1 6 0
10076 342e982875671b17 121 3 8 14 0 1 6 0
10077 06ec28adc3c5556c 121 3 8 14 0 1 6 0
10078 115c7aaf96acde5a 120 3 8 14 0 1 6 0
10079 f68d3ed7c6434ce2 120 3 8 14 0 0 6 0
10080 e5935a5d7b85a24a 122 3 8 14 0 0 7 0
10081 0e7d4f2b9c44ce59 123 3 8 14 0 1 7 0
10082 d2cd4582f76b3030 123 3 8 14 0 1 7 0
10083 8ee7f65c6dedb586 123 3 8 14 0 1 7 0
10084 610a0dcbb06a3147 123 3 8 14 0 0 7 0
10085 3fbd5b037ab0d1fe 123 3 8 14 0 0 7 0
10086 db1b377e5fc68b4e 122 3 8 14 0 0 7 0
10087 ce17ef6b00c3f7aa 123 3 8 14 0 1 7 0
10088 1d3c6ddd8f736bcb 124 3 8 14 0 1 7 0
10089 73f5f0cf295a5ea1 123 3 8 14 0 0 7 0
10090 f31d04856848f8d1 123 3 8 14 0 0 7 0
10091 24d67f8ffc071306 123 3 8 14 0 0 7 0
10092 fa76a2a772416ed8 122 3 8 14 0 0 7 0
10093 eeefa93cadb323ae 123 3 8 14 0 1 7 0
10094 bd96bc6c1ba84478 123 3 8 14 0 1 7 0
10095 2294040dfd9b0211 122 3 8 14 0 0 7 0
10096 ada7df7684ea22af 122 3 8 14 0 0 7 0
10097 7238175054b12eb6 122 3 8 14 0 0 7 0
10098 c8d3690fc5b50d70 122 3 8 14 0 0 7 0
10099 f1db16d3e54de613 121 3 8 14 0 0 7 0
10100 f7c2be11552893df 121 3 8 14 0 0 7 0
10101 404754bc7f4ffa69 122 3 8 14 0 0 7 0
10102 5ed0bda55221dd21 122 3 8 14 0 0 7 0
10103 c9ec8bd34c653373 123 3 8 14 0 0 8 0
10104 ff4d86eaf9c3ee13 124 3 8 14 0 0 9 0
10105 012acf346ad52b3c 124 3 8 14 0 0 9 0
10106 463dec6f079b988e 125 3 8 14 0 0 9 0
10107 fa333842963e8247 125 3 8 14 0 0 9 0
10108 e6680ff7b9677454 125 3 8 14 0 0 9 0
10109 f859c7d29a955ef2 125 3 8 14 0 0 9 0
10110 36bb1a470b017431 125 3 8 14 0 0 9 0
10111 2dc7149d9ece865d 125 3 8 14 0 0 9 0
10112 5c9498b49f36e03d 127 3 8 14 0 0 10 0
10113 9f09940773c25c85 127 3 8 14 0 0 10 0
10114 6d050fb0c2e9f3fd 127 3 8 14 0 0 10 0
10115 acacb00a3f7d042f 127 3 8 14 0 0 10 0
10116 d68c8876110a645e 126 3 8 14 0 0 9 0
10117 8c9d099fe0429822 127 3 8 14 0 0 9 0
10118 53b004c071110651 127 3 8 14 0 0 9 0
10119 edeb35ae3beefb4e 129 3 8 14 0 0 10 0
10120 32a61652911cf68b 130 3 8 14 0 0 11 0
10121 df5a7889b6a2f53e 129 3 8 14 0 0 10 0
10122 769f4d3d47bc2700 128 3 8 14 0 0 10 0
10123 a56bc3d622a0b413 128 3 8 14 0 0 10 0
10124 5a48c7f3407ba2fc 128 3 8 14 0 0 10 0
10125 ea3e6fc0f71976e7 128 3 8 14 0 0 10 0
10126 bfb1d28e90b46da5 128 3 8 14 0 0 10 0
10127 83e4baf3ead07b4d 128 3 8 14 0 0 10 0
10128 236d347cf043dc44 128 3 8 14 0 0 10 0
10129 e9f576a1080bd329 127 3 8 14 0 0 10 0
10130 3c47df3ad6d87353 126 3 8 14 0 0 10 0
10131 38f0ee4ee302fec7 126 3 8 14 0 0 10 0
10132 bc3202a5dfe93151 126 3 8 14 0 0 10 0
10133 2aecac19088e1fbc 126 3 8 14 0 0 10 0
10134 25c192316f123e2e 126 3 8 14 0 0 10 0
10135 575729577428a821 125 3 8 14 0 0 10 0
10136 ac8d7ecae592cb51 125 3 8 14 0 0 10 0
10137 75c52269e744cd67 126 3 8 14 0 0 11 0
10138 b51c80214a8f3858 126 3 8 14 0 0 11 0
10139 6a29f701757e9bd6 127 3 8 14 0 0 11 0
10140 c5b2a4e65cbabae2 127 3 8 14 0 0 11 0
10141 6d2b4547660d4a65 126 3 8 14 0 0 10 0
10142 61040af531d0b906 126 3 8 14 0 0 10 0
10143 a36969b32b870a9b 127 3 8 14 0 0 11 0
10144 fae7c3764facf726 129 3 8 14 0 0 12 0
10145 0902f6f8b5fdd252 129 3 8 14 0 0 12 0
10146 c2cbb49ea16033d1 129 3 8 14 0 0 12 0
10147 78713543c766acbf 128 3 8 14 0 0 12 0
10148 b4ede6b9faff71fb 128 3 8 14 0 1 11 0
10149 1427cc1cb2b387ee 128 3 8 14 0 1 11 0
10150 c30008ed1c760795 128 3 8 14 0 1 11 0
10151 764569897710ebc1 128 3 8 14 0 1 11 0
10152 286b14e3451f1143 129 3 8 14 0 1 12 0
10153 8a470965ad9080a7 128 3 8 14 0 0 12 0
10154 2cdeabe38a78fde4 129 3 8 14 0 1 12 0
10155 356d6d5f3963b4be 129 3 8 14 0 1 12 0
10156 6a5429df0bd76d95 129 3 8 14 0 1 11 0
10157 c0a3d47e3ecd57aa 129 3 8 14 0 1 11 0
10158 6baecaedd64732ee 128 3 8 14 0 1 11 0
10159 6302a3f3c9a12d3a 128 3 8 14 0 0 12 0
10160 09bd9c58c5479bfd 131 3 8 14 0 1 13 0
10161 d3d77f3d5537fce3 130 3 8 14 0 1 13 0
10162 799cc536f2a2345b 130 3 8 14 0 1 13 0
10163 c4378114c2dfe93b 130 3 8 14 0 1 13 0
10164 21af96168b065134 130 3 8 14 0 0 13 0
10165 6b88c2ab36a5bdc7 131 3 8 14 0 0 13 0
10166 e38f81adb55a9703 132 3 8 14 0 1 13 0
10167 08ba416ca25de337 132 3 8 14 0 1 13 0
10168 665cb8524707dd47 132 3 8 14 0 1 13 0
10169 75c30e0dba34297d 131 3 8 14 0 0 13 0
10170 3c1cd072873706b3 132 3 8 14 0 0 13 0
10171 a7d111822e8bb5e7 132 3 9 14 0 0 12 0
10172 399181886d16d84e 133 3 9 14 0 1 12 0
10173 76f5b00e16cef825 133 3 9 14 0 1 12 0
10174 e0ba7f4618b07b53 134 3 9 14 0 1 12 0
10175 4bdbb92cc1eafa25 134 3 9 14 0 1 12 0
10176 4086d302889f4495 134 3 9 14 0 1 12 0
10177 84f54ae44fafef7b 135 3 9 14 0 1 13 0
10178 e3b4edc1416e9cbe 134 3 9 14 0 0 13 0
10179 b3cc4fdbfa120af0 135 3 9 14 0 0 13 0
10180 59129eb751fb55d8 135 3 9 14 0 0 13 0
10181 4dabb4d4a1f5cb39 134 3 9 14 0 1 11 0
10182 cebdc754e23bb9df 135 3 9 14 0 1 12 0
10183 eb1fed8732ff6851 134 3 9 14 0 0 12 0
10184 4eb53b8087fde399 134 3 9 14 0 0 12 0
10185 b9ca040931f21326 135 3 9 14 0 0 13 0
10186 d338ecef215d6899 135 3 9 14 0 0 13 0
10187 4e8cbc0f9378e1f6 137 3 9 14 0 1 13 0
10188 13ce0b0c7f0f6e24 137 3 9 14 0 1 13 0
10189 653c21bdd47a4f56 137 3 9 14 0 1 13 0
10190 bfca853f73facd7a 137 3 9 14 0 1 13 0
10191 0e94a01846c3329a 137 3 9 14 0 1 13 0
10192 ba193a7c72d8cb6c 136 3 9 14 0 0 14 0
10193 2d16aae94bc7c82b 136 3 9 14 0 0 14 0
10194 f1a1826a7b5a32d4 137 3 9 14 0 1 14 0
10195 e52c14f561ec6885 137 3 9 14 0 1 14 0
10196 45788c2665ebabb5 138 3 9 14 0 2 14 0
10197 a56d4d525209029e 137 3 9 14 0 1 14 0
10198 24861d4ccd6082dd 137 3 9 14 0 1 14 0
10199 192cdd785a6ce87c 137 3 9 14 0 0 15 0
10200 8888821feac00063 139 3 9 14 0 1 16 0
10201 8e89687dc8a11527 139 3 9 14 0 1 16 0
10202 ed747ae6e1122dfe 139 3 9 14 0 1 16 0
10203 6e2c44bcbd6c9dff 139 3 9 14 0 1 16 0
10204 b4430998fcac00f5 138 3 9 14 0 1 16 0
10205 8db5ab57d124d0d7 136 3 9 14 0 0 15 0
10206 b87a3f6bb45f34c7 136 3 9 14 0 1 15 0
10207 bcbeccd4c9d2bd39 135 3 9 14 0 0 15 0
10208 c8e0c9c772e216f6 135 3 9 14 0 1 14 0
10209 5b613dc4cb93242e 136 3 9 14 0 1 14 0
10210 8e035769f00e14da 134 3 9 14 0 0 13 0
10211 cc6ef82a29bb1734 133 3 9 14 0 0 13 0
10212 d4cdca1ca44ca7db 134 3 9 14 0 1 13 0
10213 d1f495ca0636b3a3 133 3 9 14 0 0 13 0
10214 b9b5bf560873dcb8 134 3 9 14 0 1 13 0
10215 cf4bc65b303d2d06 133 3 9 14 0 1 12 0
10216 6b33242a6843b3d6 132 3 9 14 0 0 12 0
10217 449dcc1f1dbdf173 134 3 9 14 0 1 13 0
10218 cabbd4aa77311e4d 134 3 9 14 0 1 13 0
10219 8241ffd0d4a58602 132 3 9 14 0 1 11 0
10220 bd98df2819bb490e 133 3 9 14 0 2 11 0
10221 d86ce45bdbaa23e1 131 3 9 14 0 0 11 0
10222 df29f3ffa7b3e4b3 132 3 9 14 0 0 12 0
10223 5cc1f79f206ff28f 133 3 9 14 0 1 12 0
10224 2d96b7adb967839e 133 3 9 14 0 1 12 0
10225 f8eae1e3a1c0be29 135 3 9 14 0 1 13 0
10226 ac95a1e5e0d753b9 133 3 9 14 0 0 13 0
10227 4fd44c7b69f6e587 133 3 9 14 0 0 13 0
10228 7f83c1640cb02feb 132 3 9 14 0 0 12 0
10229 06cb26c10c567ec8 134 3 9 14 0 1 12 0
10230 98fbb0d205a73de9 134 3 9 14 0 1 12 0
10231 5d34da9a8c8c2e7d 133 3 9 14 0 0 12 0
10232 9e06b1035fc6bc3d 133 3 9 14 0 0 12 0
10233 fa5e5a262988f15e 132 3 9 14 0 0 12 0
10234 f06470477c1deac9 132 3 9 14 0 0 12 0
10235 adcf0d9eacc7d067 132 3 9 14 0 1 11 0
10236 44313c8c1f8db5cf 131 3 9 14 0 1 11 0
10237 1f34c610b46057f3 130 3 9 14 0 0 11 0
10238 e53f2403f98c542a 130 3 9 14 0 0 11 0
10239 2a28eb25a9a11731 132 3 9 14 0 0 13 0
10240 29050a7248b1974e 133 3 9 14 0 0 13 0
10241 57a60c8982c7e264 134 3 9 14 0 1 13 0
10242 522a2735e5e79696 133 3 9 14 0 0 13 0
10243 d3cdd43a5c3be1b6 133 3 9 14 0 0 13 0
10244 96324a4d01460449 133 3 9 14 0 0 13 0
10245 44fdc2b9778a786e 133 3 9 14 0 0 13 0
10246 82e9c0e38aa42574 134 3 9 14 0 0 14 0
10247 915e69a7c316c92b 133 3 9 14 0 0 14 0
10248 2cf8841f47a8a72f 133 3 9 14 0 0 14 0
10249 a03689f47f57219d 132 3 9 14 0 0 13 0
10250 2c3120d6e0a1305e 132 3 9 14 0 0 13 0
10251 3a3bbe4d4ef285f7 132 3 9 14 0 0 12 0
10252 146f1ca050268332 133 3 9 14 0 0 12 0
10253 65601086b7e37620 133 3 9 14 0 0 12 0
10254 cf68fbfddd66aab4 133 3 9 14 0 0 12 0
10255 105510c60922de76 132 3 9 14 0 0 12 0
10256 4b436cb19cb8eecc 131 3 9 14 0 0 12 0
10257 080f3f9cd74fe9ad 131 3 9 14 0 0 12 0
10258 27ca577481f4a39e 131 3 9 14 0 0 11 0
10259 5426f60af4f0f751 131 3 9 14 0 0 11 0
10260 0144627ccee87607 130 3 9 14 0 0 10 0
10261 64c21dcc691e96ac 130 3 9 14 0 0 10 0
10262 3846a116f08dd74b 129 3 9 14 0 0 10 0
10263 35f25a4047ab1881 130 3 9 14 0 1 10 0
10264 ba8ec67de13dafd8 130 3 9 14 0 1 10 0
10265 67b7535137acaf63 132 3 9 14 0 1 11 0
10266 e2f2774d9d6bc98a 132 3 9 14 0 1 11 0
10267 1a9f7ba35f4dfdbb 131 3 9 14 0 0 11 0
10268 82f771673f266aa8 131 3 9 14 0 0 11 0
10269 4ffd647f5f8ef461 132 3 9 14 0 1 11 0
10270 843221a7b935637b 132 3 9 14 0 1 11 0
10271 3a43f34f32ba45c0 132 3 9 14 0 1 11 0
10272 d8fc2b48d94d716f 132 3 9 14 0 0 11 0
10273 dd1cb2e8137c965c 132 3 9 14 0 0 11 0
10274 1d0ece8e120f0b09 132 3 9 14 0 0 11 0
10275 55921eb34b2f80d0 134 3 9 14 0 1 11 0
10276 6842f0022fb1ab57 134 3 9 14 0 1 11 0
10277 223a3063eaf0c644 133 3 9 14 0 0 11 0
10278 00e77fdf327c5210 133 3 9 14 0 0 11 0
10279 55160705f23ec09d 134 3 9 14 0 0 12 0
10280 2901448d2e6a9cbf 135 3 9 14 0 0 12 0
10281 d2d925af6d890e4f 136 3 9 14 0 1 12 0
10282 327203330e7d0ae7 135 3 9 14 0 0 12 0
10283 5927cb1a6fa5fe2f 134 3 9 14 0 0 11 0
10284 855b8c62d6dca478 134 3 9 14 0 0 11 0
10285 73f46d2c92486fb9 133 3 9 14 0 0 11 0
10286 bb4ddff17a75db62 133 3 9 14 0 0 11 0
10287 bf83a4482578eb23 133 3 9 14 0 0 11 0
10288 a3696267ec0d2890 132 3 9 14 0 0 10 0
10289 7faf3ceffe59c34d 131 3 9 14 0 0 10 0
10290 a2d32090f4f22e29 130 3 9 14 0 0 10 0
10291 94722bd315401dc2 131 3 10 14 0 0 10 0
10292 819e4c091f78b395 130 3 10 14 0 0 9 0
10293 d80f457986ce3b47 130 3 10 14 0 0 9 0
10294 1474afe756d7d3c0 131 3 10 14 0 0 9 0
10295 39a22236b8f18435 131 3 10 14 0 0 9 0
10296 17e274c55128b21c 132 3 10 14 0 0 9 0
10297 c6ae79e729b3f8c7 131 3 10 14 0 0 8 0
10298 61b86d119b0afd90 131 3 10 14 0 0 8 0
10299 4ef4c6ea7a8a0cb6 131 3 10 14 0 0 7 0
10300 b3213c2fac78a529 131 3 10 14 0 0 7 0
10301 b5e8a2180947ce7f 131 3 10 14 0 0 7 0
10302 c933427d38b7d2aa 132 3 10 14 0 0 8 0
10303 1c4dce8c7eabeffe 132 3 10 14 0 0 8 0
10304 7d627b75844e5727 132 3 10 14 0 0 8 0
10305 98ca705fb446e4e5 133 3 10 14 0 0 9 0
10306 4f777f2e099d69e0 133 3 10 14 0 0 9 0
10307 20cc25e5d5aad40a 134 3 10 14 0 0 9 0
10308 0b05d25e2dd245cb 136 3 10 14 0 2 9 0
10309 af92e283846fa45f 136 3 10 14 0 2 9 0
10310 98185fcac26a549d 136 3 10 14 0 2 9 0
10311 1a6ec030729fba59 136 3 10 14 0 2 9 0
10312 66782c890e448fba 135 3 10 14 0 1 9 0
10313 1bb220e2d5a6a412 134 3 10 14 0 0 9 0
10314 b69646d1dc865b4b 136 3 10 14 0 2 9 0
10315 3ca7f4c2a77fb1c0 135 3 10 14 0 2 9 0
10316 fa8bdc5a13444594 134 3 10 14 0 2 9 0
10317 954baf61a60b3b7c 133 3 10 14 0 2 8 0
10318 e6e047617efe46c3 132 3 10 14 0 1 8 0
10319 84b9681d416cb0bc 133 3 10 14 0 1 9 0
10320 af410b79056b6ad1 134 3 10 14 0 2 9 0
10321 3f5a2d1ce5921054 135 3 10 14 0 2 9 0
10322 8cb003cef74e793a 134 3 10 14 0 1 9 0
10323 f36ee9b52be3248b 134 3 10 14 0 1 9 0
10324 1d852769027ae764 134 3 10 14 0 1 9 0
10325 60c761b663b2f3dc 133 3 10 14 0 1 9 0
10326 2c96e32642474ebb 134 3 10 14 0 2 9 0
10327 46c18a9028bead5f 133 3 10 14 0 1 9 0
10328 b130ba125d44c82a 133 3 10 14 0 1 9 0
10329 5e7a62e3d7375c92 133 3 10 14 0 1 9 0
10330 0c7de4f72c330697 134 3 10 14 0 1 9 0
10331 6ccbd4363e67d08d 133 3 10 14 0 0 9 0
10332 d9c69c552870316d 133 3 10 14 0 1 8 0
10333 6a73dc5ad33fbbdd 133 3 10 14 0 1 8 0
10334 cff0c0d3d602e484 132 3 10 14 0 0 8 0
10335 d0878d3d255ed10d 133 3 10 14 0 1 8 0
10336 80fd9399b99fbfb7 132 3 10 14 0 1 7 0
10337 9d27a74557fd1fae 131 3 10 14 0 0 6 0
10338 b0a173e0f9e1c4ed 130 3 10 14 0 0 6 0
10339 aa5e6029934296f5 130 3 10 14 0 0 6 0
10340 2c2f3c91490ac950 129 3 10 14 0 0 5 0
10341 30f6ffc74ed933ff 130 3 10 14 0 1 5 0
10342 e62a5e9b11561c6c 131 3 10 14 0 1 5 0
10343 ee59905bcf88b1c3 131 3 10 14 0 1 5 0
10344 1b9955e60d666c93 132 3 10 14 0 1 5 0
10345 12a4ffc39f1e13b7 132 3 10 14 0 1 5 0
10346 f4128177f2de4002 131 3 10 14 0 0 5 0
10347 6d876d4924da4cdf 131 3 10 14 0 0 5 0
10348 c724f95fda2bcb2d 132 3 10 14 0 1 5 0
10349 95e5bab6f88779fa 132 3 10 14 0 1 5 0
10350 6f356fe257c01216 131 3 10 14 0 1 5 0
10351 4ddd7d5c1934080f 130 3 10 14 0 0 5 0
10352 9ddb40c066ec5b76 130 3 10 14 0 0 5 0
10353 5d717ed9cb6491d7 130 3 10 14 0 0 5 0
10354 a1ec88082d353964 131 3 10 14 0 1 5 0
10355 9d281d044043c0fe 132 3 10 14 0 1 5 0
10356 11ab5d75e63ebf6a 131 3 10 14 0 0 5 0
10357 1ce2f8130d2989b9 131 3 10 14 0 0 5 0
10358 b794d34de6cafefd 131 3 10 14 0 0 5 0
10359 f989737786bb8ed5 132 3 10 14 0 0 6 0
10360 e5cffb7df6769d27 133 3 10 14 0 1 6 0
10361 57eb3e2443d151b3 133 3 10 14 0 1 6 0
10362 59ace2205104c7b4 132 3 10 14 0 0 6 0
10363 d68f047c9c515b4d 132 3 10 14 0 0 6 0
10364 2130929364826694 133 3 10 14 0 0 7 0
10365 e8e2970112827089 134 3 10 14 0 0 7 0
10366 4e5548ba2089263c 134 3 10 14 0 1 7 0
10367 00e32fc6053b6d7c 134 3 10 14 0 0 7 0
10368 6590d62c1772b76c 135 3 10 14 0 0 7 0
10369 e6524eed53befcb4 134 3 10 14 0 0 7 0
10370 88761b6affa9fb86 134 3 10 14 0 0 7 0
10371 f3c7e134851c63f7 134 3 10 14 0 0 7 0
10372 c918283f0fb2c302 134 3 10 14 0 0 7 0
10373 b9bb59731e846e12 134 3 10 14 0 0 7 0
10374 96b0375f66fe6008 134 3 10 14 0 0 7 0
10375 0ef4dfb54c321502 133 3 10 14 0 0 6 0
10376 619c10eeae56fab3 135 3 10 14 0 0 7 0
10377 986adf909fd6ee43 136 3 10 14 0 0 7 0
10378 99e459edf27089b9 136 3 10 14 0 0 7 0
10379 e153abb686a69982 136 3 10 14 0 0 7 0
10380 aafc3ecba8efb39b 136 3 10 14 0 0 7 0
10381 661c67b60f3f2b7e 136 3 10 14 0 0 7 0
10382 fe036385892314c9 137 3 10 14 0 0 7 0
10383 a02a4e3e35c3f3f8 137 3 10 14 0 0 7 0
10384 2e9c4c1499e775c5 137 3 10 14 0 0 7 0
10385 37e5381f4a167ae2 136 3 10 14 0 0 7 0
10386 d1d5878f191b4379 136 3 10 14 0 0 7 0
10387 e7f84a5c8acb1720 137 3 10 14 0 0 7 0
10388 4e26ca6601f891fa 136 3 10 14 0 0 6 0
10389 cd05066bbec2bd62 135 3 10 14 0 0 5 0
10390 71b052ef0e5e932a 135 3 10 14 0 0 5 0
10391 e9f34060d4af3b43 136 3 10 14 0 0 5 0
10392 f08e0df6b65eec54 136 3 10 14 0 0 5 0
10393 5663556037cf9e29 136 3 10 14 0 0 5 0
10394 f3e8a0304c02329b 136 3 10 14 0 0 5 0
10395 cc569c3afe1dba03 136 3 10 14 0 0 5 0
10396 d832eb60d2c4f468 136 3 10 14 0 0 5 0
10397 d77264d40a87203f 136 3 10 14 0 0 5 0
10398 5b8e2a6a13ce3684 136 3 10 14 0 0 5 0
10399 e0aeaf9dc3993a17 135 3 10 14 0 0 4 0
10400 4774b6dd142c60d5 134 3 10 14 0 0 4 0
10401 91a16cac51019553 133 3 10 14 0 0 4 0
10402 4e04e10278f7d785 133 3 10 14 0 0 4 0
10403 6b5430e0638cc3cc 133 3 10 14 0 0 4 0
10404 199b032145f06747 135 3 10 14 0 0 5 0
10405 9f73ef9ec0310507 136 3 10 14 0 0 5 0
10406 057e169d2f65c50e 136 3 10 14 0 0 5 0
10407 4e29e96c91ac65b4 136 3 10 14 0 0 5 0
10408 222121fc375e3f1a 136 3 10 14 0 0 5 0
10409 e00a5d2cda77b842 136 3 10 14 0 0 5 0
10410 17752554e5795b15 136 3 10 14 0 0 5 0
10411 75bcaf1effc86482 136 3 10 15 0 0 5 0
10412 f9f0976087015930 136 3 10 15 0 0 5 0
10413 325da829132e1d80 136 3 10 15 0 0 5 0
10414 4e8363684b36c3a8 136 3 10 15 0 0 5 0
10415 2f3e7fbfea1e886a 134 3 10 15 0 0 4 0
10416 659a84809f79661a 135 3 10 15 0 0 5 0
10417 d34959c4dfb70843 135 3 10 15 0 0 5 0
10418 aeee3af37dfbb784 136 3 10 15 0 0 5 0
10419 018db10568927747 137 3 10 15 0 0 5 0
10420 41e88ddaec346182 137 3 10 15 0 0 5 0
10421 1dd3498133b76138 137 3 10 15 0 0 5 0
10422 b1e21e9b22c9ff02 136 3 10 15 0 0 5 0
10423 df8113b4f25b6fb2 136 3 10 15 0 0 5 0
10424 1c224419c4a342ef 136 3 10 15 0 0 5 0
10425 13a0b2271dfb1310 136 3 10 15 0 0 5 0
10426 153c0a7d7995d1c6 135 3 10 15 0 0 5 0
10427 23242e3f3e72b68e 135 3 10 15 0 0 5 0
10428 9cb8f92150dd8ff3 134 3 10 15 0 0 5 0
10429 a6089758c8ec2258 134 3 10 15 0 0 5 0
10430 151da6630ca2ebe1 134 3 10 15 0 0 5 0
10431 9f6e149505b3b356 132 3 10 15 0 0 4 0
10432 c3c04b73a7a8cab5 131 3 10 15 0 0 4 0
10433 720244afbe709ceb 133 3 10 15 0 0 6 0
10434 4890cfc7d1a5a5a3 131 3 10 15 0 0 5 0
10435 47050d21669589f5 130 3 10 15 0 0 5 0
10436 616253f1feaf2dc7 131 3 10 15 0 0 5 0
10437 8784a5a8196fd4d8 131 3 10 15 0 0 5 0
10438 17cab6e726c86540 130 3 10 15 0 0 5 0
10439 03f3ef306320956e 131 3 10 15 0 1 5 0
10440 f61609ed94f8e3c0 131 3 10 15 0 1 5 0
10441 72fa353562eaf805 131 3 10 15 0 1 5 0
10442 9b48ebb780d0d6e7 132 3 10 15 0 1 6 0
10443 04ef09714434450e 132 3 10 15 0 1 6 0
10444 8620c4c7d7611a76 132 3 10 15 0 0 7 0
10445 e72b7c6e27e08aec 133 3 10 15 0 1 7 0
10446 d8e10db085bc99a6 133 3 10 15 0 1 7 0
10447 cd8bde000be741c8 133 3 10 15 0 1 7 0
10448 4e2d552e8a70756d 134 3 10 15 0 1 7 0
10449 951a4570730a9747 133 3 10 15 0 0 7 0
10450 24545f6103df2d6a 134 3 10 15 0 0 7 0
10451 a01ad22cdf1001d5 134 3 10 15 0 1 7 0
10452 8a33d58d677f1150 134 3 10 15 0 1 7 0
10453 1b2acd5843034d62 133 3 10 15 0 1 6 0
10454 10c23db82c8c236d 132 3 10 15 0 0 6 0
10455 fb31f79d22600d1d 131 3 10 15 0 0 6 0
10456 876c8e118bcc5754 132 3 10 15 0 0 7 0
10457 dc9539014181fb57 133 3 10 15 0 1 7 0
10458 d0af0fe4f6fdb740 132 3 10 15 0 1 6 0
10459 769a8bdb42f0e855 132 3 10 15 0 1 6 0
10460 821fdb3a3e17781d 131 3 10 15 0 0 6 0
10461 62202509f1a57c96 133 3 10 15 0 0 7 0
10462 d4337666562fa41e 133 3 10 15 0 0 7 0
10463 8e77f2133a041cfa 135 3 10 15 0 1 7 0
10464 228d71142d1cfb0b 135 3 10 15 0 1 7 0
10465 586756b239eb5312 133 3 10 15 0 0 7 0
10466 f2c2d995af988f57 132 3 10 15 0 0 7 0
10467 d3defc14c3cc16fd 132 3 10 15 0 0 7 0
10468 c9b7ea71531f9bf4 131 3 10 15 0 0 7 0
10469 a9fa5d6336d1eab1 131 3 10 15 0 0 7 0
10470 ef7eab0c42957d42 131 3 10 15 0 0 7 0
10471 29d83d08193aaa40 131 3 10 15 0 0 7 0
10472 eed57a173cec2cf1 130 3 10 15 0 0 6 0
10473 f401528b688ca7d0 132 3 10 15 0 0 8 0
10474 c52e3c65a252f8d4 132 3 10 15 0 0 8 0
10475 e0c89a8e16e29a41 132 3 10 15 0 0 8 0
10476 98e8e2f26318876a 132 3 10 15 0 0 8 0
10477 f5ae7b25108ecca3 133 3 10 15 0 0 8 0
10478 552736ec94a033e6 132 3 10 15 0 0 8 0
10479 5773e1096029bc29 133 3 10 15 0 0 8 0
10480 c0933884bb18532d 132 3 10 15 0 0 7 0
10481 8e449519101934ed 134 3 10 15 0 0 7 0
10482 8760298848e5f2f8 134 3 10 15 0 0 7 0
10483 eaf331f849da8c30 134 3 10 15 0 0 7 0
10484 42a4ef5865799fcf 134 3 10 15 0 0 7 0
10485 29741c56a3ecb7d6 134 3 10 15 0 0 7 0
10486 57ae5883f5bbffe8 134 3 10 15 0 0 6 0
10487 a564bb3dc670e463 134 3 10 15 0 0 6 0
10488 7a7b0ce411f6405f 134 3 10 15 0 0 6 0
10489 1f3a215ace320b5f 134 3 10 15 0 0 6 0
10490 569c74bd66d988dc 134 3 10 15 0 0 5 0
10491 884fdcc81efc5a8f 134 3 10 15 0 0 5 0
10492 d6b82c89d5ab90a1 134 3 10 15 0 0 5 0
10493 50becd382e2e84f5 134 3 10 15 0 0 5 0
10494 0d00801884451b83 135 3 10 15 0 0 5 0
10495 3580c06780897952 135 3 10 15 0 0 5 0
10496 65ada9186256a605 136 3 10 15 0 0 6 0
10497 3e8fdb2e97be8e33 136 3 10 15 0 0 6 0
10498 b7a186b727c794dd 136 3 10 15 0 0 6 0
10499 c0cd1d0f62843606 137 3 10 15 0 0 6 0
10500 27bc30c543f04e79 138 3 10 15 0 0 6 0
10501 5b4c490418271091 139 3 10 15 0 0 7 0
10502 0ad5488ef8695f68 139 3 10 15 0 0 7 0
10503 ae3ed20c7cf19a83 139 3 10 15 0 0 7 0
10504 5081df81bf52a573 139 3 10 15 0 0 7 0
10505 b438e5c7aaf94a3d 139 3 10 15 0 0 7 0
10506 d73a52cd07dc762d 140 3 10 15 0 0 7 0
10507 782a761dc53047c1 140 3 10 15 0 0 7 0
10508 0b9474d89ff587d7 140 3 10 15 0 0 7 0
10509 72c34dd973f30b02 141 3 10 15 0 1 7 0
10510 33bc0adc357674b7 139 3 10 15 0 1 6 0
10511 ec1f78254cd9b9e2 137 3 10 15 0 1 5 0
10512 6796f7b89a5dc09e 137 3 10 15 0 1 5 0
10513 375868dfe0565497 138 3 10 15 0 1 7 0
10514 3c1b6e4647446a79 137 3 10 15 0 0 7 0
10515 ba109f9e776c9374 139 3 10 15 0 1 7 0
10516 698edb54bd07e852 139 3 10 15 0 1 7 0
10517 bc0ad6157a755f1d 139 3 10 15 0 1 7 0
10518 0e10b809c338eb89 138 3 10 15 0 1 6 0
10519 517df77726cf18d7 137 3 10 15 0 0 6 0
10520 08cc1dc0c87da84b 136 3 10 15 0 0 6 0
10521 50c37d62d864f8b6 137 3 10 15 0 1 6 0
10522 905dbfe5cc76d8d6 137 3 10 15 0 1 6 0
10523 3d3a926126075dfc 137 3 10 15 0 1 6 0
10524 3885d3f8100974ad 136 3 10 15 0 0 6 0
10525 28c3230d7e2de088 136 3 10 15 0 0 6 0
10526 5aa449d0735318a8 137 3 10 15 0 0 6 0
10527 c18283e9a2a98f52 138 3 10 15 0 1 6 0
10528 4013c486a1e9214f 138 3 10 15 0 1 6 0
10529 c6b585b065ae53cf 137 3 10 15 0 0 6 0
10530 5e271691d38c812f 138 3 10 15 0 0 6 0
10531 50a38e0a5cf8c13d 138 3 11 15 0 0 5 0
10532 dc8dcd700b7746f4 138 3 11 15 0 0 5 0
10533 3adf15f1a9eddfe1 139 3 11 15 0 1 5 0
10534 ab22c622d17c316d 139 3 11 15 0 1 4 0
10535 8829a834474da9f8 137 3 11 15 0 0 3 0
10536 cf76e35b1c51fc2f 137 3 11 15 0 0 3 0
10537 b61112be2aae16eb 137 3 11 15 0 0 3 0
10538 3bc2af1957402571 137 3 11 15 0 0 3 0
10539 2cc071c863ff833a 137 3 11 15 0 1 3 0
10540 d2abd3ad33b6379b 136 3 11 15 0 1 2 0
10541 060c31c6c9af795b 137 3 11 15 0 1 3 0
10542 e6f1ce5977261259 138 3 11 15 0 1 3 0
10543 13a3bf1cf3c2faf2 138 3 11 15 0 1 3 0
10544 50fd4b72c5975de1 137 3 11 15 0 1 3 0
10545 7f978d612f574467 138 3 11 15 0 2 3 0
10546 05c24f4b4d9b39ee 138 3 11 15 0 2 3 0
10547 2e64507152781891 138 3 11 15 0 2 3 0
10548 b8b4ca74883765db 138 3 11 15 0 2 3 0
10549 4b8b54d35594c437 136 3 11 15 0 0 3 0
10550 2d36b4f52ae2e7a7 137 3 11 15 0 1 3 0
10551 e278611471cfaa60 137 3 11 15 0 2 3 0
10552 f766d4c4cdadfc09 136 3 11 15 0 2 3 0
10553 562793710691aa87 138 3 11 15 0 2 5 0
10554 60241899841432d5 137 3 11 15 0 1 5 0
10555 a5be9a41939bc965 136 3 11 15 0 0 5 0
10556 4a42f895c87d2023 137 3 11 15 0 1 5 0
10557 248a48da5a4d3b93 139 3 11 15 0 2 5 0
10558 3faa32bd4f6a23c8 140 3 11 15 0 2 5 0
10559 87f8a3ff587a1589 139 3 11 15 0 2 5 0
10560 2a6dba8c51c774c7 138 3 11 15 0 1 5 0
10561 03ed6cc48bfd49b0 138 3 11 15 0 0 5 0
10562 01fee3a932f0574d 141 3 11 15 0 2 5 0
10563 5aa487acb20f0851 142 3 11 15 0 3 5 0
10564 7e730fd2fbb96f43 142 3 11 15 0 3 5 0
10565 70ba05b52a6ba968 140 3 11 15 0 2 4 0
10566 b401ee5964a07f71 139 3 11 15 0 1 4 0
10567 1ce31a3b99e9f180 140 3 11 15 0 1 4 0
10568 96ff389bf2c70896 141 3 11 15 0 3 4 0
10569 aa4591c73c503639 141 3 11 15 0 3 4 0
10570 9513430c9a403b09 139 3 11 15 0 2 4 0
10571 624834065db8c51d 139 3 11 15 0 2 4 0
10572 298538d271e445ab 139 3 11 15 0 2 4 0
10573 1ac22b76d82ecf9f 138 3 11 15 0 1 4 0
10574 309bf5fe0e45377c 139 3 11 15 0 2 4 0
10575 46f840ce613e1cfa 139 3 11 15 0 2 3 0
10576 d0427f0fda3a4725 138 3 11 15 0 1 3 0
10577 6ece12ef666f8cfe 139 3 11 15 0 2 3 0
10578 1e7c7d78666cfec3 137 3 11 15 0 0 3 0
10579 0febb38acea7a750 138 3 11 15 0 1 3 0
10580 d31d351567807f85 139 3 11 15 0 2 3 0
10581 49df4b09894715a9 138 3 11 15 0 1 4 0
10582 f3abc452c1c030f0 137 3 11 15 0 1 3 0
10583 ea21a8c967d915ec 136 3 11 15 0 0 3 0
10584 26c0e45aac2bb13b 136 3 11 15 0 0 3 0
10585 3f81cc33a00a60d9 137 3 11 15 0 1 3 0
10586 4655dd9b5b2d62aa 137 3 11 15 0 1 3 0
10587 3fe23ddfa64523db 137 3 11 15 0 1 3 0
10588 4aec032a623a5e78 136 3 11 15 0 0 3 0
10589 bf75987e363043d8 136 3 11 15 0 0 3 0
10590 3d6db07e4f5bb150 137 3 11 15 0 0 3 0
10591 443be686cb2b0870 138 3 11 15 0 1 3 0
10592 3cb00f76e806f31b 138 3 11 15 0 1 3 0
10593 c35c696f912fdeb6 138 3 11 15 0 1 3 0
10594 d7e39f64b7035587 139 3 11 15 0 0 4 0
10595 c44b5b49d8046c66 139 3 11 15 0 0 4 0
10596 f8ca7793263c1370 139 3 11 15 0 0 4 0
10597 506f87822b846114 138 3 11 15 0 0 4 0
10598 71d17f3cac8dcfd2 138 3 11 15 0 0 4 0
10599 0380d70f9b211b51 139 3 11 15 0 0 4 0
10600 7bb9f4a9e9251c06 140 3 11 15 0 1 4 0
10601 fb6f764ef2c3d8e4 141 3 11 15 0 1 4 0
10602 f2585dbade6bba03 142 3 11 15 0 1 4 0
10603 34b332ba90f19567 143 3 11 15 0 1 5 0
10604 8e95f6280cdc0953 142 3 11 15 0 0 5 0
10605 014bab2b6d3f4e9e 143 3 11 15 0 0 5 0
10606 da3ee66ed6557dde 145 3 11 15 0 2 5 0
10607 d88a72d2de036dbc 145 3 11 15 0 2 5 0
10608 53d7a32d7b8bcec5 144 3 11 15 0 2 4 0
10609 91cfdfd12ee5b17a 143 3 11 15 0 1 4 0
10610 67d0bd6b8517cee6 143 3 11 15 0 1 4 0
10611 c85267ad0297199a 142 3 11 15 0 0 4 0
10612 b048cd508da85cad 145 3 11 15 0 2 4 0
10613 e0aa23951393afe7 145 3 11 15 0 2 4 0
10614 236bf2267dd485b2 144 3 11 15 0 1 4 0
10615 5b227f934f319c24 144 3 11 15 0 1 4 0
10616 36304573cf5cb4ba 143 3 11 15 0 0 4 0
10617 c9d5073884f165a4 143 3 11 15 0 0 4 0
10618 2373ad3c6719a0b4 145 3 11 15 0 2 4 0
10619 254ec670f4bf077a 145 3 11 15 0 1 4 0
10620 02bfb1f1b550e381 145 3 11 15 0 1 4 0
10621 4fa2b3a88f27cf35 145 3 11 15 0 0 4 0
10622 abd079f900d1d47a 145 3 11 15 0 0 4 0
10623 6986e8bb3ab1b351 145 3 11 15 0 0 4 0
10624 7927efab71a3e6dc 147 3 11 15 0 1 4 0
10625 0bfe9fc66ec31005 147 3 11 15 0 1 4 0
10626 b44d1b2a3f01ce1a 148 3 11 15 0 1 4 0
10627 dedf7c944f326187 148 3 11 15 0 0 5 0
10628 8a1f513eb39a5eb4 148 3 11 15 0 0 5 0
10629 aa0c941dc103e008 148 3 11 15 0 0 5 0
10630 f0ae4615bd499925 149 3 11 15 0 1 5 0
10631 ad09383580df5860 149 3 11 15 0 1 5 0
10632 703069754c876752 149 3 11 15 0 0 5 0
10633 c26d3e3cb101916b 149 3 11 15 0 0 5 0
10634 877dcc97bc13f865 150 3 11 15 0 0 6 0
10635 9d5a162b9e41295f 150 3 11 15 0 0 6 0
10636 5dc936a0a04889a2 149 3 11 15 0 0 6 0
10637 32a0d010230fb132 149 3 11 15 0 0 6 0
10638 8577c0f919d224fc 149 3 11 15 0 0 6 0
10639 365086e6b5a9ef32 148 3 11 15 0 0 6 0
10640 0a1e564131882323 147 3 11 15 0 0 6 0
10641 a33a08dac4237a6b 147 3 11 15 0 0 6 0
10642 1d9ac601aa46f502 147 3 11 15 0 0 6 0
10643 05c85076d4973022 148 3 11 15 0 0 7 0
10644 f1b189439576c41d 147 3 11 15 0 0 7 0
10645 abc0852c26511724 146 3 11 15 0 0 7 0
10646 cc40163735fd3c13 146 3 11 15 0 0 7 0
10647 49d43a00d29a545b 145 3 11 15 0 0 6 0
10648 3e96264f5c447972 145 3 11 15 0 0 6 0
10649 bbec0a756282dab4 145 3 11 15 0 0 6 0
10650 e1385c1dd12b6386 144 3 11 15 0 0 6 0
10651 399efab4186c2dda 146 3 12 15 0 0 6 0
10652 3487210982801aa0 146 3 12 15 0 0 6 0
10653 6dd730eea0afdb40 146 3 12 15 0 0 6 0
10654 480aa6c6c21e95db 146 3 12 15 0 0 6 0
10655 bf05dd88d95559ba 146 3 12 15 0 0 6 0
10656 d77004b222d92dc9 146 3 12 15 0 0 6 0
10657 f19fc256bdc68d4f 146 3 12 15 0 0 6 0
10658 2f1d6d6892f7fb33 146 3 12 15 0 0 6 0
10659 09e9414944cd5964 145 3 12 15 0 0 6 0
10660 1c4ca4631a20c62c 145 3 12 15 0 0 6 0
10661 4381c52fdfb21e5e 143 3 12 15 0 0 5 0
10662 38893744f4f01b9b 144 3 12 15 0 0 5 0
10663 c8389f867bb78952 144 3 12 15 0 0 5 0
10664 bbb6d75c92a08efe 143 3 12 15 0 0 4 0
10665 d24de0b3d3506546 143 3 12 15 0 0 4 0
10666 a92af8333e02912b 143 3 12 15 0 0 4 0
10667 3869558f1cf447e3 144 3 12 15 0 0 6 0
10668 1afb49bae237698b 143 3 12 15 0 0 5 0
10669 1db5a667b03b382c 143 3 12 15 0 0 5 0
10670 7a66388524a60969 143 3 12 15 0 0 5 0
10671 9bf9ee6758183618 143 3 12 15 0 0 5 0
10672 81987a073080b4f5 142 2 12 15 0 0 5 0
10673 eb9bc73c883625a9 142 2 12 15 0 0 5 0
10674 2eecbe9ccd952e89 142 2 12 15 0 0 5 0
10675 22a5d8f15aacddb6 143 2 12 15 0 0 6 0
10676 435d60dcd431bc82 143 2 12 15 0 0 6 0
10677 8092a1fd21f1d6d5 143 2 12 15 0 0 6 0
10678 f3ae37766a849714 143 2 12 15 0 0 6 0
10679 0b9034dad6b3be16 144 2 12 15 0 0 6 0
10680 429f65fcbbe6fd17 144 2 12 15 0 0 6 0
10681 0aed7a5de866a02d 145 2 12 15 0 0 6 0
10682 e2a489cde2cd9eaf 145 2 12 15 0 0 6 0
10683 f1297d4173990adb 145 2 12 15 0 0 6 0
10684 d1aabf5f4f18edea 145 2 12 15 0 0 6 0
10685 77fe7e2e60961a10 145 2 12 15 0 0 6 0
10686 4c6d6e2af96a585c 145 2 12 15 0 0 6 0
10687 b65ab437b16d094c 145 2 12 15 0 0 6 0
10688 b07efc4d55ebc800 145 2 12 15 0 0 6 0
10689 7a83df8a2bc81345 144 2 12 15 0 0 6 0
10690 e9a9101e0d2047ff 144 2 12 15 0 0 6 0
10691 2c3b6e6c6b0a5858 143 2 12 15 0 0 5 0
10692 2458fc511ccb7b0e 143 2 12 15 0 0 5 0
10693 85798c36a00b2dbe 143 2 12 15 0 0 5 0
10694 bd7f9b93420dfb65 143 2 12 15 0 0 5 0
10695 7558083f16cd84fa 143 2 12 15 0 0 5 0
10696 717715ff6e67beb3 144 2 12 15 0 0 5 0
10697 dafa29b4d555cf51 145 2 12 15 0 0 5 0
10698 e5ac55c816833c66 146 2 12 15 0 0 5 0
10699 e5aa7d5e52d8dc66 146 2 12 15 0 0 5 0
10700 c34fcfb4f8af2acd 146 2 12 15 0 0 5 0
10701 288d33f9cbbc17e1 145 2 12 15 0 0 5 0
10702 29b1a5d821d7c639 145 2 12 15 0 0 5 0
10703 6c52c700deec674b 145 2 12 15 0 0 5 0
10704 fd6a48ff4239548c 145 2 12 15 0 0 5 0
10705 da7bc89c34570da5 143 2 12 15 0 0 5 0
10706 c7a01524c0c13c3e 143 2 12 15 0 0 5 0
10707 a9173239f35553f2 143 2 12 15 0 0 5 0
10708 dfd35a66c533ec8b 143 2 12 15 0 0 5 0
10709 723c3cf775884009 142 2 12 15 0 0 5 0
10710 7c85d5f490123e0d 142 2 12 15 0 0 5 0
10711 8d2c299348af770e 142 2 12 15 0 0 6 0
10712 07eea960c29c7e00 142 2 12 15 0 0 6 0
10713 3486a49893d0882c 142 2 12 15 0 0 6 0
10714 eaa0155f295cc25c 142 2 12 15 0 0 6 0
10715 9733de3b6b0243ba 143 2 12 15 0 0 7 0
10716 6ebc0b3eb360f321 143 2 12 15 0 0 7 0
10717 11ad77d1c15efa91 143 2 12 15 0 0 7 0
10718 25a7303d17dba81b 141 2 12 15 0 0 7 0
10719 59fab0af5599d3bc 141 2 12 15 0 0 7 0
10720 b622c3d5842aa35d 141 2 12 15 0 0 7 0
10721 d3bd0e84ba9cb015 141 2 12 15 0 0 7 0
10722 e7124948b4e1705e 141 2 12 15 0 0 7 0
10723 9c2eadc0c1969419 142 2 12 15 0 0 7 0
10724 f5e914f3654b4539 142 2 12 15 0 0 7 0
10725 5ccfdde7537d7e83 142 2 12 15 0 0 7 0
10726 10df4c4527d15b14 143 2 12 15 0 0 7 0
10727 19d13b3319b0e078 144 2 12 15 0 0 7 0
10728 8976b5dd89d8fbe7 144 2 12 15 0 0 7 0
10729 a77ae8bca4f7ef4c 144 2 12 15 0 0 7 0
10730 e3e6c938f0d84ff8 144 2 12 15 0 0 7 0
10731 d795b3e3dbc79346 143 2 12 15 0 0 7 0
10732 97e12fc9ee75e65e 143 2 12 15 0 0 7 0
10733 88db8aa5b6095783 143 2 12 15 0 0 7 0
10734 839321ae7a466f7f 143 2 12 15 0 0 7 0
10735 05183fae093a7f1b 143 2 12 15 0 0 7 0
10736 68c9f6c4ac6832ce 143 2 12 15 0 0 7 0
10737 65a5fb2fd339aa73 142 2 12 15 0 0 6 0
10738 8c2e2a036faf0347 140 2 12 15 0 0 6 0
10739 47ff4bd2645f3bc3 140 2 12 15 0 0 6 0
10740 564ab6b25dd06d8a 140 2 12 15 0 0 6 0
10741 e5b2d1be379e1bfa 140 2 12 15 0 0 6 0
10742 331cbb36f2db5118 141 2 12 15 0 0 6 0
10743 b045bbecf6c294d8 140 2 12 15 0 0 6 0
10744 e8b3eb2bdbb4797b 140 2 12 15 0 0 6 0
10745 9071fd33b2d75f3d 140 2 12 15 0 0 6 0
10746 0a105851dd5cbf37 140 2 12 15 0 0 6 0
10747 759ec4cfa9f4d152 141 2 12 15 0 0 6 0
10748 ef2d93bbf60e6f10 141 2 12 15 0 0 6 0
10749 5ddf05583bc8578e 141 2 12 15 0 0 6 0
10750 9fb70e0e760aec53 142 2 12 15 0 1 6 0
10751 8bdcddea68f5202b 144 2 12 15 0 1 7 0
10752 5834df1f68447601 143 2 12 15 0 1 7 0
10753 9f2b4f8d39fbf5af 143 2 12 15 0 1 7 0
10754 ed9d342efd2b6eec 143 2 12 15 0 1 7 0
10755 87bb6c4a34743516 143 2 12 15 0 1 8 0
10756 241673b54af79be9 143 2 12 15 0 2 8 0
10757 e58bc7c2beeb160a 143 2 12 15 0 2 8 0
10758 4437a7434d256fd4 143 2 12 15 0 2 8 0
10759 de4c1a6586a3618a 141 2 12 15 0 0 8 0
10760 d4dd6578799b9883 140 2 12 15 0 1 7 0
10761 68abf4a620e8eb8d 141 2 12 15 0 1 8 0
10762 32c869578f92a6ee 141 2 12 15 0 2 8 0
10763 24c4e60b2393f22f 141 2 12 15 0 2 8 0
10764 cd897a29421a7e27 140 2 12 15 0 1 8 0
10765 46c305cb885b9880 139 2 12 15 0 0 8 0
10766 5676614893fdf47a 140 2 12 15 0 1 8 0
10767 52db94c1af2e2dce 140 2 12 15 0 1 8 0
10768 a3bf6745ad6f0884 141 2 12 15 0 2 8 0
10769 5b857a04b645bc37 140 2 12 15 0 1 8 0
10770 2e4e84f4a4da19e0 139 2 12 15 0 0 8 0
10771 a0b924c2144e97f3 140 2 12 16 0 0 8 0
10772 cf5c5ca04b4a2853 141 2 12 16 0 1 8 0
10773 6e099b2d2d05c200 140 2 12 16 0 1 7 0
10774 67f8ce229bc5eb04 140 2 12 16 0 2 7 0
10775 b1044c10e3168975 139 2 12 16 0 0 7 0
10776 95bb9a800dcfed64 138 2 12 16 0 0 6 0
10777 8127e791af7f7838 138 2 12 16 0 0 6 0
10778 9ee6e700bd812c23 138 2 12 16 0 1 6 0
10779 6497333ed2f17d13 137 2 12 16 0 1 6 0
10780 6d6e2b81d85a3209 136 2 12 16 0 0 6 0
10781 4a4b7468b85acb74 136 2 12 16 0 0 6 0
10782 ce7ad21fa98c7a8d 136 2 12 16 0 0 6 0
10783 9b41684935aed394 136 2 12 16 0 0 6 0
10784 b7139fe92ec24adb 136 2 12 16 0 0 6 0
10785 cfea0358c8dfcf35 136 2 12 16 0 0 6 0
10786 3ba795675515c573 136 2 12 16 0 0 6 0
10787 cc2f0380cb209c2e 135 2 12 16 0 0 6 0
10788 6f47f7f081cc5baf 135 2 12 16 0 0 6 0
10789 b535c87888260d7e 136 2 12 16 0 0 6 0
10790 529a02027705db7c 136 2 12 16 0 0 6 0
10791 82fcae8dad5a6de6 137 2 12 16 0 0 7 0
10792 281d72f5f07b83b9 137 2 12 16 0 0 7 0
10793 2c365361ba772974 137 2 12 16 0 0 7 0
10794 87244d0ae5a8a594 137 2 12 16 0 0 7 0
10795 61e6649dbb88fd5b 139 2 12 16 0 0 8 0
10796 9eb3ddd45a43dfd3 139 2 12 16 0 1 7 0
10797 318bff3987c73dc5 140 2 12 16 0 2 7 0
10798 8a248e9a42e63168 142 2 12 16 0 2 9 0
10799 5fc95a48fba98196 142 2 12 16 0 1 9 0
10800 ed4501ef6025f8f9 142 2 12 16 0 1 9 0
10801 f492fa0e2f1e8d79 141 2 12 16 0 0 10 0
10802 48b60c841c1915dd 142 2 12 16 0 1 10 0
10803 48d363ad0db70bd2 144 2 12 16 0 2 10 0
10804 e337f87b82196e91 144 2 12 16 0 1 10 0
10805 151087fbfd84a5e8 144 2 12 16 0 1 10 0
10806 9039e2eef8ea8347 143 2 12 16 0 0 10 0
10807 390391fe167c43e9 143 2 12 16 0 0 10 0
10808 acf8d9480eac2ac2 144 2 12 16 0 1 10 0
10809 e5de1eeba0fa7d56 145 2 12 16 0 2 10 0
10810 1e1491aa851bce1c 143 2 12 16 0 1 10 0
10811 5dcf9e1095324f88 142 2 12 16 0 1 9 0
10812 c05e38d8b2b8e9b4 140 2 12 16 0 0 9 0
10813 6c753339bce45e9f 140 2 12 16 0 0 9 0
10814 b0024693d9b18579 141 2 12 16 0 1 9 0
10815 4c63bd12dadb7f8f 142 2 12 16 0 1 9 0
10816 fb900832b1300010 143 2 12 16 0 1 9 0
10817 0b256aab74d7a301 142 2 12 16 0 0 9 0
10818 025ecf28426818af 142 2 12 16 0 0 9 0
10819 1fd733e68e1522ff 142 2 12 16 0 0 9 0
10820 a317390d68ad3566 143 2 12 16 0 0 9 0
10821 dfe3d6b30106a07d 145 2 12 16 0 2 9 0
10822 4faf06937f8f70d4 142 2 12 16 0 0 9 0
10823 6185456b80663616 142 2 12 16 0 0 9 0
10824 480f10399f990ffa 142 2 12 16 0 0 9 0
10825 661bee8f28ab5d87 142 2 12 16 0 0 9 0
10826 9f1faae08b71c7ad 142 2 12 16 0 0 9 0
10827 afa771d0e5d88e1c 141 2 12 16 0 1 8 0
10828 8cf5b07a53773c36 140 2 12 16 0 0 8 0
10829 53c5dc08a12b20eb 139 2 12 16 0 0 7 0
10830 2fdd47fb25cae7cf 141 2 12 16 0 1 7 0
10831 b1d393727743cf75 142 2 12 16 0 1 8 0
10832 7a975529c7c70ac6 143 2 12 16 0 1 8 0
10833 2dbd22c08976acbf 142 2 12 16 0 0 8 0
10834 cc58f89a60fa1737 142 2 12 16 0 0 8 0
10835 f5f82a94cd5cb495 142 2 12 16 0 0 8 0
10836 f32e82e6955e9640 144 2 12 16 0 1 9 0
10837 30d6cd908cc5adb8 144 2 12 16 0 1 9 0
10838 25864b28d6331195 145 2 12 16 0 0 11 0
10839 695f2d97ea52b12e 144 2 12 16 0 0 11 0
10840 d1ccfaa08dc0fff0 145 2 12 16 0 0 11 0
10841 537add14eb447c56 146 2 12 16 0 0 12 0
10842 c4488dea3ea4e5d7 147 2 12 16 0 1 12 0
10843 282ffde83dfe7db1 148 2 12 16 0 1 12 0
10844 02ca507e2e9a270a 147 2 12 16 0 0 12 0
10845 3f40eeaf10cdc16e 147 2 12 16 0 0 12 0
10846 5d029b263053fcff 147 2 12 16 0 0 11 0
10847 0e471ca68569518d 146 2 12 16 0 0 11 0
10848 54d75bfb0dd3cbb4 146 2 12 16 0 1 11 0
10849 ef1651309bbe4836 146 2 12 16 0 0 11 0
10850 6bcdbfded20cd6e5 147 2 12 16 0 0 11 0
10851 5ec19e37dd6467f6 146 2 12 16 0 0 11 0
10852 cff2e5b0eed01c42 145 2 12 16 0 0 10 0
10853 d9d2d4481944da72 146 2 12 16 0 0 10 0
10854 45c0ace2efd8b813 147 2 12 16 0 1 10 0
10855 88aef2e331b2cc32 149 2 12 16 0 2 10 0
10856 0484b85c838e56fc 148 2 12 16 0 2 10 0
10857 5cbccfe5db264569 148 2 12 16 0 2 10 0
10858 f51724744943af9c 148 2 12 16 0 2 10 0
10859 6c75b4609216da4b 146 2 12 16 0 0 10 0
10860 4ff02ad1f9edc8a5 147 2 12 16 0 0 10 0
10861 23439e609b1b00a9 149 2 12 16 0 2 10 0
10862 16f5d757231a99b4 148 2 12 16 0 2 9 0
10863 bc2f68664eaf1e03 148 2 12 16 0 2 9 0
10864 ee7360d259d7c76e 147 2 12 16 0 0 10 0
10865 ab624ba8d94b7cbe 147 2 12 16 0 0 10 0
10866 bfa762c8929d5153 148 2 12 16 0 0 10 0
10867 dfcbeeeed67a4923 149 2 12 16 0 2 10 0
10868 086c5912f9cdc1ab 149 2 12 16 0 2 10 0
10869 bafe25188f9fdf88 148 2 12 16 0 0 11 0
10870 ec5f3e41a99c9760 148 2 12 16 0 0 11 0
10871 fa5c8f7a2abfcbd3 149 2 12 16 0 0 12 0
10872 c9a77b6db7d65dc8 149 2 12 16 0 0 12 0
10873 e3eec7349201e4bc 151 2 12 16 0 2 12 0
10874 d1733005c58feb65 149 2 12 16 0 0 12 0
10875 bccd16b4ff9c3cf8 149 2 12 16 0 0 12 0
10876 7e4e735ff70d433b 149 2 12 16 0 0 13 0
10877 68f046b9e917e6fe 149 2 12 16 0 0 13 0
10878 0aa290804bc41efb 148 2 12 16 0 0 12 0
10879 5f6fa07c7a21e1db 149 2 12 16 0 0 12 0
10880 910d7b92c3244856 149 2 12 16 0 0 12 0
10881 0724d8a0a43597bb 151 2 12 16 0 0 13 0
10882 0c590b3387105554 151 2 12 16 0 0 13 0
10883 daa061930ca91a70 150 2 12 16 0 0 12 0
10884 486b6ec679c58620 148 2 12 16 0 0 11 0
10885 869d896b6d82eb50 147 2 12 16 0 0 11 0
10886 001ee2711987b457 147 2 12 16 0 0 11 0
10887 2a400e1d1cb83f0e 148 2 12 16 0 0 11 0
10888 bce07462b664c193 148 2 12 16 0 0 11 0
10889 ab2ceb6106784bd6 149 2 12 16 0 0 11 0
10890 5a69ae45fa02569c 149 2 12 16 0 0 11 0
10891 c288873270777742 149 2 13 16 0 0 10 0
10892 c27f48a9807a37e3 149 2 13 16 0 0 10 0
10893 ad170aa25c14b1e8 149 2 13 16 0 0 10 0
10894 fc904cd87ab21292 149 2 13 16 0 0 10 0
10895 0ca3c9fe18d9bc3e 148 2 13 16 0 0 10 0
10896 8b0e1e82aab10ce6 148 2 13 16 0 0 10 0
10897 defd8c6aae812985 148 2 13 16 0 0 10 0
10898 ba1ba555c8413e1d 147 2 13 16 0 0 10 0
10899 bc08fd11d068a25a 146 2 13 16 0 0 10 0
10900 f49592142e7f423c 146 2 13 16 0 0 10 0
10901 d5ae0b6e4e2d8b45 146 2 13 16 0 0 10 0
10902 c57898f0e020fc1a 146 2 13 16 0 0 10 0
10903 2fca9628cbdb60c6 145 2 13 16 0 0 9 0
10904 4792ebc062385ed8 146 2 13 16 0 0 10 0
10905 a82ddeb4df268ae3 147 2 13 16 0 0 10 0
10906 66ee81300dbbde1b 148 2 13 16 0 0 11 0
10907 597677a54be153be 148 2 13 16 0 0 11 0
10908 c8a5f3c56422b09e 148 2 13 16 0 0 11 0
10909 ab669e1a5eb09799 150 2 13 16 0 0 12 0
10910 d614023944ea0dd3 151 2 13 16 0 0 13 0
10911 360ebb5e19e1d24b 152 2 13 16 0 0 14 0
10912 75c7c735027eee5c 152 2 13 16 0 0 14 0
10913 326a6497ec28f509 152 2 13 16 0 0 14 0
10914 ffae00cb187eae4e 151 2 13 16 0 0 13 0
10915 7afa8656662882f5 152 2 13 16 0 1 13 0
10916 29e2afe2694d0975 152 2 13 16 0 1 14 0
10917 86553d0838e11a7a 153 2 13 16 0 1 14 0
10918 d024df5806faf15e 152 2 13 16 0 1 13 0
10919 0ee7499c8e949857 151 2 13 16 0 0 13 0
10920 6079e7a053d20277 152 2 13 16 0 0 13 0
10921 f041d499835df5ac 153 2 13 16 0 1 13 0
10922 ce07e0f7ca2b9dbc 153 2 13 16 0 1 13 0
10923 32775f31adf5f59b 153 2 13 16 0 1 13 0
10924 581cec89bfbda3f6 153 2 13 16 0 0 13 0
10925 6f97616c40228b82 153 2 13 16 0 0 13 0
10926 9831bac164a22c9c 154 2 13 16 0 0 13 0
10927 677e885aedc29cff 155 2 13 16 0 1 13 0
10928 74ddc71cc6a857b9 156 2 13 16 0 1 13 0
10929 1d57244c2add4ee5 155 2 13 16 0 0 13 0
10930 3a1d734167181b09 155 2 13 16 0 0 14 0
10931 c68736e55227a962 155 2 13 16 0 0 14 0
10932 e686de77cdce691f 155 2 13 16 0 0 14 0
10933 e5fa70b56b0855cc 156 2 13 16 0 1 14 0
10934 89ed204ff91a40c9 154 2 13 16 0 0 13 0
10935 249dbd250c411343 154 2 13 16 0 0 13 0
10936 68965d6f14524095 153 2 13 16 0 0 13 0
10937 a6b0aea4a2854ac9 153 2 13 16 0 0 13 0
10938 2fa73f02bbc96935 152 2 13 16 0 0 13 0
10939 b19e0a3884b2b32d 151 2 13 16 0 0 12 0
10940 b76b217db8b04fe3 151 2 13 16 0 0 12 0
10941 ada139d777f3b324 149 2 13 16 0 0 11 0
10942 2c4c8257ebdb3258 149 2 13 16 0 0 11 0
10943 3f8c5437607b21e4 147 2 13 16 0 0 11 0
10944 f8f43a670cd3d25a 147 2 13 16 0 0 11 0
10945 37b9938dd3779ccd 146 2 13 16 0 0 10 0
10946 69d92ed018f790a9 148 2 13 16 0 0 11 0
10947 efd96234782e2d69 148 2 13 16 0 0 11 0
10948 b2b17419b03300ae 148 2 13 16 0 0 11 0
10949 ffa1b186d84d14d5 149 2 13 16 0 0 12 0
10950 a43c982faaa1d81c 150 2 13 16 0 0 13 0
10951 a36846caa512d450 150 2 13 16 0 0 13 0
10952 d2d12c79f7bb0e12 150 2 13 16 0 0 13 0
10953 3782225bf004af22 149 2 13 16 0 0 13 0
10954 3278747791ddefae 148 2 13 16 0 0 13 0
10955 f22baf82d1683832 149 2 13 16 0 1 13 0
10956 1d875a76e5d473b0 152 2 13 16 0 2 14 0
10957 61488959286fea97 151 2 13 16 0 2 13 0
10958 fd2570f734673983 151 2 13 16 0 2 13 0
10959 63abea697b110092 149 2 13 16 0 1 13 0
10960 40583f3dbf054d83 149 2 13 16 0 1 13 0
10961 d4e2418682c371ff 148 2 13 16 0 1 13 0
10962 7bce9154eb2afe02 150 2 13 16 0 2 13 0
10963 c56b1924be33ac8d 150 2 13 16 0 2 13 0
10964 776f2c669b35b74f 148 2 13 16 0 1 13 0
10965 92dae3a6abdc6100 148 2 13 16 0 1 13 0
10966 ab04ef9d1b4c0b56 146 2 13 16 0 0 13 0
10967 07cc19013f0ec93a 147 2 13 16 0 1 13 0
10968 489a5ab17ca9eb3d 148 2 13 16 0 2 12 0
10969 853da3b2ae4de881 147 2 13 16 0 1 12 0
10970 308bafc1eeb47260 147 2 13 16 0 1 13 0
10971 6c04af03079c4cd2 147 2 13 16 0 0 13 0
10972 92e28245f052e69a 147 2 13 16 0 0 13 0
10973 32aedc8d9729cd20 148 2 13 16 0 1 13 0
10974 e79ad178a1b95b38 147 2 13 16 0 2 12 0
10975 9321fbb078afac04 147 2 13 16 0 2 11 0
10976 597eaf913b0b1e64 145 2 13 16 0 1 10 0
10977 f311498b50abf00c 145 2 13 16 0 1 10 0
10978 8fc6ff201d1a9f00 145 2 13 16 0 1 10 0
10979 5bcd393edd78bd36 144 2 13 16 0 0 10 0
10980 83300464a05750b4 145 2 13 16 0 2 10 0
10981 60355ed7834a9d51 144 2 13 16 0 1 10 0
10982 66981eece4ebd6c6 143 2 13 16 0 1 10 0
10983 63c372c622f8ceb8 142 2 13 16 0 1 9 0
10984 844c5cd255326e18 141 2 13 16 0 0 9 0
10985 7ed9127cf76ec9f3 142 2 13 16 0 0 9 0
10986 b0594a61c10ab47c 144 2 13 16 0 1 10 0
10987 aa9b7087e5e9a7ca 144 2 13 16 0 1 10 0
10988 3dff589099f462f5 144 2 13 16 0 1 10 0
10989 3d9e21e9f9ed6632 144 2 13 16 0 1 10 0
10990 1ce32e3b5beb02d7 144 2 13 16 0 0 11 0
10991 34e75c83913165c4 144 2 13 16 0 0 11 0
10992 65b773b1f28dcaac 146 2 13 16 0 1 11 0
10993 d9538ab4e77d47b9 146 2 13 16 0 1 11 0
10994 c2233d26895c2d2b 146 2 13 16 0 1 11 0
10995 c027211a2b023ee9 145 2 13 16 0 0 12 0
10996 34a5e3b6c2770c28 146 2 13 16 0 1 12 0
10997 84b70d902e50ca31 146 2 13 16 0 1 12 0
10998 50e4ef8560023787 148 2 13 16 0 2 12 0
10999 e41eeaa934c43a28 148 2 13 16 0 2 12 0
11000 1c0eea8f14cb2b36 147 2 13 16 0 1 12 0
11001 e4640c78454e82e8 145 2 13 16 0 0 12 0
11002 efb5b6a62acf4027 146 2 13 16 0 1 12 0
11003 563757ae37bcfdef 145 2 13 16 0 1 11 0
11004 7b1a70e3039c1b86 146 2 13 16 0 1 11 0
11005 990ea16244341608 146 2 13 16 0 1 11 0
11006 1a8952c03e5453fd 144 2 13 16 0 0 11 0
11007 b9b87acdf4d195c2 145 2 13 16 0 0 11 0
11008 e83222183f0bb640 147 2 13 16 0 1 11 0
11009 0dcd9e28354e16f1 146 2 13 16 0 1 10 0
11010 2a1e984f5c1a2bc1 146 2 13 16 0 1 11 0
11011 b63f6e1b8fd69a1c 147 2 14 16 0 0 11 0
11012 a8cdc7deeee03b2e 147 2 14 16 0 0 11 0
11013 92224d10d705f63f 146 2 14 16 0 0 10 0
11014 6d7775e6c69cf43c 147 2 14 16 0 1 10 0
11015 4152559d1a965e1e 145 2 14 16 0 1 8 0
11016 e4c909b3d460d838 144 2 14 16 0 0 8 0
11017 96a2970451fabc2b 144 2 14 16 0 0 8 0
11018 b4416f24d579633f 144 2 14 16 0 0 8 0
11019 e248cbd1d8ce969b 144 2 14 16 0 0 8 0
11020 0db88af4a7689957 145 2 14 16 0 1 8 0
11021 57e06125cad40d3f 145 2 14 16 0 1 8 0
11022 0d66cc8608e70d0d 144 2 14 16 0 0 8 0
11023 c652a1c98883c904 144 2 14 16 0 0 8 0
11024 452873be36c141a6 144 2 14 16 0 0 8 0
11025 e8bad4c0fe66ee33 144 2 14 16 0 0 8 0
11026 1bb8c9154bafa48e 145 2 14 16 0 0 9 0
11027 f158183112ea8523 145 2 14 16 0 0 9 0
11028 b5b7dd26a8f0ab00 145 2 14 16 0 0 9 0
11029 9e72fe28a1e2c37e 146 2 14 16 0 0 9 0
11030 11e6d091ae5150ca 147 2 14 16 0 0 10 0
11031 27c718b4ea9d1418 147 2 14 16 0 0 10 0
11032 e944a8e45aa116cb 147 2 14 16 0 0 10 0
11033 c359c4726976adbb 147 2 14 16 0 0 10 0
11034 f2547f64e3eae7da 147 2 14 16 0 0 10 0
11035 6fbcb3fcf58af479 148 2 14 16 0 0 11 0
11036 c458a53806c3f7f9 148 2 14 16 0 0 11 0
11037 9b1efd678f2a19d4 146 2 14 16 0 0 10 0
11038 b8da30c6e47cb351 146 2 14 16 0 0 10 0
11039 a63a2d5b2388bf6a 146 2 14 16 0 0 10 0
11040 a4dddbab7643ccd0 146 2 14 16 0 0 11 0
11041 03c0f6da8d64bb29 145 2 14 16 0 0 11 0
11042 65fa82860fa1750b 144 2 14 16 0 0 11 0
11043 0d2294e86fc8b323 143 2 14 16 0 0 10 0
11044 52b9532539edb62a 142 2 14 16 0 0 10 0
11045 225493fda6ffad44 142 2 14 16 0 0 10 0
11046 f20ae1b3d5e0d04f 142 2 14 16 0 0 10 0
11047 6cf0cb99fe975c45 141 2 14 16 0 0 10 0
11048 9ca2fd482a923e0b 141 2 14 16 0 0 10 0
11049 aaa917cdb77ea247 142 2 14 16 0 0 11 0
11050 beda3a17f93c85cf 143 2 14 16 0 0 12 0
11051 93a469f44a53899a 143 2 14 16 0 0 12 0
11052 86cc84f87203a2a4 143 2 14 16 0 0 12 0
11053 bfff6dbe296d7652 143 2 14 16 0 0 12 0
11054 686477626b5d366e 144 2 14 16 0 0 12 0
11055 15c9cea76c45a7ce 142 2 14 16 0 0 11 0
11056 4b4ee6d0d9febb79 142 2 14 16 0 0 11 0
11057 8251930c20145ba9 142 2 14 16 0 0 11 0
11058 3311b1788eb08be7 142 2 14 16 0 0 11 0
11059 7483c61ec8d1a924 142 2 14 16 0 0 11 0
11060 24a89b9654b72e4b 142 2 14 16 0 0 11 0
11061 c158f55cd2c90a73 142 2 14 16 0 0 11 0
11062 6e3c8ea2483c3989 141 2 14 16 0 0 10 0
11063 19375699f02e678e 142 2 14 16 0 0 10 0
11064 c12ed7bac7ece51a 143 2 14 16 0 0 10 0
11065 869b05445095a054 143 2 14 16 0 0 10 0
11066 944eed0fdd5d3503 143 2 14 16 0 0 10 0
11067 c14813509b124005 144 2 14 16 0 0 10 0
11068 b1dd35ff46b0e8ad 144 2 14 16 0 0 10 0
11069 ad94e84629665ef3 145 2 14 16 0 0 10 0
11070 fe4ea322d8c315bb 144 2 14 16 0 0 10 0
11071 f08574b7cca89774 143 2 14 16 0 0 9 0
11072 62285ef9c5800abe 143 2 14 16 0 0 9 0
11073 4bc8563b5cbcf38c 143 2 14 16 0 0 9 0
11074 c2389d9b63cd274c 142 2 14 16 0 0 9 0
11075 ad5cc74017bf55a4 143 2 14 16 0 0 10 0
11076 9ad5113d6c282e34 142 2 14 16 0 0 9 0
11077 387d4e25c0737445 141 1 14 16 0 0 9 0
11078 43d27638c64ae6bd 142 1 14 16 0 0 9 0
11079 9fc01af3dae7a302 141 1 14 16 0 0 9 0
11080 12009a8e7ce66f10 140 1 14 16 0 0 9 0
11081 48d2131b1b0329b1 140 1 14 16 0 0 9 0
11082 58b9def2963ba9b7 139 1 14 16 0 0 9 0
11083 62b26fb0d8d3d360 139 1 14 16 0 0 9 0
11084 fb1c0df3a1b6ec49 139 1 14 16 0 0 9 0
11085 18204bd8cc95d2ca 138 1 14 16 0 0 9 0
11086 ae165ca661c5f614 138 1 14 16 0 0 9 0
11087 144e12c973aed044 138 1 14 16 0 0 9 0
11088 c51930825c5fae4e 138 1 14 16 0 0 9 0
11089 9a1c20fe767c5d9f 138 1 14 16 0 0 9 0
11090 3034475316d4c175 137 1 14 16 0 0 8 0
11091 74bb1a708dd0adba 137 1 14 16 0 0 8 0
11092 bdcd6fef382b0345 136 1 14 16 0 0 8 0
11093 ff3f02344b0025e3 136 1 14 16 0 0 8 0
11094 68cb94a6efdb0919 136 1 14 16 0 0 8 0
11095 438da2225647c845 136 1 14 16 0 0 8 0
11096 561929d89c90976f 136 1 14 16 0 0 8 0
11097 1cb3d4708cdb0ca3 136 1 14 16 0 0 8 0
11098 0d8ce33198db910f 136 1 14 16 0 0 8 0
11099 818f5664bed14ac1 135 1 14 16 0 0 8 0
11100 cd258812df354511 135 1 14 16 0 0 8 0
11101 d041ba2b6c3b7918 134 1 14 16 0 0 8 0
11102 d3f44d162cf1a00f 134 1 14 16 0 0 8 0
11103 d4eda5abd03f03af 134 1 14 16 0 0 8 0
11104 56118ce0a12b29dd 133 1 14 16 0 0 8 0
11105 21b0106cbbdf3d7e 134 1 14 16 0 0 8 0
11106 b0b28ba98a93fb60 133 1 14 16 0 0 8 0
11107 000bd7a4c2be763b 133 1 14 16 0 0 8 0
11108 88f7f778b9cdb4f9 133 1 14 16 0 0 8 0
11109 fe24c6b3bf242210 133 1 14 16 0 0 8 0
11110 e0995ea1580275e7 133 1 14 16 0 0 8 0
11111 95e843f24d7e38da 133 1 14 16 0 0 8 0
11112 8ff3bd85dbe475c5 132 1 14 16 0 0 8 0
11113 fda95f1f6a2bb93a 132 1 14 16 0 0 8 0
11114 090471daa591d61b 132 1 14 16 0 0 8 0
11115 c2dfeaa110eaa34f 133 1 14 16 0 0 8 0
11116 706c90c02905aeea 133 1 14 16 0 0 8 0
11117 d7d683e42be5ced3 133 1 14 16 0 0 8 0
11118 ccb6ea2c2ab9068a 133 1 14 16 0 0 8 0
11119 51f8acda05418f10 133 1 14 16 0 0 8 0
11120 1c2b4cab9096e35a 133 1 14 16 0 0 8 0
11121 68613ef92bfd2dea 134 1 14 16 0 0 8 0
11122 0d9fe9d58715598d 134 1 14 16 0 0 8 0
11123 475c975b80bdabf7 136 1 14 16 0 0 8 0
11124 61180595fc960bdb 136 1 14 16 0 0 8 0
11125 ae070a8b6095fc5e 136 1 14 16 0 0 8 0
11126 b0a54888a3ae98a6 137 1 14 16 0 0 8 0
11127 66d4260f25cc4fd2 138 1 14 16 0 0 8 0
11128 b1530309d507c533 139 1 14 16 0 0 8 0
11129 c024f08f6dc51c96 139 1 14 16 0 0 8 0
11130 6fff25cfb116d2fe 139 1 14 16 0 0 8 0
11131 b6a13e19dff81ac0 140 1 14 17 0 0 8 0
11132 95a9b5538812588a 140 1 14 17 0 0 8 0
11133 5d7132fe72031231 140 1 14 17 0 0 8 0
11134 376557905ecc4d4a 139 1 14 17 0 0 8 0
11135 af0274dd845f2994 139 1 14 17 0 0 8 0
11136 7285deca49d20325 138 1 14 17 0 0 8 0
11137 cce3f8489c4d14eb 138 1 14 17 0 0 8 0
11138 33418d5299e5ad56 138 1 14 17 0 0 8 0
11139 f01ea73b0cab72b8 137 1 14 17 0 0 7 0
11140 1d999f998eb1c131 137 1 14 17 0 0 7 0
11141 ecc98d8e9a3df14a 136 1 14 17 0 0 7 0
11142 4b630248830d89c0 136 1 14 17 0 0 7 0
11143 3fe9879ac7f8eb6a 136 1 14 17 0 0 7 0
11144 31a2ee87e144e644 135 1 14 17 0 0 7 0
11145 fb531d9a2dbfb59b 136 1 14 17 0 0 7 0
11146 b0e3296f5a8fd821 136 1 14 17 0 0 7 0
11147 f47c4966cacaf310 137 1 14 17 0 0 7 0
11148 e1662877891f6f88 137 1 14 17 0 0 7 0
11149 5335637dbbea904d 137 1 14 17 0 0 7 0
11150 b63a2dfd58bdabc9 137 1 14 17 0 0 7 0
11151 2bfc9bd3a9e86f79 138 1 14 17 0 0 7 0
11152 d551a77bcb01cc00 138 1 14 17 0 0 7 0
11153 77d07bdf063f31f1 138 1 14 17 0 0 7 0
11154 6005559fb8e6e969 138 1 14 17 0 0 7 0
11155 63c16c00288a64b7 138 1 14 17 0 0 7 0
11156 9d11593e624ca197 138 1 14 17 0 0 7 0
11157 53fa42d4eb2c6ced 137 1 14 17 0 0 7 0
11158 1f8711684b3fe0bb 137 1 14 17 0 0 7 0
11159 5f55ff14474ed563 136 1 14 17 0 0 7 0
11160 4368dca2ad835197 137 1 14 17 0 0 7 0
11161 14bae5f993b3a9a6 137 1 14 17 0 0 7 0
11162 6e181da594a254a7 138 1 14 17 0 0 7 0
11163 66b1d0a0f601bfd8 138 1 14 17 0 0 7 0
11164 a9669769158c18a6 138 1 14 17 0 0 7 0
11165 a64bcb9a9bd573be 138 1 14 17 0 0 7 0
11166 1ec1e53b2b9cbf84 137 1 14 17 0 0 7 0
11167 d1d81834b2df08bc 137 1 14 17 0 0 7 0
11168 623180a84c081fd9 137 1 14 17 0 0 7 0
11169 f2ee54e460417310 139 1 14 17 0 0 7 0
11170 c21095a06e2815b6 139 1 14 17 0 0 7 0
11171 ecf808507fd11d7e 139 1 14 17 0 0 7 0
11172 b74ba807c94bbf25 139 1 14 17 0 0 7 0
11173 4385745e63ff00e7 140 1 14 17 0 0 7 0
11174 09db85eeba4e108b 140 1 14 17 0 0 7 0
11175 f1503bd1b0262711 140 1 14 17 0 0 7 0
11176 7cf06623872a5dd2 139 1 14 17 0 0 7 0
11177 d57a05945a6f73e8 138 1 14 17 0 0 7 0
11178 1fdd5eb8c8c62eaf 136 1 14 17 0 0 6 0
11179 02a14d7b0adf1443 136 1 14 17 0 0 6 0
11180 f1db9c9f11b87bc1 136 1 14 17 0 0 6 0
11181 d907313f23481fa8 136 1 14 17 0 0 6 0
11182 ddbc70deae48f2f4 136 1 14 17 0 0 6 0
11183 5ed606e666c427bb 136 1 14 17 0 0 6 0
11184 1e03078c02bac8d5 136 1 14 17 0 0 6 0
11185 c8c9a0f6ff7e8203 136 1 14 17 0 0 6 0
11186 1881e77641c9dab3 136 1 14 17 0 0 6 0
11187 53ad8266f9f922be 136 1 14 17 0 0 6 0
11188 d43b3d3b9dc18809 136 1 14 17 0 0 6 0
11189 d8412db0aaea9e4b 137 1 14 17 0 0 6 0
11190 9790d04f735ee2a4 137 1 14 17 0 0 6 0
11191 aaabe1c969335c02 137 1 14 17 0 0 6 0
11192 3f205bde22808b13 138 1 14 17 0 0 6 0
11193 44a1f63413629ac5 138 1 14 17 0 0 6 0
11194 be57c040ac4c6b0b 138 1 14 17 0 0 6 0
11195 91832815f7f11b53 138 1 14 17 0 0 6 0
11196 4d74995fb947b647 138 1 14 17 0 0 6 0
11197 dcdd8a9467a7a69c 138 1 14 17 0 0 6 0
11198 1f60572979ad04f8 138 1 14 17 0 0 6 0
11199 11c80aa78e26eb4f 138 1 14 17 0 0 6 0
11200 9b7b37321ad25f34 139 1 14 17 0 0 6 0
11201 d43c27761ad9bc57 139 1 14 17 0 0 6 0
11202 f6d1147286b3faba 139 1 14 17 0 0 6 0
11203 9d0eafe83aed3cba 139 1 14 17 0 0 6 0
11204 bce13429fa43f3a2 139 1 14 17 0 0 6 0
11205 104ed51fefc58f79 139 1 14 17 0 0 6 0
11206 57e08b4e167bc34b 140 1 14 17 0 0 6 0
11207 472c8c05b40476a2 140 1 14 17 0 0 6 0
11208 9003785795c65374 140 1 14 17 0 0 6 0
11209 b8a8364259bb8d65 140 1 14 17 0 0 6 0
11210 b11eaeb56c97793a 139 1 14 17 0 0 5 0
11211 078f290ed552c641 139 1 14 17 0 0 5 0
11212 3566956ac4d4bb57 140 1 14 17 0 0 5 0
11213 829ac44966964ffc 140 1 14 17 0 0 5 0
11214 e521a9829dd6cf6b 140 1 14 17 0 0 5 0
11215 93b333d98f103a6b 140 1 14 17 0 0 5 0
11216 155125bfaaa6fb24 140 1 14 17 0 0 5 0
11217 9186d59706772f44 140 1 14 17 0 0 5 0
11218 bd63d69defd4fb64 140 1 14 17 0 0 5 0
11219 3382285e8ac340e4 141 1 14 17 0 0 5 0
11220 dc09e9205352b516 141 1 14 17 0 0 5 0
11221 f0c645e6ee068a40 141 1 14 17 0 0 5 0
11222 0da26a0301824b40 140 1 14 17 0 0 5 0
11223 bda026acdf854b37 141 1 14 17 0 0 5 0
11224 09695a74b5e8fcfe 141 1 14 17 0 0 5 0
11225 7e450e2fb038ab9d 140 1 14 17 0 0 5 0
11226 50e72b05af9a22e7 140 1 14 17 0 0 5 0
11227 c251a9c87de453c7 139 1 14 17 0 0 5 0
11228 a0498cba192c1bc2 139 1 14 17 0 0 5 0
11229 6cd3aaa89b171d3e 139 1 14 17 0 0 5 0
11230 372afe919c96e32a 139 1 14 17 0 0 5 0
11231 6e476d1a31f8d012 138 1 14 17 0 0 5 0
11232 52e11c27c3bba300 138 1 14 17 0 0 5 0
11233 5b0398ce2e6d6a09 138 1 14 17 0 0 5 0
11234 9d59034eebca9520 139 1 14 17 0 0 5 0
11235 f6ce63825ac3b075 139 1 14 17 0 0 5 0
11236 649b303c8bf02100 139 1 14 17 0 0 5 0
11237 67a1586c80a3e284 139 1 14 17 0 0 5 0
11238 0b4aaac225999fe8 139 1 14 17 0 0 5 0
11239 b8cf23e700414cdf 140 1 14 17 0 0 5 0
11240 f4ed83d50e9ed37e 140 1 14 17 0 0 5 0
11241 a8db39906847677d 140 1 14 17 0 0 5 0
11242 5590c5eaba954d1d 140 1 14 17 0 0 5 0
11243 b3b9dca58389e4db 140 1 14 17 0 0 5 0
11244 77e8dfaf120db4fa 140 1 14 17 0 0 5 0
11245 97e9a234d7012d00 140 1 14 17 0 0 5 0
11246 549a7380de7c1fdb 141 1 14 17 0 0 5 0
11247 8d1318f79e445f50 141 1 14 17 0 0 5 0
11248 9f43a5495ed9c023 142 1 14 17 0 0 5 0
11249 abe02101cc2ea216 142 1 14 17 0 0 5 0
11250 a3ab3a8e5e48b50c 142 1 14 17 0 0 5 0
11251 51439daca6cfb011 143 1 15 17 0 0 5 0
11252 a4b6ff461aa33fd1 143 1 15 17 0 0 5 0
11253 9d5197ec634520ec 143 1 15 17 0 0 5 0
11254 86c5d77f17b162e7 143 1 15 17 0 0 5 0
11255 733afc0957a59ad0 143 1 15 17 0 0 5 0
11256 2f73b3f85876252f 143 1 15 17 0 0 5 0
11257 613cc8f526a45870 143 1 15 17 0 0 5 0
11258 d569cefc90559694 143 1 15 17 0 0 5 0
11259 edac29e5582beadb 143 1 15 17 0 0 5 0
11260 7fb7c4fda06cf881 143 1 15 17 0 0 5 0
11261 9eeaca78d8cb11b0 143 1 15 17 0 0 5 0
11262 b639da402d0d1ad4 144 1 15 17 0 0 5 0
11263 5bd826148b54b410 144 1 15 17 0 0 5 0
11264 6c66d20ff227d597 144 1 15 17 0 0 5 0
11265 cd36437988362547 144 1 15 17 0 0 5 0
11266 03bd3c28f728ce20 144 1 15 17 0 0 5 0
11267 5859fbff635d816f 144 1 15 17 0 0 5 0
11268 b271e5d0c66e6f30 144 1 15 17 0 0 5 0
11269 e8127502ece69020 143 1 15 17 0 0 5 0
11270 f552e8b36a386842 143 1 15 17 0 0 5 0
11271 fa0f7736e338cec0 143 1 15 17 0 0 5 0
11272 c5504d357353d0db 143 1 15 17 0 0 5 0
11273 14b24b45f489e712 143 1 15 17 0 0 5 0
11274 4ae8d0ca36c5a2e8 143 1 15 17 0 0 5 0
11275 421355688066204e 142 1 15 17 0 0 5 0
11276 d5c7fc998796ee50 142 1 15 17 0 0 5 0
11277 4cdd1074c166e828 142 1 15 17 0 0 5 0
11278 2a66b5c3c015f965 143 1 15 17 0 0 5 0
11279 0dcefaa3e6d596be 144 1 15 17 0 0 5 0
11280 9f4cf286c4ce0723 144 1 15 17 0 0 5 0
11281 1b6c268f35456d10 145 1 15 17 0 0 5 0
11282 21eba296527486a0 145 1 15 17 0 0 5 0
11283 6de4d4f63b15d700 145 1 15 17 0 0 5 0
11284 5a7e080ea6d79c78 144 1 15 17 0 0 5 0
11285 722fbd62a9bc2f38 144 1 15 17 0 0 5 0
11286 2810559b4eeb72c5 145 1 15 17 0 0 5 0
11287 35ad1972735bf8f2 145 1 15 17 0 0 5 0
11288 04cbb07e941315e1 145 1 15 17 0 0 5 0
11289 bdfd01c8eb72ebd9 146 1 15 17 0 0 5 0
11290 84cb66134c064801 146 1 15 17 0 0 5 0
11291 bc085d653ac9a270 146 1 15 17 0 0 5 0
11292 9924ccb6b25793dd 146 1 15 17 0 0 5 0
11293 0c753e3eec99d11f 147 1 15 17 0 0 5 0
11294 565d83e21655efff 147 1 15 17 0 0 5 0
11295 50dc42c672b1faf2 147 1 15 17 0 0 5 0
11296 1fc3cd0d5c6daac5 146 1 15 17 0 0 5 0
11297 f5983545d2f6447f 147 1 15 17 0 0 5 0
11298 524a3ecb704d2e2a 147 1 15 17 0 0 5 0
11299 c94d430e33b0ae7b 147 1 15 17 0 0 5 0
11300 74c161613b0f1dce 145 1 15 17 0 0 4 0
11301 39064673b615dabc 145 1 15 17 0 0 4 0
11302 118c8a93c8ae1f7f 145 1 15 17 0 0 4 0
11303 05040f90acce2a97 145 1 15 17 0 0 3 0
11304 13df1ea91198964a 145 1 15 17 0 0 3 0
11305 8ec565eee6aec9fb 145 1 15 17 0 0 3 0
11306 61cd1e00bb24f5e7 145 1 15 17 0 0 3 0
11307 9db00b5cb56590b0 145 1 15 17 0 0 3 0
11308 47d0f19e777037f6 145 1 15 17 0 0 3 0
11309 9708a66a813b48ec 146 1 15 17 0 0 3 0
11310 f1f14b3f6e3fb650 145 1 15 17 0 0 3 0
11311 3b58d393a40c1159 146 1 15 17 0 0 3 0
11312 35743bd8be562858 145 1 15 17 0 0 3 0
11313 ee4025f92dfa781a 145 1 15 17 0 0 3 0
11314 79cdb5d06af7d802 145 1 15 17 0 0 3 0
11315 fa56348bc49fe70c 145 1 15 17 0 0 3 0
11316 b7de0e4b073519bd 145 1 15 17 0 0 3 0
11317 f7f3ceb041e62ccf 145 1 15 17 0 0 3 0
11318 fcd6a0a250d0bc20 145 1 15 17 0 0 3 0
11319 38bd6bcb4ac29700 145 1 15 17 0 0 3 0
11320 ca69bf2930b2ae95 146 1 15 17 0 0 3 0
11321 4a3c70ffcefd04ef 146 1 15 17 0 0 3 0
11322 2bed7d3bd66fde66 146 1 15 17 0 0 3 0
11323 56d09cbed0128a3b 145 1 15 17 0 0 3 0
11324 f680b87795861597 146 1 15 17 0 0 3 0
11325 ed201f7b8a62517d 145 1 15 17 0 0 3 0
11326 f847924646264909 144 1 15 17 0 0 3 0
11327 55c6cda1c73ad045 144 1 15 17 0 0 3 0
11328 f4bf680be7eb26a1 144 1 15 17 0 0 3 0
11329 42148d1d8155dcd3 144 1 15 17 0 0 3 0
11330 4559b787eda94ad9 143 1 15 17 0 0 3 0
11331 e6b222b6aab0d528 144 1 15 17 0 0 3 0
11332 02301130cba9ab68 144 1 15 17 0 0 3 0
11333 e64607417a7588d5 143 1 15 17 0 0 3 0
11334 e70bfda0af81631e 143 1 15 17 0 0 3 0
11335 59cc5301b883c950 143 1 15 17 0 0 3 0
11336 9f703513f7d527ce 142 1 15 17 0 0 2 0
11337 519de81f1aaab1e7 141 1 15 17 0 0 2 0
11338 71aff1e45e182944 141 1 15 17 0 0 2 0
11339 9b972ba2dffba191 141 1 15 17 0 0 2 0
11340 ac46350777f377a3 141 1 15 17 0 0 2 0
11341 ac87924fa5483f2d 141 1 15 17 0 0 2 0
11342 5823e3cf8e227103 141 1 15 17 0 0 2 0
11343 9d422afda42e0cf3 141 1 15 17 0 0 2 0
11344 6eb7df767eb9f4c0 141 1 15 17 0 0 2 0
11345 8cd2f72146e41d33 141 1 15 17 0 0 2 0
11346 8df51c919a1f96bf 140 1 15 17 0 0 2 0
11347 c3a0f133be420c0d 140 1 15 17 0 0 2 0
11348 c73d2a4a193f8d90 140 1 15 17 0 0 2 0
11349 65b3ebaf3423b933 141 1 15 17 0 0 2 0
11350 1d754559955a3908 141 1 15 17 0 0 2 0
11351 02664abc0eb38e49 140 1 15 17 0 0 2 0
11352 07b9715bd48a661d 140 1 15 17 0 0 2 0
11353 6f7b0a5440afedef 140 1 15 17 0 0 2 0
11354 eaf3e46c28709c56 140 1 15 17 0 0 2 0
11355 f6b2fcb0ecf67abb 140 1 15 17 0 0 2 0
11356 ad734e9942ca3ee4 140 1 15 17 0 0 2 0
11357 1649fe7f03fff3a2 140 1 15 17 0 0 2 0
11358 8d5e68bf730d1d5e 141 1 15 17 0 0 2 0
11359 fda8dca008c70978 140 1 15 17 0 0 2 0
11360 ea4cc4e4f7d49864 140 1 15 17 0 0 2 0
11361 d122aa0a0b49b8d2 139 1 15 17 0 0 2 0
11362 c4b2dd40662511c3 139 1 15 17 0 0 2 0
11363 c7a77d3d7398f852 139 1 15 17 0 0 2 0
11364 6e3c2cf18b26b95f 140 1 15 17 0 0 2 0
11365 329ba439dce3831f 140 1 15 17 0 0 2 0
11366 b030b37e68e16db2 141 1 15 17 0 0 2 0
11367 9a29ebd9d488fe26 141 1 15 17 0 0 2 0
11368 399b6d79575fa7a8 141 1 15 17 0 0 2 0
11369 56a13ab7a94fb1a0 141 1 15 17 0 0 2 0
11370 13d84ca744edf7ec 141 1 15 17 0 0 2 0
11371 447f9892caf3aa45 142 1 16 17 0 0 2 0
11372 8ab10639d093b772 142 1 16 17 0 0 2 0
11373 c568e8adddf1003f 142 1 16 17 0 0 2 0
11374 aa7025cf3e15248e 142 1 16 17 0 0 2 0
11375 3f6aaf2a7000d187 142 1 16 17 0 0 2 0
11376 d85f827c15ce6cb6 141 1 16 17 0 0 1 0
11377 5994b8b41dd6d149 141 1 16 17 0 0 1 0
11378 7e891d0647872391 142 1 16 17 0 0 1 0
11379 fc04e42e5f6804c1 144 1 16 17 0 0 1 0
11380 8cd24fd500f4a309 146 1 16 17 0 0 1 0
11381 b75db61713bee862 147 1 16 17 0 0 1 0
11382 dda38e5bd7a5ccf7 149 1 16 17 0 0 1 0
11383 e47d421900cbf789 150 1 16 17 0 0 1 0
11384 d93b72e86362fdf9 151 1 16 17 0 0 1 0
11385 6012666bda37846d 153 1 16 17 0 0 1 0
11386 1d2a55c90a492abc 154 1 16 17 0 0 1 0
11387 0320a992dcc256a9 155 1 16 17 0 0 1 0
11388 be24508f3a7bd875 156 1 16 17 0 0 1 0
11389 06a5977fc31a2ddf 156 1 16 17 0 0 1 0
11390 cebc79685d6766a9 157 1 16 17 0 0 1 0
11391 83c84c93e7d50461 159 1 16 17 0 0 1 0
11392 b203f6478e44726e 160 1 16 17 0 0 1 0
11393 7483a249c9fbfbd4 161 1 16 17 0 0 1 0
11394 6b8878e2a080aabc 163 1 16 17 0 0 1 0
11395 c436ba706fcf218f 164 1 16 17 0 0 1 0
11396 52f143ec5be00ecf 166 1 16 17 0 0 1 0
11397 405061fdcade6ffa 166 1 16 17 0 0 1 0
11398 1cf64db59193c072 168 1 16 17 0 0 1 0
11399 c2ebe8f6e18763c6 169 1 16 17 0 0 1 0
11400 cd1edff007fbab61 169 1 16 17 0 0 1 0
11401 f157ac043b717da2 171 1 16 17 0 0 1 0
11402 a6dc7827f2164476 172 1 16 17 0 0 1 0
11403 0423245243ba48a5 173 1 16 17 0 0 1 0
11404 5741295cc87516bf 173 1 16 17 0 0 1 0
11405 25671d32c2215e20 174 1 16 17 0 0 1 0
11406 0bd95674eaab9737 175 1 16 17 0 0 1 0
11407 8d466ad99bf302db 176 1 16 17 0 0 1 0
11408 09b2155125e6d50c 176 1 16 17 0 0 1 0
11409 d5e2782919a19dc6 178 1 16 17 0 0 1 0
11410 2d6302ed5a2a740c 179 1 16 17 0 0 1 0
11411 eb1bc749cd560ee3 181 1 16 17 0 0 1 0
11412 534eb6c29b1620a6 182 1 16 17 0 0 1 0
11413 8fe96a0b18427e20 184 1 16 17 0 0 1 0
11414 3b7e548347bdf041 186 1 16 17 0 0 1 0
11415 214d1d6d052124c9 188 1 16 17 0 0 1 0
11416 1b3b05f8bdb8d0e4 189 1 16 17 0 0 1 0
11417 bf3793ec10ce4431 191 1 16 17 0 0 1 0
11418 f1a8b73672c1417c 192 1 16 17 0 0 1 0
11419 9ac0844da1484491 194 1 16 17 0 0 1 0
11420 586f1df55259a6ba 196 1 16 17 0 0 1 0
11421 a70fbff0b8d2d1fd 198 1 16 17 0 0 1 0
11422 96b4d13e7d04fa45 199 1 16 17 0 0 1 0
11423 de94eb5070dd3915 200 1 16 17 0 0 1 0
11424 9a0b140811c23d80 201 1 16 17 0 0 1 0
11425 fe7d12ca41f3185c 202 1 16 17 0 0 1 0
11426 e00171628ab9f594 203 1 16 17 0 0 1 0
11427 de801f018cfa4b6e 204 1 16 17 0 0 1 0
11428 e17cc68788e5a769 206 1 16 17 0 0 1 0
11429 dd32d627f7a883a5 207 1 16 17 0 0 1 0
11430 a080fc2a6b52d1f2 208 1 16 17 0 0 1 0
11431 fcf232bae9ace080 209 1 16 17 0 0 1 0
11432 36e3d7870a3e87e3 210 1 16 17 0 0 1 0
11433 1707ffff1a7502c0 211 1 16 17 0 0 1 0
11434 5ee2eb1961e33ce6 212 1 16 17 0 0 1 0
11435 493a437115c0861c 214 1 16 17 0 0 1 0
11436 ecdfd6d6b7bba1fd 214 1 16 17 0 0 1 0
11437 713ca27069ed5efa 215 1 16 17 0 0 1 0
11438 d1eb471223ac88c2 215 1 16 17 0 0 1 0
11439 2c6e835d63820b69 18 0 0 0 0 0 0 0
11440 12cedf4d58d28418 18 0 0 0 0 0 0 0
11441 dcc028afb14c5691 19 0 0 0 0 0 0 0
11442 f0a17a7882b13529 19 0 0 0 0 0 0 0
11443 7a75a52f5cf74501 19 0 0 0 0 0 0 0
11444 653b31f7a3838fa3 19 0 0 0 0 0 0 0
11445 f8d838cf5f029c92 20 0 0 0 0 0 0 0
11446 c96fa8aaaa148f03 20 0 0 0 0 0 0 0
11447 7084a3c7e98aa537 20 0 0 0 0 0 0 0
11448 1bb3545768b8286f 20 0 0 0 0 0 0 0
11449 088feab9bd4ca609 20 0 0 0 0 0 0 0
11450 8f8284c310d46de0 20 0 0 0 0 0 0 0
11451 6b04ca52a603c229 20 0 0 0 0 0 0 0
11452 d9a1898d4e61efd2 20 0 0 0 0 0 0 0
11453 b66f0efb071e09f3 20 0 0 0 0 0 0 0
11454 15defeb4023712cf 20 0 0 0 0 0 0 0
11455 31d41064962fb3eb 20 0 0 0 0 0 0 0
11456 60c7ffbc9ca76486 20 0 0 0 0 0 0 0
11457 8bb82f12f2233462 21 0 0 0 0 0 0 0
11458 5971c506f1067f3e 21 0 0 0 0 0 0 0
11459 4548f4194dd0ad61 21 0 0 0 0 0 0 0
11460 5b789cf6ed8f605f 21 0 0 0 0 0 0 0
11461 408611376fae5cd0 21 0 0 0 0 0 0 0
11462 d1ca9027538e403d 21 0 0 0 0 0 0 0
11463 ea5ed84c847c8ea5 21 0 0 0 0 0 0 0
11464 9e61807467fc8294 21 0 0 0 0 0 0 0
11465 33162a86b72a832e 21 0 0 0 0 0 0 0
11466 b411c0a69f570dcd 21 0 0 0 0 0 0 0
11467 1540a3cb7c764d44 21 0 0 0 0 0 0 0
11468 c0ad9438f665c1af 21 0 0 0 0 0 0 0
11469 7e97ab2707c6ae3b 21 0 0 0 0 0 0 0
11470 74cea4ee89d73a1b 21 0 0 0 0 0 0 0
11471 4fea73481a9a3c13 21 0 0 0 0 0 0 0
11472 01591c73384a9e8c 21 0 0 0 0 0 0 0
11473 8568676ef7f57a74 21 0 0 0 0 0 0 0
11474 808fd981697b9d93 22 0 0 0 0 0 0 0
11475 ca26cd2d73fe540a 22 0 0 0 0 0 0 0
11476 5879065867c6339e 22 0 0 0 0 0 0 0
11477 f90ac2e66bf12ab9 22 0 0 0 0 0 0 0
11478 d5a5e255fe057493 22 0 0 0 0 0 0 0
11479 07eae17383b90949 22 0 0 0 0 0 0 0
11480 8bee16c875ea769f 23 0 0 0 0 0 0 0
11481 8422d2c931bf045e 23 0 0 0 0 0 0 0
11482 c3f5d6145941350d 23 0 0 0 0 0 0 0
11483 f1c3af09b810e719 24 0 0 0 0 0 0 0
11484 c57c7fb0ed1f5498 24 0 0 0 0 0 0 0
11485 db7e6dd9b2b70769 26 0 0 0 0 0 0 0
11486 893e2edf7912101a 26 0 0 0 0 0 0 0
11487 b7781a00d77349ec 26 0 0 0 0 0 0 0
11488 9b43f3217a846120 27 0 0 0 0 0 0 0
11489 05e4fe0e06fa7d5f 27 0 0 0 0 0 0 0
11490 88136c6c982bad9f 27 0 0 0 0 0 0 0
11491 f2f9277bea093043 27 0 0 0 0 0 0 0
11492 a5c4b9b877eb4c46 27 0 0 0 0 0 0 0
11493 e4a3fb3fe31c183f 27 0 0 0 0 0 0 0
11494 197bbd09750d163e 27 0 0 0 0 0 0 0
11495 ed9156fa03c1c2ad 27 0 0 0 0 0 0 0
11496 182b9341dceace77 27 0 0 0 0 0 0 0
11497 86f7c81577ff1789 27 0 0 0 0 0 0 0
11498 612618d1ba81eee0 27 0 0 0 0 0 0 0
11499 bf25b94094c424f5 26 0 0 0 0 0 0 0
11500 7bf71238689e4940 26 0 0 0 0 0 0 0
11501 82215f7a97deab7e 26 0 0 0 0 0 0 0
11502 9f1720578c572419 27 0 0 0 0 0 0 0
11503 fe8deb0713e5564a 28 0 0 0 0 0 0 0
11504 f32c9036fa12c4d9 28 0 0 0 0 0 0 0
11505 64b60d1ae7b66690 28 0 0 0 0 0 0 0
11506 c34e8b591134f9d3 28 0 0 0 0 0 0 0
11507 8ddc3ec722faa156 28 0 0 0 0 0 0 0
11508 ceb2fdaf0d5b6750 28 0 0 0 0 0 0 0
11509 3c52d33b87e0afc7 28 0 0 0 0 0 0 0
11510 db0a648087c37742 28 0 0 0 0 0 0 0
11511 c9859abcd2513cda 28 0 0 0 0 0 0 0
11512 2e6eda7f1a80f595 28 0 0 0 0 0 0 0
11513 792d58ae5e9635bf 28 0 0 0 0 0 0 0
11514 4f9c681c985dfcc4 28 0 0 0 0 0 0 0
11515 7f13a6dc2dcda7f8 28 0 0 0 0 0 0 0
11516 738b1af90c862f59 28 0 0 0 0 0 0 0
11517 339b49e093fd4524 29 0 0 0 0 0 0 0
11518 a8ebea11ea50bba8 29 0 0 0 0 0 0 0
11519 0e4e3cd5cb285e5a 30 0 0 0 0 0 0 0
11520 80d44b4459c5f050 30 0 0 0 0 0 0 0
11521 59889038ebd476f2 30 0 0 0 0 0 0 0
11522 fe511a266186ae14 30 0 0 0 0 0 0 0
11523 096fc6f0a41d19f8 31 0 0 0 0 0 0 0
11524 6b69e3b05f98b1fd 31 0 0 0 0 0 0 0
11525 53e4624eaae28f3e 31 0 0 0 0 0 0 0
11526 0ed5ecda57a360fe 31 0 0 0 0 0 0 0
11527 f80a3ef97391c23a 31 0 0 0 0 0 0 0
11528 a3a54d944f2573e9 31 0 0 0 0 0 0 0
11529 ce0f465e1e212340 31 0 0 0 0 0 0 0
11530 b79168b9ba36303d 31 0 0 0 0 0 0 0
11531 ec3d9862a1a873f6 31 0 0 0 0 0 0 0
11532 79dc1f24bef2af3e 31 0 0 0 0 0 0 0
11533 a66ae7393ec91198 31 0 0 0 0 0 0 0
11534 160b43a124d21129 31 0 0 0 0 0 0 0
11535 228a562a7a02c6d0 31 0 0 0 0 0 0 0
11536 5342fa278a2e011c 31 0 0 0 0 0 0 0
11537 537548a6b54e3d8b 31 0 0 0 0 0 0 0
11538 d887620d4b788e67 31 0 0 0 0 0 0 0
11539 ff3cf45650a5f3ec 31 0 0 0 0 0 0 0
11540 12cc7a37bf66dafe 31 0 0 0 0 0 0 0
11541 3a38bd2d6eb6447a 31 0 0 0 0 0 0 0
11542 8f6f074c820cf8c9 31 0 0 0 0 0 0 0
11543 4475e19176334e5c 31 0 0 0 0 0 0 0
11544 9ceaaea596c9a1a8 31 0 0 0 0 0 0 0
11545 864d86be090291b4 31 0 0 0 0 0 0 0
11546 6e553b73704df7c5 31 0 0 0 0 0 0 0
11547 c1af4fad7b8b0d2b 32 0 0 0 0 0 0 0
11548 46febbbb6510efed 33 0 0 0 0 0 0 0
11549 48e14676dfbc416a 34 0 0 0 0 0 0 0
11550 3ea9c3728fa2cb23 34 0 0 0 0 0 0 0
11551 ede04530b607eb3d 34 0 0 0 0 0 0 0
11552 8a0edd3764e60f3a 34 0 0 0 0 0 0 0
11553 828cefe8cecd1e89 34 0 0 0 0 0 0 0
11554 08662a94fa5e6048 34 0 0 0 0 0 0 0
11555 8e3df84559307810 35 0 0 0 0 0 0 0
11556 89f11cdd9adc2ed1 35 0 0 0 0 0 0 0
11557 72f8215a19f9f3e0 35 0 0 0 0 0 0 0
11558 b4c8a7d578ff0be5 35 0 0 0 0 0 0 0
11559 a2dca1b868e6daa8 36 0 0 0 0 0 0 0
11560 653493db94ad0dc6 36 0 0 0 0 0 0 0
11561 62c1a5af60e72c5e 37 0 0 0 0 0 0 0
11562 40763250d887883a 37 0 0 0 0 0 0 0
11563 9c2647e7708ce86b 37 0 0 0 0 0 0 0
11564 e05bec8f80b4fc9d 37 0 0 0 0 0 0 0
11565 756975d2d70f305c 38 0 0 0 0 0 0 0
11566 1d179b6df03ca57c 38 0 0 0 0 0 0 0
11567 d435fcb66d0465c5 38 0 0 0 0 0 0 0
11568 753220788f9113e7 38 0 0 0 0 0 0 0
11569 79746255357579fb 38 0 0 0 0 0 0 0
11570 973e1a9e9e0f87a5 38 0 0 0 0 0 0 0
11571 05a819faead6d42a 38 0 0 0 0 0 0 0
11572 bf171c5dd8b0269e 38 0 0 0 0 0 0 0
11573 c4a9c333f5d26898 38 0 0 0 0 0 0 0
11574 7604626358ba440e 39 0 0 0 0 0 0 0
11575 f3c70e1828671811 40 0 0 0 0 0 0 0
11576 ebd59ab88928bac4 41 0 0 0 0 0 0 0
11577 e73675685e207650 41 0 0 0 0 0 0 0
11578 2860d86ba036c917 41 0 0 0 0 0 0 0
11579 da4aa3bf126fd62b 42 0 0 0 0 0 0 0
11580 a047adf657da1d33 42 0 0 0 0 0 0 0
11581 b92e146f719c7789 42 0 0 0 0 0 0 0
11582 5075c72bbd9633d2 42 0 0 0 0 0 0 0
11583 a38d730f1b0d437c 42 0 0 0 0 0 0 0
11584 05add4b257fbefde 42 0 0 0 0 0 0 0
11585 640ef3146dbe6654 42 0 0 0 0 0 0 0
11586 8e69d3e2830aac04 42 0 0 0 0 0 0 0
11587 e7f589aa29c6b8dd 42 0 0 0 0 0 0 0
11588 f26d42c4ab3fa13c 42 0 0 0 0 0 0 0
11589 e5b1dfdf3ee63035 42 0 0 0 0 0 0 0
11590 f55cc1d6df29c666 42 0 0 0 0 0 0 0
11591 df46f85025e3ad84 42 0 0 0 0 0 0 0
11592 7faa1a4d74b965c6 42 0 0 0 0 0 0 0
11593 d75160346fe90f47 42 0 0 0 0 0 0 0
11594 567d57cb64c9872d 42 0 0 0 0 0 0 0
11595 b06372ac183f5e0e 43 0 0 0 0 0 0 0
11596 7048d3acca8b0751 43 0 0 0 0 0 0 0
11597 e60254f6ccdceac9 44 0 0 0 0 0 0 0
11598 98c2bbf51b34add0 45 0 0 0 0 0 0 0
11599 d05d74589031287e 45 0 0 0 0 0 0 0
11600 7b7ac8f1f6e5ec96 45 0 0 0 0 0 0 0
11601 ae7847aaab5ab528 46 0 0 0 0 0 0 0
11602 2ebdb26a49ad9023 46 0 0 0 0 0 0 0
11603 18ffa3cf1874b730 46 0 0 0 0 0 0 0
11604 62ecc7aaef6cd0b2 46 0 0 0 0 0 0 0
11605 fad56e032575b1d8 46 0 0 0 0 0 0 0
11606 4dc0ad7ab13433ce 47 0 0 0 0 0 0 0
11607 33418cfe8033c797 47 0 0 0 0 0 0 0
11608 21c65ccfd653d172 48 0 0 0 0 0 0 0
11609 1dd0ee8df6050250 48 0 0 0 0 0 0 0
11610 05f1d5eb8e6692f3 49 0 0 0 0 0 0 0
11611 0057576a5353e2cf 49 0 0 0 0 0 0 0
11612 0019fe997eab5301 49 0 0 0 0 0 0 0
11613 530de0885c0b9536 49 0 0 0 0 0 0 0
11614 af7d29e47c7db3d3 49 0 0 0 0 0 0 0
11615 7cf2bcc681e1e1a0 49 0 0 0 0 0 0 0
11616 e5249f873a47d19b 49 0 0 0 0 0 0 0
11617 51c875dbbe3a5e9e 49 0 0 0 0 0 0 0
11618 8e369fb1fc492df8 49 0 0 0 0 0 0 0
11619 eba0ab72eae7f77b 49 0 0 0 0 0 0 0
11620 935c6d495c84b48d 49 0 0 0 0 0 0 0
11621 c643a3d7729c0683 49 0 0 0 0 0 0 0
11622 7b6c9918735fd89c 50 0 0 0 0 0 0 0
11623 ebdc9b54c82ee4d8 50 0 0 0 0 0 0 0
11624 0d2b85b0d41ab24d 51 0 0 0 0 0 0 0
11625 b3658d7253ee8754 51 0 0 0 0 0 0 0
11626 78ee0fe90d5dfa7b 51 0 0 0 0 0 0 0
11627 4581b68ef51f038d 51 0 0 0 0 0 0 0
11628 56eafa5d3da19eda 51 0 0 0 0 0 0 0
11629 8802e32077361aee 52 0 0 0 0 0 0 0
11630 dcebd50323dd3b8a 52 0 0 0 0 0 0 0
11631 f1955ea60a632445 52 0 0 0 0 0 0 0
11632 834e0129ad6d3c92 53 0 0 0 0 0 0 0
11633 4b43cba76b458a2c 53 0 0 0 0 0 0 0
11634 aefa2b605d173074 53 0 0 0 0 0 0 0
11635 10c6348c5e0fa65b 53 0 0 0 0 0 0 0
11636 7ce66a369de6b636 53 0 0 0 0 0 0 0
11637 14e4ae0f179011cd 53 0 0 0 0 0 0 0
11638 c6873ae52a998dd0 53 0 0 0 0 0 0 0
11639 e5cb91c4b833ab21 53 0 0 0 0 0 0 0
11640 9d4fc3b9bdbdef07 54 0 0 0 0 0 0 0
11641 099ce6318a37c1d3 55 0 0 0 0 0 0 0
11642 956ae608b7848762 56 0 0 0 0 0 0 0
11643 42649a6d41ec3201 56 0 0 0 0 0 0 0
11644 30421c1914cae040 56 0 0 0 0 0 0 0
11645 995ef8e38a744b17 56 0 0 0 0 0 0 0
11646 3fa07ae2e5b8020e 56 0 0 0 0 0 0 0
11647 ff2f81cfa153986f 56 0 0 0 0 0 0 0
11648 725535aec532216e 56 0 0 0 0 0 0 0
11649 0a3f70634cb00618 56 0 0 0 0 0 0 0
11650 e58826e44a1c96b2 56 0 0 0 0 0 0 0
11651 bfc8424595b968ba 56 0 0 0 0 0 0 0
11652 3a6fd2ec0c5ebf29 56 0 0 0 0 0 0 0
11653 a9f0951fbc3835aa 56 0 0 0 0 0 0 0
11654 604efb8b89c6ec16 56 0 0 0 0 0 0 0
11655 0ef2ab80ea16e05a 56 0 0 0 0 0 0 0
11656 b34f6f228b45d402 56 0 0 0 0 0 0 0
11657 2c280eb19a7b2ad6 56 0 0 0 0 0 0 0
11658 4b6429c9a2475cc8 56 0 0 0 0 0 0 0
11659 049f68bb0f6c5e2f 56 0 0 0 0 0 0 0
11660 419e5730cb02d9b7 56 0 0 0 0 0 0 0
11661 0b99cb3a860b07c2 56 0 0 0 0 0 0 0
11662 1c310c6885116c9e 56 0 0 0 0 0 0 0
11663 f6a1cad6159e778b 56 0 0 0 0 0 0 0
11664 b99b86a5a3f30c96 56 0 0 0 0 0 0 0
11665 d9fd0f93741255f6 57 0 0 0 0 0 0 0
11666 94f78c3a02f0172e 57 0 0 0 0 0 0 0
11667 10617e57aaa7ce39 57 0 0 0 0 0 0 0
11668 997c18dcb8400044 57 0 0 0 0 0 0 0
11669 30b009b3b72b0ad2 57 0 0 0 0 0 0 0
11670 349a1bb45fd7d76c 57 0 0 0 0 0 0 0
11671 9bd3057894bb171d 58 0 0 0 0 0 0 0
11672 0fd96dcb76bc589a 58 0 0 0 0 0 0 0
11673 bf93ac685e937c34 58 0 0 0 0 0 0 0
11674 2a9afc807dd49e65 59 0 0 0 0 0 0 0
11675 37069c9f4a7a450e 59 0 0 0 0 0 0 0
11676 41f4c115135892eb 59 0 0 0 0 0 0 0
11677 de2a124b5e67a7c6 59 0 0 0 0 0 0 0
11678 33357ecbdf574f01 59 0 0 0 0 0 0 0
11679 6e097ea95a261916 59 0 0 0 0 0 0 0
11680 009f650505a077ff 59 0 0 0 0 0 0 0
11681 727327a76475e3e4 60 0 0 0 0 0 0 0
11682 35fcb03a0efe60c4 60 0 0 0 0 0 0 0
11683 634fa62ba4f29d22 60 0 0 0 0 0 0 0
11684 94699b1103224f28 60 0 0 0 0 0 0 0
11685 17087c97bb6b8f85 61 0 0 0 0 0 0 0
11686 d41702d632ecfa26 61 0 0 0 0 0 0 0
11687 60a5723ebe1a992c 61 0 0 0 0 0 0 0
11688 592148860c335359 62 0 0 0 0 0 0 0
11689 48e062252469f090 62 0 0 0 0 0 0 0
11690 2b86f93025cbf57b 63 0 0 0 0 0 0 0
11691 f267b7dbcb742ec5 63 0 0 0 0 0 0 0
11692 8e8b2cd1b56b531f 63 0 0 0 0 0 0 0
11693 79ac22b774cf73bc 63 0 0 0 0 0 0 0
11694 fe341d7d1ef47ba0 63 0 0 0 0 0 0 0
11695 9c1afcb55b15f632 64 0 0 0 0 0 0 0
11696 3f8c912dd3c10cb4 65 0 0 0 0 0 0 0
11697 b15bfa3ec88ae87b 65 0 0 0 0 0 0 0
11698 6571908f8c892d00 65 0 0 0 0 0 0 0
11699 34a807c99339a00f 66 0 0 0 0 0 0 0
11700 ba877648b1883604 66 0 0 0 0 0 0 0
11701 ebd698c28bf71f0d 66 0 0 0 0 0 0 0
11702 af3ba2e9df32f839 68 0 0 0 0 0 0 0
11703 a7da7be987d07977 68 0 0 0 0 0 0 0
11704 19ca40140ef573bf 69 0 0 0 0 0 0 0
11705 761bcaac8ec464aa 69 0 0 0 0 0 0 0
11706 3d464f4bf2d30f1b 69 0 0 0 0 0 0 0
11707 f21c5ed0e2fbcfa5 69 0 0 0 0 0 0 0
11708 0135e6d6c827b2a7 69 0 0 0 0 0 0 0
11709 e9437da9ce12bdd8 69 0 0 0 0 0 0 0
11710 69e46d1039c7868b 69 0 0 0 0 0 0 0
11711 1b81222527d17bc5 69 0 0 0 0 0 0 0
11712 fe397ec5c83fd3dc 69 0 0 0 0 0 0 0
11713 e2ec7dbc826b70a1 69 0 0 0 0 0 0 0
11714 9163e9220b24d330 69 0 0 0 0 0 0 0
11715 8c7fef28c79c40f5 69 0 0 0 0 0 0 0
11716 a00d36f66b2d6f7b 69 0 0 0 0 0 0 0
11717 e88172f895f084aa 69 0 0 0 0 0 0 0
11718 07b5d5b51e93e0fd 70 0 0 0 0 0 0 0
11719 bf2c74dffcf8cd6b 70 0 0 0 0 0 0 0
11720 90fc398b081143d5 71 0 0 0 0 0 0 0
11721 45cb3eb73ba38f8f 71 0 0 0 0 0 0 0
11722 006ffdbea3f92e60 71 0 0 0 0 0 0 0
11723 05acf50e418604c9 71 0 0 0 0 0 0 0
11724 181c712330e78fa8 72 0 0 0 0 0 0 0
11725 e8ae75dd1ee2ee28 72 0 0 0 0 0 0 0
11726 8a3e623292d98471 72 0 0 0 0 0 0 0
11727 23397fd6ec543fcb 72 0 0 0 0 0 0 0
11728 d54bda015ac676c4 72 0 0 0 0 0 0 0
11729 9810a30cb45573eb 72 0 0 0 0 0 0 0
11730 13d771810e581dd5 73 0 0 0 0 0 0 0
11731 11f51c834480b1ce 74 0 0 0 0 0 0 0
11732 8fa3a8b34d2e6698 74 0 0 0 0 0 0 0
11733 0d6e7c9f5120f63a 75 0 0 0 0 0 0 0
11734 739c837e9f84f7ba 75 0 0 0 0 0 0 0
11735 2956f876c30b392d 75 0 0 0 0 0 0 0
11736 06c81e7f9aad3330 76 0 0 0 0 0 0 0
11737 22b6f7f327d68d4b 76 0 0 0 0 0 0 0
11738 bed8fe39fd51ddfd 77 0 0 0 0 0 0 0
11739 a717032f0bd61990 77 0 0 0 0 0 0 0
11740 8c9a78837e9f0ac5 78 0 0 0 0 0 0 0
11741 2f6bdfe4e9635df2 78 0 0 0 0 0 0 0
11742 c73451d85e61c663 78 0 0 0 0 0 0 0
11743 184f29ea2c988759 78 0 0 0 0 0 0 0
11744 6147f6253566e634 78 0 0 0 0 0 0 0
11745 cbd5d90c0e51b6b8 78 0 0 0 0 0 0 0
11746 26e91aefa828f021 78 0 0 0 0 0 0 0
11747 453eb71e21e2650d 78 0 0 0 0 0 0 0
11748 79810f3fa318277c 78 0 0 0 0 0 0 0
11749 7469be54557d3aff 78 0 0 0 0 0 0 0
11750 435a92190a750e31 78 0 0 0 0 0 0 0
11751 7dc886349002fe8c 79 0 0 0 0 0 0 0
11752 dd3668ff2b453383 79 0 0 0 0 0 0 0
11753 1e3b82a88a07b8f4 79 0 0 0 0 0 0 0
11754 8c3759325271db1b 79 0 0 0 0 0 0 0
11755 6326dcf37ef84470 79 0 0 0 0 0 0 0
11756 db1d2056e8e8992e 80 0 0 0 0 0 0 0
11757 261202a4756e95e7 80 0 0 0 0 0 0 0
11758 9e018cc9ea1b99ea 80 0 0 0 0 0 0 0
11759 c3cc3931f1d6eb82 80 0 0 0 0 0 0 0
11760 5eb04f82343132c9 80 0 0 0 0 0 0 0
11761 bcfaa2bc82f7de36 80 0 0 0 0 0 0 0
11762 ee6109a09e330481 80 0 0 0 0 0 0 0
11763 ba0c5fbaf3624918 80 0 0 0 0 0 0 0
11764 27135c3fe01256b8 80 0 0 0 0 0 0 0
11765 573749eb6d5a5487 81 0 0 0 0 0 0 0
11766 7871ae29415effbe 82 0 0 0 0 0 0 0
11767 51c5bafce5ff5fca 83 0 0 0 0 0 0 0
11768 3ac67df051027283 83 0 0 0 0 0 0 0
11769 2370bca10e2a934e 83 0 0 0 0 0 0 0
11770 1bb4e6e5d6ab0819 84 0 0 0 0 0 0 0
11771 b7c45724133aea0e 84 0 0 0 0 0 0 0
11772 ba9e6537a778a135 84 0 0 0 0 0 0 0
11773 1fb683f789caf689 84 0 0 0 0 0 0 0
11774 138d98eabcbaab65 84 0 0 0 0 0 0 0
11775 15305c8064ad94c4 84 0 0 0 0 0 0 0
11776 854e695fce6e4341 85 0 0 0 0 0 0 0
11777 915705ba1b60899b 85 0 0 0 0 0 0 0
11778 d1048ba88924766a 85 0 0 0 0 0 0 0
11779 a4889ff1955c43ef 85 0 0 0 0 0 0 0
11780 408776106f3846ac 85 0 0 0 0 0 0 0
11781 424b4c038526da81 85 0 0 0 0 0 0 0
11782 09bf7da9afebc55e 85 0 0 0 0 0 0 0
11783 5492f423336e1701 86 0 0 0 0 0 0 0
11784 a1e42d5d4ed4b7e4 86 0 0 0 0 0 0 0
11785 78329fe276f7cfd6 86 0 0 0 0 0 0 0
11786 6a5cce537ca3136e 87 0 0 0 0 0 0 0
11787 8d3bee06dbe4de06 87 0 0 0 0 0 0 0
11788 0a931bce1a67181e 87 0 0 0 0 0 0 0
11789 3874274228877c27 87 0 0 0 0 0 0 0
11790 5782aa0f7efd2a11 88 0 0 0 0 0 0 0
11791 f1f91a122bdca15c 88 0 0 0 0 0 0 0
11792 05bf5ddb3bfcdb23 88 0 0 0 0 0 0 0
11793 629918b08948235e 88 0 0 0 0 0 0 0
11794 56deaa13993f1ab8 88 0 0 0 0 0 0 0
11795 f7f914b57a5bdf0d 88 0 0 0 0 0 0 0
11796 dcc206eb541b0bef 88 0 0 0 0 0 0 0
11797 deb69c2e761b13e5 88 0 0 0 0 0 0 0
11798 fc88f580a7aaa0fe 88 0 0 0 0 0 0 0
11799 7de7e02f463dc4d9 88 0 0 0 0 0 0 0
11800 60746d7b01f02743 88 0 0 0 0 0 0 0
11801 cc423267faea75b7 88 0 0 0 0 0 0 0
11802 312de034f9af3d63 88 0 0 0 0 0 0 0
11803 8194b4bfe478b399 89 0 0 0 0 0 0 0
11804 066131cdb11169a0 89 0 0 0 0 0 0 0
11805 b04d0adcad151383 89 0 0 0 0 0 0 0
11806 e81364e581322587 89 0 0 0 0 0 0 0
11807 fa30e00eb4545c4d 91 0 0 0 0 0 0 0
11808 73bf5795cc653ed2 91 0 0 0 0 0 0 0
11809 1a57243a45c43b3a 91 0 0 0 0 0 0 0
11810 ca865b6606299a09 91 0 0 0 0 0 0 0
11811 6eff975d15c9f5a7 91 0 0 0 0 0 0 0
11812 01f163c6f265a62d 91 0 0 0 0 0 0 0
11813 756670d98d7f5a16 91 0 0 0 0 0 0 0
11814 33417b253b5685a4 91 0 0 0 0 0 0 0
11815 48bcd34a67894f13 92 0 0 0 0 0 0 0
11816 a039c59fa56446e7 93 0 0 0 0 0 0 0
11817 640ee1c6aa826383 93 0 0 0 0 0 0 0
11818 4dcefba46c055e7f 93 0 0 0 0 0 0 0
11819 05af763e3dd6af2f 94 0 0 0 0 0 0 0
11820 8706957fef3e632e 94 0 0 0 0 0 0 0
11821 4f6a709e1c5590fc 94 0 0 0 0 0 0 0
11822 b697b4e641cb1f6e 94 0 0 0 0 0 0 0
11823 32f23303747c279b 94 0 0 0 0 0 0 0
11824 deefc7e49981d1bf 94 0 0 0 0 0 0 0
11825 5bc63f1fc6a5f863 94 0 0 0 0 0 0 0
11826 3fbefc181e74cd81 94 0 0 0 0 0 0 0
11827 5784010defee12c7 94 0 0 0 0 0 0 0
11828 2eb5a3a265aba029 94 0 0 0 0 0 0 0
11829 7e0f358454c1add0 94 0 0 0 0 0 0 0
11830 1888448afd93b939 95 0 0 0 0 0 0 0
11831 4788854fcae731d9 95 0 0 0 0 0 0 0
11832 ed431520fac142be 95 0 0 0 0 0 0 0
11833 e93761e969499405 95 0 0 0 0 0 0 0
11834 0f01ee879f7043c3 96 0 0 0 0 0 0 0
11835 dcfd6fe6ddcec9bf 96 0 0 0 0 0 0 0
11836 5385e39b17e7469d 96 0 0 0 0 0 0 0
11837 047cb21f9a7ce535 96 0 0 0 0 0 0 0
11838 dd086f8f4aed8e05 96 0 0 0 0 0 0 0
11839 c6909c6beb804de2 97 0 0 0 0 0 0 0
11840 b0577b9671c8b8ff 97 0 0 0 0 0 0 0
11841 70be61de7ffc70bc 98 0 0 0 0 0 0 0
11842 4a656c9ad3eb12c5 98 0 0 0 0 0 0 0
11843 4052f24562520f8b 98 0 0 0 0 0 0 0
11844 cd911cac19410456 98 0 0 0 0 0 0 0
11845 0e324c228d2f9c1a 98 0 0 0 0 0 0 0
11846 35ed15a1216a2030 98 0 0 0 0 0 0 0
11847 328d34d4fcf95d86 98 0 0 0 0 0 0 0
11848 1e0b21b712b879dd 99 0 0 0 0 0 0 0
11849 865eb46c879a52d0 99 0 0 0 0 0 0 0
11850 6d24a91181d83e41 99 0 0 0 0 0 0 0
11851 d5952815a07df6b3 99 0 0 0 0 0 0 0
11852 fc9cff5c9e97c666 99 0 0 0 0 0 0 0
11853 39ad80d08a413840 99 0 0 0 0 0 0 0
11854 16596ee97d8ade1f 99 0 0 0 0 0 0 0
11855 60a63eb7d30724e6 99 0 0 0 0 0 0 0
11856 c1db376d4b4de18e 99 0 0 0 0 0 0 0
11857 1b62c18be380636b 99 0 0 0 0 0 0 0
11858 6573119c142bc43f 99 0 0 0 0 0 0 0
11859 20aec7b1ad046286 99 0 0 0 0 0 0 0
11860 a640336b3bf8c613 99 0 0 0 0 0 0 0
11861 da1545b5851c95e6 99 0 0 0 0 0 0 0
11862 03894ed3dbf46da8 99 0 0 0 0 0 0 0
11863 e739cf22989cfd5f 99 0 0 0 0 0 0 0
11864 25c8c5d1a02675bc 100 0 0 0 0 0 0 0
11865 8bc1b1a399252bb8 100 0 0 0 0 0 0 0
11866 89c68cf21b8a311b 100 0 0 0 0 0 0 0
11867 03e872e8e78ecb7b 101 0 0 0 0 0 0 0
11868 7b2880c6f1530581 101 0 0 0 0 0 0 0
11869 bd34fef47e8b9571 101 0 0 0 0 0 0 0
11870 39ec516e4330ff50 101 0 0 0 0 0 0 0
11871 3f46edb92e0dfe0c 102 0 0 0 0 0 0 0
11872 63235b4a525a9a42 103 0 0 0 0 0 0 0
11873 f85704114f98b6ec 103 0 0 0 0 0 0 0
11874 7ba3b8979822cb8d 103 0 0 0 0 0 0 0
11875 330fb1cee1be74ed 103 0 0 0 0 0 0 0
11876 83066556cd7b8455 103 0 0 0 0 0 0 0
11877 56bb2a1593cc29de 103 0 0 0 0 0 0 0
11878 bd6fcc2396252845 103 0 0 0 0 0 0 0
11879 33f07d90a492beca 103 0 0 0 0 0 0 0
11880 a97ad0fa23b39a1f 102 4 0 0 0 0 0 0
11881 886598b4ad0f4363 102 4 0 0 0 0 0 0
11882 2fdfa20433df2c46 102 4 0 0 0 0 0 0
11883 09a296c9c33b7306 102 4 0 0 0 0 0 0
11884 9e1359737d51ebef 102 4 0 0 0 0 0 0
11885 fe54a9a1c74bceaf 102 4 0 0 0 0 0 0
11886 c219ce90e4b38fba 102 4 0 0 0 0 0 0
11887 9eaa4f3e1bd2ebfb 102 4 0 0 0 0 0 0
11888 c95a0d2d94e1322b 102 4 0 0 0 0 0 0
11889 5a63cd08b6408e50 102 4 0 0 0 0 0 0
11890 c42e89e2f2047234 102 4 0 0 0 0 0 0
11891 901ccc37d7d6a233 103 4 0 0 0 0 0 0
11892 7678ac3bfd7c9650 103 4 0 0 0 0 0 0
11893 7981f05586b6517b 103 4 0 0 0 0 0 0
11894 c9af2f12cfdee0ce 103 4 0 0 0 0 0 0
11895 e2b6c8e84b65c1e0 103 4 0 0 0 0 0 0
11896 fb7e37ce7aaf61fd 103 4 0 0 0 0 0 0
11897 c17b75a436e00dae 103 4 0 0 0 0 0 0
11898 9c003ad0ff7d1339 103 4 0 0 0 0 0 0
11899 afedda5616e933c2 103 4 0 0 0 0 0 0
11900 f8a879f2f0f636dc 103 4 0 0 0 0 0 0
11901 7bbfae6e63b99d23 103 4 0 0 0 0 0 0
11902 dc2181e1b699576d 103 4 0 0 0 0 0 0
11903 8999e664ba3ad1cc 103 4 0 0 0 0 0 0
11904 9948d3987a195577 103 4 0 0 0 0 0 0
11905 6cce1376e506a308 103 4 0 0 0 0 0 0
11906 29f7b3c459b9115d 103 4 0 0 0 0 0 0
11907 16790f587ca1c5ce 103 4 0 0 0 0 0 0
11908 cec1d77cad2fbcc1 103 4 0 0 0 0 0 0
11909 43df4ae3d797a6b9 103 4 0 0 0 0 0 0
11910 616107610d53b917 103 4 0 0 0 0 0 0
11911 33ee0acc0111fedb 104 4 0 0 0 0 0 0
11912 0b58c94f0d995d64 105 4 0 0 0 0 0 0
11913 cec7926225bc8e6c 105 4 0 0 0 0 0 0
11914 6f2a0a5f98f2dc1a 105 4 0 0 0 0 0 0
11915 8935b51523e1af19 105 4 0 0 0 0 0 0
11916 e6d742af66e53b64 106 4 0 0 0 0 0 0
11917 09893f19344422d6 106 4 0 0 0 0 0 0
11918 22b6f3022aa51735 107 4 0 0 0 0 0 0
11919 39a1a8c1759f853d 107 4 0 0 0 0 0 0
11920 99c59657a112ff4e 108 4 0 0 0 0 0 0
11921 2d4778bd30786e0f 109 4 0 0 0 0 0 0
11922 d097528ec922b734 109 4 0 0 0 0 0 0
11923 c1a19df1fb4b8438 110 4 0 0 0 0 0 0
11924 549ab77dc6f56266 110 4 0 0 0 0 0 0
11925 7646327e48f26ef0 109 4 0 0 0 0 0 0
11926 31562a98455aae35 109 4 0 0 0 0 0 0
11927 bb9abf313a06afff 109 4 0 0 0 0 0 0
11928 7ee553156e1da15e 109 4 0 0 0 0 0 0
11929 42b62c4a9bfa931b 109 4 0 0 0 0 0 0
11930 0f2f43a430ff059e 109 4 0 0 0 0 0 0
11931 14f3136e5171b6b9 109 4 0 0 0 0 0 0
11932 66dfbd39acaf27dc 109 4 0 0 0 0 0 0
11933 022990cea8ee2c77 109 4 0 0 0 0 0 0
11934 cbcdffc4cbb7471d 109 4 0 0 0 0 0 0
11935 a18d57297758a8a3 109 4 0 0 0 0 0 0
11936 d89603fe183a9d9e 109 4 0 0 0 0 0 0
11937 169145dc1578f83d 108 4 0 0 0 0 0 0
11938 201afd15d075c195 109 4 0 0 0 0 0 0
11939 50a25700f066a409 109 4 0 0 0 0 0 0
11940 65f6980ff2e70667 109 4 0 0 0 0 0 0
11941 7c4ea0633e9535af 109 4 0 0 0 0 0 0
11942 e1e387ed42766c53 109 4 0 0 0 0 0 0
11943 7e3c345e00abe70b 109 4 0 0 0 0 0 0
11944 8abb0aedde208f7e 109 4 0 0 0 0 0 0
11945 87b3bc9137ec6dc2 111 4 0 0 0 0 0 0
11946 d147e9d9663a096c 111 4 0 0 0 0 0 0
11947 e79ada4debe2e436 111 4 0 0 0 0 0 0
11948 43a6cd34e98dac82 111 4 0 0 0 0 0 0
11949 6fe0074865cc41c7 111 4 0 0 0 0 0 0
11950 ed4df7c524e63d09 111 4 0 0 0 0 0 0
11951 0bf57448d32ffe4d 111 4 0 0 0 0 0 0
11952 2a590ca8904a3f11 111 4 0 0 0 0 0 0
11953 41d6fecb61321824 111 4 0 0 0 0 0 0
11954 a16fc9c2ef775a90 111 4 0 0 0 0 0 0
11955 25c65fb233133947 111 4 0 0 0 0 0 0
11956 0b0c40bb448afeab 111 4 0 0 0 0 0 0
11957 194f78a2624e4b13 111 4 0 0 0 0 0 0
11958 558ddf7f1cbefff5 112 4 0 0 0 0 0 0
11959 192b47a0fdd3250b 112 4 0 0 0 0 0 0
11960 70d60fce3e8dbef1 111 4 0 0 0 0 0 0
11961 6f61a3db5ecfd7d8 111 4 0 0 0 0 0 0
11962 aa5cc84976b4b00f 112 4 0 0 0 0 0 0
11963 85c80b85c7588c85 111 4 0 0 0 0 0 0
11964 69c55a4eea0a5a8a 111 4 0 0 0 0 0 0
11965 6e3ff4205e94cf74 110 4 0 0 0 0 0 0
11966 50c06d1a265c4b63 110 4 0 0 0 0 0 0
11967 6a8414c9098272db 110 4 0 0 0 0 0 0
11968 227eb4369161696f 109 4 0 0 0 0 0 0
11969 7b71074b9d03e112 110 4 0 0 0 0 0 0
11970 38a2908bbe24e74b 110 4 0 0 0 0 0 0
11971 e096e18fa0e9b01d 111 4 1 0 0 0 0 0
11972 58698548eb6f335e 111 4 1 0 0 0 0 0
11973 47943da30b7834fa 111 4 1 0 0 0 0 0
11974 92713a1d7b752e14 112 4 1 0 0 0 0 0
11975 8555656dd4508baa 112 4 1 0 0 0 0 0
11976 492b7f6697839f8a 112 4 1 0 0 0 0 0
11977 c9e6de0f055c9e68 112 4 1 0 0 0 0 0
11978 dd50c9171548dfc9 113 4 1 0 0 0 0 0
11979 d7090983f76449d5 113 4 1 0 0 0 0 0
11980 1219752a48e74701 113 4 1 0 0 0 0 0
11981 1d031f612c78b3d8 114 4 1 0 0 0 0 0
11982 65fa5d9eb81faa58 113 4 1 0 0 0 0 0
11983 5b0d132946e5cc1d 113 4 1 0 0 0 0 0
11984 b3fd0c09eb7277c8 113 4 1 0 0 0 0 0
11985 3c790b2a7991358d 113 4 1 0 0 0 0 0
11986 f9c82741fe12bc61 113 4 1 0 0 0 0 0
11987 6ce69e43660339f7 113 4 1 0 0 0 0 0
11988 6714d3ea1cb832a0 113 4 1 0 0 0 0 0
11989 8365714b2918c954 113 4 1 0 0 0 0 0
11990 d0526f199e032f14 113 4 1 0 0 0 0 0
11991 226c9925916510cb 113 4 1 0 0 0 0 0
11992 b6e1ee6eb2be2ccf 113 4 1 0 0 0 0 0
11993 7ca177d4ff1e9496 114 4 1 0 0 0 0 0
11994 24e49577084bc8d6 114 4 1 0 0 0 0 0
11995 b0a872e3ac6bcc96 115 4 1 0 0 0 0 0
11996 6b79687cad7ebd8d 115 4 1 0 0 0 0 0
11997 93e1fd2680edc07d 114 4 1 0 0 0 0 0
11998 09ec3491d14da3b7 114 4 1 0 0 0 0 0
11999 f56e8e04b0190821 113 4 1 0 0 0 0 0
12000 be27b5503b710d7a 113 4 1 0 0 0 0 0
# scene_switches=1
